#====================================#
TGEN_ID=F08548
LOUPE_ALIGNMENT=/home/janzules/spatial/second_run_images/HumanVisium_2025/072325-072525 hTMA1 hTMA2/alignment/F08548.json
CYT_IMAGE=/home/janzules/spatial/second_run_images/HumanVisium_2025/072325-072525 hTMA1 hTMA2/cytassist/CAVG10409_2025-07-24_14-43-06_072425RL-hTMA1-hTMA2_H1-6RG9TY7_D1_hTMA1.tif
HNE=/home/janzules/spatial/second_run_images/HumanVisium_2025/072325-072525 hTMA1 hTMA2/hne/RL-hTMA1.tif
SLIDE=H1-6RG9TY7
AREA=D1
FASTQS=/home/janzules/spatial/raw_data/for_spaceranger/human/F08548

#====================================#
Martian Runtime - v4.0.14
Serving UI at http://ppxhpcnode12:33053?auth=fQOtqFrwnlsxQiheDq74GNaJvC-S26lEuF5RIRlN8v0

Running preflight checks (please wait)...
Checking sample info...
Checking FASTQ folder...
Checking reference...
Checking reference_path (/home/janzules/spatial/references/refdata-gex-GRCh38-2020-A) on ppxhpcnode12...
Checking read 2 length...
Checking optional arguments...
mro: v4.0.14
mrp: v4.0.14
python: Python 3.12.3
numpy: 1.26.4
scipy: 1.14.1
pysam: 0.22.1
h5py: 3.13.0
pandas: 2.2.3
STAR: 2.7.2a
samtools: samtools 1.16.1
2025-10-21 20:19:18 [runtime] (ready)           ID.F08548.SPATIAL_RNA_COUNTER_CS.SPATIAL_MATRIX_COMPUTER.WRITE_GENE_INDEX
2025-10-21 20:19:18 [runtime] (run:local)       ID.F08548.SPATIAL_RNA_COUNTER_CS.SPATIAL_MATRIX_COMPUTER.WRITE_GENE_INDEX.fork0.chnk0.main
2025-10-21 20:19:18 [runtime] (ready)           ID.F08548.SPATIAL_RNA_COUNTER_CS.SPATIAL_RNA_COUNTER_PREP.COPY_CHEMISTRY_SPEC
2025-10-21 20:19:18 [runtime] (run:local)       ID.F08548.SPATIAL_RNA_COUNTER_CS.SPATIAL_RNA_COUNTER_PREP.COPY_CHEMISTRY_SPEC.fork0.chnk0.main
2025-10-21 20:19:18 [runtime] (ready)           ID.F08548.SPATIAL_RNA_COUNTER_CS.SPATIAL_RNA_COUNTER.SPATIAL_POST_MATRIX_COMPUTATION.DISABLE_FEATURE_STAGES
2025-10-21 20:19:18 [runtime] (run:local)       ID.F08548.SPATIAL_RNA_COUNTER_CS.SPATIAL_RNA_COUNTER.SPATIAL_POST_MATRIX_COMPUTATION.DISABLE_FEATURE_STAGES.fork0.chnk0.main
2025-10-21 20:19:18 [runtime] (ready)           ID.F08548.SPATIAL_RNA_COUNTER_CS.USER_PROVIDED_SEGMENTATIONS
2025-10-21 20:19:18 [runtime] (run:local)       ID.F08548.SPATIAL_RNA_COUNTER_CS.USER_PROVIDED_SEGMENTATIONS.fork0.chnk0.main
2025-10-21 20:19:18 [runtime] (ready)           ID.F08548.SPATIAL_RNA_COUNTER_CS.SPATIAL_RNA_COUNTER_PREP.DISABLE_CORRECTION_FACTOR
2025-10-21 20:19:18 [runtime] (run:local)       ID.F08548.SPATIAL_RNA_COUNTER_CS.SPATIAL_RNA_COUNTER_PREP.DISABLE_CORRECTION_FACTOR.fork0.chnk0.main
2025-10-21 20:19:18 [runtime] (ready)           ID.F08548.SPATIAL_RNA_COUNTER_CS.FIX_CYTASSIST_IMAGE_COMPATIBILITY
2025-10-21 20:19:18 [runtime] (run:local)       ID.F08548.SPATIAL_RNA_COUNTER_CS.FIX_CYTASSIST_IMAGE_COMPATIBILITY.fork0.chnk0.main
2025-10-21 20:19:18 [runtime] (chunks_complete) ID.F08548.SPATIAL_RNA_COUNTER_CS.SPATIAL_RNA_COUNTER_PREP.COPY_CHEMISTRY_SPEC
2025-10-21 20:19:18 [runtime] (ready)           ID.F08548.SPATIAL_RNA_COUNTER_CS.SPATIAL_RNA_COUNTER_PREP.DETECT_CHEMISTRY
2025-10-21 20:19:18 [runtime] (run:local)       ID.F08548.SPATIAL_RNA_COUNTER_CS.SPATIAL_RNA_COUNTER_PREP.DETECT_CHEMISTRY.fork0.chnk0.main
2025-10-21 20:19:25 [runtime] (chunks_complete) ID.F08548.SPATIAL_RNA_COUNTER_CS.SPATIAL_RNA_COUNTER_PREP.DETECT_CHEMISTRY
2025-10-21 20:19:25 [runtime] (ready)           ID.F08548.SPATIAL_RNA_COUNTER_CS.SPATIAL_RNA_COUNTER_PREP.MULTI_SETUP_CHUNKS
2025-10-21 20:19:25 [runtime] (run:local)       ID.F08548.SPATIAL_RNA_COUNTER_CS.SPATIAL_RNA_COUNTER_PREP.MULTI_SETUP_CHUNKS.fork0.chnk0.main
2025-10-21 20:19:25 [runtime] (chunks_complete) ID.F08548.SPATIAL_RNA_COUNTER_CS.SPATIAL_RNA_COUNTER_PREP.MULTI_SETUP_CHUNKS
2025-10-21 20:19:25 [runtime] (ready)           ID.F08548.SPATIAL_RNA_COUNTER_CS.SPATIAL_RNA_COUNTER_PREP.EXPECT_SINGLE_BARCODE_WHITELIST
2025-10-21 20:19:26 [runtime] (run:local)       ID.F08548.SPATIAL_RNA_COUNTER_CS.SPATIAL_RNA_COUNTER_PREP.EXPECT_SINGLE_BARCODE_WHITELIST.fork0.chnk0.main
2025-10-21 20:19:26 [runtime] (chunks_complete) ID.F08548.SPATIAL_RNA_COUNTER_CS.SPATIAL_RNA_COUNTER_PREP.EXPECT_SINGLE_BARCODE_WHITELIST
2025-10-21 20:19:26 [runtime] (ready)           ID.F08548.SPATIAL_RNA_COUNTER_CS.SPATIAL_RNA_COUNTER_PREP.WRITE_SPATIAL_BARCODE_INDEX
2025-10-21 20:19:26 [runtime] (run:local)       ID.F08548.SPATIAL_RNA_COUNTER_CS.SPATIAL_RNA_COUNTER_PREP.WRITE_SPATIAL_BARCODE_INDEX.fork0.split
2025-10-21 20:19:26 [runtime] (split_complete)  ID.F08548.SPATIAL_RNA_COUNTER_CS.SPATIAL_RNA_COUNTER_PREP.WRITE_SPATIAL_BARCODE_INDEX
2025-10-21 20:19:26 [runtime] (run:local)       ID.F08548.SPATIAL_RNA_COUNTER_CS.SPATIAL_RNA_COUNTER_PREP.WRITE_SPATIAL_BARCODE_INDEX.fork0.join
2025-10-21 20:19:33 [runtime] (chunks_complete) ID.F08548.SPATIAL_RNA_COUNTER_CS.USER_PROVIDED_SEGMENTATIONS
2025-10-21 20:19:33 [runtime] (chunks_complete) ID.F08548.SPATIAL_RNA_COUNTER_CS.SPATIAL_RNA_COUNTER_PREP.DISABLE_CORRECTION_FACTOR
2025-10-21 20:19:33 [runtime] (join_complete)   ID.F08548.SPATIAL_RNA_COUNTER_CS.SPATIAL_RNA_COUNTER_PREP.WRITE_SPATIAL_BARCODE_INDEX
2025-10-21 20:19:33 [runtime] (ready)           ID.F08548.SPATIAL_RNA_COUNTER_CS.SPATIAL_RNA_COUNTER_PREP.COMPUTE_CORRECTION_FACTOR
2025-10-21 20:19:33 [runtime] (chunks_complete) ID.F08548.SPATIAL_RNA_COUNTER_CS.SPATIAL_RNA_COUNTER.SPATIAL_POST_MATRIX_COMPUTATION.DISABLE_FEATURE_STAGES
2025-10-21 20:19:33 [runtime] (chunks_complete) ID.F08548.SPATIAL_RNA_COUNTER_CS.FIX_CYTASSIST_IMAGE_COMPATIBILITY
2025-10-21 20:19:33 [runtime] (ready)           ID.F08548.SPATIAL_RNA_COUNTER_CS.SPATIAL_IMAGING_CS.DETERMINE_PIPELINE_MODE
2025-10-21 20:19:33 [runtime] (run:local)       ID.F08548.SPATIAL_RNA_COUNTER_CS.SPATIAL_IMAGING_CS.DETERMINE_PIPELINE_MODE.fork0.chnk0.main
2025-10-21 20:19:33 [runtime] (ready)           ID.F08548.SPATIAL_RNA_COUNTER_CS.SPATIAL_IMAGING_CS.GET_CYTASSIST_RUN_METADATA
2025-10-21 20:19:33 [runtime] (run:local)       ID.F08548.SPATIAL_RNA_COUNTER_CS.SPATIAL_IMAGING_CS.GET_CYTASSIST_RUN_METADATA.fork0.chnk0.main
2025-10-21 20:19:33 [runtime] (chunks_complete) ID.F08548.SPATIAL_RNA_COUNTER_CS.SPATIAL_IMAGING_CS.DETERMINE_PIPELINE_MODE
2025-10-21 20:19:34 [runtime] (ready)           ID.F08548.SPATIAL_RNA_COUNTER_CS.SPATIAL_IMAGING_CS.DISABLE_IMAGING_STAGES
2025-10-21 20:19:34 [runtime] (run:local)       ID.F08548.SPATIAL_RNA_COUNTER_CS.SPATIAL_IMAGING_CS.DISABLE_IMAGING_STAGES.fork0.chnk0.main
2025-10-21 20:19:34 [runtime] (ready)           ID.F08548.SPATIAL_RNA_COUNTER_CS.SPATIAL_IMAGING_CS.STANDARDIZE_IMAGES
2025-10-21 20:19:34 [runtime] (run:local)       ID.F08548.SPATIAL_RNA_COUNTER_CS.SPATIAL_IMAGING_CS.STANDARDIZE_IMAGES.fork0.split
2025-10-21 20:19:34 [runtime] (ready)           ID.F08548.SPATIAL_RNA_COUNTER_CS.SPATIAL_RNA_COUNTER.SPATIAL_POST_MATRIX_COMPUTATION.DISABLE_SD_ONLY_STAGES
2025-10-21 20:19:34 [runtime] (run:local)       ID.F08548.SPATIAL_RNA_COUNTER_CS.SPATIAL_RNA_COUNTER.SPATIAL_POST_MATRIX_COMPUTATION.DISABLE_SD_ONLY_STAGES.fork0.chnk0.main
2025-10-21 20:19:34 [runtime] (ready)           ID.F08548.SPATIAL_RNA_COUNTER_CS.SPATIAL_RNA_COUNTER.SPATIAL_POST_MATRIX_COMPUTATION.WEBSUMMARY_ALERTS
2025-10-21 20:19:34 [runtime] (run:local)       ID.F08548.SPATIAL_RNA_COUNTER_CS.SPATIAL_RNA_COUNTER.SPATIAL_POST_MATRIX_COMPUTATION.WEBSUMMARY_ALERTS.fork0.chnk0.main
2025-10-21 20:19:34 [runtime] (chunks_complete) ID.F08548.SPATIAL_RNA_COUNTER_CS.SPATIAL_IMAGING_CS.GET_CYTASSIST_RUN_METADATA
2025-10-21 20:19:34 [runtime] (chunks_complete) ID.F08548.SPATIAL_RNA_COUNTER_CS.SPATIAL_RNA_COUNTER.SPATIAL_POST_MATRIX_COMPUTATION.DISABLE_SD_ONLY_STAGES
2025-10-21 20:19:34 [runtime] (chunks_complete) ID.F08548.SPATIAL_RNA_COUNTER_CS.SPATIAL_IMAGING_CS.DISABLE_IMAGING_STAGES
2025-10-21 20:19:34 [runtime] (ready)           ID.F08548.SPATIAL_RNA_COUNTER_CS.SPATIAL_RNA_COUNTER.SPATIAL_POST_MATRIX_COMPUTATION.BIN_HD_DATA.SETUP_BINNING
2025-10-21 20:19:34 [runtime] (run:local)       ID.F08548.SPATIAL_RNA_COUNTER_CS.SPATIAL_RNA_COUNTER.SPATIAL_POST_MATRIX_COMPUTATION.BIN_HD_DATA.SETUP_BINNING.fork0.chnk0.main
2025-10-21 20:19:34 [runtime] (chunks_complete) ID.F08548.SPATIAL_RNA_COUNTER_CS.SPATIAL_RNA_COUNTER.SPATIAL_POST_MATRIX_COMPUTATION.WEBSUMMARY_ALERTS
2025-10-21 20:19:37 [runtime] (chunks_complete) ID.F08548.SPATIAL_RNA_COUNTER_CS.SPATIAL_RNA_COUNTER.SPATIAL_POST_MATRIX_COMPUTATION.BIN_HD_DATA.SETUP_BINNING
2025-10-21 20:19:37 [runtime] (chunks_complete) ID.F08548.SPATIAL_RNA_COUNTER_CS.SPATIAL_MATRIX_COMPUTER.WRITE_GENE_INDEX
2025-10-21 20:19:37 [runtime] (ready)           ID.F08548.SPATIAL_RNA_COUNTER_CS.SPATIAL_MATRIX_COMPUTER.PARSE_TARGET_FEATURES
2025-10-21 20:19:38 [runtime] (run:local)       ID.F08548.SPATIAL_RNA_COUNTER_CS.SPATIAL_MATRIX_COMPUTER.PARSE_TARGET_FEATURES.fork0.chnk0.main
2025-10-21 20:19:40 [runtime] (split_complete)  ID.F08548.SPATIAL_RNA_COUNTER_CS.SPATIAL_IMAGING_CS.STANDARDIZE_IMAGES
2025-10-21 20:19:40 [runtime] (run:local)       ID.F08548.SPATIAL_RNA_COUNTER_CS.SPATIAL_IMAGING_CS.STANDARDIZE_IMAGES.fork0.join
2025-10-21 20:19:52 [runtime] (chunks_complete) ID.F08548.SPATIAL_RNA_COUNTER_CS.SPATIAL_MATRIX_COMPUTER.PARSE_TARGET_FEATURES
2025-10-21 20:19:52 [runtime] (ready)           ID.F08548.SPATIAL_RNA_COUNTER_CS.SPATIAL_MATRIX_COMPUTER.SETUP_REFERENCE_INFO
2025-10-21 20:19:52 [runtime] (run:local)       ID.F08548.SPATIAL_RNA_COUNTER_CS.SPATIAL_MATRIX_COMPUTER.SETUP_REFERENCE_INFO.fork0.chnk0.main
2025-10-21 20:19:52 [runtime] (ready)           ID.F08548.SPATIAL_RNA_COUNTER_CS.SPATIAL_RNA_COUNTER.SPATIAL_POST_MATRIX_COMPUTATION._TARGETED_ANALYZER.DISABLE_TARGETED_STAGES
2025-10-21 20:19:52 [runtime] (run:local)       ID.F08548.SPATIAL_RNA_COUNTER_CS.SPATIAL_RNA_COUNTER.SPATIAL_POST_MATRIX_COMPUTATION._TARGETED_ANALYZER.DISABLE_TARGETED_STAGES.fork0.chnk0.main
2025-10-21 20:19:53 [runtime] (chunks_complete) ID.F08548.SPATIAL_RNA_COUNTER_CS.SPATIAL_MATRIX_COMPUTER.SETUP_REFERENCE_INFO
2025-10-21 20:19:53 [runtime] (ready)           ID.F08548.SPATIAL_RNA_COUNTER_CS.SPATIAL_MATRIX_COMPUTER._MATRIX_COMPUTER.MAKE_SHARD
2025-10-21 20:19:53 [runtime] (run:local)       ID.F08548.SPATIAL_RNA_COUNTER_CS.SPATIAL_MATRIX_COMPUTER._MATRIX_COMPUTER.MAKE_SHARD.fork0.split
2025-10-21 20:19:54 [runtime] (chunks_complete) ID.F08548.SPATIAL_RNA_COUNTER_CS.SPATIAL_RNA_COUNTER.SPATIAL_POST_MATRIX_COMPUTATION._TARGETED_ANALYZER.DISABLE_TARGETED_STAGES
2025-10-21 20:20:08 [runtime] (split_complete)  ID.F08548.SPATIAL_RNA_COUNTER_CS.SPATIAL_MATRIX_COMPUTER._MATRIX_COMPUTER.MAKE_SHARD
2025-10-21 20:20:08 [runtime] (run:local)       ID.F08548.SPATIAL_RNA_COUNTER_CS.SPATIAL_MATRIX_COMPUTER._MATRIX_COMPUTER.MAKE_SHARD.fork0.chnk0.main
2025-10-21 20:20:14 [runtime] (join_complete)   ID.F08548.SPATIAL_RNA_COUNTER_CS.SPATIAL_IMAGING_CS.STANDARDIZE_IMAGES
2025-10-21 20:20:14 [runtime] (ready)           ID.F08548.SPATIAL_RNA_COUNTER_CS.SPATIAL_IMAGING_CS.LOUPE_ALIGNMENT_READER
2025-10-21 20:20:14 [runtime] (run:local)       ID.F08548.SPATIAL_RNA_COUNTER_CS.SPATIAL_IMAGING_CS.LOUPE_ALIGNMENT_READER.fork0.split
2025-10-21 20:20:14 [runtime] (ready)           ID.F08548.SPATIAL_RNA_COUNTER_CS.CLOUPE_TILE_IMAGES
2025-10-21 20:20:14 [runtime] (run:local)       ID.F08548.SPATIAL_RNA_COUNTER_CS.CLOUPE_TILE_IMAGES.fork0.split
2025-10-21 20:20:15 [runtime] (split_complete)  ID.F08548.SPATIAL_RNA_COUNTER_CS.CLOUPE_TILE_IMAGES
2025-10-21 20:20:15 [runtime] (run:local)       ID.F08548.SPATIAL_RNA_COUNTER_CS.CLOUPE_TILE_IMAGES.fork0.join
2025-10-21 20:20:16 [runtime] (split_complete)  ID.F08548.SPATIAL_RNA_COUNTER_CS.SPATIAL_IMAGING_CS.LOUPE_ALIGNMENT_READER
2025-10-21 20:20:16 [runtime] (run:local)       ID.F08548.SPATIAL_RNA_COUNTER_CS.SPATIAL_IMAGING_CS.LOUPE_ALIGNMENT_READER.fork0.join
2025-10-21 20:20:17 [runtime] (join_complete)   ID.F08548.SPATIAL_RNA_COUNTER_CS.SPATIAL_IMAGING_CS.LOUPE_ALIGNMENT_READER
2025-10-21 20:20:17 [runtime] (ready)           ID.F08548.SPATIAL_RNA_COUNTER_CS.SPATIAL_IMAGING_CS.GPR_READER
2025-10-21 20:20:17 [runtime] (ready)           ID.F08548.SPATIAL_RNA_COUNTER_CS.SPATIAL_IMAGING_CS.HD_LAYOUT_READER
2025-10-21 20:20:17 [runtime] (run:local)       ID.F08548.SPATIAL_RNA_COUNTER_CS.SPATIAL_IMAGING_CS.HD_LAYOUT_READER.fork0.chnk0.main
2025-10-21 20:20:17 [runtime] (chunks_complete) ID.F08548.SPATIAL_RNA_COUNTER_CS.SPATIAL_IMAGING_CS.HD_LAYOUT_READER
2025-10-21 20:20:17 [runtime] (ready)           ID.F08548.SPATIAL_RNA_COUNTER_CS.SPATIAL_IMAGING_CS.ALIGN_FIDUCIALS
2025-10-21 20:20:17 [runtime] (run:local)       ID.F08548.SPATIAL_RNA_COUNTER_CS.SPATIAL_IMAGING_CS.ALIGN_FIDUCIALS.fork0.split
2025-10-21 20:20:21 [runtime] (split_complete)  ID.F08548.SPATIAL_RNA_COUNTER_CS.SPATIAL_IMAGING_CS.ALIGN_FIDUCIALS
2025-10-21 20:20:21 [runtime] (run:local)       ID.F08548.SPATIAL_RNA_COUNTER_CS.SPATIAL_IMAGING_CS.ALIGN_FIDUCIALS.fork0.join
2025-10-21 20:20:24 [runtime] (join_complete)   ID.F08548.SPATIAL_RNA_COUNTER_CS.SPATIAL_IMAGING_CS.ALIGN_FIDUCIALS
2025-10-21 20:20:24 [runtime] (ready)           ID.F08548.SPATIAL_RNA_COUNTER_CS.SPATIAL_IMAGING_CS.REGISTER_TISSUE.SEED_REGISTRATION
2025-10-21 20:20:24 [runtime] (run:local)       ID.F08548.SPATIAL_RNA_COUNTER_CS.SPATIAL_IMAGING_CS.REGISTER_TISSUE.SEED_REGISTRATION.fork0.split
2025-10-21 20:20:27 [runtime] (split_complete)  ID.F08548.SPATIAL_RNA_COUNTER_CS.SPATIAL_IMAGING_CS.REGISTER_TISSUE.SEED_REGISTRATION
2025-10-21 20:20:27 [runtime] (run:local)       ID.F08548.SPATIAL_RNA_COUNTER_CS.SPATIAL_IMAGING_CS.REGISTER_TISSUE.SEED_REGISTRATION.fork0.join
2025-10-21 20:20:31 [runtime] (join_complete)   ID.F08548.SPATIAL_RNA_COUNTER_CS.SPATIAL_IMAGING_CS.REGISTER_TISSUE.SEED_REGISTRATION
2025-10-21 20:20:31 [runtime] (ready)           ID.F08548.SPATIAL_RNA_COUNTER_CS.SPATIAL_IMAGING_CS.REGISTER_TISSUE.REGISTER_FROM_INIT
2025-10-21 20:20:31 [runtime] (run:local)       ID.F08548.SPATIAL_RNA_COUNTER_CS.SPATIAL_IMAGING_CS.REGISTER_TISSUE.REGISTER_FROM_INIT.fork0.split
2025-10-21 20:20:34 [runtime] (split_complete)  ID.F08548.SPATIAL_RNA_COUNTER_CS.SPATIAL_IMAGING_CS.REGISTER_TISSUE.REGISTER_FROM_INIT
2025-10-21 20:20:34 [runtime] (run:local)       ID.F08548.SPATIAL_RNA_COUNTER_CS.SPATIAL_IMAGING_CS.REGISTER_TISSUE.REGISTER_FROM_INIT.fork0.join
2025-10-21 20:20:36 [runtime] (join_complete)   ID.F08548.SPATIAL_RNA_COUNTER_CS.SPATIAL_IMAGING_CS.REGISTER_TISSUE.REGISTER_FROM_INIT
2025-10-21 20:20:36 [runtime] (ready)           ID.F08548.SPATIAL_RNA_COUNTER_CS.SPATIAL_IMAGING_CS.REGISTER_TISSUE.SUMMARIZE_REGISTRATION
2025-10-21 20:20:36 [runtime] (run:local)       ID.F08548.SPATIAL_RNA_COUNTER_CS.SPATIAL_IMAGING_CS.REGISTER_TISSUE.SUMMARIZE_REGISTRATION.fork0.chnk0.main
2025-10-21 20:20:49 [runtime] (chunks_complete) ID.F08548.SPATIAL_RNA_COUNTER_CS.SPATIAL_IMAGING_CS.REGISTER_TISSUE.SUMMARIZE_REGISTRATION
2025-10-21 20:20:55 [runtime] (join_complete)   ID.F08548.SPATIAL_RNA_COUNTER_CS.CLOUPE_TILE_IMAGES
2025-10-21 20:26:11 [runtime] (update)          ID.F08548.SPATIAL_RNA_COUNTER_CS.SPATIAL_MATRIX_COMPUTER._MATRIX_COMPUTER.MAKE_SHARD.fork0 chunks_running
2025-10-21 20:32:11 [runtime] (update)          ID.F08548.SPATIAL_RNA_COUNTER_CS.SPATIAL_MATRIX_COMPUTER._MATRIX_COMPUTER.MAKE_SHARD.fork0 chunks_running
2025-10-21 20:38:13 [runtime] (update)          ID.F08548.SPATIAL_RNA_COUNTER_CS.SPATIAL_MATRIX_COMPUTER._MATRIX_COMPUTER.MAKE_SHARD.fork0 chunks_running
2025-10-21 20:42:30 [runtime] (chunks_complete) ID.F08548.SPATIAL_RNA_COUNTER_CS.SPATIAL_MATRIX_COMPUTER._MATRIX_COMPUTER.MAKE_SHARD
2025-10-21 20:42:30 [runtime] (run:local)       ID.F08548.SPATIAL_RNA_COUNTER_CS.SPATIAL_MATRIX_COMPUTER._MATRIX_COMPUTER.MAKE_SHARD.fork0.join
2025-10-21 20:42:31 [runtime] (join_complete)   ID.F08548.SPATIAL_RNA_COUNTER_CS.SPATIAL_MATRIX_COMPUTER._MATRIX_COMPUTER.MAKE_SHARD
2025-10-21 20:42:31 [runtime] (ready)           ID.F08548.SPATIAL_RNA_COUNTER_CS.SPATIAL_MATRIX_COMPUTER._MATRIX_COMPUTER.MAKE_CORRECTION_MAP
2025-10-21 20:42:31 [runtime] (run:local)       ID.F08548.SPATIAL_RNA_COUNTER_CS.SPATIAL_MATRIX_COMPUTER._MATRIX_COMPUTER.MAKE_CORRECTION_MAP.fork0.split
2025-10-21 20:42:31 [runtime] (split_complete)  ID.F08548.SPATIAL_RNA_COUNTER_CS.SPATIAL_MATRIX_COMPUTER._MATRIX_COMPUTER.MAKE_CORRECTION_MAP
2025-10-21 20:42:31 [runtime] (run:local)       ID.F08548.SPATIAL_RNA_COUNTER_CS.SPATIAL_MATRIX_COMPUTER._MATRIX_COMPUTER.MAKE_CORRECTION_MAP.fork0.join
2025-10-21 20:43:30 [runtime] (join_complete)   ID.F08548.SPATIAL_RNA_COUNTER_CS.SPATIAL_MATRIX_COMPUTER._MATRIX_COMPUTER.MAKE_CORRECTION_MAP
2025-10-21 20:43:30 [runtime] (ready)           ID.F08548.SPATIAL_RNA_COUNTER_CS.SPATIAL_MATRIX_COMPUTER._MATRIX_COMPUTER.BARCODE_CORRECTION
2025-10-21 20:43:30 [runtime] (run:local)       ID.F08548.SPATIAL_RNA_COUNTER_CS.SPATIAL_MATRIX_COMPUTER._MATRIX_COMPUTER.BARCODE_CORRECTION.fork0.split
2025-10-21 20:43:30 [runtime] (split_complete)  ID.F08548.SPATIAL_RNA_COUNTER_CS.SPATIAL_MATRIX_COMPUTER._MATRIX_COMPUTER.BARCODE_CORRECTION
2025-10-21 20:43:31 [runtime] (run:local)       ID.F08548.SPATIAL_RNA_COUNTER_CS.SPATIAL_MATRIX_COMPUTER._MATRIX_COMPUTER.BARCODE_CORRECTION.fork0.chnk000.main
2025-10-21 20:43:31 [runtime] (run:local)       ID.F08548.SPATIAL_RNA_COUNTER_CS.SPATIAL_MATRIX_COMPUTER._MATRIX_COMPUTER.BARCODE_CORRECTION.fork0.chnk001.main
2025-10-21 20:43:31 [runtime] (run:local)       ID.F08548.SPATIAL_RNA_COUNTER_CS.SPATIAL_MATRIX_COMPUTER._MATRIX_COMPUTER.BARCODE_CORRECTION.fork0.chnk002.main
2025-10-21 20:43:31 [runtime] (run:local)       ID.F08548.SPATIAL_RNA_COUNTER_CS.SPATIAL_MATRIX_COMPUTER._MATRIX_COMPUTER.BARCODE_CORRECTION.fork0.chnk003.main
2025-10-21 20:43:31 [runtime] (run:local)       ID.F08548.SPATIAL_RNA_COUNTER_CS.SPATIAL_MATRIX_COMPUTER._MATRIX_COMPUTER.BARCODE_CORRECTION.fork0.chnk004.main
2025-10-21 20:43:31 [runtime] (run:local)       ID.F08548.SPATIAL_RNA_COUNTER_CS.SPATIAL_MATRIX_COMPUTER._MATRIX_COMPUTER.BARCODE_CORRECTION.fork0.chnk005.main
2025-10-21 20:43:31 [runtime] (run:local)       ID.F08548.SPATIAL_RNA_COUNTER_CS.SPATIAL_MATRIX_COMPUTER._MATRIX_COMPUTER.BARCODE_CORRECTION.fork0.chnk006.main
2025-10-21 20:43:31 [runtime] (run:local)       ID.F08548.SPATIAL_RNA_COUNTER_CS.SPATIAL_MATRIX_COMPUTER._MATRIX_COMPUTER.BARCODE_CORRECTION.fork0.chnk007.main
2025-10-21 20:43:31 [runtime] (run:local)       ID.F08548.SPATIAL_RNA_COUNTER_CS.SPATIAL_MATRIX_COMPUTER._MATRIX_COMPUTER.BARCODE_CORRECTION.fork0.chnk008.main
2025-10-21 20:43:31 [runtime] (run:local)       ID.F08548.SPATIAL_RNA_COUNTER_CS.SPATIAL_MATRIX_COMPUTER._MATRIX_COMPUTER.BARCODE_CORRECTION.fork0.chnk009.main
2025-10-21 20:43:31 [runtime] (run:local)       ID.F08548.SPATIAL_RNA_COUNTER_CS.SPATIAL_MATRIX_COMPUTER._MATRIX_COMPUTER.BARCODE_CORRECTION.fork0.chnk010.main
2025-10-21 20:43:31 [runtime] (run:local)       ID.F08548.SPATIAL_RNA_COUNTER_CS.SPATIAL_MATRIX_COMPUTER._MATRIX_COMPUTER.BARCODE_CORRECTION.fork0.chnk011.main
2025-10-21 20:43:31 [runtime] (run:local)       ID.F08548.SPATIAL_RNA_COUNTER_CS.SPATIAL_MATRIX_COMPUTER._MATRIX_COMPUTER.BARCODE_CORRECTION.fork0.chnk012.main
2025-10-21 20:43:31 [runtime] (run:local)       ID.F08548.SPATIAL_RNA_COUNTER_CS.SPATIAL_MATRIX_COMPUTER._MATRIX_COMPUTER.BARCODE_CORRECTION.fork0.chnk013.main
2025-10-21 20:43:31 [runtime] (run:local)       ID.F08548.SPATIAL_RNA_COUNTER_CS.SPATIAL_MATRIX_COMPUTER._MATRIX_COMPUTER.BARCODE_CORRECTION.fork0.chnk014.main
2025-10-21 20:43:31 [runtime] (run:local)       ID.F08548.SPATIAL_RNA_COUNTER_CS.SPATIAL_MATRIX_COMPUTER._MATRIX_COMPUTER.BARCODE_CORRECTION.fork0.chnk015.main
2025-10-21 20:43:31 [runtime] (run:local)       ID.F08548.SPATIAL_RNA_COUNTER_CS.SPATIAL_MATRIX_COMPUTER._MATRIX_COMPUTER.BARCODE_CORRECTION.fork0.chnk016.main
2025-10-21 20:43:31 [runtime] (run:local)       ID.F08548.SPATIAL_RNA_COUNTER_CS.SPATIAL_MATRIX_COMPUTER._MATRIX_COMPUTER.BARCODE_CORRECTION.fork0.chnk017.main
2025-10-21 20:43:31 [runtime] (run:local)       ID.F08548.SPATIAL_RNA_COUNTER_CS.SPATIAL_MATRIX_COMPUTER._MATRIX_COMPUTER.BARCODE_CORRECTION.fork0.chnk018.main
2025-10-21 20:43:31 [runtime] (run:local)       ID.F08548.SPATIAL_RNA_COUNTER_CS.SPATIAL_MATRIX_COMPUTER._MATRIX_COMPUTER.BARCODE_CORRECTION.fork0.chnk019.main
2025-10-21 20:43:31 [runtime] (run:local)       ID.F08548.SPATIAL_RNA_COUNTER_CS.SPATIAL_MATRIX_COMPUTER._MATRIX_COMPUTER.BARCODE_CORRECTION.fork0.chnk020.main
2025-10-21 20:43:31 [runtime] (run:local)       ID.F08548.SPATIAL_RNA_COUNTER_CS.SPATIAL_MATRIX_COMPUTER._MATRIX_COMPUTER.BARCODE_CORRECTION.fork0.chnk021.main
2025-10-21 20:43:31 [runtime] (run:local)       ID.F08548.SPATIAL_RNA_COUNTER_CS.SPATIAL_MATRIX_COMPUTER._MATRIX_COMPUTER.BARCODE_CORRECTION.fork0.chnk022.main
2025-10-21 20:43:31 [runtime] (run:local)       ID.F08548.SPATIAL_RNA_COUNTER_CS.SPATIAL_MATRIX_COMPUTER._MATRIX_COMPUTER.BARCODE_CORRECTION.fork0.chnk023.main
2025-10-21 20:43:31 [runtime] (run:local)       ID.F08548.SPATIAL_RNA_COUNTER_CS.SPATIAL_MATRIX_COMPUTER._MATRIX_COMPUTER.BARCODE_CORRECTION.fork0.chnk024.main
2025-10-21 20:43:31 [runtime] (run:local)       ID.F08548.SPATIAL_RNA_COUNTER_CS.SPATIAL_MATRIX_COMPUTER._MATRIX_COMPUTER.BARCODE_CORRECTION.fork0.chnk025.main
2025-10-21 20:43:31 [runtime] (run:local)       ID.F08548.SPATIAL_RNA_COUNTER_CS.SPATIAL_MATRIX_COMPUTER._MATRIX_COMPUTER.BARCODE_CORRECTION.fork0.chnk026.main
2025-10-21 20:43:31 [runtime] (run:local)       ID.F08548.SPATIAL_RNA_COUNTER_CS.SPATIAL_MATRIX_COMPUTER._MATRIX_COMPUTER.BARCODE_CORRECTION.fork0.chnk027.main
2025-10-21 20:43:31 [runtime] (run:local)       ID.F08548.SPATIAL_RNA_COUNTER_CS.SPATIAL_MATRIX_COMPUTER._MATRIX_COMPUTER.BARCODE_CORRECTION.fork0.chnk028.main
2025-10-21 20:43:31 [runtime] (run:local)       ID.F08548.SPATIAL_RNA_COUNTER_CS.SPATIAL_MATRIX_COMPUTER._MATRIX_COMPUTER.BARCODE_CORRECTION.fork0.chnk029.main
2025-10-21 20:43:31 [runtime] (run:local)       ID.F08548.SPATIAL_RNA_COUNTER_CS.SPATIAL_MATRIX_COMPUTER._MATRIX_COMPUTER.BARCODE_CORRECTION.fork0.chnk030.main
2025-10-21 20:43:31 [runtime] (run:local)       ID.F08548.SPATIAL_RNA_COUNTER_CS.SPATIAL_MATRIX_COMPUTER._MATRIX_COMPUTER.BARCODE_CORRECTION.fork0.chnk031.main
2025-10-21 20:43:31 [runtime] (run:local)       ID.F08548.SPATIAL_RNA_COUNTER_CS.SPATIAL_MATRIX_COMPUTER._MATRIX_COMPUTER.BARCODE_CORRECTION.fork0.chnk032.main
2025-10-21 20:43:31 [runtime] (run:local)       ID.F08548.SPATIAL_RNA_COUNTER_CS.SPATIAL_MATRIX_COMPUTER._MATRIX_COMPUTER.BARCODE_CORRECTION.fork0.chnk033.main
2025-10-21 20:43:32 [runtime] (run:local)       ID.F08548.SPATIAL_RNA_COUNTER_CS.SPATIAL_MATRIX_COMPUTER._MATRIX_COMPUTER.BARCODE_CORRECTION.fork0.chnk034.main
2025-10-21 20:43:32 [runtime] (run:local)       ID.F08548.SPATIAL_RNA_COUNTER_CS.SPATIAL_MATRIX_COMPUTER._MATRIX_COMPUTER.BARCODE_CORRECTION.fork0.chnk035.main
2025-10-21 20:43:32 [runtime] (run:local)       ID.F08548.SPATIAL_RNA_COUNTER_CS.SPATIAL_MATRIX_COMPUTER._MATRIX_COMPUTER.BARCODE_CORRECTION.fork0.chnk036.main
2025-10-21 20:43:32 [runtime] (run:local)       ID.F08548.SPATIAL_RNA_COUNTER_CS.SPATIAL_MATRIX_COMPUTER._MATRIX_COMPUTER.BARCODE_CORRECTION.fork0.chnk037.main
2025-10-21 20:43:32 [runtime] (run:local)       ID.F08548.SPATIAL_RNA_COUNTER_CS.SPATIAL_MATRIX_COMPUTER._MATRIX_COMPUTER.BARCODE_CORRECTION.fork0.chnk038.main
2025-10-21 20:43:32 [runtime] (run:local)       ID.F08548.SPATIAL_RNA_COUNTER_CS.SPATIAL_MATRIX_COMPUTER._MATRIX_COMPUTER.BARCODE_CORRECTION.fork0.chnk039.main
2025-10-21 20:43:32 [runtime] (run:local)       ID.F08548.SPATIAL_RNA_COUNTER_CS.SPATIAL_MATRIX_COMPUTER._MATRIX_COMPUTER.BARCODE_CORRECTION.fork0.chnk040.main
2025-10-21 20:43:32 [runtime] (run:local)       ID.F08548.SPATIAL_RNA_COUNTER_CS.SPATIAL_MATRIX_COMPUTER._MATRIX_COMPUTER.BARCODE_CORRECTION.fork0.chnk041.main
2025-10-21 20:43:32 [runtime] (run:local)       ID.F08548.SPATIAL_RNA_COUNTER_CS.SPATIAL_MATRIX_COMPUTER._MATRIX_COMPUTER.BARCODE_CORRECTION.fork0.chnk042.main
2025-10-21 20:43:32 [runtime] (run:local)       ID.F08548.SPATIAL_RNA_COUNTER_CS.SPATIAL_MATRIX_COMPUTER._MATRIX_COMPUTER.BARCODE_CORRECTION.fork0.chnk043.main
2025-10-21 20:43:32 [runtime] (run:local)       ID.F08548.SPATIAL_RNA_COUNTER_CS.SPATIAL_MATRIX_COMPUTER._MATRIX_COMPUTER.BARCODE_CORRECTION.fork0.chnk044.main
2025-10-21 20:43:32 [runtime] (run:local)       ID.F08548.SPATIAL_RNA_COUNTER_CS.SPATIAL_MATRIX_COMPUTER._MATRIX_COMPUTER.BARCODE_CORRECTION.fork0.chnk045.main
2025-10-21 20:43:32 [runtime] (run:local)       ID.F08548.SPATIAL_RNA_COUNTER_CS.SPATIAL_MATRIX_COMPUTER._MATRIX_COMPUTER.BARCODE_CORRECTION.fork0.chnk046.main
2025-10-21 20:43:32 [runtime] (run:local)       ID.F08548.SPATIAL_RNA_COUNTER_CS.SPATIAL_MATRIX_COMPUTER._MATRIX_COMPUTER.BARCODE_CORRECTION.fork0.chnk047.main
2025-10-21 20:43:32 [runtime] (run:local)       ID.F08548.SPATIAL_RNA_COUNTER_CS.SPATIAL_MATRIX_COMPUTER._MATRIX_COMPUTER.BARCODE_CORRECTION.fork0.chnk048.main
2025-10-21 20:43:32 [runtime] (run:local)       ID.F08548.SPATIAL_RNA_COUNTER_CS.SPATIAL_MATRIX_COMPUTER._MATRIX_COMPUTER.BARCODE_CORRECTION.fork0.chnk049.main
2025-10-21 20:43:32 [runtime] (run:local)       ID.F08548.SPATIAL_RNA_COUNTER_CS.SPATIAL_MATRIX_COMPUTER._MATRIX_COMPUTER.BARCODE_CORRECTION.fork0.chnk050.main
2025-10-21 20:43:32 [runtime] (run:local)       ID.F08548.SPATIAL_RNA_COUNTER_CS.SPATIAL_MATRIX_COMPUTER._MATRIX_COMPUTER.BARCODE_CORRECTION.fork0.chnk051.main
2025-10-21 20:43:32 [runtime] (run:local)       ID.F08548.SPATIAL_RNA_COUNTER_CS.SPATIAL_MATRIX_COMPUTER._MATRIX_COMPUTER.BARCODE_CORRECTION.fork0.chnk052.main
2025-10-21 20:43:32 [runtime] (run:local)       ID.F08548.SPATIAL_RNA_COUNTER_CS.SPATIAL_MATRIX_COMPUTER._MATRIX_COMPUTER.BARCODE_CORRECTION.fork0.chnk053.main
2025-10-21 20:43:32 [runtime] (run:local)       ID.F08548.SPATIAL_RNA_COUNTER_CS.SPATIAL_MATRIX_COMPUTER._MATRIX_COMPUTER.BARCODE_CORRECTION.fork0.chnk054.main
2025-10-21 20:43:32 [runtime] (run:local)       ID.F08548.SPATIAL_RNA_COUNTER_CS.SPATIAL_MATRIX_COMPUTER._MATRIX_COMPUTER.BARCODE_CORRECTION.fork0.chnk055.main
2025-10-21 20:43:32 [runtime] (run:local)       ID.F08548.SPATIAL_RNA_COUNTER_CS.SPATIAL_MATRIX_COMPUTER._MATRIX_COMPUTER.BARCODE_CORRECTION.fork0.chnk056.main
2025-10-21 20:43:32 [runtime] (run:local)       ID.F08548.SPATIAL_RNA_COUNTER_CS.SPATIAL_MATRIX_COMPUTER._MATRIX_COMPUTER.BARCODE_CORRECTION.fork0.chnk057.main
2025-10-21 20:43:32 [runtime] (run:local)       ID.F08548.SPATIAL_RNA_COUNTER_CS.SPATIAL_MATRIX_COMPUTER._MATRIX_COMPUTER.BARCODE_CORRECTION.fork0.chnk058.main
2025-10-21 20:43:32 [runtime] (run:local)       ID.F08548.SPATIAL_RNA_COUNTER_CS.SPATIAL_MATRIX_COMPUTER._MATRIX_COMPUTER.BARCODE_CORRECTION.fork0.chnk059.main
2025-10-21 20:43:32 [runtime] (run:local)       ID.F08548.SPATIAL_RNA_COUNTER_CS.SPATIAL_MATRIX_COMPUTER._MATRIX_COMPUTER.BARCODE_CORRECTION.fork0.chnk060.main
2025-10-21 20:43:32 [runtime] (run:local)       ID.F08548.SPATIAL_RNA_COUNTER_CS.SPATIAL_MATRIX_COMPUTER._MATRIX_COMPUTER.BARCODE_CORRECTION.fork0.chnk061.main
2025-10-21 20:43:32 [runtime] (run:local)       ID.F08548.SPATIAL_RNA_COUNTER_CS.SPATIAL_MATRIX_COMPUTER._MATRIX_COMPUTER.BARCODE_CORRECTION.fork0.chnk062.main
2025-10-21 20:43:32 [runtime] (run:local)       ID.F08548.SPATIAL_RNA_COUNTER_CS.SPATIAL_MATRIX_COMPUTER._MATRIX_COMPUTER.BARCODE_CORRECTION.fork0.chnk063.main
2025-10-21 20:43:32 [runtime] (run:local)       ID.F08548.SPATIAL_RNA_COUNTER_CS.SPATIAL_MATRIX_COMPUTER._MATRIX_COMPUTER.BARCODE_CORRECTION.fork0.chnk064.main
2025-10-21 20:43:32 [runtime] (run:local)       ID.F08548.SPATIAL_RNA_COUNTER_CS.SPATIAL_MATRIX_COMPUTER._MATRIX_COMPUTER.BARCODE_CORRECTION.fork0.chnk065.main
2025-10-21 20:43:32 [runtime] (run:local)       ID.F08548.SPATIAL_RNA_COUNTER_CS.SPATIAL_MATRIX_COMPUTER._MATRIX_COMPUTER.BARCODE_CORRECTION.fork0.chnk066.main
2025-10-21 20:43:32 [runtime] (run:local)       ID.F08548.SPATIAL_RNA_COUNTER_CS.SPATIAL_MATRIX_COMPUTER._MATRIX_COMPUTER.BARCODE_CORRECTION.fork0.chnk067.main
2025-10-21 20:43:32 [runtime] (run:local)       ID.F08548.SPATIAL_RNA_COUNTER_CS.SPATIAL_MATRIX_COMPUTER._MATRIX_COMPUTER.BARCODE_CORRECTION.fork0.chnk068.main
2025-10-21 20:43:32 [runtime] (run:local)       ID.F08548.SPATIAL_RNA_COUNTER_CS.SPATIAL_MATRIX_COMPUTER._MATRIX_COMPUTER.BARCODE_CORRECTION.fork0.chnk069.main
2025-10-21 20:43:32 [runtime] (run:local)       ID.F08548.SPATIAL_RNA_COUNTER_CS.SPATIAL_MATRIX_COMPUTER._MATRIX_COMPUTER.BARCODE_CORRECTION.fork0.chnk070.main
2025-10-21 20:43:32 [runtime] (run:local)       ID.F08548.SPATIAL_RNA_COUNTER_CS.SPATIAL_MATRIX_COMPUTER._MATRIX_COMPUTER.BARCODE_CORRECTION.fork0.chnk071.main
2025-10-21 20:43:32 [runtime] (run:local)       ID.F08548.SPATIAL_RNA_COUNTER_CS.SPATIAL_MATRIX_COMPUTER._MATRIX_COMPUTER.BARCODE_CORRECTION.fork0.chnk072.main
2025-10-21 20:43:32 [runtime] (run:local)       ID.F08548.SPATIAL_RNA_COUNTER_CS.SPATIAL_MATRIX_COMPUTER._MATRIX_COMPUTER.BARCODE_CORRECTION.fork0.chnk073.main
2025-10-21 20:43:32 [runtime] (run:local)       ID.F08548.SPATIAL_RNA_COUNTER_CS.SPATIAL_MATRIX_COMPUTER._MATRIX_COMPUTER.BARCODE_CORRECTION.fork0.chnk074.main
2025-10-21 20:43:32 [runtime] (run:local)       ID.F08548.SPATIAL_RNA_COUNTER_CS.SPATIAL_MATRIX_COMPUTER._MATRIX_COMPUTER.BARCODE_CORRECTION.fork0.chnk075.main
2025-10-21 20:43:32 [runtime] (run:local)       ID.F08548.SPATIAL_RNA_COUNTER_CS.SPATIAL_MATRIX_COMPUTER._MATRIX_COMPUTER.BARCODE_CORRECTION.fork0.chnk076.main
2025-10-21 20:43:32 [runtime] (run:local)       ID.F08548.SPATIAL_RNA_COUNTER_CS.SPATIAL_MATRIX_COMPUTER._MATRIX_COMPUTER.BARCODE_CORRECTION.fork0.chnk077.main
2025-10-21 20:43:32 [runtime] (run:local)       ID.F08548.SPATIAL_RNA_COUNTER_CS.SPATIAL_MATRIX_COMPUTER._MATRIX_COMPUTER.BARCODE_CORRECTION.fork0.chnk078.main
2025-10-21 20:43:32 [runtime] (run:local)       ID.F08548.SPATIAL_RNA_COUNTER_CS.SPATIAL_MATRIX_COMPUTER._MATRIX_COMPUTER.BARCODE_CORRECTION.fork0.chnk079.main
2025-10-21 20:43:32 [runtime] (run:local)       ID.F08548.SPATIAL_RNA_COUNTER_CS.SPATIAL_MATRIX_COMPUTER._MATRIX_COMPUTER.BARCODE_CORRECTION.fork0.chnk080.main
2025-10-21 20:43:32 [runtime] (run:local)       ID.F08548.SPATIAL_RNA_COUNTER_CS.SPATIAL_MATRIX_COMPUTER._MATRIX_COMPUTER.BARCODE_CORRECTION.fork0.chnk081.main
2025-10-21 20:43:32 [runtime] (run:local)       ID.F08548.SPATIAL_RNA_COUNTER_CS.SPATIAL_MATRIX_COMPUTER._MATRIX_COMPUTER.BARCODE_CORRECTION.fork0.chnk082.main
2025-10-21 20:43:32 [runtime] (run:local)       ID.F08548.SPATIAL_RNA_COUNTER_CS.SPATIAL_MATRIX_COMPUTER._MATRIX_COMPUTER.BARCODE_CORRECTION.fork0.chnk083.main
2025-10-21 20:43:32 [runtime] (run:local)       ID.F08548.SPATIAL_RNA_COUNTER_CS.SPATIAL_MATRIX_COMPUTER._MATRIX_COMPUTER.BARCODE_CORRECTION.fork0.chnk084.main
2025-10-21 20:43:32 [runtime] (run:local)       ID.F08548.SPATIAL_RNA_COUNTER_CS.SPATIAL_MATRIX_COMPUTER._MATRIX_COMPUTER.BARCODE_CORRECTION.fork0.chnk085.main
2025-10-21 20:43:32 [runtime] (run:local)       ID.F08548.SPATIAL_RNA_COUNTER_CS.SPATIAL_MATRIX_COMPUTER._MATRIX_COMPUTER.BARCODE_CORRECTION.fork0.chnk086.main
2025-10-21 20:43:32 [runtime] (run:local)       ID.F08548.SPATIAL_RNA_COUNTER_CS.SPATIAL_MATRIX_COMPUTER._MATRIX_COMPUTER.BARCODE_CORRECTION.fork0.chnk087.main
2025-10-21 20:43:32 [runtime] (run:local)       ID.F08548.SPATIAL_RNA_COUNTER_CS.SPATIAL_MATRIX_COMPUTER._MATRIX_COMPUTER.BARCODE_CORRECTION.fork0.chnk088.main
2025-10-21 20:43:32 [runtime] (run:local)       ID.F08548.SPATIAL_RNA_COUNTER_CS.SPATIAL_MATRIX_COMPUTER._MATRIX_COMPUTER.BARCODE_CORRECTION.fork0.chnk089.main
2025-10-21 20:43:32 [runtime] (run:local)       ID.F08548.SPATIAL_RNA_COUNTER_CS.SPATIAL_MATRIX_COMPUTER._MATRIX_COMPUTER.BARCODE_CORRECTION.fork0.chnk090.main
2025-10-21 20:43:32 [runtime] (run:local)       ID.F08548.SPATIAL_RNA_COUNTER_CS.SPATIAL_MATRIX_COMPUTER._MATRIX_COMPUTER.BARCODE_CORRECTION.fork0.chnk091.main
2025-10-21 20:43:32 [runtime] (run:local)       ID.F08548.SPATIAL_RNA_COUNTER_CS.SPATIAL_MATRIX_COMPUTER._MATRIX_COMPUTER.BARCODE_CORRECTION.fork0.chnk092.main
2025-10-21 20:43:32 [runtime] (run:local)       ID.F08548.SPATIAL_RNA_COUNTER_CS.SPATIAL_MATRIX_COMPUTER._MATRIX_COMPUTER.BARCODE_CORRECTION.fork0.chnk093.main
2025-10-21 20:43:32 [runtime] (run:local)       ID.F08548.SPATIAL_RNA_COUNTER_CS.SPATIAL_MATRIX_COMPUTER._MATRIX_COMPUTER.BARCODE_CORRECTION.fork0.chnk094.main
2025-10-21 20:43:32 [runtime] (run:local)       ID.F08548.SPATIAL_RNA_COUNTER_CS.SPATIAL_MATRIX_COMPUTER._MATRIX_COMPUTER.BARCODE_CORRECTION.fork0.chnk095.main
2025-10-21 20:43:32 [runtime] (run:local)       ID.F08548.SPATIAL_RNA_COUNTER_CS.SPATIAL_MATRIX_COMPUTER._MATRIX_COMPUTER.BARCODE_CORRECTION.fork0.chnk096.main
2025-10-21 20:43:32 [runtime] (run:local)       ID.F08548.SPATIAL_RNA_COUNTER_CS.SPATIAL_MATRIX_COMPUTER._MATRIX_COMPUTER.BARCODE_CORRECTION.fork0.chnk097.main
2025-10-21 20:43:32 [runtime] (run:local)       ID.F08548.SPATIAL_RNA_COUNTER_CS.SPATIAL_MATRIX_COMPUTER._MATRIX_COMPUTER.BARCODE_CORRECTION.fork0.chnk098.main
2025-10-21 20:43:32 [runtime] (run:local)       ID.F08548.SPATIAL_RNA_COUNTER_CS.SPATIAL_MATRIX_COMPUTER._MATRIX_COMPUTER.BARCODE_CORRECTION.fork0.chnk099.main
2025-10-21 20:48:35 [runtime] (update)          ID.F08548.SPATIAL_RNA_COUNTER_CS.SPATIAL_MATRIX_COMPUTER._MATRIX_COMPUTER.BARCODE_CORRECTION.fork0 chunks running (28/100 completed)
2025-10-21 20:53:37 [runtime] (update)          ID.F08548.SPATIAL_RNA_COUNTER_CS.SPATIAL_MATRIX_COMPUTER._MATRIX_COMPUTER.BARCODE_CORRECTION.fork0 chunks running (86/100 completed)
2025-10-21 20:56:16 [runtime] (chunks_complete) ID.F08548.SPATIAL_RNA_COUNTER_CS.SPATIAL_MATRIX_COMPUTER._MATRIX_COMPUTER.BARCODE_CORRECTION
2025-10-21 20:56:16 [runtime] (run:local)       ID.F08548.SPATIAL_RNA_COUNTER_CS.SPATIAL_MATRIX_COMPUTER._MATRIX_COMPUTER.BARCODE_CORRECTION.fork0.join
2025-10-21 20:56:23 [runtime] (join_complete)   ID.F08548.SPATIAL_RNA_COUNTER_CS.SPATIAL_MATRIX_COMPUTER._MATRIX_COMPUTER.BARCODE_CORRECTION
2025-10-21 20:56:26 [runtime] (ready)           ID.F08548.SPATIAL_RNA_COUNTER_CS.SPATIAL_MATRIX_COMPUTER._MATRIX_COMPUTER.WRITE_BARCODE_INDEX
2025-10-21 20:56:26 [runtime] (run:local)       ID.F08548.SPATIAL_RNA_COUNTER_CS.SPATIAL_MATRIX_COMPUTER._MATRIX_COMPUTER.WRITE_BARCODE_INDEX.fork0.chnk0.main
2025-10-21 20:56:26 [runtime] (ready)           ID.F08548.SPATIAL_RNA_COUNTER_CS.SPATIAL_MATRIX_COMPUTER._MATRIX_COMPUTER.ALIGN_AND_COUNT
2025-10-21 20:56:26 [runtime] (run:local)       ID.F08548.SPATIAL_RNA_COUNTER_CS.SPATIAL_MATRIX_COMPUTER._MATRIX_COMPUTER.ALIGN_AND_COUNT.fork0.split
2025-10-21 20:56:26 [runtime] (chunks_complete) ID.F08548.SPATIAL_RNA_COUNTER_CS.SPATIAL_MATRIX_COMPUTER._MATRIX_COMPUTER.WRITE_BARCODE_INDEX
2025-10-21 20:56:27 [runtime] (split_complete)  ID.F08548.SPATIAL_RNA_COUNTER_CS.SPATIAL_MATRIX_COMPUTER._MATRIX_COMPUTER.ALIGN_AND_COUNT
2025-10-21 20:56:28 [runtime] (run:local)       ID.F08548.SPATIAL_RNA_COUNTER_CS.SPATIAL_MATRIX_COMPUTER._MATRIX_COMPUTER.ALIGN_AND_COUNT.fork0.chnk00.main
2025-10-21 20:56:28 [runtime] (run:local)       ID.F08548.SPATIAL_RNA_COUNTER_CS.SPATIAL_MATRIX_COMPUTER._MATRIX_COMPUTER.ALIGN_AND_COUNT.fork0.chnk01.main
2025-10-21 20:56:28 [runtime] (run:local)       ID.F08548.SPATIAL_RNA_COUNTER_CS.SPATIAL_MATRIX_COMPUTER._MATRIX_COMPUTER.ALIGN_AND_COUNT.fork0.chnk02.main
2025-10-21 20:56:28 [runtime] (run:local)       ID.F08548.SPATIAL_RNA_COUNTER_CS.SPATIAL_MATRIX_COMPUTER._MATRIX_COMPUTER.ALIGN_AND_COUNT.fork0.chnk03.main
2025-10-21 20:56:28 [runtime] (run:local)       ID.F08548.SPATIAL_RNA_COUNTER_CS.SPATIAL_MATRIX_COMPUTER._MATRIX_COMPUTER.ALIGN_AND_COUNT.fork0.chnk04.main
2025-10-21 20:56:28 [runtime] (run:local)       ID.F08548.SPATIAL_RNA_COUNTER_CS.SPATIAL_MATRIX_COMPUTER._MATRIX_COMPUTER.ALIGN_AND_COUNT.fork0.chnk05.main
2025-10-21 20:56:28 [runtime] (run:local)       ID.F08548.SPATIAL_RNA_COUNTER_CS.SPATIAL_MATRIX_COMPUTER._MATRIX_COMPUTER.ALIGN_AND_COUNT.fork0.chnk06.main
2025-10-21 20:56:28 [runtime] (run:local)       ID.F08548.SPATIAL_RNA_COUNTER_CS.SPATIAL_MATRIX_COMPUTER._MATRIX_COMPUTER.ALIGN_AND_COUNT.fork0.chnk07.main
2025-10-21 20:56:28 [runtime] (run:local)       ID.F08548.SPATIAL_RNA_COUNTER_CS.SPATIAL_MATRIX_COMPUTER._MATRIX_COMPUTER.ALIGN_AND_COUNT.fork0.chnk08.main
2025-10-21 20:56:28 [runtime] (run:local)       ID.F08548.SPATIAL_RNA_COUNTER_CS.SPATIAL_MATRIX_COMPUTER._MATRIX_COMPUTER.ALIGN_AND_COUNT.fork0.chnk09.main
2025-10-21 20:56:28 [runtime] (run:local)       ID.F08548.SPATIAL_RNA_COUNTER_CS.SPATIAL_MATRIX_COMPUTER._MATRIX_COMPUTER.ALIGN_AND_COUNT.fork0.chnk10.main
2025-10-21 20:56:28 [runtime] (run:local)       ID.F08548.SPATIAL_RNA_COUNTER_CS.SPATIAL_MATRIX_COMPUTER._MATRIX_COMPUTER.ALIGN_AND_COUNT.fork0.chnk11.main
2025-10-21 21:01:53 [runtime] (update)          ID.F08548.SPATIAL_RNA_COUNTER_CS.SPATIAL_MATRIX_COMPUTER._MATRIX_COMPUTER.ALIGN_AND_COUNT.fork0 chunks running (2/12 completed)
2025-10-21 21:07:40 [runtime] (update)          ID.F08548.SPATIAL_RNA_COUNTER_CS.SPATIAL_MATRIX_COMPUTER._MATRIX_COMPUTER.ALIGN_AND_COUNT.fork0 chunks running (5/12 completed)
2025-10-21 21:12:51 [runtime] (update)          ID.F08548.SPATIAL_RNA_COUNTER_CS.SPATIAL_MATRIX_COMPUTER._MATRIX_COMPUTER.ALIGN_AND_COUNT.fork0 chunks running (8/12 completed)
2025-10-21 21:18:07 [runtime] (update)          ID.F08548.SPATIAL_RNA_COUNTER_CS.SPATIAL_MATRIX_COMPUTER._MATRIX_COMPUTER.ALIGN_AND_COUNT.fork0 chunks running (10/12 completed)
2025-10-21 21:19:12 [runtime] (chunks_complete) ID.F08548.SPATIAL_RNA_COUNTER_CS.SPATIAL_MATRIX_COMPUTER._MATRIX_COMPUTER.ALIGN_AND_COUNT
2025-10-21 21:19:12 [runtime] (run:local)       ID.F08548.SPATIAL_RNA_COUNTER_CS.SPATIAL_MATRIX_COMPUTER._MATRIX_COMPUTER.ALIGN_AND_COUNT.fork0.join
2025-10-21 21:19:19 [runtime] (join_complete)   ID.F08548.SPATIAL_RNA_COUNTER_CS.SPATIAL_MATRIX_COMPUTER._MATRIX_COMPUTER.ALIGN_AND_COUNT
2025-10-21 21:19:25 [runtime] (ready)           ID.F08548.SPATIAL_RNA_COUNTER_CS.SPATIAL_MATRIX_COMPUTER._MATRIX_COMPUTER.WRITE_BARCODE_SUMMARY
2025-10-21 21:19:25 [runtime] (run:local)       ID.F08548.SPATIAL_RNA_COUNTER_CS.SPATIAL_MATRIX_COMPUTER._MATRIX_COMPUTER.WRITE_BARCODE_SUMMARY.fork0.split
2025-10-21 21:19:25 [runtime] (ready)           ID.F08548.SPATIAL_RNA_COUNTER_CS.SPATIAL_MATRIX_COMPUTER._MATRIX_COMPUTER.COLLATE_METRICS
2025-10-21 21:19:25 [runtime] (run:local)       ID.F08548.SPATIAL_RNA_COUNTER_CS.SPATIAL_MATRIX_COMPUTER._MATRIX_COMPUTER.COLLATE_METRICS.fork0.split
2025-10-21 21:19:25 [runtime] (ready)           ID.F08548.SPATIAL_RNA_COUNTER_CS.SPATIAL_MATRIX_COMPUTER._MATRIX_COMPUTER.WRITE_MATRIX_MARKET
2025-10-21 21:19:25 [runtime] (run:local)       ID.F08548.SPATIAL_RNA_COUNTER_CS.SPATIAL_MATRIX_COMPUTER._MATRIX_COMPUTER.WRITE_MATRIX_MARKET.fork0.split
2025-10-21 21:19:25 [runtime] (ready)           ID.F08548.SPATIAL_RNA_COUNTER_CS.SPATIAL_MATRIX_COMPUTER._MATRIX_COMPUTER.WRITE_H5_MATRIX
2025-10-21 21:19:25 [runtime] (run:local)       ID.F08548.SPATIAL_RNA_COUNTER_CS.SPATIAL_MATRIX_COMPUTER._MATRIX_COMPUTER.WRITE_H5_MATRIX.fork0.split
2025-10-21 21:19:26 [runtime] (split_complete)  ID.F08548.SPATIAL_RNA_COUNTER_CS.SPATIAL_MATRIX_COMPUTER._MATRIX_COMPUTER.WRITE_BARCODE_SUMMARY
2025-10-21 21:19:26 [runtime] (run:local)       ID.F08548.SPATIAL_RNA_COUNTER_CS.SPATIAL_MATRIX_COMPUTER._MATRIX_COMPUTER.WRITE_BARCODE_SUMMARY.fork0.join
2025-10-21 21:19:26 [runtime] (split_complete)  ID.F08548.SPATIAL_RNA_COUNTER_CS.SPATIAL_MATRIX_COMPUTER._MATRIX_COMPUTER.COLLATE_METRICS
2025-10-21 21:19:26 [runtime] (run:local)       ID.F08548.SPATIAL_RNA_COUNTER_CS.SPATIAL_MATRIX_COMPUTER._MATRIX_COMPUTER.COLLATE_METRICS.fork0.chnk0.main
2025-10-21 21:19:26 [runtime] (split_complete)  ID.F08548.SPATIAL_RNA_COUNTER_CS.SPATIAL_MATRIX_COMPUTER._MATRIX_COMPUTER.WRITE_MATRIX_MARKET
2025-10-21 21:19:26 [runtime] (run:local)       ID.F08548.SPATIAL_RNA_COUNTER_CS.SPATIAL_MATRIX_COMPUTER._MATRIX_COMPUTER.WRITE_MATRIX_MARKET.fork0.join
2025-10-21 21:19:26 [runtime] (split_complete)  ID.F08548.SPATIAL_RNA_COUNTER_CS.SPATIAL_MATRIX_COMPUTER._MATRIX_COMPUTER.WRITE_H5_MATRIX
2025-10-21 21:19:26 [runtime] (run:local)       ID.F08548.SPATIAL_RNA_COUNTER_CS.SPATIAL_MATRIX_COMPUTER._MATRIX_COMPUTER.WRITE_H5_MATRIX.fork0.join
2025-10-21 21:19:43 [runtime] (join_complete)   ID.F08548.SPATIAL_RNA_COUNTER_CS.SPATIAL_MATRIX_COMPUTER._MATRIX_COMPUTER.WRITE_H5_MATRIX
2025-10-21 21:19:43 [runtime] (ready)           ID.F08548.SPATIAL_RNA_COUNTER_CS.SPATIAL_IMAGING_CS.REGISTER_TISSUE.END_TO_END_REGISTRATION
2025-10-21 21:19:43 [runtime] (run:local)       ID.F08548.SPATIAL_RNA_COUNTER_CS.SPATIAL_IMAGING_CS.REGISTER_TISSUE.END_TO_END_REGISTRATION.fork0.split
2025-10-21 21:19:43 [runtime] (ready)           ID.F08548.SPATIAL_RNA_COUNTER_CS.SPATIAL_RNA_COUNTER.SPATIAL_POST_MATRIX_COMPUTATION._POST_MATRIX_COMPUTATION.DISABLE_STAGES
2025-10-21 21:19:43 [runtime] (run:local)       ID.F08548.SPATIAL_RNA_COUNTER_CS.SPATIAL_RNA_COUNTER.SPATIAL_POST_MATRIX_COMPUTATION._POST_MATRIX_COMPUTATION.DISABLE_STAGES.fork0.chnk0.main
2025-10-21 21:19:43 [runtime] (join_complete)   ID.F08548.SPATIAL_RNA_COUNTER_CS.SPATIAL_MATRIX_COMPUTER._MATRIX_COMPUTER.WRITE_MATRIX_MARKET
2025-10-21 21:20:05 [runtime] (join_complete)   ID.F08548.SPATIAL_RNA_COUNTER_CS.SPATIAL_MATRIX_COMPUTER._MATRIX_COMPUTER.WRITE_BARCODE_SUMMARY
2025-10-21 21:20:08 [runtime] (chunks_complete) ID.F08548.SPATIAL_RNA_COUNTER_CS.SPATIAL_MATRIX_COMPUTER._MATRIX_COMPUTER.COLLATE_METRICS
2025-10-21 21:20:08 [runtime] (run:local)       ID.F08548.SPATIAL_RNA_COUNTER_CS.SPATIAL_MATRIX_COMPUTER._MATRIX_COMPUTER.COLLATE_METRICS.fork0.join
2025-10-21 21:20:08 [runtime] (join_complete)   ID.F08548.SPATIAL_RNA_COUNTER_CS.SPATIAL_MATRIX_COMPUTER._MATRIX_COMPUTER.COLLATE_METRICS
2025-10-21 21:20:08 [runtime] (ready)           ID.F08548.SPATIAL_RNA_COUNTER_CS.SPATIAL_MATRIX_COMPUTER._MATRIX_COMPUTER.MERGE_METRICS
2025-10-21 21:20:08 [runtime] (run:local)       ID.F08548.SPATIAL_RNA_COUNTER_CS.SPATIAL_MATRIX_COMPUTER._MATRIX_COMPUTER.MERGE_METRICS.fork0.chnk0.main
2025-10-21 21:20:09 [runtime] (chunks_complete) ID.F08548.SPATIAL_RNA_COUNTER_CS.SPATIAL_MATRIX_COMPUTER._MATRIX_COMPUTER.MERGE_METRICS
2025-10-21 21:22:40 [runtime] (chunks_complete) ID.F08548.SPATIAL_RNA_COUNTER_CS.SPATIAL_RNA_COUNTER.SPATIAL_POST_MATRIX_COMPUTATION._POST_MATRIX_COMPUTATION.DISABLE_STAGES
2025-10-21 21:22:40 [runtime] (ready)           ID.F08548.SPATIAL_RNA_COUNTER_CS.SPATIAL_RNA_COUNTER.SPATIAL_POST_MATRIX_COMPUTATION._POST_MATRIX_COMPUTATION.WRITE_POS_BAM
2025-10-21 21:22:40 [runtime] (ready)           ID.F08548.SPATIAL_RNA_COUNTER_CS.SPATIAL_RNA_COUNTER.SPATIAL_POST_MATRIX_COMPUTATION._POST_MATRIX_COMPUTATION._ASSIGN_TAGS.MULTIPLEXING_METHOD
2025-10-21 21:22:43 [runtime] (split_complete)  ID.F08548.SPATIAL_RNA_COUNTER_CS.SPATIAL_IMAGING_CS.REGISTER_TISSUE.END_TO_END_REGISTRATION
2025-10-21 21:22:43 [runtime] (run:local)       ID.F08548.SPATIAL_RNA_COUNTER_CS.SPATIAL_IMAGING_CS.REGISTER_TISSUE.END_TO_END_REGISTRATION.fork0.join
2025-10-21 21:23:25 [runtime] (join_complete)   ID.F08548.SPATIAL_RNA_COUNTER_CS.SPATIAL_IMAGING_CS.REGISTER_TISSUE.END_TO_END_REGISTRATION
2025-10-21 21:23:26 [runtime] (ready)           ID.F08548.SPATIAL_RNA_COUNTER_CS.SPATIAL_IMAGING_CS.PICK_REGISTERED_SPOT_DATA
2025-10-21 21:23:26 [runtime] (run:local)       ID.F08548.SPATIAL_RNA_COUNTER_CS.SPATIAL_IMAGING_CS.PICK_REGISTERED_SPOT_DATA.fork0.chnk0.main
2025-10-21 21:23:26 [runtime] (chunks_complete) ID.F08548.SPATIAL_RNA_COUNTER_CS.SPATIAL_IMAGING_CS.PICK_REGISTERED_SPOT_DATA
2025-10-21 21:23:27 [runtime] (ready)           ID.F08548.SPATIAL_RNA_COUNTER_CS.SPATIAL_RNA_COUNTER.SPATIAL_POST_MATRIX_COMPUTATION.BIN_HD_DATA._BIN_HD_DATA.CREATE_HD_FEATURE_SLICE
2025-10-21 21:23:27 [runtime] (run:local)       ID.F08548.SPATIAL_RNA_COUNTER_CS.SPATIAL_RNA_COUNTER.SPATIAL_POST_MATRIX_COMPUTATION.BIN_HD_DATA._BIN_HD_DATA.CREATE_HD_FEATURE_SLICE.fork0.split
2025-10-21 21:23:27 [runtime] (ready)           ID.F08548.SPATIAL_RNA_COUNTER_CS.SPATIAL_IMAGING_CS.DETECT_TISSUE
2025-10-21 21:23:27 [runtime] (run:local)       ID.F08548.SPATIAL_RNA_COUNTER_CS.SPATIAL_IMAGING_CS.DETECT_TISSUE.fork0.split
2025-10-21 21:23:28 [runtime] (split_complete)  ID.F08548.SPATIAL_RNA_COUNTER_CS.SPATIAL_RNA_COUNTER.SPATIAL_POST_MATRIX_COMPUTATION.BIN_HD_DATA._BIN_HD_DATA.CREATE_HD_FEATURE_SLICE
2025-10-21 21:23:28 [runtime] (run:local)       ID.F08548.SPATIAL_RNA_COUNTER_CS.SPATIAL_RNA_COUNTER.SPATIAL_POST_MATRIX_COMPUTATION.BIN_HD_DATA._BIN_HD_DATA.CREATE_HD_FEATURE_SLICE.fork0.join
2025-10-21 21:23:30 [runtime] (split_complete)  ID.F08548.SPATIAL_RNA_COUNTER_CS.SPATIAL_IMAGING_CS.DETECT_TISSUE
2025-10-21 21:23:30 [runtime] (run:local)       ID.F08548.SPATIAL_RNA_COUNTER_CS.SPATIAL_IMAGING_CS.DETECT_TISSUE.fork0.join
2025-10-21 21:24:08 [runtime] (join_complete)   ID.F08548.SPATIAL_RNA_COUNTER_CS.SPATIAL_RNA_COUNTER.SPATIAL_POST_MATRIX_COMPUTATION.BIN_HD_DATA._BIN_HD_DATA.CREATE_HD_FEATURE_SLICE
2025-10-21 21:29:05 [runtime] (join_complete)   ID.F08548.SPATIAL_RNA_COUNTER_CS.SPATIAL_IMAGING_CS.DETECT_TISSUE
2025-10-21 21:29:05 [runtime] (ready)           ID.F08548.SPATIAL_RNA_COUNTER_CS.SPATIAL_IMAGING_CS.OUTPUT_FINAL_ALIGNMENT
2025-10-21 21:29:05 [runtime] (run:local)       ID.F08548.SPATIAL_RNA_COUNTER_CS.SPATIAL_IMAGING_CS.OUTPUT_FINAL_ALIGNMENT.fork0.chnk0.main
2025-10-21 21:29:05 [runtime] (ready)           ID.F08548.SPATIAL_RNA_COUNTER_CS.SPATIAL_IMAGING_CS.COLLECT_IMAGING_METRICS
2025-10-21 21:29:05 [runtime] (run:local)       ID.F08548.SPATIAL_RNA_COUNTER_CS.SPATIAL_IMAGING_CS.COLLECT_IMAGING_METRICS.fork0.chnk0.main
2025-10-21 21:29:05 [runtime] (ready)           ID.F08548.SPATIAL_RNA_COUNTER_CS.SPATIAL_IMAGING_CS.OUTPUT_SPOTS_BARCODES
2025-10-21 21:29:05 [runtime] (run:local)       ID.F08548.SPATIAL_RNA_COUNTER_CS.SPATIAL_IMAGING_CS.OUTPUT_SPOTS_BARCODES.fork0.split
2025-10-21 21:29:26 [runtime] (split_complete)  ID.F08548.SPATIAL_RNA_COUNTER_CS.SPATIAL_IMAGING_CS.OUTPUT_SPOTS_BARCODES
2025-10-21 21:29:26 [runtime] (run:local)       ID.F08548.SPATIAL_RNA_COUNTER_CS.SPATIAL_IMAGING_CS.OUTPUT_SPOTS_BARCODES.fork0.join
2025-10-21 21:29:27 [runtime] (chunks_complete) ID.F08548.SPATIAL_RNA_COUNTER_CS.SPATIAL_IMAGING_CS.COLLECT_IMAGING_METRICS
2025-10-21 21:29:29 [runtime] (chunks_complete) ID.F08548.SPATIAL_RNA_COUNTER_CS.SPATIAL_IMAGING_CS.OUTPUT_FINAL_ALIGNMENT
2025-10-21 21:29:30 [runtime] (ready)           ID.F08548.SPATIAL_RNA_COUNTER_CS.SPATIAL_IMAGING_CS.SEGMENT_NUCLEI.NORMALIZE_TISSUE_IMAGE
2025-10-21 21:29:30 [runtime] (run:local)       ID.F08548.SPATIAL_RNA_COUNTER_CS.SPATIAL_IMAGING_CS.SEGMENT_NUCLEI.NORMALIZE_TISSUE_IMAGE.fork0.split
2025-10-21 21:29:30 [runtime] (split_complete)  ID.F08548.SPATIAL_RNA_COUNTER_CS.SPATIAL_IMAGING_CS.SEGMENT_NUCLEI.NORMALIZE_TISSUE_IMAGE
2025-10-21 21:29:30 [runtime] (run:local)       ID.F08548.SPATIAL_RNA_COUNTER_CS.SPATIAL_IMAGING_CS.SEGMENT_NUCLEI.NORMALIZE_TISSUE_IMAGE.fork0.join
2025-10-21 21:29:36 [runtime] (join_complete)   ID.F08548.SPATIAL_RNA_COUNTER_CS.SPATIAL_IMAGING_CS.SEGMENT_NUCLEI.NORMALIZE_TISSUE_IMAGE
2025-10-21 21:29:36 [runtime] (ready)           ID.F08548.SPATIAL_RNA_COUNTER_CS.SPATIAL_IMAGING_CS.SEGMENT_NUCLEI.RUN_NUCLEI_SEGMENTATION
2025-10-21 21:29:36 [runtime] (run:local)       ID.F08548.SPATIAL_RNA_COUNTER_CS.SPATIAL_IMAGING_CS.SEGMENT_NUCLEI.RUN_NUCLEI_SEGMENTATION.fork0.split
2025-10-21 21:29:42 [runtime] (split_complete)  ID.F08548.SPATIAL_RNA_COUNTER_CS.SPATIAL_IMAGING_CS.SEGMENT_NUCLEI.RUN_NUCLEI_SEGMENTATION
2025-10-21 21:29:42 [runtime] (run:local)       ID.F08548.SPATIAL_RNA_COUNTER_CS.SPATIAL_IMAGING_CS.SEGMENT_NUCLEI.RUN_NUCLEI_SEGMENTATION.fork0.join
2025-10-21 21:30:03 [runtime] (join_complete)   ID.F08548.SPATIAL_RNA_COUNTER_CS.SPATIAL_IMAGING_CS.OUTPUT_SPOTS_BARCODES
2025-10-21 21:30:03 [runtime] (ready)           ID.F08548.SPATIAL_RNA_COUNTER_CS.SPATIAL_RNA_COUNTER.SPATIAL_POST_MATRIX_COMPUTATION.BIN_HD_DATA._BIN_HD_DATA.PROCESS_HD_ALIGNMENT
2025-10-21 21:30:03 [runtime] (run:local)       ID.F08548.SPATIAL_RNA_COUNTER_CS.SPATIAL_RNA_COUNTER.SPATIAL_POST_MATRIX_COMPUTATION.BIN_HD_DATA._BIN_HD_DATA.PROCESS_HD_ALIGNMENT.fork0.chnk0.main
2025-10-21 21:30:03 [runtime] (ready)           ID.F08548.SPATIAL_RNA_COUNTER_CS.SPATIAL_IMAGING_CS.CALCULATE_FLUORESCENCE_INTENSITY
2025-10-21 21:30:03 [runtime] (run:local)       ID.F08548.SPATIAL_RNA_COUNTER_CS.SPATIAL_IMAGING_CS.CALCULATE_FLUORESCENCE_INTENSITY.fork0.split
2025-10-21 21:30:03 [runtime] (ready)           ID.F08548.SPATIAL_RNA_COUNTER_CS.SPATIAL_RNA_COUNTER.SPATIAL_POST_MATRIX_COMPUTATION._POST_MATRIX_COMPUTATION.FILTER_BARCODES
2025-10-21 21:30:03 [runtime] (run:local)       ID.F08548.SPATIAL_RNA_COUNTER_CS.SPATIAL_RNA_COUNTER.SPATIAL_POST_MATRIX_COMPUTATION._POST_MATRIX_COMPUTATION.FILTER_BARCODES.fork0.split
2025-10-21 21:35:25 [runtime] (update)          ID.F08548.SPATIAL_RNA_COUNTER_CS.SPATIAL_IMAGING_CS.SEGMENT_NUCLEI.RUN_NUCLEI_SEGMENTATION.fork0 join_running
2025-10-21 21:35:25 [runtime] (join_complete)   ID.F08548.SPATIAL_RNA_COUNTER_CS.SPATIAL_IMAGING_CS.SEGMENT_NUCLEI.RUN_NUCLEI_SEGMENTATION
2025-10-21 21:35:26 [runtime] (update)          ID.F08548.SPATIAL_RNA_COUNTER_CS.SPATIAL_IMAGING_CS.CALCULATE_FLUORESCENCE_INTENSITY.fork0 split_running
2025-10-21 21:35:26 [runtime] (update)          ID.F08548.SPATIAL_RNA_COUNTER_CS.SPATIAL_RNA_COUNTER.SPATIAL_POST_MATRIX_COMPUTATION.BIN_HD_DATA._BIN_HD_DATA.PROCESS_HD_ALIGNMENT.fork0 chunks_running
2025-10-21 21:35:26 [runtime] (update)          ID.F08548.SPATIAL_RNA_COUNTER_CS.SPATIAL_RNA_COUNTER.SPATIAL_POST_MATRIX_COMPUTATION._POST_MATRIX_COMPUTATION.FILTER_BARCODES.fork0 split_running
2025-10-21 21:35:26 [runtime] (ready)           ID.F08548.SPATIAL_RNA_COUNTER_CS.SPATIAL_RNA_COUNTER.SPATIAL_POST_MATRIX_COMPUTATION.BIN_HD_DATA._BIN_HD_DATA.PROCESS_SEGMENTATIONS._PROCESS_SEGMENTATIONS.SEGMENT_TO_FEATURE_CELL_MATRIX.SETUP_SEGMENTATION_PROCESSING
2025-10-21 21:35:26 [runtime] (run:local)       ID.F08548.SPATIAL_RNA_COUNTER_CS.SPATIAL_RNA_COUNTER.SPATIAL_POST_MATRIX_COMPUTATION.BIN_HD_DATA._BIN_HD_DATA.PROCESS_SEGMENTATIONS._PROCESS_SEGMENTATIONS.SEGMENT_TO_FEATURE_CELL_MATRIX.SETUP_SEGMENTATION_PROCESSING.fork0.chnk0.main
2025-10-21 21:35:26 [runtime] (chunks_complete) ID.F08548.SPATIAL_RNA_COUNTER_CS.SPATIAL_RNA_COUNTER.SPATIAL_POST_MATRIX_COMPUTATION.BIN_HD_DATA._BIN_HD_DATA.PROCESS_SEGMENTATIONS._PROCESS_SEGMENTATIONS.SEGMENT_TO_FEATURE_CELL_MATRIX.SETUP_SEGMENTATION_PROCESSING
2025-10-21 21:35:27 [runtime] (split_complete)  ID.F08548.SPATIAL_RNA_COUNTER_CS.SPATIAL_IMAGING_CS.CALCULATE_FLUORESCENCE_INTENSITY
2025-10-21 21:35:27 [runtime] (run:local)       ID.F08548.SPATIAL_RNA_COUNTER_CS.SPATIAL_IMAGING_CS.CALCULATE_FLUORESCENCE_INTENSITY.fork0.join
2025-10-21 21:35:29 [runtime] (join_complete)   ID.F08548.SPATIAL_RNA_COUNTER_CS.SPATIAL_IMAGING_CS.CALCULATE_FLUORESCENCE_INTENSITY
2025-10-21 21:35:29 [runtime] (split_complete)  ID.F08548.SPATIAL_RNA_COUNTER_CS.SPATIAL_RNA_COUNTER.SPATIAL_POST_MATRIX_COMPUTATION._POST_MATRIX_COMPUTATION.FILTER_BARCODES
2025-10-21 21:35:29 [runtime] (run:local)       ID.F08548.SPATIAL_RNA_COUNTER_CS.SPATIAL_RNA_COUNTER.SPATIAL_POST_MATRIX_COMPUTATION._POST_MATRIX_COMPUTATION.FILTER_BARCODES.fork0.chnk0.main
2025-10-21 21:36:08 [runtime] (chunks_complete) ID.F08548.SPATIAL_RNA_COUNTER_CS.SPATIAL_RNA_COUNTER.SPATIAL_POST_MATRIX_COMPUTATION.BIN_HD_DATA._BIN_HD_DATA.PROCESS_HD_ALIGNMENT
2025-10-21 21:36:09 [runtime] (ready)           ID.F08548.SPATIAL_RNA_COUNTER_CS.SPATIAL_RNA_COUNTER.SPATIAL_POST_MATRIX_COMPUTATION.BIN_HD_DATA._BIN_HD_DATA._COMPUTE_BINNED_OUTPUTS.CREATE_TOTAL_UMI_IMAGE.fork_square_002um
2025-10-21 21:36:09 [runtime] (run:local)       ID.F08548.SPATIAL_RNA_COUNTER_CS.SPATIAL_RNA_COUNTER.SPATIAL_POST_MATRIX_COMPUTATION.BIN_HD_DATA._BIN_HD_DATA._COMPUTE_BINNED_OUTPUTS.CREATE_TOTAL_UMI_IMAGE.fork_square_002um.chnk0.main
2025-10-21 21:36:09 [runtime] (ready)           ID.F08548.SPATIAL_RNA_COUNTER_CS.SPATIAL_RNA_COUNTER.SPATIAL_POST_MATRIX_COMPUTATION.BIN_HD_DATA._BIN_HD_DATA._COMPUTE_BINNED_OUTPUTS.CREATE_TOTAL_UMI_IMAGE.fork_square_008um
2025-10-21 21:36:09 [runtime] (run:local)       ID.F08548.SPATIAL_RNA_COUNTER_CS.SPATIAL_RNA_COUNTER.SPATIAL_POST_MATRIX_COMPUTATION.BIN_HD_DATA._BIN_HD_DATA._COMPUTE_BINNED_OUTPUTS.CREATE_TOTAL_UMI_IMAGE.fork_square_008um.chnk0.main
2025-10-21 21:36:09 [runtime] (ready)           ID.F08548.SPATIAL_RNA_COUNTER_CS.SPATIAL_RNA_COUNTER.SPATIAL_POST_MATRIX_COMPUTATION.BIN_HD_DATA._BIN_HD_DATA._COMPUTE_BINNED_OUTPUTS.CREATE_TOTAL_UMI_IMAGE.fork_square_016um
2025-10-21 21:36:09 [runtime] (run:local)       ID.F08548.SPATIAL_RNA_COUNTER_CS.SPATIAL_RNA_COUNTER.SPATIAL_POST_MATRIX_COMPUTATION.BIN_HD_DATA._BIN_HD_DATA._COMPUTE_BINNED_OUTPUTS.CREATE_TOTAL_UMI_IMAGE.fork_square_016um.chnk0.main
2025-10-21 21:36:09 [runtime] (ready)           ID.F08548.SPATIAL_RNA_COUNTER_CS.SPATIAL_RNA_COUNTER.SPATIAL_POST_MATRIX_COMPUTATION.BIN_HD_DATA._BIN_HD_DATA._COMPUTE_BINNED_OUTPUTS.BIN_COUNT_MATRIX.fork_square_002um
2025-10-21 21:36:09 [runtime] (run:local)       ID.F08548.SPATIAL_RNA_COUNTER_CS.SPATIAL_RNA_COUNTER.SPATIAL_POST_MATRIX_COMPUTATION.BIN_HD_DATA._BIN_HD_DATA._COMPUTE_BINNED_OUTPUTS.BIN_COUNT_MATRIX.fork_square_002um.chnk0.main
2025-10-21 21:36:09 [runtime] (ready)           ID.F08548.SPATIAL_RNA_COUNTER_CS.SPATIAL_RNA_COUNTER.SPATIAL_POST_MATRIX_COMPUTATION.BIN_HD_DATA._BIN_HD_DATA._COMPUTE_BINNED_OUTPUTS.BIN_COUNT_MATRIX.fork_square_008um
2025-10-21 21:36:09 [runtime] (run:local)       ID.F08548.SPATIAL_RNA_COUNTER_CS.SPATIAL_RNA_COUNTER.SPATIAL_POST_MATRIX_COMPUTATION.BIN_HD_DATA._BIN_HD_DATA._COMPUTE_BINNED_OUTPUTS.BIN_COUNT_MATRIX.fork_square_008um.chnk0.main
2025-10-21 21:36:09 [runtime] (ready)           ID.F08548.SPATIAL_RNA_COUNTER_CS.SPATIAL_RNA_COUNTER.SPATIAL_POST_MATRIX_COMPUTATION.BIN_HD_DATA._BIN_HD_DATA._COMPUTE_BINNED_OUTPUTS.BIN_COUNT_MATRIX.fork_square_016um
2025-10-21 21:36:09 [runtime] (run:local)       ID.F08548.SPATIAL_RNA_COUNTER_CS.SPATIAL_RNA_COUNTER.SPATIAL_POST_MATRIX_COMPUTATION.BIN_HD_DATA._BIN_HD_DATA._COMPUTE_BINNED_OUTPUTS.BIN_COUNT_MATRIX.fork_square_016um.chnk0.main
2025-10-21 21:36:25 [runtime] (chunks_complete) ID.F08548.SPATIAL_RNA_COUNTER_CS.SPATIAL_RNA_COUNTER.SPATIAL_POST_MATRIX_COMPUTATION._POST_MATRIX_COMPUTATION.FILTER_BARCODES
2025-10-21 21:36:25 [runtime] (run:local)       ID.F08548.SPATIAL_RNA_COUNTER_CS.SPATIAL_RNA_COUNTER.SPATIAL_POST_MATRIX_COMPUTATION._POST_MATRIX_COMPUTATION.FILTER_BARCODES.fork0.join
2025-10-21 21:37:56 [runtime] (chunks_complete) ID.F08548.SPATIAL_RNA_COUNTER_CS.SPATIAL_RNA_COUNTER.SPATIAL_POST_MATRIX_COMPUTATION.BIN_HD_DATA._BIN_HD_DATA._COMPUTE_BINNED_OUTPUTS.CREATE_TOTAL_UMI_IMAGE.fork_square_016um
2025-10-21 21:37:57 [runtime] (chunks_complete) ID.F08548.SPATIAL_RNA_COUNTER_CS.SPATIAL_RNA_COUNTER.SPATIAL_POST_MATRIX_COMPUTATION.BIN_HD_DATA._BIN_HD_DATA._COMPUTE_BINNED_OUTPUTS.CREATE_TOTAL_UMI_IMAGE.fork_square_008um
2025-10-21 21:37:57 [runtime] (complete)        ID.F08548.SPATIAL_RNA_COUNTER_CS.SPATIAL_RNA_COUNTER.SPATIAL_POST_MATRIX_COMPUTATION.BIN_HD_DATA._BIN_HD_DATA._COMPUTE_BINNED_OUTPUTS.CREATE_TOTAL_UMI_IMAGE.fork_square_016um
2025-10-21 21:38:01 [runtime] (complete)        ID.F08548.SPATIAL_RNA_COUNTER_CS.SPATIAL_RNA_COUNTER.SPATIAL_POST_MATRIX_COMPUTATION.BIN_HD_DATA._BIN_HD_DATA._COMPUTE_BINNED_OUTPUTS.CREATE_TOTAL_UMI_IMAGE.fork_square_008um
2025-10-21 21:38:01 [runtime] (complete)        ID.F08548.SPATIAL_RNA_COUNTER_CS.SPATIAL_RNA_COUNTER.SPATIAL_POST_MATRIX_COMPUTATION.BIN_HD_DATA._BIN_HD_DATA._COMPUTE_BINNED_OUTPUTS.CREATE_TOTAL_UMI_IMAGE.fork_square_016um
2025-10-21 21:38:04 [runtime] (complete)        ID.F08548.SPATIAL_RNA_COUNTER_CS.SPATIAL_RNA_COUNTER.SPATIAL_POST_MATRIX_COMPUTATION.BIN_HD_DATA._BIN_HD_DATA._COMPUTE_BINNED_OUTPUTS.CREATE_TOTAL_UMI_IMAGE.fork_square_008um
2025-10-21 21:38:04 [runtime] (complete)        ID.F08548.SPATIAL_RNA_COUNTER_CS.SPATIAL_RNA_COUNTER.SPATIAL_POST_MATRIX_COMPUTATION.BIN_HD_DATA._BIN_HD_DATA._COMPUTE_BINNED_OUTPUTS.CREATE_TOTAL_UMI_IMAGE.fork_square_016um
2025-10-21 21:38:04 [runtime] (chunks_complete) ID.F08548.SPATIAL_RNA_COUNTER_CS.SPATIAL_RNA_COUNTER.SPATIAL_POST_MATRIX_COMPUTATION.BIN_HD_DATA._BIN_HD_DATA._COMPUTE_BINNED_OUTPUTS.CREATE_TOTAL_UMI_IMAGE.fork_square_002um
2025-10-21 21:38:04 [runtime] (complete)        ID.F08548.SPATIAL_RNA_COUNTER_CS.SPATIAL_RNA_COUNTER.SPATIAL_POST_MATRIX_COMPUTATION.BIN_HD_DATA._BIN_HD_DATA._COMPUTE_BINNED_OUTPUTS.CREATE_TOTAL_UMI_IMAGE.fork_square_008um
2025-10-21 21:38:04 [runtime] (complete)        ID.F08548.SPATIAL_RNA_COUNTER_CS.SPATIAL_RNA_COUNTER.SPATIAL_POST_MATRIX_COMPUTATION.BIN_HD_DATA._BIN_HD_DATA._COMPUTE_BINNED_OUTPUTS.CREATE_TOTAL_UMI_IMAGE.fork_square_016um
2025-10-21 21:38:05 [runtime] (chunks_complete) ID.F08548.SPATIAL_RNA_COUNTER_CS.SPATIAL_RNA_COUNTER.SPATIAL_POST_MATRIX_COMPUTATION.BIN_HD_DATA._BIN_HD_DATA._COMPUTE_BINNED_OUTPUTS.BIN_COUNT_MATRIX.fork_square_002um
2025-10-21 21:38:08 [runtime] (complete)        ID.F08548.SPATIAL_RNA_COUNTER_CS.SPATIAL_RNA_COUNTER.SPATIAL_POST_MATRIX_COMPUTATION.BIN_HD_DATA._BIN_HD_DATA._COMPUTE_BINNED_OUTPUTS.BIN_COUNT_MATRIX.fork_square_002um
2025-10-21 21:38:11 [runtime] (complete)        ID.F08548.SPATIAL_RNA_COUNTER_CS.SPATIAL_RNA_COUNTER.SPATIAL_POST_MATRIX_COMPUTATION.BIN_HD_DATA._BIN_HD_DATA._COMPUTE_BINNED_OUTPUTS.BIN_COUNT_MATRIX.fork_square_002um
2025-10-21 21:38:14 [runtime] (complete)        ID.F08548.SPATIAL_RNA_COUNTER_CS.SPATIAL_RNA_COUNTER.SPATIAL_POST_MATRIX_COMPUTATION.BIN_HD_DATA._BIN_HD_DATA._COMPUTE_BINNED_OUTPUTS.BIN_COUNT_MATRIX.fork_square_002um
2025-10-21 21:38:17 [runtime] (complete)        ID.F08548.SPATIAL_RNA_COUNTER_CS.SPATIAL_RNA_COUNTER.SPATIAL_POST_MATRIX_COMPUTATION.BIN_HD_DATA._BIN_HD_DATA._COMPUTE_BINNED_OUTPUTS.BIN_COUNT_MATRIX.fork_square_002um
2025-10-21 21:38:20 [runtime] (complete)        ID.F08548.SPATIAL_RNA_COUNTER_CS.SPATIAL_RNA_COUNTER.SPATIAL_POST_MATRIX_COMPUTATION.BIN_HD_DATA._BIN_HD_DATA._COMPUTE_BINNED_OUTPUTS.BIN_COUNT_MATRIX.fork_square_002um
2025-10-21 21:38:23 [runtime] (complete)        ID.F08548.SPATIAL_RNA_COUNTER_CS.SPATIAL_RNA_COUNTER.SPATIAL_POST_MATRIX_COMPUTATION.BIN_HD_DATA._BIN_HD_DATA._COMPUTE_BINNED_OUTPUTS.BIN_COUNT_MATRIX.fork_square_002um
2025-10-21 21:38:26 [runtime] (complete)        ID.F08548.SPATIAL_RNA_COUNTER_CS.SPATIAL_RNA_COUNTER.SPATIAL_POST_MATRIX_COMPUTATION.BIN_HD_DATA._BIN_HD_DATA._COMPUTE_BINNED_OUTPUTS.BIN_COUNT_MATRIX.fork_square_002um
2025-10-21 21:38:29 [runtime] (complete)        ID.F08548.SPATIAL_RNA_COUNTER_CS.SPATIAL_RNA_COUNTER.SPATIAL_POST_MATRIX_COMPUTATION.BIN_HD_DATA._BIN_HD_DATA._COMPUTE_BINNED_OUTPUTS.BIN_COUNT_MATRIX.fork_square_002um
2025-10-21 21:38:32 [runtime] (complete)        ID.F08548.SPATIAL_RNA_COUNTER_CS.SPATIAL_RNA_COUNTER.SPATIAL_POST_MATRIX_COMPUTATION.BIN_HD_DATA._BIN_HD_DATA._COMPUTE_BINNED_OUTPUTS.BIN_COUNT_MATRIX.fork_square_002um
2025-10-21 21:38:35 [runtime] (complete)        ID.F08548.SPATIAL_RNA_COUNTER_CS.SPATIAL_RNA_COUNTER.SPATIAL_POST_MATRIX_COMPUTATION.BIN_HD_DATA._BIN_HD_DATA._COMPUTE_BINNED_OUTPUTS.BIN_COUNT_MATRIX.fork_square_002um
2025-10-21 21:38:38 [runtime] (complete)        ID.F08548.SPATIAL_RNA_COUNTER_CS.SPATIAL_RNA_COUNTER.SPATIAL_POST_MATRIX_COMPUTATION.BIN_HD_DATA._BIN_HD_DATA._COMPUTE_BINNED_OUTPUTS.BIN_COUNT_MATRIX.fork_square_002um
2025-10-21 21:38:38 [runtime] (chunks_complete) ID.F08548.SPATIAL_RNA_COUNTER_CS.SPATIAL_RNA_COUNTER.SPATIAL_POST_MATRIX_COMPUTATION.BIN_HD_DATA._BIN_HD_DATA._COMPUTE_BINNED_OUTPUTS.BIN_COUNT_MATRIX.fork_square_008um
2025-10-21 21:38:39 [runtime] (complete)        ID.F08548.SPATIAL_RNA_COUNTER_CS.SPATIAL_RNA_COUNTER.SPATIAL_POST_MATRIX_COMPUTATION.BIN_HD_DATA._BIN_HD_DATA._COMPUTE_BINNED_OUTPUTS.BIN_COUNT_MATRIX.fork_square_002um
2025-10-21 21:38:39 [runtime] (complete)        ID.F08548.SPATIAL_RNA_COUNTER_CS.SPATIAL_RNA_COUNTER.SPATIAL_POST_MATRIX_COMPUTATION.BIN_HD_DATA._BIN_HD_DATA._COMPUTE_BINNED_OUTPUTS.BIN_COUNT_MATRIX.fork_square_008um
2025-10-21 21:38:39 [runtime] (chunks_complete) ID.F08548.SPATIAL_RNA_COUNTER_CS.SPATIAL_RNA_COUNTER.SPATIAL_POST_MATRIX_COMPUTATION.BIN_HD_DATA._BIN_HD_DATA._COMPUTE_BINNED_OUTPUTS.BIN_COUNT_MATRIX.fork_square_016um
2025-10-21 21:38:39 [runtime] (ready)           ID.F08548.SPATIAL_RNA_COUNTER_CS.SPATIAL_RNA_COUNTER.SPATIAL_POST_MATRIX_COMPUTATION.BIN_HD_DATA._BIN_HD_DATA._COMPUTE_BINNED_OUTPUTS.WRITE_BINNED_H5_MATRIX.fork_square_002um
2025-10-21 21:38:39 [runtime] (run:local)       ID.F08548.SPATIAL_RNA_COUNTER_CS.SPATIAL_RNA_COUNTER.SPATIAL_POST_MATRIX_COMPUTATION.BIN_HD_DATA._BIN_HD_DATA._COMPUTE_BINNED_OUTPUTS.WRITE_BINNED_H5_MATRIX.fork_square_002um.chnk0.main
2025-10-21 21:38:39 [runtime] (ready)           ID.F08548.SPATIAL_RNA_COUNTER_CS.SPATIAL_RNA_COUNTER.SPATIAL_POST_MATRIX_COMPUTATION.BIN_HD_DATA._BIN_HD_DATA._COMPUTE_BINNED_OUTPUTS.WRITE_BINNED_H5_MATRIX.fork_square_008um
2025-10-21 21:38:39 [runtime] (run:local)       ID.F08548.SPATIAL_RNA_COUNTER_CS.SPATIAL_RNA_COUNTER.SPATIAL_POST_MATRIX_COMPUTATION.BIN_HD_DATA._BIN_HD_DATA._COMPUTE_BINNED_OUTPUTS.WRITE_BINNED_H5_MATRIX.fork_square_008um.chnk0.main
2025-10-21 21:38:39 [runtime] (ready)           ID.F08548.SPATIAL_RNA_COUNTER_CS.SPATIAL_RNA_COUNTER.SPATIAL_POST_MATRIX_COMPUTATION.BIN_HD_DATA._BIN_HD_DATA._COMPUTE_BINNED_OUTPUTS.WRITE_BINNED_H5_MATRIX.fork_square_016um
2025-10-21 21:38:39 [runtime] (run:local)       ID.F08548.SPATIAL_RNA_COUNTER_CS.SPATIAL_RNA_COUNTER.SPATIAL_POST_MATRIX_COMPUTATION.BIN_HD_DATA._BIN_HD_DATA._COMPUTE_BINNED_OUTPUTS.WRITE_BINNED_H5_MATRIX.fork_square_016um.chnk0.main
2025-10-21 21:38:44 [runtime] (chunks_complete) ID.F08548.SPATIAL_RNA_COUNTER_CS.SPATIAL_RNA_COUNTER.SPATIAL_POST_MATRIX_COMPUTATION.BIN_HD_DATA._BIN_HD_DATA._COMPUTE_BINNED_OUTPUTS.WRITE_BINNED_H5_MATRIX.fork_square_016um
2025-10-21 21:38:44 [runtime] (chunks_complete) ID.F08548.SPATIAL_RNA_COUNTER_CS.SPATIAL_RNA_COUNTER.SPATIAL_POST_MATRIX_COMPUTATION.BIN_HD_DATA._BIN_HD_DATA._COMPUTE_BINNED_OUTPUTS.WRITE_BINNED_H5_MATRIX.fork_square_008um
2025-10-21 21:38:44 [runtime] (complete)        ID.F08548.SPATIAL_RNA_COUNTER_CS.SPATIAL_RNA_COUNTER.SPATIAL_POST_MATRIX_COMPUTATION.BIN_HD_DATA._BIN_HD_DATA._COMPUTE_BINNED_OUTPUTS.WRITE_BINNED_H5_MATRIX.fork_square_016um
2025-10-21 21:38:47 [runtime] (complete)        ID.F08548.SPATIAL_RNA_COUNTER_CS.SPATIAL_RNA_COUNTER.SPATIAL_POST_MATRIX_COMPUTATION.BIN_HD_DATA._BIN_HD_DATA._COMPUTE_BINNED_OUTPUTS.WRITE_BINNED_H5_MATRIX.fork_square_008um
2025-10-21 21:38:47 [runtime] (complete)        ID.F08548.SPATIAL_RNA_COUNTER_CS.SPATIAL_RNA_COUNTER.SPATIAL_POST_MATRIX_COMPUTATION.BIN_HD_DATA._BIN_HD_DATA._COMPUTE_BINNED_OUTPUTS.WRITE_BINNED_H5_MATRIX.fork_square_016um
2025-10-21 21:38:50 [runtime] (complete)        ID.F08548.SPATIAL_RNA_COUNTER_CS.SPATIAL_RNA_COUNTER.SPATIAL_POST_MATRIX_COMPUTATION.BIN_HD_DATA._BIN_HD_DATA._COMPUTE_BINNED_OUTPUTS.WRITE_BINNED_H5_MATRIX.fork_square_008um
2025-10-21 21:38:50 [runtime] (complete)        ID.F08548.SPATIAL_RNA_COUNTER_CS.SPATIAL_RNA_COUNTER.SPATIAL_POST_MATRIX_COMPUTATION.BIN_HD_DATA._BIN_HD_DATA._COMPUTE_BINNED_OUTPUTS.WRITE_BINNED_H5_MATRIX.fork_square_016um
2025-10-21 21:38:53 [runtime] (chunks_complete) ID.F08548.SPATIAL_RNA_COUNTER_CS.SPATIAL_RNA_COUNTER.SPATIAL_POST_MATRIX_COMPUTATION.BIN_HD_DATA._BIN_HD_DATA._COMPUTE_BINNED_OUTPUTS.WRITE_BINNED_H5_MATRIX.fork_square_002um
2025-10-21 21:38:53 [runtime] (complete)        ID.F08548.SPATIAL_RNA_COUNTER_CS.SPATIAL_RNA_COUNTER.SPATIAL_POST_MATRIX_COMPUTATION.BIN_HD_DATA._BIN_HD_DATA._COMPUTE_BINNED_OUTPUTS.WRITE_BINNED_H5_MATRIX.fork_square_008um
2025-10-21 21:38:53 [runtime] (complete)        ID.F08548.SPATIAL_RNA_COUNTER_CS.SPATIAL_RNA_COUNTER.SPATIAL_POST_MATRIX_COMPUTATION.BIN_HD_DATA._BIN_HD_DATA._COMPUTE_BINNED_OUTPUTS.WRITE_BINNED_H5_MATRIX.fork_square_016um
2025-10-21 21:38:54 [runtime] (ready)           ID.F08548.SPATIAL_RNA_COUNTER_CS.SPATIAL_RNA_COUNTER.SPATIAL_POST_MATRIX_COMPUTATION.BIN_HD_DATA._BIN_HD_DATA._COMPUTE_BINNED_OUTPUTS.WRITE_BINNED_MATRICES.fork_square_002um
2025-10-21 21:38:54 [runtime] (run:local)       ID.F08548.SPATIAL_RNA_COUNTER_CS.SPATIAL_RNA_COUNTER.SPATIAL_POST_MATRIX_COMPUTATION.BIN_HD_DATA._BIN_HD_DATA._COMPUTE_BINNED_OUTPUTS.WRITE_BINNED_MATRICES.fork_square_002um.split
2025-10-21 21:38:54 [runtime] (ready)           ID.F08548.SPATIAL_RNA_COUNTER_CS.SPATIAL_RNA_COUNTER.SPATIAL_POST_MATRIX_COMPUTATION.BIN_HD_DATA._BIN_HD_DATA._COMPUTE_BINNED_OUTPUTS.WRITE_BINNED_MATRICES.fork_square_008um
2025-10-21 21:38:54 [runtime] (run:local)       ID.F08548.SPATIAL_RNA_COUNTER_CS.SPATIAL_RNA_COUNTER.SPATIAL_POST_MATRIX_COMPUTATION.BIN_HD_DATA._BIN_HD_DATA._COMPUTE_BINNED_OUTPUTS.WRITE_BINNED_MATRICES.fork_square_008um.split
2025-10-21 21:38:54 [runtime] (ready)           ID.F08548.SPATIAL_RNA_COUNTER_CS.SPATIAL_RNA_COUNTER.SPATIAL_POST_MATRIX_COMPUTATION.BIN_HD_DATA._BIN_HD_DATA._COMPUTE_BINNED_OUTPUTS.WRITE_BINNED_MATRICES.fork_square_016um
2025-10-21 21:38:54 [runtime] (run:local)       ID.F08548.SPATIAL_RNA_COUNTER_CS.SPATIAL_RNA_COUNTER.SPATIAL_POST_MATRIX_COMPUTATION.BIN_HD_DATA._BIN_HD_DATA._COMPUTE_BINNED_OUTPUTS.WRITE_BINNED_MATRICES.fork_square_016um.split
2025-10-21 21:38:55 [runtime] (split_complete)  ID.F08548.SPATIAL_RNA_COUNTER_CS.SPATIAL_RNA_COUNTER.SPATIAL_POST_MATRIX_COMPUTATION.BIN_HD_DATA._BIN_HD_DATA._COMPUTE_BINNED_OUTPUTS.WRITE_BINNED_MATRICES.fork_square_008um
2025-10-21 21:38:55 [runtime] (run:local)       ID.F08548.SPATIAL_RNA_COUNTER_CS.SPATIAL_RNA_COUNTER.SPATIAL_POST_MATRIX_COMPUTATION.BIN_HD_DATA._BIN_HD_DATA._COMPUTE_BINNED_OUTPUTS.WRITE_BINNED_MATRICES.fork_square_008um.join
2025-10-21 21:38:55 [runtime] (split_complete)  ID.F08548.SPATIAL_RNA_COUNTER_CS.SPATIAL_RNA_COUNTER.SPATIAL_POST_MATRIX_COMPUTATION.BIN_HD_DATA._BIN_HD_DATA._COMPUTE_BINNED_OUTPUTS.WRITE_BINNED_MATRICES.fork_square_002um
2025-10-21 21:38:55 [runtime] (run:local)       ID.F08548.SPATIAL_RNA_COUNTER_CS.SPATIAL_RNA_COUNTER.SPATIAL_POST_MATRIX_COMPUTATION.BIN_HD_DATA._BIN_HD_DATA._COMPUTE_BINNED_OUTPUTS.WRITE_BINNED_MATRICES.fork_square_002um.join
2025-10-21 21:38:55 [runtime] (split_complete)  ID.F08548.SPATIAL_RNA_COUNTER_CS.SPATIAL_RNA_COUNTER.SPATIAL_POST_MATRIX_COMPUTATION.BIN_HD_DATA._BIN_HD_DATA._COMPUTE_BINNED_OUTPUTS.WRITE_BINNED_MATRICES.fork_square_016um
2025-10-21 21:38:55 [runtime] (run:local)       ID.F08548.SPATIAL_RNA_COUNTER_CS.SPATIAL_RNA_COUNTER.SPATIAL_POST_MATRIX_COMPUTATION.BIN_HD_DATA._BIN_HD_DATA._COMPUTE_BINNED_OUTPUTS.WRITE_BINNED_MATRICES.fork_square_016um.join
2025-10-21 21:39:13 [runtime] (join_complete)   ID.F08548.SPATIAL_RNA_COUNTER_CS.SPATIAL_RNA_COUNTER.SPATIAL_POST_MATRIX_COMPUTATION.BIN_HD_DATA._BIN_HD_DATA._COMPUTE_BINNED_OUTPUTS.WRITE_BINNED_MATRICES.fork_square_016um
2025-10-21 21:39:16 [runtime] (complete)        ID.F08548.SPATIAL_RNA_COUNTER_CS.SPATIAL_RNA_COUNTER.SPATIAL_POST_MATRIX_COMPUTATION.BIN_HD_DATA._BIN_HD_DATA._COMPUTE_BINNED_OUTPUTS.WRITE_BINNED_MATRICES.fork_square_016um
2025-10-21 21:39:16 [runtime] (join_complete)   ID.F08548.SPATIAL_RNA_COUNTER_CS.SPATIAL_RNA_COUNTER.SPATIAL_POST_MATRIX_COMPUTATION.BIN_HD_DATA._BIN_HD_DATA._COMPUTE_BINNED_OUTPUTS.WRITE_BINNED_MATRICES.fork_square_008um
2025-10-21 21:39:16 [runtime] (complete)        ID.F08548.SPATIAL_RNA_COUNTER_CS.SPATIAL_RNA_COUNTER.SPATIAL_POST_MATRIX_COMPUTATION.BIN_HD_DATA._BIN_HD_DATA._COMPUTE_BINNED_OUTPUTS.WRITE_BINNED_MATRICES.fork_square_016um
2025-10-21 21:39:20 [runtime] (complete)        ID.F08548.SPATIAL_RNA_COUNTER_CS.SPATIAL_RNA_COUNTER.SPATIAL_POST_MATRIX_COMPUTATION.BIN_HD_DATA._BIN_HD_DATA._COMPUTE_BINNED_OUTPUTS.WRITE_BINNED_MATRICES.fork_square_008um
2025-10-21 21:39:20 [runtime] (complete)        ID.F08548.SPATIAL_RNA_COUNTER_CS.SPATIAL_RNA_COUNTER.SPATIAL_POST_MATRIX_COMPUTATION.BIN_HD_DATA._BIN_HD_DATA._COMPUTE_BINNED_OUTPUTS.WRITE_BINNED_MATRICES.fork_square_016um
2025-10-21 21:39:23 [runtime] (complete)        ID.F08548.SPATIAL_RNA_COUNTER_CS.SPATIAL_RNA_COUNTER.SPATIAL_POST_MATRIX_COMPUTATION.BIN_HD_DATA._BIN_HD_DATA._COMPUTE_BINNED_OUTPUTS.WRITE_BINNED_MATRICES.fork_square_008um
2025-10-21 21:39:23 [runtime] (complete)        ID.F08548.SPATIAL_RNA_COUNTER_CS.SPATIAL_RNA_COUNTER.SPATIAL_POST_MATRIX_COMPUTATION.BIN_HD_DATA._BIN_HD_DATA._COMPUTE_BINNED_OUTPUTS.WRITE_BINNED_MATRICES.fork_square_016um
2025-10-21 21:39:26 [runtime] (complete)        ID.F08548.SPATIAL_RNA_COUNTER_CS.SPATIAL_RNA_COUNTER.SPATIAL_POST_MATRIX_COMPUTATION.BIN_HD_DATA._BIN_HD_DATA._COMPUTE_BINNED_OUTPUTS.WRITE_BINNED_MATRICES.fork_square_008um
2025-10-21 21:39:26 [runtime] (complete)        ID.F08548.SPATIAL_RNA_COUNTER_CS.SPATIAL_RNA_COUNTER.SPATIAL_POST_MATRIX_COMPUTATION.BIN_HD_DATA._BIN_HD_DATA._COMPUTE_BINNED_OUTPUTS.WRITE_BINNED_MATRICES.fork_square_016um
2025-10-21 21:39:29 [runtime] (complete)        ID.F08548.SPATIAL_RNA_COUNTER_CS.SPATIAL_RNA_COUNTER.SPATIAL_POST_MATRIX_COMPUTATION.BIN_HD_DATA._BIN_HD_DATA._COMPUTE_BINNED_OUTPUTS.WRITE_BINNED_MATRICES.fork_square_008um
2025-10-21 21:39:29 [runtime] (complete)        ID.F08548.SPATIAL_RNA_COUNTER_CS.SPATIAL_RNA_COUNTER.SPATIAL_POST_MATRIX_COMPUTATION.BIN_HD_DATA._BIN_HD_DATA._COMPUTE_BINNED_OUTPUTS.WRITE_BINNED_MATRICES.fork_square_016um
2025-10-21 21:39:32 [runtime] (complete)        ID.F08548.SPATIAL_RNA_COUNTER_CS.SPATIAL_RNA_COUNTER.SPATIAL_POST_MATRIX_COMPUTATION.BIN_HD_DATA._BIN_HD_DATA._COMPUTE_BINNED_OUTPUTS.WRITE_BINNED_MATRICES.fork_square_008um
2025-10-21 21:39:32 [runtime] (complete)        ID.F08548.SPATIAL_RNA_COUNTER_CS.SPATIAL_RNA_COUNTER.SPATIAL_POST_MATRIX_COMPUTATION.BIN_HD_DATA._BIN_HD_DATA._COMPUTE_BINNED_OUTPUTS.WRITE_BINNED_MATRICES.fork_square_016um
2025-10-21 21:39:35 [runtime] (complete)        ID.F08548.SPATIAL_RNA_COUNTER_CS.SPATIAL_RNA_COUNTER.SPATIAL_POST_MATRIX_COMPUTATION.BIN_HD_DATA._BIN_HD_DATA._COMPUTE_BINNED_OUTPUTS.WRITE_BINNED_MATRICES.fork_square_008um
2025-10-21 21:39:35 [runtime] (complete)        ID.F08548.SPATIAL_RNA_COUNTER_CS.SPATIAL_RNA_COUNTER.SPATIAL_POST_MATRIX_COMPUTATION.BIN_HD_DATA._BIN_HD_DATA._COMPUTE_BINNED_OUTPUTS.WRITE_BINNED_MATRICES.fork_square_016um
2025-10-21 21:39:38 [runtime] (complete)        ID.F08548.SPATIAL_RNA_COUNTER_CS.SPATIAL_RNA_COUNTER.SPATIAL_POST_MATRIX_COMPUTATION.BIN_HD_DATA._BIN_HD_DATA._COMPUTE_BINNED_OUTPUTS.WRITE_BINNED_MATRICES.fork_square_008um
2025-10-21 21:39:38 [runtime] (complete)        ID.F08548.SPATIAL_RNA_COUNTER_CS.SPATIAL_RNA_COUNTER.SPATIAL_POST_MATRIX_COMPUTATION.BIN_HD_DATA._BIN_HD_DATA._COMPUTE_BINNED_OUTPUTS.WRITE_BINNED_MATRICES.fork_square_016um
2025-10-21 21:39:41 [runtime] (complete)        ID.F08548.SPATIAL_RNA_COUNTER_CS.SPATIAL_RNA_COUNTER.SPATIAL_POST_MATRIX_COMPUTATION.BIN_HD_DATA._BIN_HD_DATA._COMPUTE_BINNED_OUTPUTS.WRITE_BINNED_MATRICES.fork_square_008um
2025-10-21 21:39:41 [runtime] (complete)        ID.F08548.SPATIAL_RNA_COUNTER_CS.SPATIAL_RNA_COUNTER.SPATIAL_POST_MATRIX_COMPUTATION.BIN_HD_DATA._BIN_HD_DATA._COMPUTE_BINNED_OUTPUTS.WRITE_BINNED_MATRICES.fork_square_016um
2025-10-21 21:39:45 [runtime] (complete)        ID.F08548.SPATIAL_RNA_COUNTER_CS.SPATIAL_RNA_COUNTER.SPATIAL_POST_MATRIX_COMPUTATION.BIN_HD_DATA._BIN_HD_DATA._COMPUTE_BINNED_OUTPUTS.WRITE_BINNED_MATRICES.fork_square_008um
2025-10-21 21:39:45 [runtime] (complete)        ID.F08548.SPATIAL_RNA_COUNTER_CS.SPATIAL_RNA_COUNTER.SPATIAL_POST_MATRIX_COMPUTATION.BIN_HD_DATA._BIN_HD_DATA._COMPUTE_BINNED_OUTPUTS.WRITE_BINNED_MATRICES.fork_square_016um
2025-10-21 21:39:48 [runtime] (complete)        ID.F08548.SPATIAL_RNA_COUNTER_CS.SPATIAL_RNA_COUNTER.SPATIAL_POST_MATRIX_COMPUTATION.BIN_HD_DATA._BIN_HD_DATA._COMPUTE_BINNED_OUTPUTS.WRITE_BINNED_MATRICES.fork_square_008um
2025-10-21 21:39:48 [runtime] (complete)        ID.F08548.SPATIAL_RNA_COUNTER_CS.SPATIAL_RNA_COUNTER.SPATIAL_POST_MATRIX_COMPUTATION.BIN_HD_DATA._BIN_HD_DATA._COMPUTE_BINNED_OUTPUTS.WRITE_BINNED_MATRICES.fork_square_016um
2025-10-21 21:39:51 [runtime] (complete)        ID.F08548.SPATIAL_RNA_COUNTER_CS.SPATIAL_RNA_COUNTER.SPATIAL_POST_MATRIX_COMPUTATION.BIN_HD_DATA._BIN_HD_DATA._COMPUTE_BINNED_OUTPUTS.WRITE_BINNED_MATRICES.fork_square_008um
2025-10-21 21:39:51 [runtime] (complete)        ID.F08548.SPATIAL_RNA_COUNTER_CS.SPATIAL_RNA_COUNTER.SPATIAL_POST_MATRIX_COMPUTATION.BIN_HD_DATA._BIN_HD_DATA._COMPUTE_BINNED_OUTPUTS.WRITE_BINNED_MATRICES.fork_square_016um
2025-10-21 21:39:55 [runtime] (complete)        ID.F08548.SPATIAL_RNA_COUNTER_CS.SPATIAL_RNA_COUNTER.SPATIAL_POST_MATRIX_COMPUTATION.BIN_HD_DATA._BIN_HD_DATA._COMPUTE_BINNED_OUTPUTS.WRITE_BINNED_MATRICES.fork_square_008um
2025-10-21 21:39:55 [runtime] (complete)        ID.F08548.SPATIAL_RNA_COUNTER_CS.SPATIAL_RNA_COUNTER.SPATIAL_POST_MATRIX_COMPUTATION.BIN_HD_DATA._BIN_HD_DATA._COMPUTE_BINNED_OUTPUTS.WRITE_BINNED_MATRICES.fork_square_016um
2025-10-21 21:39:58 [runtime] (complete)        ID.F08548.SPATIAL_RNA_COUNTER_CS.SPATIAL_RNA_COUNTER.SPATIAL_POST_MATRIX_COMPUTATION.BIN_HD_DATA._BIN_HD_DATA._COMPUTE_BINNED_OUTPUTS.WRITE_BINNED_MATRICES.fork_square_008um
2025-10-21 21:39:58 [runtime] (complete)        ID.F08548.SPATIAL_RNA_COUNTER_CS.SPATIAL_RNA_COUNTER.SPATIAL_POST_MATRIX_COMPUTATION.BIN_HD_DATA._BIN_HD_DATA._COMPUTE_BINNED_OUTPUTS.WRITE_BINNED_MATRICES.fork_square_016um
2025-10-21 21:40:01 [runtime] (complete)        ID.F08548.SPATIAL_RNA_COUNTER_CS.SPATIAL_RNA_COUNTER.SPATIAL_POST_MATRIX_COMPUTATION.BIN_HD_DATA._BIN_HD_DATA._COMPUTE_BINNED_OUTPUTS.WRITE_BINNED_MATRICES.fork_square_008um
2025-10-21 21:40:01 [runtime] (complete)        ID.F08548.SPATIAL_RNA_COUNTER_CS.SPATIAL_RNA_COUNTER.SPATIAL_POST_MATRIX_COMPUTATION.BIN_HD_DATA._BIN_HD_DATA._COMPUTE_BINNED_OUTPUTS.WRITE_BINNED_MATRICES.fork_square_016um
2025-10-21 21:40:04 [runtime] (complete)        ID.F08548.SPATIAL_RNA_COUNTER_CS.SPATIAL_RNA_COUNTER.SPATIAL_POST_MATRIX_COMPUTATION.BIN_HD_DATA._BIN_HD_DATA._COMPUTE_BINNED_OUTPUTS.WRITE_BINNED_MATRICES.fork_square_008um
2025-10-21 21:40:04 [runtime] (complete)        ID.F08548.SPATIAL_RNA_COUNTER_CS.SPATIAL_RNA_COUNTER.SPATIAL_POST_MATRIX_COMPUTATION.BIN_HD_DATA._BIN_HD_DATA._COMPUTE_BINNED_OUTPUTS.WRITE_BINNED_MATRICES.fork_square_016um
2025-10-21 21:40:07 [runtime] (complete)        ID.F08548.SPATIAL_RNA_COUNTER_CS.SPATIAL_RNA_COUNTER.SPATIAL_POST_MATRIX_COMPUTATION.BIN_HD_DATA._BIN_HD_DATA._COMPUTE_BINNED_OUTPUTS.WRITE_BINNED_MATRICES.fork_square_008um
2025-10-21 21:40:07 [runtime] (complete)        ID.F08548.SPATIAL_RNA_COUNTER_CS.SPATIAL_RNA_COUNTER.SPATIAL_POST_MATRIX_COMPUTATION.BIN_HD_DATA._BIN_HD_DATA._COMPUTE_BINNED_OUTPUTS.WRITE_BINNED_MATRICES.fork_square_016um
2025-10-21 21:40:10 [runtime] (complete)        ID.F08548.SPATIAL_RNA_COUNTER_CS.SPATIAL_RNA_COUNTER.SPATIAL_POST_MATRIX_COMPUTATION.BIN_HD_DATA._BIN_HD_DATA._COMPUTE_BINNED_OUTPUTS.WRITE_BINNED_MATRICES.fork_square_008um
2025-10-21 21:40:10 [runtime] (complete)        ID.F08548.SPATIAL_RNA_COUNTER_CS.SPATIAL_RNA_COUNTER.SPATIAL_POST_MATRIX_COMPUTATION.BIN_HD_DATA._BIN_HD_DATA._COMPUTE_BINNED_OUTPUTS.WRITE_BINNED_MATRICES.fork_square_016um
2025-10-21 21:40:11 [runtime] (join_complete)   ID.F08548.SPATIAL_RNA_COUNTER_CS.SPATIAL_RNA_COUNTER.SPATIAL_POST_MATRIX_COMPUTATION.BIN_HD_DATA._BIN_HD_DATA._COMPUTE_BINNED_OUTPUTS.WRITE_BINNED_MATRICES.fork_square_002um
2025-10-21 21:40:11 [runtime] (complete)        ID.F08548.SPATIAL_RNA_COUNTER_CS.SPATIAL_RNA_COUNTER.SPATIAL_POST_MATRIX_COMPUTATION.BIN_HD_DATA._BIN_HD_DATA._COMPUTE_BINNED_OUTPUTS.WRITE_BINNED_MATRICES.fork_square_008um
2025-10-21 21:40:11 [runtime] (complete)        ID.F08548.SPATIAL_RNA_COUNTER_CS.SPATIAL_RNA_COUNTER.SPATIAL_POST_MATRIX_COMPUTATION.BIN_HD_DATA._BIN_HD_DATA._COMPUTE_BINNED_OUTPUTS.WRITE_BINNED_MATRICES.fork_square_016um
2025-10-21 21:40:11 [runtime] (ready)           ID.F08548.SPATIAL_RNA_COUNTER_CS.SPATIAL_RNA_COUNTER.SPATIAL_POST_MATRIX_COMPUTATION.BIN_HD_DATA._BIN_HD_DATA._COMPUTE_BINNED_OUTPUTS.DISABLE_SECONDARY_ANALYSIS.fork_square_002um
2025-10-21 21:40:11 [runtime] (run:local)       ID.F08548.SPATIAL_RNA_COUNTER_CS.SPATIAL_RNA_COUNTER.SPATIAL_POST_MATRIX_COMPUTATION.BIN_HD_DATA._BIN_HD_DATA._COMPUTE_BINNED_OUTPUTS.DISABLE_SECONDARY_ANALYSIS.fork_square_002um.chnk0.main
2025-10-21 21:40:11 [runtime] (ready)           ID.F08548.SPATIAL_RNA_COUNTER_CS.SPATIAL_RNA_COUNTER.SPATIAL_POST_MATRIX_COMPUTATION.BIN_HD_DATA._BIN_HD_DATA._COMPUTE_BINNED_OUTPUTS.DISABLE_SECONDARY_ANALYSIS.fork_square_008um
2025-10-21 21:40:11 [runtime] (run:local)       ID.F08548.SPATIAL_RNA_COUNTER_CS.SPATIAL_RNA_COUNTER.SPATIAL_POST_MATRIX_COMPUTATION.BIN_HD_DATA._BIN_HD_DATA._COMPUTE_BINNED_OUTPUTS.DISABLE_SECONDARY_ANALYSIS.fork_square_008um.chnk0.main
2025-10-21 21:40:11 [runtime] (ready)           ID.F08548.SPATIAL_RNA_COUNTER_CS.SPATIAL_RNA_COUNTER.SPATIAL_POST_MATRIX_COMPUTATION.BIN_HD_DATA._BIN_HD_DATA._COMPUTE_BINNED_OUTPUTS.DISABLE_SECONDARY_ANALYSIS.fork_square_016um
2025-10-21 21:40:11 [runtime] (run:local)       ID.F08548.SPATIAL_RNA_COUNTER_CS.SPATIAL_RNA_COUNTER.SPATIAL_POST_MATRIX_COMPUTATION.BIN_HD_DATA._BIN_HD_DATA._COMPUTE_BINNED_OUTPUTS.DISABLE_SECONDARY_ANALYSIS.fork_square_016um.chnk0.main
2025-10-21 21:40:14 [runtime] (chunks_complete) ID.F08548.SPATIAL_RNA_COUNTER_CS.SPATIAL_RNA_COUNTER.SPATIAL_POST_MATRIX_COMPUTATION.BIN_HD_DATA._BIN_HD_DATA._COMPUTE_BINNED_OUTPUTS.DISABLE_SECONDARY_ANALYSIS.fork_square_002um
2025-10-21 21:40:14 [runtime] (chunks_complete) ID.F08548.SPATIAL_RNA_COUNTER_CS.SPATIAL_RNA_COUNTER.SPATIAL_POST_MATRIX_COMPUTATION.BIN_HD_DATA._BIN_HD_DATA._COMPUTE_BINNED_OUTPUTS.DISABLE_SECONDARY_ANALYSIS.fork_square_016um
2025-10-21 21:40:14 [runtime] (complete)        ID.F08548.SPATIAL_RNA_COUNTER_CS.SPATIAL_RNA_COUNTER.SPATIAL_POST_MATRIX_COMPUTATION.BIN_HD_DATA._BIN_HD_DATA._COMPUTE_BINNED_OUTPUTS.DISABLE_SECONDARY_ANALYSIS.fork_square_002um
2025-10-21 21:40:14 [runtime] (chunks_complete) ID.F08548.SPATIAL_RNA_COUNTER_CS.SPATIAL_RNA_COUNTER.SPATIAL_POST_MATRIX_COMPUTATION.BIN_HD_DATA._BIN_HD_DATA._COMPUTE_BINNED_OUTPUTS.DISABLE_SECONDARY_ANALYSIS.fork_square_008um
2025-10-21 21:40:14 [runtime] (complete)        ID.F08548.SPATIAL_RNA_COUNTER_CS.SPATIAL_RNA_COUNTER.SPATIAL_POST_MATRIX_COMPUTATION.BIN_HD_DATA._BIN_HD_DATA._COMPUTE_BINNED_OUTPUTS.DISABLE_SECONDARY_ANALYSIS.fork_square_016um
2025-10-21 21:40:14 [runtime] (ready)           ID.F08548.SPATIAL_RNA_COUNTER_CS.SPATIAL_RNA_COUNTER.SPATIAL_POST_MATRIX_COMPUTATION.BIN_HD_DATA._BIN_HD_DATA._COMPUTE_BINNED_OUTPUTS.SPATIAL_BINNED_RNA_ANALYZER.ANALYZER_PREFLIGHT.fork_square_002um
2025-10-21 21:40:14 [runtime] (run:local)       ID.F08548.SPATIAL_RNA_COUNTER_CS.SPATIAL_RNA_COUNTER.SPATIAL_POST_MATRIX_COMPUTATION.BIN_HD_DATA._BIN_HD_DATA._COMPUTE_BINNED_OUTPUTS.SPATIAL_BINNED_RNA_ANALYZER.ANALYZER_PREFLIGHT.fork_square_002um.chnk0.main
2025-10-21 21:40:14 [runtime] (ready)           ID.F08548.SPATIAL_RNA_COUNTER_CS.SPATIAL_RNA_COUNTER.SPATIAL_POST_MATRIX_COMPUTATION.BIN_HD_DATA._BIN_HD_DATA._COMPUTE_BINNED_OUTPUTS.SPATIAL_BINNED_RNA_ANALYZER.ANALYZER_PREFLIGHT.fork_square_008um
2025-10-21 21:40:14 [runtime] (run:local)       ID.F08548.SPATIAL_RNA_COUNTER_CS.SPATIAL_RNA_COUNTER.SPATIAL_POST_MATRIX_COMPUTATION.BIN_HD_DATA._BIN_HD_DATA._COMPUTE_BINNED_OUTPUTS.SPATIAL_BINNED_RNA_ANALYZER.ANALYZER_PREFLIGHT.fork_square_008um.chnk0.main
2025-10-21 21:40:14 [runtime] (ready)           ID.F08548.SPATIAL_RNA_COUNTER_CS.SPATIAL_RNA_COUNTER.SPATIAL_POST_MATRIX_COMPUTATION.BIN_HD_DATA._BIN_HD_DATA._COMPUTE_BINNED_OUTPUTS.SPATIAL_BINNED_RNA_ANALYZER.ANALYZER_PREFLIGHT.fork_square_016um
2025-10-21 21:40:14 [runtime] (run:local)       ID.F08548.SPATIAL_RNA_COUNTER_CS.SPATIAL_RNA_COUNTER.SPATIAL_POST_MATRIX_COMPUTATION.BIN_HD_DATA._BIN_HD_DATA._COMPUTE_BINNED_OUTPUTS.SPATIAL_BINNED_RNA_ANALYZER.ANALYZER_PREFLIGHT.fork_square_016um.chnk0.main
2025-10-21 21:40:16 [runtime] (chunks_complete) ID.F08548.SPATIAL_RNA_COUNTER_CS.SPATIAL_RNA_COUNTER.SPATIAL_POST_MATRIX_COMPUTATION.BIN_HD_DATA._BIN_HD_DATA._COMPUTE_BINNED_OUTPUTS.SPATIAL_BINNED_RNA_ANALYZER.ANALYZER_PREFLIGHT.fork_square_002um
2025-10-21 21:40:16 [runtime] (complete)        ID.F08548.SPATIAL_RNA_COUNTER_CS.SPATIAL_RNA_COUNTER.SPATIAL_POST_MATRIX_COMPUTATION.BIN_HD_DATA._BIN_HD_DATA._COMPUTE_BINNED_OUTPUTS.SPATIAL_BINNED_RNA_ANALYZER.ANALYZER_PREFLIGHT.fork_square_002um
2025-10-21 21:40:16 [runtime] (chunks_complete) ID.F08548.SPATIAL_RNA_COUNTER_CS.SPATIAL_RNA_COUNTER.SPATIAL_POST_MATRIX_COMPUTATION.BIN_HD_DATA._BIN_HD_DATA._COMPUTE_BINNED_OUTPUTS.SPATIAL_BINNED_RNA_ANALYZER.ANALYZER_PREFLIGHT.fork_square_008um
2025-10-21 21:40:16 [runtime] (complete)        ID.F08548.SPATIAL_RNA_COUNTER_CS.SPATIAL_RNA_COUNTER.SPATIAL_POST_MATRIX_COMPUTATION.BIN_HD_DATA._BIN_HD_DATA._COMPUTE_BINNED_OUTPUTS.SPATIAL_BINNED_RNA_ANALYZER.ANALYZER_PREFLIGHT.fork_square_002um
2025-10-21 21:40:16 [runtime] (complete)        ID.F08548.SPATIAL_RNA_COUNTER_CS.SPATIAL_RNA_COUNTER.SPATIAL_POST_MATRIX_COMPUTATION.BIN_HD_DATA._BIN_HD_DATA._COMPUTE_BINNED_OUTPUTS.SPATIAL_BINNED_RNA_ANALYZER.ANALYZER_PREFLIGHT.fork_square_008um
2025-10-21 21:40:16 [runtime] (chunks_complete) ID.F08548.SPATIAL_RNA_COUNTER_CS.SPATIAL_RNA_COUNTER.SPATIAL_POST_MATRIX_COMPUTATION.BIN_HD_DATA._BIN_HD_DATA._COMPUTE_BINNED_OUTPUTS.SPATIAL_BINNED_RNA_ANALYZER.ANALYZER_PREFLIGHT.fork_square_016um
2025-10-21 21:40:16 [runtime] (ready)           ID.F08548.SPATIAL_RNA_COUNTER_CS.SPATIAL_RNA_COUNTER.SPATIAL_POST_MATRIX_COMPUTATION.BIN_HD_DATA._BIN_HD_DATA._COMPUTE_BINNED_OUTPUTS.SPATIAL_BINNED_RNA_ANALYZER.PREPROCESS_MATRIX.fork_square_002um
2025-10-21 21:40:16 [runtime] (run:local)       ID.F08548.SPATIAL_RNA_COUNTER_CS.SPATIAL_RNA_COUNTER.SPATIAL_POST_MATRIX_COMPUTATION.BIN_HD_DATA._BIN_HD_DATA._COMPUTE_BINNED_OUTPUTS.SPATIAL_BINNED_RNA_ANALYZER.PREPROCESS_MATRIX.fork_square_002um.split
2025-10-21 21:40:16 [runtime] (ready)           ID.F08548.SPATIAL_RNA_COUNTER_CS.SPATIAL_RNA_COUNTER.SPATIAL_POST_MATRIX_COMPUTATION.BIN_HD_DATA._BIN_HD_DATA._COMPUTE_BINNED_OUTPUTS.SPATIAL_BINNED_RNA_ANALYZER.PREPROCESS_MATRIX.fork_square_008um
2025-10-21 21:40:16 [runtime] (run:local)       ID.F08548.SPATIAL_RNA_COUNTER_CS.SPATIAL_RNA_COUNTER.SPATIAL_POST_MATRIX_COMPUTATION.BIN_HD_DATA._BIN_HD_DATA._COMPUTE_BINNED_OUTPUTS.SPATIAL_BINNED_RNA_ANALYZER.PREPROCESS_MATRIX.fork_square_008um.split
2025-10-21 21:40:16 [runtime] (ready)           ID.F08548.SPATIAL_RNA_COUNTER_CS.SPATIAL_RNA_COUNTER.SPATIAL_POST_MATRIX_COMPUTATION.BIN_HD_DATA._BIN_HD_DATA._COMPUTE_BINNED_OUTPUTS.SPATIAL_BINNED_RNA_ANALYZER.PREPROCESS_MATRIX.fork_square_016um
2025-10-21 21:40:16 [runtime] (run:local)       ID.F08548.SPATIAL_RNA_COUNTER_CS.SPATIAL_RNA_COUNTER.SPATIAL_POST_MATRIX_COMPUTATION.BIN_HD_DATA._BIN_HD_DATA._COMPUTE_BINNED_OUTPUTS.SPATIAL_BINNED_RNA_ANALYZER.PREPROCESS_MATRIX.fork_square_016um.split
2025-10-21 21:40:18 [runtime] (split_complete)  ID.F08548.SPATIAL_RNA_COUNTER_CS.SPATIAL_RNA_COUNTER.SPATIAL_POST_MATRIX_COMPUTATION.BIN_HD_DATA._BIN_HD_DATA._COMPUTE_BINNED_OUTPUTS.SPATIAL_BINNED_RNA_ANALYZER.PREPROCESS_MATRIX.fork_square_016um
2025-10-21 21:40:18 [runtime] (run:local)       ID.F08548.SPATIAL_RNA_COUNTER_CS.SPATIAL_RNA_COUNTER.SPATIAL_POST_MATRIX_COMPUTATION.BIN_HD_DATA._BIN_HD_DATA._COMPUTE_BINNED_OUTPUTS.SPATIAL_BINNED_RNA_ANALYZER.PREPROCESS_MATRIX.fork_square_016um.join
2025-10-21 21:40:18 [runtime] (split_complete)  ID.F08548.SPATIAL_RNA_COUNTER_CS.SPATIAL_RNA_COUNTER.SPATIAL_POST_MATRIX_COMPUTATION.BIN_HD_DATA._BIN_HD_DATA._COMPUTE_BINNED_OUTPUTS.SPATIAL_BINNED_RNA_ANALYZER.PREPROCESS_MATRIX.fork_square_002um
2025-10-21 21:40:18 [runtime] (run:local)       ID.F08548.SPATIAL_RNA_COUNTER_CS.SPATIAL_RNA_COUNTER.SPATIAL_POST_MATRIX_COMPUTATION.BIN_HD_DATA._BIN_HD_DATA._COMPUTE_BINNED_OUTPUTS.SPATIAL_BINNED_RNA_ANALYZER.PREPROCESS_MATRIX.fork_square_002um.join
2025-10-21 21:40:18 [runtime] (split_complete)  ID.F08548.SPATIAL_RNA_COUNTER_CS.SPATIAL_RNA_COUNTER.SPATIAL_POST_MATRIX_COMPUTATION.BIN_HD_DATA._BIN_HD_DATA._COMPUTE_BINNED_OUTPUTS.SPATIAL_BINNED_RNA_ANALYZER.PREPROCESS_MATRIX.fork_square_008um
2025-10-21 21:40:18 [runtime] (run:local)       ID.F08548.SPATIAL_RNA_COUNTER_CS.SPATIAL_RNA_COUNTER.SPATIAL_POST_MATRIX_COMPUTATION.BIN_HD_DATA._BIN_HD_DATA._COMPUTE_BINNED_OUTPUTS.SPATIAL_BINNED_RNA_ANALYZER.PREPROCESS_MATRIX.fork_square_008um.join
2025-10-21 21:40:21 [runtime] (join_complete)   ID.F08548.SPATIAL_RNA_COUNTER_CS.SPATIAL_RNA_COUNTER.SPATIAL_POST_MATRIX_COMPUTATION.BIN_HD_DATA._BIN_HD_DATA._COMPUTE_BINNED_OUTPUTS.SPATIAL_BINNED_RNA_ANALYZER.PREPROCESS_MATRIX.fork_square_002um
2025-10-21 21:40:24 [runtime] (join_complete)   ID.F08548.SPATIAL_RNA_COUNTER_CS.SPATIAL_RNA_COUNTER.SPATIAL_POST_MATRIX_COMPUTATION._POST_MATRIX_COMPUTATION.FILTER_BARCODES
2025-10-21 21:40:24 [runtime] (complete)        ID.F08548.SPATIAL_RNA_COUNTER_CS.SPATIAL_RNA_COUNTER.SPATIAL_POST_MATRIX_COMPUTATION.BIN_HD_DATA._BIN_HD_DATA._COMPUTE_BINNED_OUTPUTS.SPATIAL_BINNED_RNA_ANALYZER.PREPROCESS_MATRIX.fork_square_002um
2025-10-21 21:40:24 [runtime] (ready)           ID.F08548.SPATIAL_RNA_COUNTER_CS.SPATIAL_RNA_COUNTER.SPATIAL_POST_MATRIX_COMPUTATION._POST_MATRIX_COMPUTATION._ASSIGN_TAGS.CALL_TAGS_RTL
2025-10-21 21:40:24 [runtime] (ready)           ID.F08548.SPATIAL_RNA_COUNTER_CS.SPATIAL_RNA_COUNTER.SPATIAL_POST_MATRIX_COMPUTATION.RUN_SPATIAL_ENRICHMENT
2025-10-21 21:40:24 [runtime] (run:local)       ID.F08548.SPATIAL_RNA_COUNTER_CS.SPATIAL_RNA_COUNTER.SPATIAL_POST_MATRIX_COMPUTATION.RUN_SPATIAL_ENRICHMENT.fork0.split
2025-10-21 21:40:24 [runtime] (complete)        ID.F08548.SPATIAL_RNA_COUNTER_CS.SPATIAL_RNA_COUNTER.SPATIAL_POST_MATRIX_COMPUTATION.BIN_HD_DATA._BIN_HD_DATA._COMPUTE_BINNED_OUTPUTS.SPATIAL_BINNED_RNA_ANALYZER.PREPROCESS_MATRIX.fork_square_002um
2025-10-21 21:40:24 [runtime] (ready)           ID.F08548.SPATIAL_RNA_COUNTER_CS.SPATIAL_RNA_COUNTER.SPATIAL_POST_MATRIX_COMPUTATION._POST_MATRIX_COMPUTATION._ASSIGN_TAGS.CALL_TAGS_OH
2025-10-21 21:40:24 [runtime] (ready)           ID.F08548.SPATIAL_RNA_COUNTER_CS.SPATIAL_RNA_COUNTER.SPATIAL_POST_MATRIX_COMPUTATION.COMPUTE_EXTENDED_SD_METRICS
2025-10-21 21:40:24 [runtime] (ready)           ID.F08548.SPATIAL_RNA_COUNTER_CS.SPATIAL_RNA_COUNTER.SPATIAL_POST_MATRIX_COMPUTATION._POST_MATRIX_COMPUTATION.COLLATE_PROBE_METRICS
2025-10-21 21:40:24 [runtime] (run:local)       ID.F08548.SPATIAL_RNA_COUNTER_CS.SPATIAL_RNA_COUNTER.SPATIAL_POST_MATRIX_COMPUTATION._POST_MATRIX_COMPUTATION.COLLATE_PROBE_METRICS.fork0.chnk0.main
2025-10-21 21:40:24 [runtime] (ready)           ID.F08548.SPATIAL_RNA_COUNTER_CS.SPATIAL_RNA_COUNTER.SPATIAL_POST_MATRIX_COMPUTATION.DISABLE_SECONDARY_ANALYSIS
2025-10-21 21:40:24 [runtime] (run:local)       ID.F08548.SPATIAL_RNA_COUNTER_CS.SPATIAL_RNA_COUNTER.SPATIAL_POST_MATRIX_COMPUTATION.DISABLE_SECONDARY_ANALYSIS.fork0.chnk0.main
2025-10-21 21:40:24 [runtime] (ready)           ID.F08548.SPATIAL_RNA_COUNTER_CS.SPATIAL_RNA_COUNTER.SPATIAL_POST_MATRIX_COMPUTATION.ANTIBODY_QC_PLOTS
2025-10-21 21:40:24 [runtime] (ready)           ID.F08548.SPATIAL_RNA_COUNTER_CS.SPATIAL_RNA_COUNTER.SPATIAL_POST_MATRIX_COMPUTATION.CHECK_CORRECTION_FACTOR
2025-10-21 21:40:24 [runtime] (run:local)       ID.F08548.SPATIAL_RNA_COUNTER_CS.SPATIAL_RNA_COUNTER.SPATIAL_POST_MATRIX_COMPUTATION.CHECK_CORRECTION_FACTOR.fork0.chnk0.main
2025-10-21 21:40:24 [runtime] (ready)           ID.F08548.SPATIAL_RNA_COUNTER_CS.SPATIAL_RNA_COUNTER.SPATIAL_POST_MATRIX_COMPUTATION._POST_MATRIX_COMPUTATION._ASSIGN_TAGS.CALL_TAGS_MARGINAL
2025-10-21 21:40:24 [runtime] (ready)           ID.F08548.SPATIAL_RNA_COUNTER_CS.SPATIAL_RNA_COUNTER.SPATIAL_POST_MATRIX_COMPUTATION._POST_MATRIX_COMPUTATION.INFER_GEM_WELL_THROUGHPUT
2025-10-21 21:40:24 [runtime] (complete)        ID.F08548.SPATIAL_RNA_COUNTER_CS.SPATIAL_RNA_COUNTER.SPATIAL_POST_MATRIX_COMPUTATION.BIN_HD_DATA._BIN_HD_DATA._COMPUTE_BINNED_OUTPUTS.SPATIAL_BINNED_RNA_ANALYZER.PREPROCESS_MATRIX.fork_square_002um
2025-10-21 21:40:24 [runtime] (join_complete)   ID.F08548.SPATIAL_RNA_COUNTER_CS.SPATIAL_RNA_COUNTER.SPATIAL_POST_MATRIX_COMPUTATION.BIN_HD_DATA._BIN_HD_DATA._COMPUTE_BINNED_OUTPUTS.SPATIAL_BINNED_RNA_ANALYZER.PREPROCESS_MATRIX.fork_square_016um
2025-10-21 21:40:25 [runtime] (complete)        ID.F08548.SPATIAL_RNA_COUNTER_CS.SPATIAL_RNA_COUNTER.SPATIAL_POST_MATRIX_COMPUTATION.BIN_HD_DATA._BIN_HD_DATA._COMPUTE_BINNED_OUTPUTS.SPATIAL_BINNED_RNA_ANALYZER.PREPROCESS_MATRIX.fork_square_002um
2025-10-21 21:40:25 [runtime] (complete)        ID.F08548.SPATIAL_RNA_COUNTER_CS.SPATIAL_RNA_COUNTER.SPATIAL_POST_MATRIX_COMPUTATION.BIN_HD_DATA._BIN_HD_DATA._COMPUTE_BINNED_OUTPUTS.SPATIAL_BINNED_RNA_ANALYZER.PREPROCESS_MATRIX.fork_square_016um
2025-10-21 21:40:25 [runtime] (chunks_complete) ID.F08548.SPATIAL_RNA_COUNTER_CS.SPATIAL_RNA_COUNTER.SPATIAL_POST_MATRIX_COMPUTATION.CHECK_CORRECTION_FACTOR
2025-10-21 21:40:25 [runtime] (complete)        ID.F08548.SPATIAL_RNA_COUNTER_CS.SPATIAL_RNA_COUNTER.SPATIAL_POST_MATRIX_COMPUTATION.BIN_HD_DATA._BIN_HD_DATA._COMPUTE_BINNED_OUTPUTS.SPATIAL_BINNED_RNA_ANALYZER.PREPROCESS_MATRIX.fork_square_002um
2025-10-21 21:40:25 [runtime] (complete)        ID.F08548.SPATIAL_RNA_COUNTER_CS.SPATIAL_RNA_COUNTER.SPATIAL_POST_MATRIX_COMPUTATION.BIN_HD_DATA._BIN_HD_DATA._COMPUTE_BINNED_OUTPUTS.SPATIAL_BINNED_RNA_ANALYZER.PREPROCESS_MATRIX.fork_square_016um
2025-10-21 21:40:26 [runtime] (chunks_complete) ID.F08548.SPATIAL_RNA_COUNTER_CS.SPATIAL_RNA_COUNTER.SPATIAL_POST_MATRIX_COMPUTATION.DISABLE_SECONDARY_ANALYSIS
2025-10-21 21:40:26 [runtime] (complete)        ID.F08548.SPATIAL_RNA_COUNTER_CS.SPATIAL_RNA_COUNTER.SPATIAL_POST_MATRIX_COMPUTATION.BIN_HD_DATA._BIN_HD_DATA._COMPUTE_BINNED_OUTPUTS.SPATIAL_BINNED_RNA_ANALYZER.PREPROCESS_MATRIX.fork_square_002um
2025-10-21 21:40:26 [runtime] (complete)        ID.F08548.SPATIAL_RNA_COUNTER_CS.SPATIAL_RNA_COUNTER.SPATIAL_POST_MATRIX_COMPUTATION.BIN_HD_DATA._BIN_HD_DATA._COMPUTE_BINNED_OUTPUTS.SPATIAL_BINNED_RNA_ANALYZER.PREPROCESS_MATRIX.fork_square_016um
2025-10-21 21:40:26 [runtime] (ready)           ID.F08548.SPATIAL_RNA_COUNTER_CS.SPATIAL_RNA_COUNTER.SPATIAL_POST_MATRIX_COMPUTATION.SPATIAL_RNA_ANALYZER.ANALYZER_PREFLIGHT
2025-10-21 21:40:26 [runtime] (run:local)       ID.F08548.SPATIAL_RNA_COUNTER_CS.SPATIAL_RNA_COUNTER.SPATIAL_POST_MATRIX_COMPUTATION.SPATIAL_RNA_ANALYZER.ANALYZER_PREFLIGHT.fork0.chnk0.main
2025-10-21 21:40:26 [runtime] (complete)        ID.F08548.SPATIAL_RNA_COUNTER_CS.SPATIAL_RNA_COUNTER.SPATIAL_POST_MATRIX_COMPUTATION.BIN_HD_DATA._BIN_HD_DATA._COMPUTE_BINNED_OUTPUTS.SPATIAL_BINNED_RNA_ANALYZER.PREPROCESS_MATRIX.fork_square_002um
2025-10-21 21:40:26 [runtime] (complete)        ID.F08548.SPATIAL_RNA_COUNTER_CS.SPATIAL_RNA_COUNTER.SPATIAL_POST_MATRIX_COMPUTATION.BIN_HD_DATA._BIN_HD_DATA._COMPUTE_BINNED_OUTPUTS.SPATIAL_BINNED_RNA_ANALYZER.PREPROCESS_MATRIX.fork_square_016um
2025-10-21 21:40:26 [runtime] (complete)        ID.F08548.SPATIAL_RNA_COUNTER_CS.SPATIAL_RNA_COUNTER.SPATIAL_POST_MATRIX_COMPUTATION.BIN_HD_DATA._BIN_HD_DATA._COMPUTE_BINNED_OUTPUTS.SPATIAL_BINNED_RNA_ANALYZER.PREPROCESS_MATRIX.fork_square_002um
2025-10-21 21:40:26 [runtime] (join_complete)   ID.F08548.SPATIAL_RNA_COUNTER_CS.SPATIAL_RNA_COUNTER.SPATIAL_POST_MATRIX_COMPUTATION.BIN_HD_DATA._BIN_HD_DATA._COMPUTE_BINNED_OUTPUTS.SPATIAL_BINNED_RNA_ANALYZER.PREPROCESS_MATRIX.fork_square_008um
2025-10-21 21:40:26 [runtime] (complete)        ID.F08548.SPATIAL_RNA_COUNTER_CS.SPATIAL_RNA_COUNTER.SPATIAL_POST_MATRIX_COMPUTATION.BIN_HD_DATA._BIN_HD_DATA._COMPUTE_BINNED_OUTPUTS.SPATIAL_BINNED_RNA_ANALYZER.PREPROCESS_MATRIX.fork_square_016um
2025-10-21 21:40:26 [runtime] (ready)           ID.F08548.SPATIAL_RNA_COUNTER_CS.SPATIAL_RNA_COUNTER.SPATIAL_POST_MATRIX_COMPUTATION.BIN_HD_DATA._BIN_HD_DATA._COMPUTE_BINNED_OUTPUTS.SPATIAL_BINNED_RNA_ANALYZER._ANTIGEN_ANALYZER.SUMMARIZE_ANTIBODY_ANALYSIS.fork_square_002um
2025-10-21 21:40:26 [runtime] (ready)           ID.F08548.SPATIAL_RNA_COUNTER_CS.SPATIAL_RNA_COUNTER.SPATIAL_POST_MATRIX_COMPUTATION.BIN_HD_DATA._BIN_HD_DATA._COMPUTE_BINNED_OUTPUTS.SPATIAL_BINNED_RNA_ANALYZER._ANTIGEN_ANALYZER.SUMMARIZE_ANTIBODY_ANALYSIS.fork_square_008um
2025-10-21 21:40:26 [runtime] (ready)           ID.F08548.SPATIAL_RNA_COUNTER_CS.SPATIAL_RNA_COUNTER.SPATIAL_POST_MATRIX_COMPUTATION.BIN_HD_DATA._BIN_HD_DATA._COMPUTE_BINNED_OUTPUTS.SPATIAL_BINNED_RNA_ANALYZER._ANTIGEN_ANALYZER.SUMMARIZE_ANTIBODY_ANALYSIS.fork_square_016um
2025-10-21 21:40:26 [runtime] (ready)           ID.F08548.SPATIAL_RNA_COUNTER_CS.SPATIAL_RNA_COUNTER.SPATIAL_POST_MATRIX_COMPUTATION.BIN_HD_DATA._BIN_HD_DATA._COMPUTE_BINNED_OUTPUTS.SPATIAL_BINNED_RNA_ANALYZER._ANTIBODY_ANALYZER.CALL_ANTIBODIES.fork_square_002um
2025-10-21 21:40:26 [runtime] (ready)           ID.F08548.SPATIAL_RNA_COUNTER_CS.SPATIAL_RNA_COUNTER.SPATIAL_POST_MATRIX_COMPUTATION.BIN_HD_DATA._BIN_HD_DATA._COMPUTE_BINNED_OUTPUTS.SPATIAL_BINNED_RNA_ANALYZER._ANTIBODY_ANALYZER.CALL_ANTIBODIES.fork_square_008um
2025-10-21 21:40:26 [runtime] (ready)           ID.F08548.SPATIAL_RNA_COUNTER_CS.SPATIAL_RNA_COUNTER.SPATIAL_POST_MATRIX_COMPUTATION.BIN_HD_DATA._BIN_HD_DATA._COMPUTE_BINNED_OUTPUTS.SPATIAL_BINNED_RNA_ANALYZER._ANTIBODY_ANALYZER.CALL_ANTIBODIES.fork_square_016um
2025-10-21 21:40:26 [runtime] (ready)           ID.F08548.SPATIAL_RNA_COUNTER_CS.SPATIAL_RNA_COUNTER.SPATIAL_POST_MATRIX_COMPUTATION.BIN_HD_DATA._BIN_HD_DATA._COMPUTE_BINNED_OUTPUTS.SPATIAL_BINNED_RNA_ANALYZER._ANTIGEN_ANALYZER.CALL_ANTIBODIES.fork_square_002um
2025-10-21 21:40:26 [runtime] (ready)           ID.F08548.SPATIAL_RNA_COUNTER_CS.SPATIAL_RNA_COUNTER.SPATIAL_POST_MATRIX_COMPUTATION.BIN_HD_DATA._BIN_HD_DATA._COMPUTE_BINNED_OUTPUTS.SPATIAL_BINNED_RNA_ANALYZER._ANTIGEN_ANALYZER.CALL_ANTIBODIES.fork_square_008um
2025-10-21 21:40:26 [runtime] (ready)           ID.F08548.SPATIAL_RNA_COUNTER_CS.SPATIAL_RNA_COUNTER.SPATIAL_POST_MATRIX_COMPUTATION.BIN_HD_DATA._BIN_HD_DATA._COMPUTE_BINNED_OUTPUTS.SPATIAL_BINNED_RNA_ANALYZER._ANTIGEN_ANALYZER.CALL_ANTIBODIES.fork_square_016um
2025-10-21 21:40:26 [runtime] (ready)           ID.F08548.SPATIAL_RNA_COUNTER_CS.SPATIAL_RNA_COUNTER.SPATIAL_POST_MATRIX_COMPUTATION.BIN_HD_DATA._BIN_HD_DATA._COMPUTE_BINNED_OUTPUTS.SPATIAL_BINNED_RNA_ANALYZER.RUN_MULTIGENOME_ANALYSIS.fork_square_002um
2025-10-21 21:40:26 [runtime] (ready)           ID.F08548.SPATIAL_RNA_COUNTER_CS.SPATIAL_RNA_COUNTER.SPATIAL_POST_MATRIX_COMPUTATION.BIN_HD_DATA._BIN_HD_DATA._COMPUTE_BINNED_OUTPUTS.SPATIAL_BINNED_RNA_ANALYZER.RUN_MULTIGENOME_ANALYSIS.fork_square_008um
2025-10-21 21:40:26 [runtime] (ready)           ID.F08548.SPATIAL_RNA_COUNTER_CS.SPATIAL_RNA_COUNTER.SPATIAL_POST_MATRIX_COMPUTATION.BIN_HD_DATA._BIN_HD_DATA._COMPUTE_BINNED_OUTPUTS.SPATIAL_BINNED_RNA_ANALYZER.RUN_MULTIGENOME_ANALYSIS.fork_square_016um
2025-10-21 21:40:26 [runtime] (ready)           ID.F08548.SPATIAL_RNA_COUNTER_CS.SPATIAL_RNA_COUNTER.SPATIAL_POST_MATRIX_COMPUTATION.BIN_HD_DATA._BIN_HD_DATA._COMPUTE_BINNED_OUTPUTS.SPATIAL_BINNED_RNA_ANALYZER.RUN_BATCH_CORRECTION_PCA.PCA_PREP.fork_square_002um
2025-10-21 21:40:26 [runtime] (ready)           ID.F08548.SPATIAL_RNA_COUNTER_CS.SPATIAL_RNA_COUNTER.SPATIAL_POST_MATRIX_COMPUTATION.BIN_HD_DATA._BIN_HD_DATA._COMPUTE_BINNED_OUTPUTS.SPATIAL_BINNED_RNA_ANALYZER.RUN_BATCH_CORRECTION_PCA.PCA_PREP.fork_square_008um
2025-10-21 21:40:26 [runtime] (ready)           ID.F08548.SPATIAL_RNA_COUNTER_CS.SPATIAL_RNA_COUNTER.SPATIAL_POST_MATRIX_COMPUTATION.BIN_HD_DATA._BIN_HD_DATA._COMPUTE_BINNED_OUTPUTS.SPATIAL_BINNED_RNA_ANALYZER.RUN_BATCH_CORRECTION_PCA.PCA_PREP.fork_square_016um
2025-10-21 21:40:26 [runtime] (ready)           ID.F08548.SPATIAL_RNA_COUNTER_CS.SPATIAL_RNA_COUNTER.SPATIAL_POST_MATRIX_COMPUTATION.BIN_HD_DATA._BIN_HD_DATA._COMPUTE_BINNED_OUTPUTS.SPATIAL_BINNED_RNA_ANALYZER._ANTIBODY_ANALYZER.SUMMARIZE_ANTIBODY_ANALYSIS.fork_square_002um
2025-10-21 21:40:26 [runtime] (ready)           ID.F08548.SPATIAL_RNA_COUNTER_CS.SPATIAL_RNA_COUNTER.SPATIAL_POST_MATRIX_COMPUTATION.BIN_HD_DATA._BIN_HD_DATA._COMPUTE_BINNED_OUTPUTS.SPATIAL_BINNED_RNA_ANALYZER._ANTIBODY_ANALYZER.SUMMARIZE_ANTIBODY_ANALYSIS.fork_square_008um
2025-10-21 21:40:26 [runtime] (ready)           ID.F08548.SPATIAL_RNA_COUNTER_CS.SPATIAL_RNA_COUNTER.SPATIAL_POST_MATRIX_COMPUTATION.BIN_HD_DATA._BIN_HD_DATA._COMPUTE_BINNED_OUTPUTS.SPATIAL_BINNED_RNA_ANALYZER._ANTIBODY_ANALYZER.SUMMARIZE_ANTIBODY_ANALYSIS.fork_square_016um
2025-10-21 21:40:27 [runtime] (ready)           ID.F08548.SPATIAL_RNA_COUNTER_CS.SPATIAL_RNA_COUNTER.SPATIAL_POST_MATRIX_COMPUTATION.BIN_HD_DATA._BIN_HD_DATA._COMPUTE_BINNED_OUTPUTS.SPATIAL_BINNED_RNA_ANALYZER.RUN_BATCH_CORRECTION_PCA.RUN_PCA2.fork_square_002um
2025-10-21 21:40:27 [runtime] (ready)           ID.F08548.SPATIAL_RNA_COUNTER_CS.SPATIAL_RNA_COUNTER.SPATIAL_POST_MATRIX_COMPUTATION.BIN_HD_DATA._BIN_HD_DATA._COMPUTE_BINNED_OUTPUTS.SPATIAL_BINNED_RNA_ANALYZER.RUN_BATCH_CORRECTION_PCA.RUN_PCA2.fork_square_008um
2025-10-21 21:40:27 [runtime] (ready)           ID.F08548.SPATIAL_RNA_COUNTER_CS.SPATIAL_RNA_COUNTER.SPATIAL_POST_MATRIX_COMPUTATION.BIN_HD_DATA._BIN_HD_DATA._COMPUTE_BINNED_OUTPUTS.SPATIAL_BINNED_RNA_ANALYZER.RUN_BATCH_CORRECTION_PCA.RUN_PCA2.fork_square_016um
2025-10-21 21:40:27 [runtime] (ready)           ID.F08548.SPATIAL_RNA_COUNTER_CS.SPATIAL_RNA_COUNTER.SPATIAL_POST_MATRIX_COMPUTATION.BIN_HD_DATA._BIN_HD_DATA._COMPUTE_BINNED_OUTPUTS.SPATIAL_BINNED_RNA_ANALYZER.RUN_BATCH_CORRECTION_PCA.POST_PCA.fork_square_002um
2025-10-21 21:40:27 [runtime] (ready)           ID.F08548.SPATIAL_RNA_COUNTER_CS.SPATIAL_RNA_COUNTER.SPATIAL_POST_MATRIX_COMPUTATION.BIN_HD_DATA._BIN_HD_DATA._COMPUTE_BINNED_OUTPUTS.SPATIAL_BINNED_RNA_ANALYZER.RUN_BATCH_CORRECTION_PCA.POST_PCA.fork_square_008um
2025-10-21 21:40:27 [runtime] (ready)           ID.F08548.SPATIAL_RNA_COUNTER_CS.SPATIAL_RNA_COUNTER.SPATIAL_POST_MATRIX_COMPUTATION.BIN_HD_DATA._BIN_HD_DATA._COMPUTE_BINNED_OUTPUTS.SPATIAL_BINNED_RNA_ANALYZER.RUN_BATCH_CORRECTION_PCA.POST_PCA.fork_square_016um
2025-10-21 21:40:27 [runtime] (ready)           ID.F08548.SPATIAL_RNA_COUNTER_CS.SPATIAL_RNA_COUNTER.SPATIAL_POST_MATRIX_COMPUTATION.BIN_HD_DATA._BIN_HD_DATA._COMPUTE_BINNED_OUTPUTS.SPATIAL_BINNED_RNA_ANALYZER.CORRECT_CHEMISTRY_BATCH.fork_square_002um
2025-10-21 21:40:27 [runtime] (ready)           ID.F08548.SPATIAL_RNA_COUNTER_CS.SPATIAL_RNA_COUNTER.SPATIAL_POST_MATRIX_COMPUTATION.BIN_HD_DATA._BIN_HD_DATA._COMPUTE_BINNED_OUTPUTS.SPATIAL_BINNED_RNA_ANALYZER.CORRECT_CHEMISTRY_BATCH.fork_square_008um
2025-10-21 21:40:27 [runtime] (ready)           ID.F08548.SPATIAL_RNA_COUNTER_CS.SPATIAL_RNA_COUNTER.SPATIAL_POST_MATRIX_COMPUTATION.BIN_HD_DATA._BIN_HD_DATA._COMPUTE_BINNED_OUTPUTS.SPATIAL_BINNED_RNA_ANALYZER.CORRECT_CHEMISTRY_BATCH.fork_square_016um
2025-10-21 21:40:27 [runtime] (ready)           ID.F08548.SPATIAL_RNA_COUNTER_CS.SPATIAL_RNA_COUNTER.SPATIAL_POST_MATRIX_COMPUTATION.BIN_HD_DATA._BIN_HD_DATA._COMPUTE_BINNED_OUTPUTS.SPATIAL_BINNED_RNA_ANALYZER.RUN_PCA.fork_square_002um
2025-10-21 21:40:27 [runtime] (ready)           ID.F08548.SPATIAL_RNA_COUNTER_CS.SPATIAL_RNA_COUNTER.SPATIAL_POST_MATRIX_COMPUTATION.BIN_HD_DATA._BIN_HD_DATA._COMPUTE_BINNED_OUTPUTS.SPATIAL_BINNED_RNA_ANALYZER.RUN_PCA.fork_square_008um
2025-10-21 21:40:27 [runtime] (run:local)       ID.F08548.SPATIAL_RNA_COUNTER_CS.SPATIAL_RNA_COUNTER.SPATIAL_POST_MATRIX_COMPUTATION.BIN_HD_DATA._BIN_HD_DATA._COMPUTE_BINNED_OUTPUTS.SPATIAL_BINNED_RNA_ANALYZER.RUN_PCA.fork_square_008um.split
2025-10-21 21:40:27 [runtime] (ready)           ID.F08548.SPATIAL_RNA_COUNTER_CS.SPATIAL_RNA_COUNTER.SPATIAL_POST_MATRIX_COMPUTATION.BIN_HD_DATA._BIN_HD_DATA._COMPUTE_BINNED_OUTPUTS.SPATIAL_BINNED_RNA_ANALYZER.RUN_PCA.fork_square_016um
2025-10-21 21:40:27 [runtime] (run:local)       ID.F08548.SPATIAL_RNA_COUNTER_CS.SPATIAL_RNA_COUNTER.SPATIAL_POST_MATRIX_COMPUTATION.BIN_HD_DATA._BIN_HD_DATA._COMPUTE_BINNED_OUTPUTS.SPATIAL_BINNED_RNA_ANALYZER.RUN_PCA.fork_square_016um.split
2025-10-21 21:40:27 [runtime] (split_complete)  ID.F08548.SPATIAL_RNA_COUNTER_CS.SPATIAL_RNA_COUNTER.SPATIAL_POST_MATRIX_COMPUTATION.BIN_HD_DATA._BIN_HD_DATA._COMPUTE_BINNED_OUTPUTS.SPATIAL_BINNED_RNA_ANALYZER.RUN_PCA.fork_square_008um
2025-10-21 21:40:27 [runtime] (run:local)       ID.F08548.SPATIAL_RNA_COUNTER_CS.SPATIAL_RNA_COUNTER.SPATIAL_POST_MATRIX_COMPUTATION.BIN_HD_DATA._BIN_HD_DATA._COMPUTE_BINNED_OUTPUTS.SPATIAL_BINNED_RNA_ANALYZER.RUN_PCA.fork_square_008um.chnk0.main
2025-10-21 21:40:27 [runtime] (split_complete)  ID.F08548.SPATIAL_RNA_COUNTER_CS.SPATIAL_RNA_COUNTER.SPATIAL_POST_MATRIX_COMPUTATION.BIN_HD_DATA._BIN_HD_DATA._COMPUTE_BINNED_OUTPUTS.SPATIAL_BINNED_RNA_ANALYZER.RUN_PCA.fork_square_016um
2025-10-21 21:40:27 [runtime] (run:local)       ID.F08548.SPATIAL_RNA_COUNTER_CS.SPATIAL_RNA_COUNTER.SPATIAL_POST_MATRIX_COMPUTATION.BIN_HD_DATA._BIN_HD_DATA._COMPUTE_BINNED_OUTPUTS.SPATIAL_BINNED_RNA_ANALYZER.RUN_PCA.fork_square_016um.chnk0.main
2025-10-21 21:40:28 [runtime] (chunks_complete) ID.F08548.SPATIAL_RNA_COUNTER_CS.SPATIAL_RNA_COUNTER.SPATIAL_POST_MATRIX_COMPUTATION.SPATIAL_RNA_ANALYZER.ANALYZER_PREFLIGHT
2025-10-21 21:40:28 [runtime] (ready)           ID.F08548.SPATIAL_RNA_COUNTER_CS.SPATIAL_RNA_COUNTER.SPATIAL_POST_MATRIX_COMPUTATION.SPATIAL_RNA_ANALYZER.PREPROCESS_MATRIX
2025-10-21 21:40:28 [runtime] (run:local)       ID.F08548.SPATIAL_RNA_COUNTER_CS.SPATIAL_RNA_COUNTER.SPATIAL_POST_MATRIX_COMPUTATION.SPATIAL_RNA_ANALYZER.PREPROCESS_MATRIX.fork0.split
2025-10-21 21:40:30 [runtime] (split_complete)  ID.F08548.SPATIAL_RNA_COUNTER_CS.SPATIAL_RNA_COUNTER.SPATIAL_POST_MATRIX_COMPUTATION.SPATIAL_RNA_ANALYZER.PREPROCESS_MATRIX
2025-10-21 21:40:30 [runtime] (run:local)       ID.F08548.SPATIAL_RNA_COUNTER_CS.SPATIAL_RNA_COUNTER.SPATIAL_POST_MATRIX_COMPUTATION.SPATIAL_RNA_ANALYZER.PREPROCESS_MATRIX.fork0.join
2025-10-21 21:40:30 [runtime] (split_complete)  ID.F08548.SPATIAL_RNA_COUNTER_CS.SPATIAL_RNA_COUNTER.SPATIAL_POST_MATRIX_COMPUTATION.RUN_SPATIAL_ENRICHMENT
2025-10-21 21:40:30 [runtime] (run:local)       ID.F08548.SPATIAL_RNA_COUNTER_CS.SPATIAL_RNA_COUNTER.SPATIAL_POST_MATRIX_COMPUTATION.RUN_SPATIAL_ENRICHMENT.fork0.join
2025-10-21 21:40:32 [runtime] (join_complete)   ID.F08548.SPATIAL_RNA_COUNTER_CS.SPATIAL_RNA_COUNTER.SPATIAL_POST_MATRIX_COMPUTATION.SPATIAL_RNA_ANALYZER.PREPROCESS_MATRIX
2025-10-21 21:40:32 [runtime] (ready)           ID.F08548.SPATIAL_RNA_COUNTER_CS.SPATIAL_RNA_COUNTER.SPATIAL_POST_MATRIX_COMPUTATION.SPATIAL_RNA_ANALYZER.RUN_BATCH_CORRECTION_PCA.PCA_PREP
2025-10-21 21:40:32 [runtime] (ready)           ID.F08548.SPATIAL_RNA_COUNTER_CS.SPATIAL_RNA_COUNTER.SPATIAL_POST_MATRIX_COMPUTATION.SPATIAL_RNA_ANALYZER._ANTIBODY_ANALYZER.SUMMARIZE_ANTIBODY_ANALYSIS
2025-10-21 21:40:32 [runtime] (ready)           ID.F08548.SPATIAL_RNA_COUNTER_CS.SPATIAL_RNA_COUNTER.SPATIAL_POST_MATRIX_COMPUTATION.SPATIAL_RNA_ANALYZER.RUN_MULTIGENOME_ANALYSIS
2025-10-21 21:40:32 [runtime] (ready)           ID.F08548.SPATIAL_RNA_COUNTER_CS.SPATIAL_RNA_COUNTER.SPATIAL_POST_MATRIX_COMPUTATION.SPATIAL_RNA_ANALYZER._ANTIBODY_ANALYZER.CALL_ANTIBODIES
2025-10-21 21:40:32 [runtime] (ready)           ID.F08548.SPATIAL_RNA_COUNTER_CS.SPATIAL_RNA_COUNTER.SPATIAL_POST_MATRIX_COMPUTATION.SPATIAL_RNA_ANALYZER.RUN_BATCH_CORRECTION_PCA.RUN_PCA2
2025-10-21 21:40:32 [runtime] (ready)           ID.F08548.SPATIAL_RNA_COUNTER_CS.SPATIAL_RNA_COUNTER.SPATIAL_POST_MATRIX_COMPUTATION.SPATIAL_RNA_ANALYZER._ANTIGEN_ANALYZER.CALL_ANTIBODIES
2025-10-21 21:40:32 [runtime] (ready)           ID.F08548.SPATIAL_RNA_COUNTER_CS.SPATIAL_RNA_COUNTER.SPATIAL_POST_MATRIX_COMPUTATION.SPATIAL_RNA_ANALYZER._ANTIGEN_ANALYZER.SUMMARIZE_ANTIBODY_ANALYSIS
2025-10-21 21:40:32 [runtime] (ready)           ID.F08548.SPATIAL_RNA_COUNTER_CS.SPATIAL_RNA_COUNTER.SPATIAL_POST_MATRIX_COMPUTATION.SPATIAL_RNA_ANALYZER.RUN_BATCH_CORRECTION_PCA.POST_PCA
2025-10-21 21:40:32 [runtime] (ready)           ID.F08548.SPATIAL_RNA_COUNTER_CS.SPATIAL_RNA_COUNTER.SPATIAL_POST_MATRIX_COMPUTATION.SPATIAL_RNA_ANALYZER.CORRECT_CHEMISTRY_BATCH
2025-10-21 21:40:32 [runtime] (join_complete)   ID.F08548.SPATIAL_RNA_COUNTER_CS.SPATIAL_RNA_COUNTER.SPATIAL_POST_MATRIX_COMPUTATION.RUN_SPATIAL_ENRICHMENT
2025-10-21 21:40:32 [runtime] (ready)           ID.F08548.SPATIAL_RNA_COUNTER_CS.SPATIAL_RNA_COUNTER.SPATIAL_POST_MATRIX_COMPUTATION.SPATIAL_RNA_ANALYZER.RUN_PCA
2025-10-21 21:40:32 [runtime] (ready)           ID.F08548.SPATIAL_RNA_COUNTER_CS.SPATIAL_RNA_COUNTER.SPATIAL_POST_MATRIX_COMPUTATION.SPATIAL_RNA_ANALYZER.RUN_TSNE
2025-10-21 21:40:32 [runtime] (ready)           ID.F08548.SPATIAL_RNA_COUNTER_CS.SPATIAL_RNA_COUNTER.SPATIAL_POST_MATRIX_COMPUTATION.SPATIAL_FOLDER_COLLECTOR
2025-10-21 21:40:32 [runtime] (run:local)       ID.F08548.SPATIAL_RNA_COUNTER_CS.SPATIAL_RNA_COUNTER.SPATIAL_POST_MATRIX_COMPUTATION.SPATIAL_FOLDER_COLLECTOR.fork0.chnk0.main
2025-10-21 21:40:32 [runtime] (ready)           ID.F08548.SPATIAL_RNA_COUNTER_CS.SPATIAL_RNA_COUNTER.SPATIAL_POST_MATRIX_COMPUTATION.SPATIAL_RNA_ANALYZER.RUN_GRAPH_CLUSTERING
2025-10-21 21:40:32 [runtime] (ready)           ID.F08548.SPATIAL_RNA_COUNTER_CS.SPATIAL_RNA_COUNTER.SPATIAL_POST_MATRIX_COMPUTATION.SPATIAL_RNA_ANALYZER.RUN_KMEANS
2025-10-21 21:40:33 [runtime] (ready)           ID.F08548.SPATIAL_RNA_COUNTER_CS.SPATIAL_RNA_COUNTER.SPATIAL_POST_MATRIX_COMPUTATION.SPATIAL_RNA_ANALYZER.RUN_UMAP
2025-10-21 21:40:33 [runtime] (ready)           ID.F08548.SPATIAL_RNA_COUNTER_CS.SPATIAL_RNA_COUNTER.SPATIAL_POST_MATRIX_COMPUTATION.SPATIAL_RNA_ANALYZER.RUN_HIERARCHICAL_CLUSTERING
2025-10-21 21:40:33 [runtime] (ready)           ID.F08548.SPATIAL_RNA_COUNTER_CS.SPATIAL_RNA_COUNTER.SPATIAL_POST_MATRIX_COMPUTATION.SPATIAL_RNA_ANALYZER.COMBINE_CLUSTERING
2025-10-21 21:40:33 [runtime] (ready)           ID.F08548.SPATIAL_RNA_COUNTER_CS.SPATIAL_RNA_COUNTER.SPATIAL_POST_MATRIX_COMPUTATION.SPATIAL_RNA_ANALYZER.RUN_DIFFERENTIAL_EXPRESSION
2025-10-21 21:40:33 [runtime] (ready)           ID.F08548.SPATIAL_RNA_COUNTER_CS.SPATIAL_RNA_COUNTER.SPATIAL_POST_MATRIX_COMPUTATION.SPATIAL_RNA_ANALYZER.SUMMARIZE_ANALYSIS
2025-10-21 21:40:33 [runtime] (ready)           ID.F08548.SPATIAL_RNA_COUNTER_CS.SPATIAL_RNA_COUNTER.SPATIAL_POST_MATRIX_COMPUTATION.DECONVOLVE_SPOTS
2025-10-21 21:40:33 [runtime] (chunks_complete) ID.F08548.SPATIAL_RNA_COUNTER_CS.SPATIAL_RNA_COUNTER.SPATIAL_POST_MATRIX_COMPUTATION.SPATIAL_FOLDER_COLLECTOR
2025-10-21 21:40:33 [runtime] (ready)           ID.F08548.SPATIAL_RNA_COUNTER_CS.SPATIAL_RNA_COUNTER.SPATIAL_POST_MATRIX_COMPUTATION.HD_WEBSUMMARY_BUILDER.CREATE_HD_WEBSUMMARY_IMAGE
2025-10-21 21:40:33 [runtime] (run:local)       ID.F08548.SPATIAL_RNA_COUNTER_CS.SPATIAL_RNA_COUNTER.SPATIAL_POST_MATRIX_COMPUTATION.HD_WEBSUMMARY_BUILDER.CREATE_HD_WEBSUMMARY_IMAGE.fork0.chnk0.main
2025-10-21 21:40:35 [runtime] (chunks_complete) ID.F08548.SPATIAL_RNA_COUNTER_CS.SPATIAL_RNA_COUNTER.SPATIAL_POST_MATRIX_COMPUTATION.HD_WEBSUMMARY_BUILDER.CREATE_HD_WEBSUMMARY_IMAGE
2025-10-21 21:40:46 [runtime] (chunks_complete) ID.F08548.SPATIAL_RNA_COUNTER_CS.SPATIAL_RNA_COUNTER.SPATIAL_POST_MATRIX_COMPUTATION.BIN_HD_DATA._BIN_HD_DATA._COMPUTE_BINNED_OUTPUTS.SPATIAL_BINNED_RNA_ANALYZER.RUN_PCA.fork_square_016um
2025-10-21 21:40:46 [runtime] (run:local)       ID.F08548.SPATIAL_RNA_COUNTER_CS.SPATIAL_RNA_COUNTER.SPATIAL_POST_MATRIX_COMPUTATION.BIN_HD_DATA._BIN_HD_DATA._COMPUTE_BINNED_OUTPUTS.SPATIAL_BINNED_RNA_ANALYZER.RUN_PCA.fork_square_016um.join
2025-10-21 21:40:47 [runtime] (join_complete)   ID.F08548.SPATIAL_RNA_COUNTER_CS.SPATIAL_RNA_COUNTER.SPATIAL_POST_MATRIX_COMPUTATION.BIN_HD_DATA._BIN_HD_DATA._COMPUTE_BINNED_OUTPUTS.SPATIAL_BINNED_RNA_ANALYZER.RUN_PCA.fork_square_016um
2025-10-21 21:40:50 [runtime] (complete)        ID.F08548.SPATIAL_RNA_COUNTER_CS.SPATIAL_RNA_COUNTER.SPATIAL_POST_MATRIX_COMPUTATION.BIN_HD_DATA._BIN_HD_DATA._COMPUTE_BINNED_OUTPUTS.SPATIAL_BINNED_RNA_ANALYZER.RUN_PCA.fork_square_016um
2025-10-21 21:40:53 [runtime] (complete)        ID.F08548.SPATIAL_RNA_COUNTER_CS.SPATIAL_RNA_COUNTER.SPATIAL_POST_MATRIX_COMPUTATION.BIN_HD_DATA._BIN_HD_DATA._COMPUTE_BINNED_OUTPUTS.SPATIAL_BINNED_RNA_ANALYZER.RUN_PCA.fork_square_016um
2025-10-21 21:40:56 [runtime] (complete)        ID.F08548.SPATIAL_RNA_COUNTER_CS.SPATIAL_RNA_COUNTER.SPATIAL_POST_MATRIX_COMPUTATION.BIN_HD_DATA._BIN_HD_DATA._COMPUTE_BINNED_OUTPUTS.SPATIAL_BINNED_RNA_ANALYZER.RUN_PCA.fork_square_016um
2025-10-21 21:40:59 [runtime] (complete)        ID.F08548.SPATIAL_RNA_COUNTER_CS.SPATIAL_RNA_COUNTER.SPATIAL_POST_MATRIX_COMPUTATION.BIN_HD_DATA._BIN_HD_DATA._COMPUTE_BINNED_OUTPUTS.SPATIAL_BINNED_RNA_ANALYZER.RUN_PCA.fork_square_016um
2025-10-21 21:41:01 [runtime] (chunks_complete) ID.F08548.SPATIAL_RNA_COUNTER_CS.SPATIAL_RNA_COUNTER.SPATIAL_POST_MATRIX_COMPUTATION.BIN_HD_DATA._BIN_HD_DATA._COMPUTE_BINNED_OUTPUTS.SPATIAL_BINNED_RNA_ANALYZER.RUN_PCA.fork_square_008um
2025-10-21 21:41:01 [runtime] (run:local)       ID.F08548.SPATIAL_RNA_COUNTER_CS.SPATIAL_RNA_COUNTER.SPATIAL_POST_MATRIX_COMPUTATION.BIN_HD_DATA._BIN_HD_DATA._COMPUTE_BINNED_OUTPUTS.SPATIAL_BINNED_RNA_ANALYZER.RUN_PCA.fork_square_008um.join
2025-10-21 21:41:01 [runtime] (complete)        ID.F08548.SPATIAL_RNA_COUNTER_CS.SPATIAL_RNA_COUNTER.SPATIAL_POST_MATRIX_COMPUTATION.BIN_HD_DATA._BIN_HD_DATA._COMPUTE_BINNED_OUTPUTS.SPATIAL_BINNED_RNA_ANALYZER.RUN_PCA.fork_square_016um
2025-10-21 21:41:04 [runtime] (complete)        ID.F08548.SPATIAL_RNA_COUNTER_CS.SPATIAL_RNA_COUNTER.SPATIAL_POST_MATRIX_COMPUTATION.BIN_HD_DATA._BIN_HD_DATA._COMPUTE_BINNED_OUTPUTS.SPATIAL_BINNED_RNA_ANALYZER.RUN_PCA.fork_square_016um
2025-10-21 21:41:05 [runtime] (join_complete)   ID.F08548.SPATIAL_RNA_COUNTER_CS.SPATIAL_RNA_COUNTER.SPATIAL_POST_MATRIX_COMPUTATION.BIN_HD_DATA._BIN_HD_DATA._COMPUTE_BINNED_OUTPUTS.SPATIAL_BINNED_RNA_ANALYZER.RUN_PCA.fork_square_008um
2025-10-21 21:41:05 [runtime] (complete)        ID.F08548.SPATIAL_RNA_COUNTER_CS.SPATIAL_RNA_COUNTER.SPATIAL_POST_MATRIX_COMPUTATION.BIN_HD_DATA._BIN_HD_DATA._COMPUTE_BINNED_OUTPUTS.SPATIAL_BINNED_RNA_ANALYZER.RUN_PCA.fork_square_016um
2025-10-21 21:41:05 [runtime] (ready)           ID.F08548.SPATIAL_RNA_COUNTER_CS.SPATIAL_RNA_COUNTER.SPATIAL_POST_MATRIX_COMPUTATION.BIN_HD_DATA._BIN_HD_DATA._COMPUTE_BINNED_OUTPUTS.SPATIAL_BINNED_RNA_ANALYZER.RUN_TSNE.fork_square_002um
2025-10-21 21:41:05 [runtime] (ready)           ID.F08548.SPATIAL_RNA_COUNTER_CS.SPATIAL_RNA_COUNTER.SPATIAL_POST_MATRIX_COMPUTATION.BIN_HD_DATA._BIN_HD_DATA._COMPUTE_BINNED_OUTPUTS.SPATIAL_BINNED_RNA_ANALYZER.RUN_TSNE.fork_square_008um
2025-10-21 21:41:05 [runtime] (ready)           ID.F08548.SPATIAL_RNA_COUNTER_CS.SPATIAL_RNA_COUNTER.SPATIAL_POST_MATRIX_COMPUTATION.BIN_HD_DATA._BIN_HD_DATA._COMPUTE_BINNED_OUTPUTS.SPATIAL_BINNED_RNA_ANALYZER.RUN_TSNE.fork_square_016um
2025-10-21 21:41:05 [runtime] (ready)           ID.F08548.SPATIAL_RNA_COUNTER_CS.SPATIAL_RNA_COUNTER.SPATIAL_POST_MATRIX_COMPUTATION.BIN_HD_DATA._BIN_HD_DATA._COMPUTE_BINNED_OUTPUTS.SPATIAL_BINNED_RNA_ANALYZER.RUN_GRAPH_CLUSTERING.fork_square_002um
2025-10-21 21:41:05 [runtime] (ready)           ID.F08548.SPATIAL_RNA_COUNTER_CS.SPATIAL_RNA_COUNTER.SPATIAL_POST_MATRIX_COMPUTATION.BIN_HD_DATA._BIN_HD_DATA._COMPUTE_BINNED_OUTPUTS.SPATIAL_BINNED_RNA_ANALYZER.RUN_GRAPH_CLUSTERING.fork_square_008um
2025-10-21 21:41:05 [runtime] (run:local)       ID.F08548.SPATIAL_RNA_COUNTER_CS.SPATIAL_RNA_COUNTER.SPATIAL_POST_MATRIX_COMPUTATION.BIN_HD_DATA._BIN_HD_DATA._COMPUTE_BINNED_OUTPUTS.SPATIAL_BINNED_RNA_ANALYZER.RUN_GRAPH_CLUSTERING.fork_square_008um.split
2025-10-21 21:41:05 [runtime] (ready)           ID.F08548.SPATIAL_RNA_COUNTER_CS.SPATIAL_RNA_COUNTER.SPATIAL_POST_MATRIX_COMPUTATION.BIN_HD_DATA._BIN_HD_DATA._COMPUTE_BINNED_OUTPUTS.SPATIAL_BINNED_RNA_ANALYZER.RUN_GRAPH_CLUSTERING.fork_square_016um
2025-10-21 21:41:05 [runtime] (run:local)       ID.F08548.SPATIAL_RNA_COUNTER_CS.SPATIAL_RNA_COUNTER.SPATIAL_POST_MATRIX_COMPUTATION.BIN_HD_DATA._BIN_HD_DATA._COMPUTE_BINNED_OUTPUTS.SPATIAL_BINNED_RNA_ANALYZER.RUN_GRAPH_CLUSTERING.fork_square_016um.split
2025-10-21 21:41:05 [runtime] (ready)           ID.F08548.SPATIAL_RNA_COUNTER_CS.SPATIAL_RNA_COUNTER.SPATIAL_POST_MATRIX_COMPUTATION.BIN_HD_DATA._BIN_HD_DATA._COMPUTE_BINNED_OUTPUTS.SPATIAL_BINNED_RNA_ANALYZER.RUN_UMAP.fork_square_002um
2025-10-21 21:41:05 [runtime] (ready)           ID.F08548.SPATIAL_RNA_COUNTER_CS.SPATIAL_RNA_COUNTER.SPATIAL_POST_MATRIX_COMPUTATION.BIN_HD_DATA._BIN_HD_DATA._COMPUTE_BINNED_OUTPUTS.SPATIAL_BINNED_RNA_ANALYZER.RUN_UMAP.fork_square_008um
2025-10-21 21:41:05 [runtime] (run:local)       ID.F08548.SPATIAL_RNA_COUNTER_CS.SPATIAL_RNA_COUNTER.SPATIAL_POST_MATRIX_COMPUTATION.BIN_HD_DATA._BIN_HD_DATA._COMPUTE_BINNED_OUTPUTS.SPATIAL_BINNED_RNA_ANALYZER.RUN_UMAP.fork_square_008um.split
2025-10-21 21:41:05 [runtime] (ready)           ID.F08548.SPATIAL_RNA_COUNTER_CS.SPATIAL_RNA_COUNTER.SPATIAL_POST_MATRIX_COMPUTATION.BIN_HD_DATA._BIN_HD_DATA._COMPUTE_BINNED_OUTPUTS.SPATIAL_BINNED_RNA_ANALYZER.RUN_UMAP.fork_square_016um
2025-10-21 21:41:05 [runtime] (run:local)       ID.F08548.SPATIAL_RNA_COUNTER_CS.SPATIAL_RNA_COUNTER.SPATIAL_POST_MATRIX_COMPUTATION.BIN_HD_DATA._BIN_HD_DATA._COMPUTE_BINNED_OUTPUTS.SPATIAL_BINNED_RNA_ANALYZER.RUN_UMAP.fork_square_016um.split
2025-10-21 21:41:05 [runtime] (ready)           ID.F08548.SPATIAL_RNA_COUNTER_CS.SPATIAL_RNA_COUNTER.SPATIAL_POST_MATRIX_COMPUTATION.BIN_HD_DATA._BIN_HD_DATA._COMPUTE_BINNED_OUTPUTS.SPATIAL_BINNED_RNA_ANALYZER.RUN_KMEANS.fork_square_002um
2025-10-21 21:41:05 [runtime] (ready)           ID.F08548.SPATIAL_RNA_COUNTER_CS.SPATIAL_RNA_COUNTER.SPATIAL_POST_MATRIX_COMPUTATION.BIN_HD_DATA._BIN_HD_DATA._COMPUTE_BINNED_OUTPUTS.SPATIAL_BINNED_RNA_ANALYZER.RUN_KMEANS.fork_square_008um
2025-10-21 21:41:05 [runtime] (run:local)       ID.F08548.SPATIAL_RNA_COUNTER_CS.SPATIAL_RNA_COUNTER.SPATIAL_POST_MATRIX_COMPUTATION.BIN_HD_DATA._BIN_HD_DATA._COMPUTE_BINNED_OUTPUTS.SPATIAL_BINNED_RNA_ANALYZER.RUN_KMEANS.fork_square_008um.split
2025-10-21 21:41:05 [runtime] (ready)           ID.F08548.SPATIAL_RNA_COUNTER_CS.SPATIAL_RNA_COUNTER.SPATIAL_POST_MATRIX_COMPUTATION.BIN_HD_DATA._BIN_HD_DATA._COMPUTE_BINNED_OUTPUTS.SPATIAL_BINNED_RNA_ANALYZER.RUN_KMEANS.fork_square_016um
2025-10-21 21:41:05 [runtime] (run:local)       ID.F08548.SPATIAL_RNA_COUNTER_CS.SPATIAL_RNA_COUNTER.SPATIAL_POST_MATRIX_COMPUTATION.BIN_HD_DATA._BIN_HD_DATA._COMPUTE_BINNED_OUTPUTS.SPATIAL_BINNED_RNA_ANALYZER.RUN_KMEANS.fork_square_016um.split
2025-10-21 21:41:05 [runtime] (split_complete)  ID.F08548.SPATIAL_RNA_COUNTER_CS.SPATIAL_RNA_COUNTER.SPATIAL_POST_MATRIX_COMPUTATION.BIN_HD_DATA._BIN_HD_DATA._COMPUTE_BINNED_OUTPUTS.SPATIAL_BINNED_RNA_ANALYZER.RUN_GRAPH_CLUSTERING.fork_square_008um
2025-10-21 21:41:05 [runtime] (run:local)       ID.F08548.SPATIAL_RNA_COUNTER_CS.SPATIAL_RNA_COUNTER.SPATIAL_POST_MATRIX_COMPUTATION.BIN_HD_DATA._BIN_HD_DATA._COMPUTE_BINNED_OUTPUTS.SPATIAL_BINNED_RNA_ANALYZER.RUN_GRAPH_CLUSTERING.fork_square_008um.chnk0.main
2025-10-21 21:41:05 [runtime] (split_complete)  ID.F08548.SPATIAL_RNA_COUNTER_CS.SPATIAL_RNA_COUNTER.SPATIAL_POST_MATRIX_COMPUTATION.BIN_HD_DATA._BIN_HD_DATA._COMPUTE_BINNED_OUTPUTS.SPATIAL_BINNED_RNA_ANALYZER.RUN_UMAP.fork_square_008um
2025-10-21 21:41:05 [runtime] (run:local)       ID.F08548.SPATIAL_RNA_COUNTER_CS.SPATIAL_RNA_COUNTER.SPATIAL_POST_MATRIX_COMPUTATION.BIN_HD_DATA._BIN_HD_DATA._COMPUTE_BINNED_OUTPUTS.SPATIAL_BINNED_RNA_ANALYZER.RUN_UMAP.fork_square_008um.chnk0.main
2025-10-21 21:41:05 [runtime] (split_complete)  ID.F08548.SPATIAL_RNA_COUNTER_CS.SPATIAL_RNA_COUNTER.SPATIAL_POST_MATRIX_COMPUTATION.BIN_HD_DATA._BIN_HD_DATA._COMPUTE_BINNED_OUTPUTS.SPATIAL_BINNED_RNA_ANALYZER.RUN_UMAP.fork_square_016um
2025-10-21 21:41:05 [runtime] (run:local)       ID.F08548.SPATIAL_RNA_COUNTER_CS.SPATIAL_RNA_COUNTER.SPATIAL_POST_MATRIX_COMPUTATION.BIN_HD_DATA._BIN_HD_DATA._COMPUTE_BINNED_OUTPUTS.SPATIAL_BINNED_RNA_ANALYZER.RUN_UMAP.fork_square_016um.chnk0.main
2025-10-21 21:41:05 [runtime] (split_complete)  ID.F08548.SPATIAL_RNA_COUNTER_CS.SPATIAL_RNA_COUNTER.SPATIAL_POST_MATRIX_COMPUTATION.BIN_HD_DATA._BIN_HD_DATA._COMPUTE_BINNED_OUTPUTS.SPATIAL_BINNED_RNA_ANALYZER.RUN_GRAPH_CLUSTERING.fork_square_016um
2025-10-21 21:41:05 [runtime] (run:local)       ID.F08548.SPATIAL_RNA_COUNTER_CS.SPATIAL_RNA_COUNTER.SPATIAL_POST_MATRIX_COMPUTATION.BIN_HD_DATA._BIN_HD_DATA._COMPUTE_BINNED_OUTPUTS.SPATIAL_BINNED_RNA_ANALYZER.RUN_GRAPH_CLUSTERING.fork_square_016um.chnk0.main
2025-10-21 21:41:08 [runtime] (split_complete)  ID.F08548.SPATIAL_RNA_COUNTER_CS.SPATIAL_RNA_COUNTER.SPATIAL_POST_MATRIX_COMPUTATION.BIN_HD_DATA._BIN_HD_DATA._COMPUTE_BINNED_OUTPUTS.SPATIAL_BINNED_RNA_ANALYZER.RUN_KMEANS.fork_square_008um
2025-10-21 21:41:08 [runtime] (run:local)       ID.F08548.SPATIAL_RNA_COUNTER_CS.SPATIAL_RNA_COUNTER.SPATIAL_POST_MATRIX_COMPUTATION.BIN_HD_DATA._BIN_HD_DATA._COMPUTE_BINNED_OUTPUTS.SPATIAL_BINNED_RNA_ANALYZER.RUN_KMEANS.fork_square_008um.chnk0.main
2025-10-21 21:41:08 [runtime] (run:local)       ID.F08548.SPATIAL_RNA_COUNTER_CS.SPATIAL_RNA_COUNTER.SPATIAL_POST_MATRIX_COMPUTATION.BIN_HD_DATA._BIN_HD_DATA._COMPUTE_BINNED_OUTPUTS.SPATIAL_BINNED_RNA_ANALYZER.RUN_KMEANS.fork_square_008um.chnk1.main
2025-10-21 21:41:08 [runtime] (run:local)       ID.F08548.SPATIAL_RNA_COUNTER_CS.SPATIAL_RNA_COUNTER.SPATIAL_POST_MATRIX_COMPUTATION.BIN_HD_DATA._BIN_HD_DATA._COMPUTE_BINNED_OUTPUTS.SPATIAL_BINNED_RNA_ANALYZER.RUN_KMEANS.fork_square_008um.chnk2.main
2025-10-21 21:41:08 [runtime] (run:local)       ID.F08548.SPATIAL_RNA_COUNTER_CS.SPATIAL_RNA_COUNTER.SPATIAL_POST_MATRIX_COMPUTATION.BIN_HD_DATA._BIN_HD_DATA._COMPUTE_BINNED_OUTPUTS.SPATIAL_BINNED_RNA_ANALYZER.RUN_KMEANS.fork_square_008um.chnk3.main
2025-10-21 21:41:09 [runtime] (run:local)       ID.F08548.SPATIAL_RNA_COUNTER_CS.SPATIAL_RNA_COUNTER.SPATIAL_POST_MATRIX_COMPUTATION.BIN_HD_DATA._BIN_HD_DATA._COMPUTE_BINNED_OUTPUTS.SPATIAL_BINNED_RNA_ANALYZER.RUN_KMEANS.fork_square_008um.chnk4.main
2025-10-21 21:41:09 [runtime] (run:local)       ID.F08548.SPATIAL_RNA_COUNTER_CS.SPATIAL_RNA_COUNTER.SPATIAL_POST_MATRIX_COMPUTATION.BIN_HD_DATA._BIN_HD_DATA._COMPUTE_BINNED_OUTPUTS.SPATIAL_BINNED_RNA_ANALYZER.RUN_KMEANS.fork_square_008um.chnk5.main
2025-10-21 21:41:09 [runtime] (run:local)       ID.F08548.SPATIAL_RNA_COUNTER_CS.SPATIAL_RNA_COUNTER.SPATIAL_POST_MATRIX_COMPUTATION.BIN_HD_DATA._BIN_HD_DATA._COMPUTE_BINNED_OUTPUTS.SPATIAL_BINNED_RNA_ANALYZER.RUN_KMEANS.fork_square_008um.chnk6.main
2025-10-21 21:41:09 [runtime] (run:local)       ID.F08548.SPATIAL_RNA_COUNTER_CS.SPATIAL_RNA_COUNTER.SPATIAL_POST_MATRIX_COMPUTATION.BIN_HD_DATA._BIN_HD_DATA._COMPUTE_BINNED_OUTPUTS.SPATIAL_BINNED_RNA_ANALYZER.RUN_KMEANS.fork_square_008um.chnk7.main
2025-10-21 21:41:09 [runtime] (run:local)       ID.F08548.SPATIAL_RNA_COUNTER_CS.SPATIAL_RNA_COUNTER.SPATIAL_POST_MATRIX_COMPUTATION.BIN_HD_DATA._BIN_HD_DATA._COMPUTE_BINNED_OUTPUTS.SPATIAL_BINNED_RNA_ANALYZER.RUN_KMEANS.fork_square_008um.chnk8.main
2025-10-21 21:41:09 [runtime] (split_complete)  ID.F08548.SPATIAL_RNA_COUNTER_CS.SPATIAL_RNA_COUNTER.SPATIAL_POST_MATRIX_COMPUTATION.BIN_HD_DATA._BIN_HD_DATA._COMPUTE_BINNED_OUTPUTS.SPATIAL_BINNED_RNA_ANALYZER.RUN_KMEANS.fork_square_016um
2025-10-21 21:41:09 [runtime] (run:local)       ID.F08548.SPATIAL_RNA_COUNTER_CS.SPATIAL_RNA_COUNTER.SPATIAL_POST_MATRIX_COMPUTATION.BIN_HD_DATA._BIN_HD_DATA._COMPUTE_BINNED_OUTPUTS.SPATIAL_BINNED_RNA_ANALYZER.RUN_KMEANS.fork_square_016um.chnk0.main
2025-10-21 21:41:09 [runtime] (run:local)       ID.F08548.SPATIAL_RNA_COUNTER_CS.SPATIAL_RNA_COUNTER.SPATIAL_POST_MATRIX_COMPUTATION.BIN_HD_DATA._BIN_HD_DATA._COMPUTE_BINNED_OUTPUTS.SPATIAL_BINNED_RNA_ANALYZER.RUN_KMEANS.fork_square_016um.chnk1.main
2025-10-21 21:41:09 [runtime] (run:local)       ID.F08548.SPATIAL_RNA_COUNTER_CS.SPATIAL_RNA_COUNTER.SPATIAL_POST_MATRIX_COMPUTATION.BIN_HD_DATA._BIN_HD_DATA._COMPUTE_BINNED_OUTPUTS.SPATIAL_BINNED_RNA_ANALYZER.RUN_KMEANS.fork_square_016um.chnk2.main
2025-10-21 21:41:09 [runtime] (run:local)       ID.F08548.SPATIAL_RNA_COUNTER_CS.SPATIAL_RNA_COUNTER.SPATIAL_POST_MATRIX_COMPUTATION.BIN_HD_DATA._BIN_HD_DATA._COMPUTE_BINNED_OUTPUTS.SPATIAL_BINNED_RNA_ANALYZER.RUN_KMEANS.fork_square_016um.chnk3.main
2025-10-21 21:41:09 [runtime] (run:local)       ID.F08548.SPATIAL_RNA_COUNTER_CS.SPATIAL_RNA_COUNTER.SPATIAL_POST_MATRIX_COMPUTATION.BIN_HD_DATA._BIN_HD_DATA._COMPUTE_BINNED_OUTPUTS.SPATIAL_BINNED_RNA_ANALYZER.RUN_KMEANS.fork_square_016um.chnk4.main
2025-10-21 21:41:09 [runtime] (run:local)       ID.F08548.SPATIAL_RNA_COUNTER_CS.SPATIAL_RNA_COUNTER.SPATIAL_POST_MATRIX_COMPUTATION.BIN_HD_DATA._BIN_HD_DATA._COMPUTE_BINNED_OUTPUTS.SPATIAL_BINNED_RNA_ANALYZER.RUN_KMEANS.fork_square_016um.chnk5.main
2025-10-21 21:41:09 [runtime] (run:local)       ID.F08548.SPATIAL_RNA_COUNTER_CS.SPATIAL_RNA_COUNTER.SPATIAL_POST_MATRIX_COMPUTATION.BIN_HD_DATA._BIN_HD_DATA._COMPUTE_BINNED_OUTPUTS.SPATIAL_BINNED_RNA_ANALYZER.RUN_KMEANS.fork_square_016um.chnk6.main
2025-10-21 21:41:09 [runtime] (run:local)       ID.F08548.SPATIAL_RNA_COUNTER_CS.SPATIAL_RNA_COUNTER.SPATIAL_POST_MATRIX_COMPUTATION.BIN_HD_DATA._BIN_HD_DATA._COMPUTE_BINNED_OUTPUTS.SPATIAL_BINNED_RNA_ANALYZER.RUN_KMEANS.fork_square_016um.chnk7.main
2025-10-21 21:41:09 [runtime] (run:local)       ID.F08548.SPATIAL_RNA_COUNTER_CS.SPATIAL_RNA_COUNTER.SPATIAL_POST_MATRIX_COMPUTATION.BIN_HD_DATA._BIN_HD_DATA._COMPUTE_BINNED_OUTPUTS.SPATIAL_BINNED_RNA_ANALYZER.RUN_KMEANS.fork_square_016um.chnk8.main
2025-10-21 21:41:23 [runtime] (chunks_complete) ID.F08548.SPATIAL_RNA_COUNTER_CS.SPATIAL_RNA_COUNTER.SPATIAL_POST_MATRIX_COMPUTATION._POST_MATRIX_COMPUTATION.COLLATE_PROBE_METRICS
2025-10-21 21:41:23 [runtime] (ready)           ID.F08548.SPATIAL_RNA_COUNTER_CS.SPATIAL_RNA_COUNTER.SPATIAL_POST_MATRIX_COMPUTATION._POST_MATRIX_COMPUTATION._CELLS_REPORTER.WRITE_MOLECULE_INFO
2025-10-21 21:41:23 [runtime] (run:local)       ID.F08548.SPATIAL_RNA_COUNTER_CS.SPATIAL_RNA_COUNTER.SPATIAL_POST_MATRIX_COMPUTATION._POST_MATRIX_COMPUTATION._CELLS_REPORTER.WRITE_MOLECULE_INFO.fork0.split
2025-10-21 21:41:23 [runtime] (ready)           ID.F08548.SPATIAL_RNA_COUNTER_CS.SPATIAL_RNA_COUNTER.SPATIAL_POST_MATRIX_COMPUTATION.BIN_HD_DATA._BIN_HD_DATA._COMPUTE_BINNED_OUTPUTS.PICK_PROBE_BC_MATRIX.fork_square_002um
2025-10-21 21:41:23 [runtime] (run:local)       ID.F08548.SPATIAL_RNA_COUNTER_CS.SPATIAL_RNA_COUNTER.SPATIAL_POST_MATRIX_COMPUTATION.BIN_HD_DATA._BIN_HD_DATA._COMPUTE_BINNED_OUTPUTS.PICK_PROBE_BC_MATRIX.fork_square_002um.chnk0.main
2025-10-21 21:41:23 [runtime] (ready)           ID.F08548.SPATIAL_RNA_COUNTER_CS.SPATIAL_RNA_COUNTER.SPATIAL_POST_MATRIX_COMPUTATION.BIN_HD_DATA._BIN_HD_DATA._COMPUTE_BINNED_OUTPUTS.PICK_PROBE_BC_MATRIX.fork_square_008um
2025-10-21 21:41:23 [runtime] (run:local)       ID.F08548.SPATIAL_RNA_COUNTER_CS.SPATIAL_RNA_COUNTER.SPATIAL_POST_MATRIX_COMPUTATION.BIN_HD_DATA._BIN_HD_DATA._COMPUTE_BINNED_OUTPUTS.PICK_PROBE_BC_MATRIX.fork_square_008um.chnk0.main
2025-10-21 21:41:23 [runtime] (ready)           ID.F08548.SPATIAL_RNA_COUNTER_CS.SPATIAL_RNA_COUNTER.SPATIAL_POST_MATRIX_COMPUTATION.BIN_HD_DATA._BIN_HD_DATA._COMPUTE_BINNED_OUTPUTS.PICK_PROBE_BC_MATRIX.fork_square_016um
2025-10-21 21:41:23 [runtime] (run:local)       ID.F08548.SPATIAL_RNA_COUNTER_CS.SPATIAL_RNA_COUNTER.SPATIAL_POST_MATRIX_COMPUTATION.BIN_HD_DATA._BIN_HD_DATA._COMPUTE_BINNED_OUTPUTS.PICK_PROBE_BC_MATRIX.fork_square_016um.chnk0.main
2025-10-21 21:47:07 [runtime] (update)          ID.F08548.SPATIAL_RNA_COUNTER_CS.SPATIAL_RNA_COUNTER.SPATIAL_POST_MATRIX_COMPUTATION.BIN_HD_DATA._BIN_HD_DATA._COMPUTE_BINNED_OUTPUTS.SPATIAL_BINNED_RNA_ANALYZER.RUN_GRAPH_CLUSTERING.fork_square_008um chunks_running
2025-10-21 21:53:09 [runtime] (update)          ID.F08548.SPATIAL_RNA_COUNTER_CS.SPATIAL_RNA_COUNTER.SPATIAL_POST_MATRIX_COMPUTATION.BIN_HD_DATA._BIN_HD_DATA._COMPUTE_BINNED_OUTPUTS.SPATIAL_BINNED_RNA_ANALYZER.RUN_GRAPH_CLUSTERING.fork_square_008um chunks_running
2025-10-21 21:59:09 [runtime] (update)          ID.F08548.SPATIAL_RNA_COUNTER_CS.SPATIAL_RNA_COUNTER.SPATIAL_POST_MATRIX_COMPUTATION.BIN_HD_DATA._BIN_HD_DATA._COMPUTE_BINNED_OUTPUTS.SPATIAL_BINNED_RNA_ANALYZER.RUN_GRAPH_CLUSTERING.fork_square_008um chunks_running
2025-10-21 22:05:08 [runtime] (update)          ID.F08548.SPATIAL_RNA_COUNTER_CS.SPATIAL_RNA_COUNTER.SPATIAL_POST_MATRIX_COMPUTATION.BIN_HD_DATA._BIN_HD_DATA._COMPUTE_BINNED_OUTPUTS.SPATIAL_BINNED_RNA_ANALYZER.RUN_GRAPH_CLUSTERING.fork_square_008um chunks_running
2025-10-21 22:11:03 [runtime] (chunks_complete) ID.F08548.SPATIAL_RNA_COUNTER_CS.SPATIAL_RNA_COUNTER.SPATIAL_POST_MATRIX_COMPUTATION.BIN_HD_DATA._BIN_HD_DATA._COMPUTE_BINNED_OUTPUTS.SPATIAL_BINNED_RNA_ANALYZER.RUN_GRAPH_CLUSTERING.fork_square_008um
2025-10-21 22:11:03 [runtime] (run:local)       ID.F08548.SPATIAL_RNA_COUNTER_CS.SPATIAL_RNA_COUNTER.SPATIAL_POST_MATRIX_COMPUTATION.BIN_HD_DATA._BIN_HD_DATA._COMPUTE_BINNED_OUTPUTS.SPATIAL_BINNED_RNA_ANALYZER.RUN_GRAPH_CLUSTERING.fork_square_008um.join
2025-10-21 22:11:06 [runtime] (update)          ID.F08548.SPATIAL_RNA_COUNTER_CS.SPATIAL_RNA_COUNTER.SPATIAL_POST_MATRIX_COMPUTATION.BIN_HD_DATA._BIN_HD_DATA._COMPUTE_BINNED_OUTPUTS.SPATIAL_BINNED_RNA_ANALYZER.RUN_UMAP.fork_square_008um chunks_running
2025-10-21 22:17:05 [runtime] (update)          ID.F08548.SPATIAL_RNA_COUNTER_CS.SPATIAL_RNA_COUNTER.SPATIAL_POST_MATRIX_COMPUTATION.BIN_HD_DATA._BIN_HD_DATA._COMPUTE_BINNED_OUTPUTS.SPATIAL_BINNED_RNA_ANALYZER.RUN_UMAP.fork_square_008um chunks_running
2025-10-21 22:23:06 [runtime] (update)          ID.F08548.SPATIAL_RNA_COUNTER_CS.SPATIAL_RNA_COUNTER.SPATIAL_POST_MATRIX_COMPUTATION.BIN_HD_DATA._BIN_HD_DATA._COMPUTE_BINNED_OUTPUTS.SPATIAL_BINNED_RNA_ANALYZER.RUN_UMAP.fork_square_008um chunks_running
2025-10-21 22:29:04 [runtime] (update)          ID.F08548.SPATIAL_RNA_COUNTER_CS.SPATIAL_RNA_COUNTER.SPATIAL_POST_MATRIX_COMPUTATION.BIN_HD_DATA._BIN_HD_DATA._COMPUTE_BINNED_OUTPUTS.SPATIAL_BINNED_RNA_ANALYZER.RUN_UMAP.fork_square_008um chunks_running
2025-10-21 22:35:06 [runtime] (update)          ID.F08548.SPATIAL_RNA_COUNTER_CS.SPATIAL_RNA_COUNTER.SPATIAL_POST_MATRIX_COMPUTATION.BIN_HD_DATA._BIN_HD_DATA._COMPUTE_BINNED_OUTPUTS.SPATIAL_BINNED_RNA_ANALYZER.RUN_UMAP.fork_square_008um chunks_running
2025-10-21 22:41:07 [runtime] (update)          ID.F08548.SPATIAL_RNA_COUNTER_CS.SPATIAL_RNA_COUNTER.SPATIAL_POST_MATRIX_COMPUTATION.BIN_HD_DATA._BIN_HD_DATA._COMPUTE_BINNED_OUTPUTS.SPATIAL_BINNED_RNA_ANALYZER.RUN_UMAP.fork_square_008um chunks_running
2025-10-21 22:46:28 [runtime] (chunks_complete) ID.F08548.SPATIAL_RNA_COUNTER_CS.SPATIAL_RNA_COUNTER.SPATIAL_POST_MATRIX_COMPUTATION.BIN_HD_DATA._BIN_HD_DATA._COMPUTE_BINNED_OUTPUTS.SPATIAL_BINNED_RNA_ANALYZER.RUN_UMAP.fork_square_008um
2025-10-21 22:46:28 [runtime] (run:local)       ID.F08548.SPATIAL_RNA_COUNTER_CS.SPATIAL_RNA_COUNTER.SPATIAL_POST_MATRIX_COMPUTATION.BIN_HD_DATA._BIN_HD_DATA._COMPUTE_BINNED_OUTPUTS.SPATIAL_BINNED_RNA_ANALYZER.RUN_UMAP.fork_square_008um.join
2025-10-21 22:46:31 [runtime] (update)          ID.F08548.SPATIAL_RNA_COUNTER_CS.SPATIAL_RNA_COUNTER.SPATIAL_POST_MATRIX_COMPUTATION.BIN_HD_DATA._BIN_HD_DATA._COMPUTE_BINNED_OUTPUTS.SPATIAL_BINNED_RNA_ANALYZER.RUN_UMAP.fork_square_016um chunks_running
2025-10-21 22:52:29 [runtime] (update)          ID.F08548.SPATIAL_RNA_COUNTER_CS.SPATIAL_RNA_COUNTER.SPATIAL_POST_MATRIX_COMPUTATION.BIN_HD_DATA._BIN_HD_DATA._COMPUTE_BINNED_OUTPUTS.SPATIAL_BINNED_RNA_ANALYZER.RUN_UMAP.fork_square_016um chunks_running
2025-10-21 22:54:38 [runtime] (chunks_complete) ID.F08548.SPATIAL_RNA_COUNTER_CS.SPATIAL_RNA_COUNTER.SPATIAL_POST_MATRIX_COMPUTATION.BIN_HD_DATA._BIN_HD_DATA._COMPUTE_BINNED_OUTPUTS.SPATIAL_BINNED_RNA_ANALYZER.RUN_UMAP.fork_square_016um
2025-10-21 22:54:38 [runtime] (run:local)       ID.F08548.SPATIAL_RNA_COUNTER_CS.SPATIAL_RNA_COUNTER.SPATIAL_POST_MATRIX_COMPUTATION.BIN_HD_DATA._BIN_HD_DATA._COMPUTE_BINNED_OUTPUTS.SPATIAL_BINNED_RNA_ANALYZER.RUN_UMAP.fork_square_016um.join
2025-10-21 22:54:41 [runtime] (update)          ID.F08548.SPATIAL_RNA_COUNTER_CS.SPATIAL_RNA_COUNTER.SPATIAL_POST_MATRIX_COMPUTATION.BIN_HD_DATA._BIN_HD_DATA._COMPUTE_BINNED_OUTPUTS.SPATIAL_BINNED_RNA_ANALYZER.RUN_GRAPH_CLUSTERING.fork_square_016um chunks_running
2025-10-21 22:54:41 [runtime] (update)          ID.F08548.SPATIAL_RNA_COUNTER_CS.SPATIAL_RNA_COUNTER.SPATIAL_POST_MATRIX_COMPUTATION.BIN_HD_DATA._BIN_HD_DATA._COMPUTE_BINNED_OUTPUTS.SPATIAL_BINNED_RNA_ANALYZER.RUN_KMEANS.fork_square_008um chunks running (0/9 completed)
2025-10-21 22:54:57 [runtime] (update)          ID.F08548.SPATIAL_RNA_COUNTER_CS.SPATIAL_RNA_COUNTER.SPATIAL_POST_MATRIX_COMPUTATION.BIN_HD_DATA._BIN_HD_DATA._COMPUTE_BINNED_OUTPUTS.SPATIAL_BINNED_RNA_ANALYZER.RUN_KMEANS.fork_square_016um chunks running (0/9 completed)
2025-10-21 22:55:04 [runtime] (chunks_complete) ID.F08548.SPATIAL_RNA_COUNTER_CS.SPATIAL_RNA_COUNTER.SPATIAL_POST_MATRIX_COMPUTATION.BIN_HD_DATA._BIN_HD_DATA._COMPUTE_BINNED_OUTPUTS.SPATIAL_BINNED_RNA_ANALYZER.RUN_KMEANS.fork_square_008um
2025-10-21 22:55:04 [runtime] (run:local)       ID.F08548.SPATIAL_RNA_COUNTER_CS.SPATIAL_RNA_COUNTER.SPATIAL_POST_MATRIX_COMPUTATION.BIN_HD_DATA._BIN_HD_DATA._COMPUTE_BINNED_OUTPUTS.SPATIAL_BINNED_RNA_ANALYZER.RUN_KMEANS.fork_square_008um.join
2025-10-21 22:55:08 [runtime] (update)          ID.F08548.SPATIAL_RNA_COUNTER_CS.SPATIAL_RNA_COUNTER.SPATIAL_POST_MATRIX_COMPUTATION._POST_MATRIX_COMPUTATION._CELLS_REPORTER.WRITE_MOLECULE_INFO.fork0 split_running
2025-10-21 22:55:08 [runtime] (split_complete)  ID.F08548.SPATIAL_RNA_COUNTER_CS.SPATIAL_RNA_COUNTER.SPATIAL_POST_MATRIX_COMPUTATION._POST_MATRIX_COMPUTATION._CELLS_REPORTER.WRITE_MOLECULE_INFO
2025-10-21 22:55:08 [runtime] (run:local)       ID.F08548.SPATIAL_RNA_COUNTER_CS.SPATIAL_RNA_COUNTER.SPATIAL_POST_MATRIX_COMPUTATION._POST_MATRIX_COMPUTATION._CELLS_REPORTER.WRITE_MOLECULE_INFO.fork0.join
2025-10-21 22:55:09 [runtime] (chunks_complete) ID.F08548.SPATIAL_RNA_COUNTER_CS.SPATIAL_RNA_COUNTER.SPATIAL_POST_MATRIX_COMPUTATION.BIN_HD_DATA._BIN_HD_DATA._COMPUTE_BINNED_OUTPUTS.PICK_PROBE_BC_MATRIX.fork_square_002um
2025-10-21 22:55:09 [runtime] (chunks_complete) ID.F08548.SPATIAL_RNA_COUNTER_CS.SPATIAL_RNA_COUNTER.SPATIAL_POST_MATRIX_COMPUTATION.BIN_HD_DATA._BIN_HD_DATA._COMPUTE_BINNED_OUTPUTS.PICK_PROBE_BC_MATRIX.fork_square_008um
2025-10-21 22:55:09 [runtime] (update)          ID.F08548.SPATIAL_RNA_COUNTER_CS.SPATIAL_RNA_COUNTER.SPATIAL_POST_MATRIX_COMPUTATION.BIN_HD_DATA._BIN_HD_DATA._COMPUTE_BINNED_OUTPUTS.SPATIAL_BINNED_RNA_ANALYZER.RUN_GRAPH_CLUSTERING.fork_square_008um join_running
2025-10-21 22:55:09 [runtime] (update)          ID.F08548.SPATIAL_RNA_COUNTER_CS.SPATIAL_RNA_COUNTER.SPATIAL_POST_MATRIX_COMPUTATION.BIN_HD_DATA._BIN_HD_DATA._COMPUTE_BINNED_OUTPUTS.PICK_PROBE_BC_MATRIX.fork_square_016um chunks_running
2025-10-21 22:55:09 [runtime] (complete)        ID.F08548.SPATIAL_RNA_COUNTER_CS.SPATIAL_RNA_COUNTER.SPATIAL_POST_MATRIX_COMPUTATION.BIN_HD_DATA._BIN_HD_DATA._COMPUTE_BINNED_OUTPUTS.PICK_PROBE_BC_MATRIX.fork_square_002um
2025-10-21 22:55:09 [runtime] (complete)        ID.F08548.SPATIAL_RNA_COUNTER_CS.SPATIAL_RNA_COUNTER.SPATIAL_POST_MATRIX_COMPUTATION.BIN_HD_DATA._BIN_HD_DATA._COMPUTE_BINNED_OUTPUTS.PICK_PROBE_BC_MATRIX.fork_square_008um
2025-10-21 22:55:09 [runtime] (complete)        ID.F08548.SPATIAL_RNA_COUNTER_CS.SPATIAL_RNA_COUNTER.SPATIAL_POST_MATRIX_COMPUTATION.BIN_HD_DATA._BIN_HD_DATA._COMPUTE_BINNED_OUTPUTS.PICK_PROBE_BC_MATRIX.fork_square_002um
2025-10-21 22:55:09 [runtime] (complete)        ID.F08548.SPATIAL_RNA_COUNTER_CS.SPATIAL_RNA_COUNTER.SPATIAL_POST_MATRIX_COMPUTATION.BIN_HD_DATA._BIN_HD_DATA._COMPUTE_BINNED_OUTPUTS.PICK_PROBE_BC_MATRIX.fork_square_008um
2025-10-21 22:55:09 [runtime] (update)          ID.F08548.SPATIAL_RNA_COUNTER_CS.SPATIAL_RNA_COUNTER.SPATIAL_POST_MATRIX_COMPUTATION.BIN_HD_DATA._BIN_HD_DATA._COMPUTE_BINNED_OUTPUTS.SPATIAL_BINNED_RNA_ANALYZER.RUN_UMAP.fork_square_008um join_running
2025-10-21 22:55:09 [runtime] (join_complete)   ID.F08548.SPATIAL_RNA_COUNTER_CS.SPATIAL_RNA_COUNTER.SPATIAL_POST_MATRIX_COMPUTATION.BIN_HD_DATA._BIN_HD_DATA._COMPUTE_BINNED_OUTPUTS.SPATIAL_BINNED_RNA_ANALYZER.RUN_GRAPH_CLUSTERING.fork_square_008um
2025-10-21 22:55:09 [runtime] (complete)        ID.F08548.SPATIAL_RNA_COUNTER_CS.SPATIAL_RNA_COUNTER.SPATIAL_POST_MATRIX_COMPUTATION.BIN_HD_DATA._BIN_HD_DATA._COMPUTE_BINNED_OUTPUTS.PICK_PROBE_BC_MATRIX.fork_square_002um
2025-10-21 22:55:09 [runtime] (complete)        ID.F08548.SPATIAL_RNA_COUNTER_CS.SPATIAL_RNA_COUNTER.SPATIAL_POST_MATRIX_COMPUTATION.BIN_HD_DATA._BIN_HD_DATA._COMPUTE_BINNED_OUTPUTS.PICK_PROBE_BC_MATRIX.fork_square_008um
2025-10-21 22:55:10 [runtime] (complete)        ID.F08548.SPATIAL_RNA_COUNTER_CS.SPATIAL_RNA_COUNTER.SPATIAL_POST_MATRIX_COMPUTATION.BIN_HD_DATA._BIN_HD_DATA._COMPUTE_BINNED_OUTPUTS.PICK_PROBE_BC_MATRIX.fork_square_002um
2025-10-21 22:55:10 [runtime] (complete)        ID.F08548.SPATIAL_RNA_COUNTER_CS.SPATIAL_RNA_COUNTER.SPATIAL_POST_MATRIX_COMPUTATION.BIN_HD_DATA._BIN_HD_DATA._COMPUTE_BINNED_OUTPUTS.PICK_PROBE_BC_MATRIX.fork_square_008um
2025-10-21 22:55:10 [runtime] (chunks_complete) ID.F08548.SPATIAL_RNA_COUNTER_CS.SPATIAL_RNA_COUNTER.SPATIAL_POST_MATRIX_COMPUTATION.BIN_HD_DATA._BIN_HD_DATA._COMPUTE_BINNED_OUTPUTS.PICK_PROBE_BC_MATRIX.fork_square_016um
2025-10-21 22:55:10 [runtime] (complete)        ID.F08548.SPATIAL_RNA_COUNTER_CS.SPATIAL_RNA_COUNTER.SPATIAL_POST_MATRIX_COMPUTATION.BIN_HD_DATA._BIN_HD_DATA._COMPUTE_BINNED_OUTPUTS.SPATIAL_BINNED_RNA_ANALYZER.RUN_GRAPH_CLUSTERING.fork_square_008um
2025-10-21 22:55:10 [runtime] (join_complete)   ID.F08548.SPATIAL_RNA_COUNTER_CS.SPATIAL_RNA_COUNTER.SPATIAL_POST_MATRIX_COMPUTATION.BIN_HD_DATA._BIN_HD_DATA._COMPUTE_BINNED_OUTPUTS.SPATIAL_BINNED_RNA_ANALYZER.RUN_UMAP.fork_square_008um
2025-10-21 22:55:10 [runtime] (join_complete)   ID.F08548.SPATIAL_RNA_COUNTER_CS.SPATIAL_RNA_COUNTER.SPATIAL_POST_MATRIX_COMPUTATION.BIN_HD_DATA._BIN_HD_DATA._COMPUTE_BINNED_OUTPUTS.SPATIAL_BINNED_RNA_ANALYZER.RUN_UMAP.fork_square_016um
2025-10-21 22:55:10 [runtime] (complete)        ID.F08548.SPATIAL_RNA_COUNTER_CS.SPATIAL_RNA_COUNTER.SPATIAL_POST_MATRIX_COMPUTATION.BIN_HD_DATA._BIN_HD_DATA._COMPUTE_BINNED_OUTPUTS.SPATIAL_BINNED_RNA_ANALYZER.RUN_GRAPH_CLUSTERING.fork_square_008um
2025-10-21 22:55:10 [runtime] (complete)        ID.F08548.SPATIAL_RNA_COUNTER_CS.SPATIAL_RNA_COUNTER.SPATIAL_POST_MATRIX_COMPUTATION.BIN_HD_DATA._BIN_HD_DATA._COMPUTE_BINNED_OUTPUTS.SPATIAL_BINNED_RNA_ANALYZER.RUN_GRAPH_CLUSTERING.fork_square_008um
2025-10-21 22:55:12 [runtime] (chunks_complete) ID.F08548.SPATIAL_RNA_COUNTER_CS.SPATIAL_RNA_COUNTER.SPATIAL_POST_MATRIX_COMPUTATION.BIN_HD_DATA._BIN_HD_DATA._COMPUTE_BINNED_OUTPUTS.SPATIAL_BINNED_RNA_ANALYZER.RUN_KMEANS.fork_square_016um
2025-10-21 22:55:12 [runtime] (run:local)       ID.F08548.SPATIAL_RNA_COUNTER_CS.SPATIAL_RNA_COUNTER.SPATIAL_POST_MATRIX_COMPUTATION.BIN_HD_DATA._BIN_HD_DATA._COMPUTE_BINNED_OUTPUTS.SPATIAL_BINNED_RNA_ANALYZER.RUN_KMEANS.fork_square_016um.join
2025-10-21 22:55:12 [runtime] (complete)        ID.F08548.SPATIAL_RNA_COUNTER_CS.SPATIAL_RNA_COUNTER.SPATIAL_POST_MATRIX_COMPUTATION.BIN_HD_DATA._BIN_HD_DATA._COMPUTE_BINNED_OUTPUTS.SPATIAL_BINNED_RNA_ANALYZER.RUN_GRAPH_CLUSTERING.fork_square_008um
2025-10-21 22:55:12 [runtime] (join_complete)   ID.F08548.SPATIAL_RNA_COUNTER_CS.SPATIAL_RNA_COUNTER.SPATIAL_POST_MATRIX_COMPUTATION.BIN_HD_DATA._BIN_HD_DATA._COMPUTE_BINNED_OUTPUTS.SPATIAL_BINNED_RNA_ANALYZER.RUN_KMEANS.fork_square_008um
2025-10-21 22:55:12 [runtime] (complete)        ID.F08548.SPATIAL_RNA_COUNTER_CS.SPATIAL_RNA_COUNTER.SPATIAL_POST_MATRIX_COMPUTATION.BIN_HD_DATA._BIN_HD_DATA._COMPUTE_BINNED_OUTPUTS.SPATIAL_BINNED_RNA_ANALYZER.RUN_GRAPH_CLUSTERING.fork_square_008um
2025-10-21 22:55:15 [runtime] (complete)        ID.F08548.SPATIAL_RNA_COUNTER_CS.SPATIAL_RNA_COUNTER.SPATIAL_POST_MATRIX_COMPUTATION.BIN_HD_DATA._BIN_HD_DATA._COMPUTE_BINNED_OUTPUTS.SPATIAL_BINNED_RNA_ANALYZER.RUN_GRAPH_CLUSTERING.fork_square_008um
2025-10-21 22:55:15 [runtime] (complete)        ID.F08548.SPATIAL_RNA_COUNTER_CS.SPATIAL_RNA_COUNTER.SPATIAL_POST_MATRIX_COMPUTATION.BIN_HD_DATA._BIN_HD_DATA._COMPUTE_BINNED_OUTPUTS.SPATIAL_BINNED_RNA_ANALYZER.RUN_KMEANS.fork_square_008um
2025-10-21 22:55:15 [runtime] (join_complete)   ID.F08548.SPATIAL_RNA_COUNTER_CS.SPATIAL_RNA_COUNTER.SPATIAL_POST_MATRIX_COMPUTATION.BIN_HD_DATA._BIN_HD_DATA._COMPUTE_BINNED_OUTPUTS.SPATIAL_BINNED_RNA_ANALYZER.RUN_KMEANS.fork_square_016um
2025-10-21 22:55:15 [runtime] (complete)        ID.F08548.SPATIAL_RNA_COUNTER_CS.SPATIAL_RNA_COUNTER.SPATIAL_POST_MATRIX_COMPUTATION.BIN_HD_DATA._BIN_HD_DATA._COMPUTE_BINNED_OUTPUTS.SPATIAL_BINNED_RNA_ANALYZER.RUN_GRAPH_CLUSTERING.fork_square_008um
2025-10-21 22:55:18 [runtime] (complete)        ID.F08548.SPATIAL_RNA_COUNTER_CS.SPATIAL_RNA_COUNTER.SPATIAL_POST_MATRIX_COMPUTATION.BIN_HD_DATA._BIN_HD_DATA._COMPUTE_BINNED_OUTPUTS.SPATIAL_BINNED_RNA_ANALYZER.RUN_GRAPH_CLUSTERING.fork_square_008um
2025-10-21 22:55:21 [runtime] (complete)        ID.F08548.SPATIAL_RNA_COUNTER_CS.SPATIAL_RNA_COUNTER.SPATIAL_POST_MATRIX_COMPUTATION.BIN_HD_DATA._BIN_HD_DATA._COMPUTE_BINNED_OUTPUTS.SPATIAL_BINNED_RNA_ANALYZER.RUN_GRAPH_CLUSTERING.fork_square_008um
2025-10-21 22:55:24 [runtime] (complete)        ID.F08548.SPATIAL_RNA_COUNTER_CS.SPATIAL_RNA_COUNTER.SPATIAL_POST_MATRIX_COMPUTATION.BIN_HD_DATA._BIN_HD_DATA._COMPUTE_BINNED_OUTPUTS.SPATIAL_BINNED_RNA_ANALYZER.RUN_GRAPH_CLUSTERING.fork_square_008um
2025-10-21 22:55:27 [runtime] (complete)        ID.F08548.SPATIAL_RNA_COUNTER_CS.SPATIAL_RNA_COUNTER.SPATIAL_POST_MATRIX_COMPUTATION.BIN_HD_DATA._BIN_HD_DATA._COMPUTE_BINNED_OUTPUTS.SPATIAL_BINNED_RNA_ANALYZER.RUN_GRAPH_CLUSTERING.fork_square_008um
2025-10-21 22:55:30 [runtime] (complete)        ID.F08548.SPATIAL_RNA_COUNTER_CS.SPATIAL_RNA_COUNTER.SPATIAL_POST_MATRIX_COMPUTATION.BIN_HD_DATA._BIN_HD_DATA._COMPUTE_BINNED_OUTPUTS.SPATIAL_BINNED_RNA_ANALYZER.RUN_GRAPH_CLUSTERING.fork_square_008um
2025-10-21 22:55:33 [runtime] (complete)        ID.F08548.SPATIAL_RNA_COUNTER_CS.SPATIAL_RNA_COUNTER.SPATIAL_POST_MATRIX_COMPUTATION.BIN_HD_DATA._BIN_HD_DATA._COMPUTE_BINNED_OUTPUTS.SPATIAL_BINNED_RNA_ANALYZER.RUN_GRAPH_CLUSTERING.fork_square_008um
2025-10-21 22:55:36 [runtime] (complete)        ID.F08548.SPATIAL_RNA_COUNTER_CS.SPATIAL_RNA_COUNTER.SPATIAL_POST_MATRIX_COMPUTATION.BIN_HD_DATA._BIN_HD_DATA._COMPUTE_BINNED_OUTPUTS.SPATIAL_BINNED_RNA_ANALYZER.RUN_GRAPH_CLUSTERING.fork_square_008um
2025-10-21 22:55:39 [runtime] (complete)        ID.F08548.SPATIAL_RNA_COUNTER_CS.SPATIAL_RNA_COUNTER.SPATIAL_POST_MATRIX_COMPUTATION.BIN_HD_DATA._BIN_HD_DATA._COMPUTE_BINNED_OUTPUTS.SPATIAL_BINNED_RNA_ANALYZER.RUN_GRAPH_CLUSTERING.fork_square_008um
2025-10-21 22:55:42 [runtime] (complete)        ID.F08548.SPATIAL_RNA_COUNTER_CS.SPATIAL_RNA_COUNTER.SPATIAL_POST_MATRIX_COMPUTATION.BIN_HD_DATA._BIN_HD_DATA._COMPUTE_BINNED_OUTPUTS.SPATIAL_BINNED_RNA_ANALYZER.RUN_GRAPH_CLUSTERING.fork_square_008um
2025-10-21 22:55:45 [runtime] (complete)        ID.F08548.SPATIAL_RNA_COUNTER_CS.SPATIAL_RNA_COUNTER.SPATIAL_POST_MATRIX_COMPUTATION.BIN_HD_DATA._BIN_HD_DATA._COMPUTE_BINNED_OUTPUTS.SPATIAL_BINNED_RNA_ANALYZER.RUN_GRAPH_CLUSTERING.fork_square_008um
2025-10-21 22:55:48 [runtime] (complete)        ID.F08548.SPATIAL_RNA_COUNTER_CS.SPATIAL_RNA_COUNTER.SPATIAL_POST_MATRIX_COMPUTATION.BIN_HD_DATA._BIN_HD_DATA._COMPUTE_BINNED_OUTPUTS.SPATIAL_BINNED_RNA_ANALYZER.RUN_GRAPH_CLUSTERING.fork_square_008um
2025-10-21 22:55:51 [runtime] (complete)        ID.F08548.SPATIAL_RNA_COUNTER_CS.SPATIAL_RNA_COUNTER.SPATIAL_POST_MATRIX_COMPUTATION.BIN_HD_DATA._BIN_HD_DATA._COMPUTE_BINNED_OUTPUTS.SPATIAL_BINNED_RNA_ANALYZER.RUN_GRAPH_CLUSTERING.fork_square_008um
2025-10-21 22:55:51 [runtime] (join_complete)   ID.F08548.SPATIAL_RNA_COUNTER_CS.SPATIAL_RNA_COUNTER.SPATIAL_POST_MATRIX_COMPUTATION._POST_MATRIX_COMPUTATION._CELLS_REPORTER.WRITE_MOLECULE_INFO
2025-10-21 22:55:51 [runtime] (complete)        ID.F08548.SPATIAL_RNA_COUNTER_CS.SPATIAL_RNA_COUNTER.SPATIAL_POST_MATRIX_COMPUTATION.BIN_HD_DATA._BIN_HD_DATA._COMPUTE_BINNED_OUTPUTS.SPATIAL_BINNED_RNA_ANALYZER.RUN_GRAPH_CLUSTERING.fork_square_008um
2025-10-21 22:55:51 [runtime] (ready)           ID.F08548.SPATIAL_RNA_COUNTER_CS.SPATIAL_RNA_COUNTER.SPATIAL_POST_MATRIX_COMPUTATION._TARGETED_ANALYZER.SUBSAMPLE_ON_TARGET_READS
2025-10-21 22:55:51 [runtime] (complete)        ID.F08548.SPATIAL_RNA_COUNTER_CS.SPATIAL_RNA_COUNTER.SPATIAL_POST_MATRIX_COMPUTATION.BIN_HD_DATA._BIN_HD_DATA._COMPUTE_BINNED_OUTPUTS.SPATIAL_BINNED_RNA_ANALYZER.RUN_GRAPH_CLUSTERING.fork_square_008um
2025-10-21 22:55:51 [runtime] (ready)           ID.F08548.SPATIAL_RNA_COUNTER_CS.SPATIAL_RNA_COUNTER.SPATIAL_POST_MATRIX_COMPUTATION.BIN_HD_DATA._BIN_HD_DATA._COMPUTE_BINNED_OUTPUTS.COMPUTE_SUBSAMPLED_BIN_METRICS.fork_square_002um
2025-10-21 22:55:51 [runtime] (run:local)       ID.F08548.SPATIAL_RNA_COUNTER_CS.SPATIAL_RNA_COUNTER.SPATIAL_POST_MATRIX_COMPUTATION.BIN_HD_DATA._BIN_HD_DATA._COMPUTE_BINNED_OUTPUTS.COMPUTE_SUBSAMPLED_BIN_METRICS.fork_square_002um.chnk0.main
2025-10-21 22:55:51 [runtime] (ready)           ID.F08548.SPATIAL_RNA_COUNTER_CS.SPATIAL_RNA_COUNTER.SPATIAL_POST_MATRIX_COMPUTATION.BIN_HD_DATA._BIN_HD_DATA._COMPUTE_BINNED_OUTPUTS.COMPUTE_SUBSAMPLED_BIN_METRICS.fork_square_008um
2025-10-21 22:55:51 [runtime] (run:local)       ID.F08548.SPATIAL_RNA_COUNTER_CS.SPATIAL_RNA_COUNTER.SPATIAL_POST_MATRIX_COMPUTATION.BIN_HD_DATA._BIN_HD_DATA._COMPUTE_BINNED_OUTPUTS.COMPUTE_SUBSAMPLED_BIN_METRICS.fork_square_008um.chnk0.main
2025-10-21 22:55:52 [runtime] (ready)           ID.F08548.SPATIAL_RNA_COUNTER_CS.SPATIAL_RNA_COUNTER.SPATIAL_POST_MATRIX_COMPUTATION.BIN_HD_DATA._BIN_HD_DATA._COMPUTE_BINNED_OUTPUTS.COMPUTE_SUBSAMPLED_BIN_METRICS.fork_square_016um
2025-10-21 22:55:52 [runtime] (run:local)       ID.F08548.SPATIAL_RNA_COUNTER_CS.SPATIAL_RNA_COUNTER.SPATIAL_POST_MATRIX_COMPUTATION.BIN_HD_DATA._BIN_HD_DATA._COMPUTE_BINNED_OUTPUTS.COMPUTE_SUBSAMPLED_BIN_METRICS.fork_square_016um.chnk0.main
2025-10-21 22:55:52 [runtime] (complete)        ID.F08548.SPATIAL_RNA_COUNTER_CS.SPATIAL_RNA_COUNTER.SPATIAL_POST_MATRIX_COMPUTATION.BIN_HD_DATA._BIN_HD_DATA._COMPUTE_BINNED_OUTPUTS.SPATIAL_BINNED_RNA_ANALYZER.RUN_GRAPH_CLUSTERING.fork_square_008um
2025-10-21 22:55:52 [runtime] (ready)           ID.F08548.SPATIAL_RNA_COUNTER_CS.SPATIAL_RNA_COUNTER.SPATIAL_POST_MATRIX_COMPUTATION._TARGETED_ANALYZER._RUN_GDNA_ANALYSIS.GET_GDNA_METRICS
2025-10-21 22:55:52 [runtime] (run:local)       ID.F08548.SPATIAL_RNA_COUNTER_CS.SPATIAL_RNA_COUNTER.SPATIAL_POST_MATRIX_COMPUTATION._TARGETED_ANALYZER._RUN_GDNA_ANALYSIS.GET_GDNA_METRICS.fork0.chnk0.main
2025-10-21 22:55:52 [runtime] (ready)           ID.F08548.SPATIAL_RNA_COUNTER_CS.SPATIAL_RNA_COUNTER.SPATIAL_POST_MATRIX_COMPUTATION._POST_MATRIX_COMPUTATION._ASSIGN_TAGS.CALL_TAGS_JIBES
2025-10-21 22:55:52 [runtime] (ready)           ID.F08548.SPATIAL_RNA_COUNTER_CS.SPATIAL_RNA_COUNTER.SPATIAL_POST_MATRIX_COMPUTATION._POST_MATRIX_COMPUTATION._CELLS_REPORTER.SUBSAMPLE_READS
2025-10-21 22:55:52 [runtime] (ready)           ID.F08548.SPATIAL_RNA_COUNTER_CS.SPATIAL_RNA_COUNTER.SPATIAL_POST_MATRIX_COMPUTATION._POST_MATRIX_COMPUTATION._CELLS_REPORTER.SUMMARIZE_BASIC_REPORTS
2025-10-21 22:55:52 [runtime] (run:local)       ID.F08548.SPATIAL_RNA_COUNTER_CS.SPATIAL_RNA_COUNTER.SPATIAL_POST_MATRIX_COMPUTATION._POST_MATRIX_COMPUTATION._CELLS_REPORTER.SUMMARIZE_BASIC_REPORTS.fork0.split
2025-10-21 22:55:52 [runtime] (complete)        ID.F08548.SPATIAL_RNA_COUNTER_CS.SPATIAL_RNA_COUNTER.SPATIAL_POST_MATRIX_COMPUTATION.BIN_HD_DATA._BIN_HD_DATA._COMPUTE_BINNED_OUTPUTS.SPATIAL_BINNED_RNA_ANALYZER.RUN_GRAPH_CLUSTERING.fork_square_008um
2025-10-21 22:55:52 [runtime] (complete)        ID.F08548.SPATIAL_RNA_COUNTER_CS.SPATIAL_RNA_COUNTER.SPATIAL_POST_MATRIX_COMPUTATION.BIN_HD_DATA._BIN_HD_DATA._COMPUTE_BINNED_OUTPUTS.SPATIAL_BINNED_RNA_ANALYZER.RUN_GRAPH_CLUSTERING.fork_square_008um
2025-10-21 22:55:52 [runtime] (ready)           ID.F08548.SPATIAL_RNA_COUNTER_CS.SPATIAL_RNA_COUNTER.SPATIAL_POST_MATRIX_COMPUTATION._POST_MATRIX_COMPUTATION._ASSIGN_TAGS.DETERMINE_SAMPLE_ASSIGNMENTS
2025-10-21 22:55:52 [runtime] (complete)        ID.F08548.SPATIAL_RNA_COUNTER_CS.SPATIAL_RNA_COUNTER.SPATIAL_POST_MATRIX_COMPUTATION.BIN_HD_DATA._BIN_HD_DATA._COMPUTE_BINNED_OUTPUTS.SPATIAL_BINNED_RNA_ANALYZER.RUN_GRAPH_CLUSTERING.fork_square_008um
2025-10-21 22:55:52 [runtime] (ready)           ID.F08548.SPATIAL_RNA_COUNTER_CS.SPATIAL_RNA_COUNTER.SPATIAL_POST_MATRIX_COMPUTATION._POST_MATRIX_COMPUTATION.MULTI_WRITE_PER_SAMPLE_MOLECULE_INFO
2025-10-21 22:55:52 [runtime] (ready)           ID.F08548.SPATIAL_RNA_COUNTER_CS.SPATIAL_RNA_COUNTER.SPATIAL_POST_MATRIX_COMPUTATION._POST_MATRIX_COMPUTATION.MULTI_WRITE_PER_SAMPLE_BAM
2025-10-21 22:55:52 [runtime] (ready)           ID.F08548.SPATIAL_RNA_COUNTER_CS.SPATIAL_RNA_COUNTER.SPATIAL_POST_MATRIX_COMPUTATION._POST_MATRIX_COMPUTATION.MULTI_COLLATE_PER_SAMPLE_METRICS
2025-10-21 22:55:52 [runtime] (ready)           ID.F08548.SPATIAL_RNA_COUNTER_CS.SPATIAL_RNA_COUNTER.SPATIAL_POST_MATRIX_COMPUTATION._POST_MATRIX_COMPUTATION._ASSIGN_TAGS.COMPUTE_EXTRA_MULTIPLEXING_METRICS
2025-10-21 22:55:52 [runtime] (complete)        ID.F08548.SPATIAL_RNA_COUNTER_CS.SPATIAL_RNA_COUNTER.SPATIAL_POST_MATRIX_COMPUTATION.BIN_HD_DATA._BIN_HD_DATA._COMPUTE_BINNED_OUTPUTS.SPATIAL_BINNED_RNA_ANALYZER.RUN_GRAPH_CLUSTERING.fork_square_008um
2025-10-21 22:55:52 [runtime] (ready)           ID.F08548.SPATIAL_RNA_COUNTER_CS.SPATIAL_RNA_COUNTER.SPATIAL_POST_MATRIX_COMPUTATION._POST_MATRIX_COMPUTATION.DEMUX_PROBE_BC_MATRIX
2025-10-21 22:55:52 [runtime] (complete)        ID.F08548.SPATIAL_RNA_COUNTER_CS.SPATIAL_RNA_COUNTER.SPATIAL_POST_MATRIX_COMPUTATION.BIN_HD_DATA._BIN_HD_DATA._COMPUTE_BINNED_OUTPUTS.SPATIAL_BINNED_RNA_ANALYZER.RUN_GRAPH_CLUSTERING.fork_square_008um
2025-10-21 22:55:52 [runtime] (ready)           ID.F08548.SPATIAL_RNA_COUNTER_CS.SPATIAL_RNA_COUNTER.SPATIAL_POST_MATRIX_COMPUTATION._POST_MATRIX_COMPUTATION._ASSIGN_TAGS.MERGE_METRICS
2025-10-21 22:55:52 [runtime] (ready)           ID.F08548.SPATIAL_RNA_COUNTER_CS.SPATIAL_RNA_COUNTER.SPATIAL_POST_MATRIX_COMPUTATION._POST_MATRIX_COMPUTATION.MULTI_WRITE_PER_SAMPLE_MATRICES
2025-10-21 22:55:52 [runtime] (complete)        ID.F08548.SPATIAL_RNA_COUNTER_CS.SPATIAL_RNA_COUNTER.SPATIAL_POST_MATRIX_COMPUTATION.BIN_HD_DATA._BIN_HD_DATA._COMPUTE_BINNED_OUTPUTS.SPATIAL_BINNED_RNA_ANALYZER.RUN_GRAPH_CLUSTERING.fork_square_008um
2025-10-21 22:55:52 [runtime] (complete)        ID.F08548.SPATIAL_RNA_COUNTER_CS.SPATIAL_RNA_COUNTER.SPATIAL_POST_MATRIX_COMPUTATION.BIN_HD_DATA._BIN_HD_DATA._COMPUTE_BINNED_OUTPUTS.SPATIAL_BINNED_RNA_ANALYZER.RUN_GRAPH_CLUSTERING.fork_square_008um
2025-10-21 22:55:52 [runtime] (complete)        ID.F08548.SPATIAL_RNA_COUNTER_CS.SPATIAL_RNA_COUNTER.SPATIAL_POST_MATRIX_COMPUTATION.BIN_HD_DATA._BIN_HD_DATA._COMPUTE_BINNED_OUTPUTS.SPATIAL_BINNED_RNA_ANALYZER.RUN_GRAPH_CLUSTERING.fork_square_008um
2025-10-21 22:55:55 [runtime] (complete)        ID.F08548.SPATIAL_RNA_COUNTER_CS.SPATIAL_RNA_COUNTER.SPATIAL_POST_MATRIX_COMPUTATION.BIN_HD_DATA._BIN_HD_DATA._COMPUTE_BINNED_OUTPUTS.SPATIAL_BINNED_RNA_ANALYZER.RUN_GRAPH_CLUSTERING.fork_square_008um
2025-10-21 22:55:58 [runtime] (complete)        ID.F08548.SPATIAL_RNA_COUNTER_CS.SPATIAL_RNA_COUNTER.SPATIAL_POST_MATRIX_COMPUTATION.BIN_HD_DATA._BIN_HD_DATA._COMPUTE_BINNED_OUTPUTS.SPATIAL_BINNED_RNA_ANALYZER.RUN_GRAPH_CLUSTERING.fork_square_008um
2025-10-21 22:56:00 [runtime] (complete)        ID.F08548.SPATIAL_RNA_COUNTER_CS.SPATIAL_RNA_COUNTER.SPATIAL_POST_MATRIX_COMPUTATION.BIN_HD_DATA._BIN_HD_DATA._COMPUTE_BINNED_OUTPUTS.SPATIAL_BINNED_RNA_ANALYZER.RUN_GRAPH_CLUSTERING.fork_square_008um
2025-10-21 22:56:00 [runtime] (chunks_complete) ID.F08548.SPATIAL_RNA_COUNTER_CS.SPATIAL_RNA_COUNTER.SPATIAL_POST_MATRIX_COMPUTATION._TARGETED_ANALYZER._RUN_GDNA_ANALYSIS.GET_GDNA_METRICS
2025-10-21 22:56:00 [runtime] (complete)        ID.F08548.SPATIAL_RNA_COUNTER_CS.SPATIAL_RNA_COUNTER.SPATIAL_POST_MATRIX_COMPUTATION.BIN_HD_DATA._BIN_HD_DATA._COMPUTE_BINNED_OUTPUTS.SPATIAL_BINNED_RNA_ANALYZER.RUN_GRAPH_CLUSTERING.fork_square_008um
2025-10-21 22:56:00 [runtime] (complete)        ID.F08548.SPATIAL_RNA_COUNTER_CS.SPATIAL_RNA_COUNTER.SPATIAL_POST_MATRIX_COMPUTATION.BIN_HD_DATA._BIN_HD_DATA._COMPUTE_BINNED_OUTPUTS.SPATIAL_BINNED_RNA_ANALYZER.RUN_GRAPH_CLUSTERING.fork_square_008um
2025-10-21 22:56:00 [runtime] (ready)           ID.F08548.SPATIAL_RNA_COUNTER_CS.SPATIAL_RNA_COUNTER.SPATIAL_POST_MATRIX_COMPUTATION._TARGETED_ANALYZER._RUN_GDNA_ANALYSIS.GET_GDNA_PLOT
2025-10-21 22:56:00 [runtime] (run:local)       ID.F08548.SPATIAL_RNA_COUNTER_CS.SPATIAL_RNA_COUNTER.SPATIAL_POST_MATRIX_COMPUTATION._TARGETED_ANALYZER._RUN_GDNA_ANALYSIS.GET_GDNA_PLOT.fork0.chnk0.main
2025-10-21 22:56:03 [runtime] (complete)        ID.F08548.SPATIAL_RNA_COUNTER_CS.SPATIAL_RNA_COUNTER.SPATIAL_POST_MATRIX_COMPUTATION.BIN_HD_DATA._BIN_HD_DATA._COMPUTE_BINNED_OUTPUTS.SPATIAL_BINNED_RNA_ANALYZER.RUN_GRAPH_CLUSTERING.fork_square_008um
2025-10-21 22:56:03 [runtime] (complete)        ID.F08548.SPATIAL_RNA_COUNTER_CS.SPATIAL_RNA_COUNTER.SPATIAL_POST_MATRIX_COMPUTATION.BIN_HD_DATA._BIN_HD_DATA._COMPUTE_BINNED_OUTPUTS.SPATIAL_BINNED_RNA_ANALYZER.RUN_GRAPH_CLUSTERING.fork_square_008um
2025-10-21 22:56:03 [runtime] (split_complete)  ID.F08548.SPATIAL_RNA_COUNTER_CS.SPATIAL_RNA_COUNTER.SPATIAL_POST_MATRIX_COMPUTATION._POST_MATRIX_COMPUTATION._CELLS_REPORTER.SUMMARIZE_BASIC_REPORTS
2025-10-21 22:56:03 [runtime] (run:local)       ID.F08548.SPATIAL_RNA_COUNTER_CS.SPATIAL_RNA_COUNTER.SPATIAL_POST_MATRIX_COMPUTATION._POST_MATRIX_COMPUTATION._CELLS_REPORTER.SUMMARIZE_BASIC_REPORTS.fork0.join
2025-10-21 22:56:03 [runtime] (complete)        ID.F08548.SPATIAL_RNA_COUNTER_CS.SPATIAL_RNA_COUNTER.SPATIAL_POST_MATRIX_COMPUTATION.BIN_HD_DATA._BIN_HD_DATA._COMPUTE_BINNED_OUTPUTS.SPATIAL_BINNED_RNA_ANALYZER.RUN_GRAPH_CLUSTERING.fork_square_008um
2025-10-21 22:56:03 [runtime] (chunks_complete) ID.F08548.SPATIAL_RNA_COUNTER_CS.SPATIAL_RNA_COUNTER.SPATIAL_POST_MATRIX_COMPUTATION._TARGETED_ANALYZER._RUN_GDNA_ANALYSIS.GET_GDNA_PLOT
2025-10-21 22:56:03 [runtime] (complete)        ID.F08548.SPATIAL_RNA_COUNTER_CS.SPATIAL_RNA_COUNTER.SPATIAL_POST_MATRIX_COMPUTATION.BIN_HD_DATA._BIN_HD_DATA._COMPUTE_BINNED_OUTPUTS.SPATIAL_BINNED_RNA_ANALYZER.RUN_GRAPH_CLUSTERING.fork_square_008um
2025-10-21 22:56:04 [runtime] (complete)        ID.F08548.SPATIAL_RNA_COUNTER_CS.SPATIAL_RNA_COUNTER.SPATIAL_POST_MATRIX_COMPUTATION.BIN_HD_DATA._BIN_HD_DATA._COMPUTE_BINNED_OUTPUTS.SPATIAL_BINNED_RNA_ANALYZER.RUN_GRAPH_CLUSTERING.fork_square_008um
2025-10-21 22:56:04 [runtime] (ready)           ID.F08548.SPATIAL_RNA_COUNTER_CS.SPATIAL_RNA_COUNTER.SPATIAL_POST_MATRIX_COMPUTATION._TARGETED_ANALYZER._RUN_GDNA_ANALYSIS.MERGE_METRICS
2025-10-21 22:56:04 [runtime] (run:local)       ID.F08548.SPATIAL_RNA_COUNTER_CS.SPATIAL_RNA_COUNTER.SPATIAL_POST_MATRIX_COMPUTATION._TARGETED_ANALYZER._RUN_GDNA_ANALYSIS.MERGE_METRICS.fork0.chnk0.main
2025-10-21 22:56:07 [runtime] (complete)        ID.F08548.SPATIAL_RNA_COUNTER_CS.SPATIAL_RNA_COUNTER.SPATIAL_POST_MATRIX_COMPUTATION.BIN_HD_DATA._BIN_HD_DATA._COMPUTE_BINNED_OUTPUTS.SPATIAL_BINNED_RNA_ANALYZER.RUN_GRAPH_CLUSTERING.fork_square_008um
2025-10-21 22:56:10 [runtime] (complete)        ID.F08548.SPATIAL_RNA_COUNTER_CS.SPATIAL_RNA_COUNTER.SPATIAL_POST_MATRIX_COMPUTATION.BIN_HD_DATA._BIN_HD_DATA._COMPUTE_BINNED_OUTPUTS.SPATIAL_BINNED_RNA_ANALYZER.RUN_GRAPH_CLUSTERING.fork_square_008um
2025-10-21 22:56:13 [runtime] (complete)        ID.F08548.SPATIAL_RNA_COUNTER_CS.SPATIAL_RNA_COUNTER.SPATIAL_POST_MATRIX_COMPUTATION.BIN_HD_DATA._BIN_HD_DATA._COMPUTE_BINNED_OUTPUTS.SPATIAL_BINNED_RNA_ANALYZER.RUN_GRAPH_CLUSTERING.fork_square_008um
2025-10-21 22:56:16 [runtime] (complete)        ID.F08548.SPATIAL_RNA_COUNTER_CS.SPATIAL_RNA_COUNTER.SPATIAL_POST_MATRIX_COMPUTATION.BIN_HD_DATA._BIN_HD_DATA._COMPUTE_BINNED_OUTPUTS.SPATIAL_BINNED_RNA_ANALYZER.RUN_GRAPH_CLUSTERING.fork_square_008um
2025-10-21 22:56:19 [runtime] (complete)        ID.F08548.SPATIAL_RNA_COUNTER_CS.SPATIAL_RNA_COUNTER.SPATIAL_POST_MATRIX_COMPUTATION.BIN_HD_DATA._BIN_HD_DATA._COMPUTE_BINNED_OUTPUTS.SPATIAL_BINNED_RNA_ANALYZER.RUN_GRAPH_CLUSTERING.fork_square_008um
2025-10-21 22:56:22 [runtime] (complete)        ID.F08548.SPATIAL_RNA_COUNTER_CS.SPATIAL_RNA_COUNTER.SPATIAL_POST_MATRIX_COMPUTATION.BIN_HD_DATA._BIN_HD_DATA._COMPUTE_BINNED_OUTPUTS.SPATIAL_BINNED_RNA_ANALYZER.RUN_GRAPH_CLUSTERING.fork_square_008um
2025-10-21 22:56:25 [runtime] (complete)        ID.F08548.SPATIAL_RNA_COUNTER_CS.SPATIAL_RNA_COUNTER.SPATIAL_POST_MATRIX_COMPUTATION.BIN_HD_DATA._BIN_HD_DATA._COMPUTE_BINNED_OUTPUTS.SPATIAL_BINNED_RNA_ANALYZER.RUN_GRAPH_CLUSTERING.fork_square_008um
2025-10-21 22:56:28 [runtime] (complete)        ID.F08548.SPATIAL_RNA_COUNTER_CS.SPATIAL_RNA_COUNTER.SPATIAL_POST_MATRIX_COMPUTATION.BIN_HD_DATA._BIN_HD_DATA._COMPUTE_BINNED_OUTPUTS.SPATIAL_BINNED_RNA_ANALYZER.RUN_GRAPH_CLUSTERING.fork_square_008um
2025-10-21 22:56:31 [runtime] (complete)        ID.F08548.SPATIAL_RNA_COUNTER_CS.SPATIAL_RNA_COUNTER.SPATIAL_POST_MATRIX_COMPUTATION.BIN_HD_DATA._BIN_HD_DATA._COMPUTE_BINNED_OUTPUTS.SPATIAL_BINNED_RNA_ANALYZER.RUN_GRAPH_CLUSTERING.fork_square_008um
2025-10-21 22:56:34 [runtime] (complete)        ID.F08548.SPATIAL_RNA_COUNTER_CS.SPATIAL_RNA_COUNTER.SPATIAL_POST_MATRIX_COMPUTATION.BIN_HD_DATA._BIN_HD_DATA._COMPUTE_BINNED_OUTPUTS.SPATIAL_BINNED_RNA_ANALYZER.RUN_GRAPH_CLUSTERING.fork_square_008um
2025-10-21 22:56:34 [runtime] (chunks_complete) ID.F08548.SPATIAL_RNA_COUNTER_CS.SPATIAL_RNA_COUNTER.SPATIAL_POST_MATRIX_COMPUTATION.BIN_HD_DATA._BIN_HD_DATA._COMPUTE_BINNED_OUTPUTS.COMPUTE_SUBSAMPLED_BIN_METRICS.fork_square_008um
2025-10-21 22:56:34 [runtime] (complete)        ID.F08548.SPATIAL_RNA_COUNTER_CS.SPATIAL_RNA_COUNTER.SPATIAL_POST_MATRIX_COMPUTATION.BIN_HD_DATA._BIN_HD_DATA._COMPUTE_BINNED_OUTPUTS.SPATIAL_BINNED_RNA_ANALYZER.RUN_GRAPH_CLUSTERING.fork_square_008um
2025-10-21 22:56:34 [runtime] (chunks_complete) ID.F08548.SPATIAL_RNA_COUNTER_CS.SPATIAL_RNA_COUNTER.SPATIAL_POST_MATRIX_COMPUTATION._TARGETED_ANALYZER._RUN_GDNA_ANALYSIS.MERGE_METRICS
2025-10-21 22:56:34 [runtime] (complete)        ID.F08548.SPATIAL_RNA_COUNTER_CS.SPATIAL_RNA_COUNTER.SPATIAL_POST_MATRIX_COMPUTATION.BIN_HD_DATA._BIN_HD_DATA._COMPUTE_BINNED_OUTPUTS.COMPUTE_SUBSAMPLED_BIN_METRICS.fork_square_008um
2025-10-21 22:56:34 [runtime] (complete)        ID.F08548.SPATIAL_RNA_COUNTER_CS.SPATIAL_RNA_COUNTER.SPATIAL_POST_MATRIX_COMPUTATION.BIN_HD_DATA._BIN_HD_DATA._COMPUTE_BINNED_OUTPUTS.SPATIAL_BINNED_RNA_ANALYZER.RUN_GRAPH_CLUSTERING.fork_square_008um
2025-10-21 22:56:34 [runtime] (complete)        ID.F08548.SPATIAL_RNA_COUNTER_CS.SPATIAL_RNA_COUNTER.SPATIAL_POST_MATRIX_COMPUTATION.BIN_HD_DATA._BIN_HD_DATA._COMPUTE_BINNED_OUTPUTS.COMPUTE_SUBSAMPLED_BIN_METRICS.fork_square_008um
2025-10-21 22:56:34 [runtime] (complete)        ID.F08548.SPATIAL_RNA_COUNTER_CS.SPATIAL_RNA_COUNTER.SPATIAL_POST_MATRIX_COMPUTATION.BIN_HD_DATA._BIN_HD_DATA._COMPUTE_BINNED_OUTPUTS.SPATIAL_BINNED_RNA_ANALYZER.RUN_GRAPH_CLUSTERING.fork_square_008um
2025-10-21 22:56:34 [runtime] (complete)        ID.F08548.SPATIAL_RNA_COUNTER_CS.SPATIAL_RNA_COUNTER.SPATIAL_POST_MATRIX_COMPUTATION.BIN_HD_DATA._BIN_HD_DATA._COMPUTE_BINNED_OUTPUTS.SPATIAL_BINNED_RNA_ANALYZER.RUN_GRAPH_CLUSTERING.fork_square_008um
2025-10-21 22:56:34 [runtime] (complete)        ID.F08548.SPATIAL_RNA_COUNTER_CS.SPATIAL_RNA_COUNTER.SPATIAL_POST_MATRIX_COMPUTATION.BIN_HD_DATA._BIN_HD_DATA._COMPUTE_BINNED_OUTPUTS.COMPUTE_SUBSAMPLED_BIN_METRICS.fork_square_008um
2025-10-21 22:56:34 [runtime] (complete)        ID.F08548.SPATIAL_RNA_COUNTER_CS.SPATIAL_RNA_COUNTER.SPATIAL_POST_MATRIX_COMPUTATION.BIN_HD_DATA._BIN_HD_DATA._COMPUTE_BINNED_OUTPUTS.COMPUTE_SUBSAMPLED_BIN_METRICS.fork_square_008um
2025-10-21 22:56:34 [runtime] (complete)        ID.F08548.SPATIAL_RNA_COUNTER_CS.SPATIAL_RNA_COUNTER.SPATIAL_POST_MATRIX_COMPUTATION.BIN_HD_DATA._BIN_HD_DATA._COMPUTE_BINNED_OUTPUTS.SPATIAL_BINNED_RNA_ANALYZER.RUN_GRAPH_CLUSTERING.fork_square_008um
2025-10-21 22:56:36 [runtime] (complete)        ID.F08548.SPATIAL_RNA_COUNTER_CS.SPATIAL_RNA_COUNTER.SPATIAL_POST_MATRIX_COMPUTATION.BIN_HD_DATA._BIN_HD_DATA._COMPUTE_BINNED_OUTPUTS.COMPUTE_SUBSAMPLED_BIN_METRICS.fork_square_008um
2025-10-21 22:56:36 [runtime] (chunks_complete) ID.F08548.SPATIAL_RNA_COUNTER_CS.SPATIAL_RNA_COUNTER.SPATIAL_POST_MATRIX_COMPUTATION.BIN_HD_DATA._BIN_HD_DATA._COMPUTE_BINNED_OUTPUTS.COMPUTE_SUBSAMPLED_BIN_METRICS.fork_square_016um
2025-10-21 22:56:36 [runtime] (complete)        ID.F08548.SPATIAL_RNA_COUNTER_CS.SPATIAL_RNA_COUNTER.SPATIAL_POST_MATRIX_COMPUTATION.BIN_HD_DATA._BIN_HD_DATA._COMPUTE_BINNED_OUTPUTS.SPATIAL_BINNED_RNA_ANALYZER.RUN_GRAPH_CLUSTERING.fork_square_008um
2025-10-21 22:56:39 [runtime] (complete)        ID.F08548.SPATIAL_RNA_COUNTER_CS.SPATIAL_RNA_COUNTER.SPATIAL_POST_MATRIX_COMPUTATION.BIN_HD_DATA._BIN_HD_DATA._COMPUTE_BINNED_OUTPUTS.COMPUTE_SUBSAMPLED_BIN_METRICS.fork_square_008um
2025-10-21 22:56:39 [runtime] (complete)        ID.F08548.SPATIAL_RNA_COUNTER_CS.SPATIAL_RNA_COUNTER.SPATIAL_POST_MATRIX_COMPUTATION.BIN_HD_DATA._BIN_HD_DATA._COMPUTE_BINNED_OUTPUTS.COMPUTE_SUBSAMPLED_BIN_METRICS.fork_square_016um
2025-10-21 22:56:39 [runtime] (complete)        ID.F08548.SPATIAL_RNA_COUNTER_CS.SPATIAL_RNA_COUNTER.SPATIAL_POST_MATRIX_COMPUTATION.BIN_HD_DATA._BIN_HD_DATA._COMPUTE_BINNED_OUTPUTS.SPATIAL_BINNED_RNA_ANALYZER.RUN_GRAPH_CLUSTERING.fork_square_008um
2025-10-21 22:56:42 [runtime] (complete)        ID.F08548.SPATIAL_RNA_COUNTER_CS.SPATIAL_RNA_COUNTER.SPATIAL_POST_MATRIX_COMPUTATION.BIN_HD_DATA._BIN_HD_DATA._COMPUTE_BINNED_OUTPUTS.SPATIAL_BINNED_RNA_ANALYZER.RUN_GRAPH_CLUSTERING.fork_square_008um
2025-10-21 22:56:42 [runtime] (complete)        ID.F08548.SPATIAL_RNA_COUNTER_CS.SPATIAL_RNA_COUNTER.SPATIAL_POST_MATRIX_COMPUTATION.BIN_HD_DATA._BIN_HD_DATA._COMPUTE_BINNED_OUTPUTS.COMPUTE_SUBSAMPLED_BIN_METRICS.fork_square_008um
2025-10-21 22:56:42 [runtime] (complete)        ID.F08548.SPATIAL_RNA_COUNTER_CS.SPATIAL_RNA_COUNTER.SPATIAL_POST_MATRIX_COMPUTATION.BIN_HD_DATA._BIN_HD_DATA._COMPUTE_BINNED_OUTPUTS.COMPUTE_SUBSAMPLED_BIN_METRICS.fork_square_016um
2025-10-21 22:56:45 [runtime] (chunks_complete) ID.F08548.SPATIAL_RNA_COUNTER_CS.SPATIAL_RNA_COUNTER.SPATIAL_POST_MATRIX_COMPUTATION.BIN_HD_DATA._BIN_HD_DATA._COMPUTE_BINNED_OUTPUTS.COMPUTE_SUBSAMPLED_BIN_METRICS.fork_square_002um
2025-10-21 22:56:45 [runtime] (complete)        ID.F08548.SPATIAL_RNA_COUNTER_CS.SPATIAL_RNA_COUNTER.SPATIAL_POST_MATRIX_COMPUTATION.BIN_HD_DATA._BIN_HD_DATA._COMPUTE_BINNED_OUTPUTS.COMPUTE_SUBSAMPLED_BIN_METRICS.fork_square_008um
2025-10-21 22:56:45 [runtime] (complete)        ID.F08548.SPATIAL_RNA_COUNTER_CS.SPATIAL_RNA_COUNTER.SPATIAL_POST_MATRIX_COMPUTATION.BIN_HD_DATA._BIN_HD_DATA._COMPUTE_BINNED_OUTPUTS.COMPUTE_SUBSAMPLED_BIN_METRICS.fork_square_016um
2025-10-21 22:56:45 [runtime] (complete)        ID.F08548.SPATIAL_RNA_COUNTER_CS.SPATIAL_RNA_COUNTER.SPATIAL_POST_MATRIX_COMPUTATION.BIN_HD_DATA._BIN_HD_DATA._COMPUTE_BINNED_OUTPUTS.SPATIAL_BINNED_RNA_ANALYZER.RUN_GRAPH_CLUSTERING.fork_square_008um
2025-10-21 22:56:45 [runtime] (complete)        ID.F08548.SPATIAL_RNA_COUNTER_CS.SPATIAL_RNA_COUNTER.SPATIAL_POST_MATRIX_COMPUTATION.BIN_HD_DATA._BIN_HD_DATA._COMPUTE_BINNED_OUTPUTS.SPATIAL_BINNED_RNA_ANALYZER.RUN_GRAPH_CLUSTERING.fork_square_008um
2025-10-21 22:56:45 [runtime] (complete)        ID.F08548.SPATIAL_RNA_COUNTER_CS.SPATIAL_RNA_COUNTER.SPATIAL_POST_MATRIX_COMPUTATION.BIN_HD_DATA._BIN_HD_DATA._COMPUTE_BINNED_OUTPUTS.SPATIAL_BINNED_RNA_ANALYZER.RUN_GRAPH_CLUSTERING.fork_square_008um
2025-10-21 22:56:45 [runtime] (ready)           ID.F08548.SPATIAL_RNA_COUNTER_CS.SPATIAL_RNA_COUNTER.SPATIAL_POST_MATRIX_COMPUTATION.BIN_HD_DATA._BIN_HD_DATA._COMPUTE_BINNED_OUTPUTS.RECEIVE_SUBSAMPLED_METRICS.fork_square_002um
2025-10-21 22:56:45 [runtime] (run:local)       ID.F08548.SPATIAL_RNA_COUNTER_CS.SPATIAL_RNA_COUNTER.SPATIAL_POST_MATRIX_COMPUTATION.BIN_HD_DATA._BIN_HD_DATA._COMPUTE_BINNED_OUTPUTS.RECEIVE_SUBSAMPLED_METRICS.fork_square_002um.chnk0.main
2025-10-21 22:56:45 [runtime] (ready)           ID.F08548.SPATIAL_RNA_COUNTER_CS.SPATIAL_RNA_COUNTER.SPATIAL_POST_MATRIX_COMPUTATION.BIN_HD_DATA._BIN_HD_DATA._COMPUTE_BINNED_OUTPUTS.RECEIVE_SUBSAMPLED_METRICS.fork_square_008um
2025-10-21 22:56:45 [runtime] (run:local)       ID.F08548.SPATIAL_RNA_COUNTER_CS.SPATIAL_RNA_COUNTER.SPATIAL_POST_MATRIX_COMPUTATION.BIN_HD_DATA._BIN_HD_DATA._COMPUTE_BINNED_OUTPUTS.RECEIVE_SUBSAMPLED_METRICS.fork_square_008um.chnk0.main
2025-10-21 22:56:45 [runtime] (ready)           ID.F08548.SPATIAL_RNA_COUNTER_CS.SPATIAL_RNA_COUNTER.SPATIAL_POST_MATRIX_COMPUTATION.BIN_HD_DATA._BIN_HD_DATA._COMPUTE_BINNED_OUTPUTS.RECEIVE_SUBSAMPLED_METRICS.fork_square_016um
2025-10-21 22:56:45 [runtime] (run:local)       ID.F08548.SPATIAL_RNA_COUNTER_CS.SPATIAL_RNA_COUNTER.SPATIAL_POST_MATRIX_COMPUTATION.BIN_HD_DATA._BIN_HD_DATA._COMPUTE_BINNED_OUTPUTS.RECEIVE_SUBSAMPLED_METRICS.fork_square_016um.chnk0.main
2025-10-21 22:56:48 [runtime] (complete)        ID.F08548.SPATIAL_RNA_COUNTER_CS.SPATIAL_RNA_COUNTER.SPATIAL_POST_MATRIX_COMPUTATION.BIN_HD_DATA._BIN_HD_DATA._COMPUTE_BINNED_OUTPUTS.SPATIAL_BINNED_RNA_ANALYZER.RUN_GRAPH_CLUSTERING.fork_square_008um
2025-10-21 22:56:48 [runtime] (complete)        ID.F08548.SPATIAL_RNA_COUNTER_CS.SPATIAL_RNA_COUNTER.SPATIAL_POST_MATRIX_COMPUTATION.BIN_HD_DATA._BIN_HD_DATA._COMPUTE_BINNED_OUTPUTS.SPATIAL_BINNED_RNA_ANALYZER.RUN_GRAPH_CLUSTERING.fork_square_008um
2025-10-21 22:56:48 [runtime] (chunks_complete) ID.F08548.SPATIAL_RNA_COUNTER_CS.SPATIAL_RNA_COUNTER.SPATIAL_POST_MATRIX_COMPUTATION.BIN_HD_DATA._BIN_HD_DATA._COMPUTE_BINNED_OUTPUTS.RECEIVE_SUBSAMPLED_METRICS.fork_square_002um
2025-10-21 22:56:48 [runtime] (chunks_complete) ID.F08548.SPATIAL_RNA_COUNTER_CS.SPATIAL_RNA_COUNTER.SPATIAL_POST_MATRIX_COMPUTATION.BIN_HD_DATA._BIN_HD_DATA._COMPUTE_BINNED_OUTPUTS.RECEIVE_SUBSAMPLED_METRICS.fork_square_016um
2025-10-21 22:56:48 [runtime] (complete)        ID.F08548.SPATIAL_RNA_COUNTER_CS.SPATIAL_RNA_COUNTER.SPATIAL_POST_MATRIX_COMPUTATION.BIN_HD_DATA._BIN_HD_DATA._COMPUTE_BINNED_OUTPUTS.SPATIAL_BINNED_RNA_ANALYZER.RUN_GRAPH_CLUSTERING.fork_square_008um
2025-10-21 22:56:48 [runtime] (complete)        ID.F08548.SPATIAL_RNA_COUNTER_CS.SPATIAL_RNA_COUNTER.SPATIAL_POST_MATRIX_COMPUTATION.BIN_HD_DATA._BIN_HD_DATA._COMPUTE_BINNED_OUTPUTS.RECEIVE_SUBSAMPLED_METRICS.fork_square_002um
2025-10-21 22:56:48 [runtime] (chunks_complete) ID.F08548.SPATIAL_RNA_COUNTER_CS.SPATIAL_RNA_COUNTER.SPATIAL_POST_MATRIX_COMPUTATION.BIN_HD_DATA._BIN_HD_DATA._COMPUTE_BINNED_OUTPUTS.RECEIVE_SUBSAMPLED_METRICS.fork_square_008um
2025-10-21 22:56:48 [runtime] (complete)        ID.F08548.SPATIAL_RNA_COUNTER_CS.SPATIAL_RNA_COUNTER.SPATIAL_POST_MATRIX_COMPUTATION.BIN_HD_DATA._BIN_HD_DATA._COMPUTE_BINNED_OUTPUTS.RECEIVE_SUBSAMPLED_METRICS.fork_square_016um
2025-10-21 22:56:49 [runtime] (complete)        ID.F08548.SPATIAL_RNA_COUNTER_CS.SPATIAL_RNA_COUNTER.SPATIAL_POST_MATRIX_COMPUTATION.BIN_HD_DATA._BIN_HD_DATA._COMPUTE_BINNED_OUTPUTS.SPATIAL_BINNED_RNA_ANALYZER.RUN_GRAPH_CLUSTERING.fork_square_008um
2025-10-21 22:56:49 [runtime] (complete)        ID.F08548.SPATIAL_RNA_COUNTER_CS.SPATIAL_RNA_COUNTER.SPATIAL_POST_MATRIX_COMPUTATION.BIN_HD_DATA._BIN_HD_DATA._COMPUTE_BINNED_OUTPUTS.SPATIAL_BINNED_RNA_ANALYZER.RUN_GRAPH_CLUSTERING.fork_square_008um
2025-10-21 22:56:49 [runtime] (ready)           ID.F08548.SPATIAL_RNA_COUNTER_CS.SPATIAL_RNA_COUNTER.SPATIAL_POST_MATRIX_COMPUTATION.HD_WEBSUMMARY_BUILDER.PICK_SATURATION_PLOT
2025-10-21 22:56:49 [runtime] (run:local)       ID.F08548.SPATIAL_RNA_COUNTER_CS.SPATIAL_RNA_COUNTER.SPATIAL_POST_MATRIX_COMPUTATION.HD_WEBSUMMARY_BUILDER.PICK_SATURATION_PLOT.fork0.chnk0.main
2025-10-21 22:56:51 [runtime] (complete)        ID.F08548.SPATIAL_RNA_COUNTER_CS.SPATIAL_RNA_COUNTER.SPATIAL_POST_MATRIX_COMPUTATION.BIN_HD_DATA._BIN_HD_DATA._COMPUTE_BINNED_OUTPUTS.SPATIAL_BINNED_RNA_ANALYZER.RUN_GRAPH_CLUSTERING.fork_square_008um
2025-10-21 22:56:51 [runtime] (chunks_complete) ID.F08548.SPATIAL_RNA_COUNTER_CS.SPATIAL_RNA_COUNTER.SPATIAL_POST_MATRIX_COMPUTATION.HD_WEBSUMMARY_BUILDER.PICK_SATURATION_PLOT
2025-10-21 22:56:51 [runtime] (complete)        ID.F08548.SPATIAL_RNA_COUNTER_CS.SPATIAL_RNA_COUNTER.SPATIAL_POST_MATRIX_COMPUTATION.BIN_HD_DATA._BIN_HD_DATA._COMPUTE_BINNED_OUTPUTS.SPATIAL_BINNED_RNA_ANALYZER.RUN_GRAPH_CLUSTERING.fork_square_008um
2025-10-21 22:56:54 [runtime] (complete)        ID.F08548.SPATIAL_RNA_COUNTER_CS.SPATIAL_RNA_COUNTER.SPATIAL_POST_MATRIX_COMPUTATION.BIN_HD_DATA._BIN_HD_DATA._COMPUTE_BINNED_OUTPUTS.SPATIAL_BINNED_RNA_ANALYZER.RUN_GRAPH_CLUSTERING.fork_square_008um
2025-10-21 22:56:57 [runtime] (complete)        ID.F08548.SPATIAL_RNA_COUNTER_CS.SPATIAL_RNA_COUNTER.SPATIAL_POST_MATRIX_COMPUTATION.BIN_HD_DATA._BIN_HD_DATA._COMPUTE_BINNED_OUTPUTS.SPATIAL_BINNED_RNA_ANALYZER.RUN_GRAPH_CLUSTERING.fork_square_008um
2025-10-21 22:57:00 [runtime] (complete)        ID.F08548.SPATIAL_RNA_COUNTER_CS.SPATIAL_RNA_COUNTER.SPATIAL_POST_MATRIX_COMPUTATION.BIN_HD_DATA._BIN_HD_DATA._COMPUTE_BINNED_OUTPUTS.SPATIAL_BINNED_RNA_ANALYZER.RUN_GRAPH_CLUSTERING.fork_square_008um
2025-10-21 22:57:03 [runtime] (complete)        ID.F08548.SPATIAL_RNA_COUNTER_CS.SPATIAL_RNA_COUNTER.SPATIAL_POST_MATRIX_COMPUTATION.BIN_HD_DATA._BIN_HD_DATA._COMPUTE_BINNED_OUTPUTS.SPATIAL_BINNED_RNA_ANALYZER.RUN_GRAPH_CLUSTERING.fork_square_008um
2025-10-21 22:57:06 [runtime] (complete)        ID.F08548.SPATIAL_RNA_COUNTER_CS.SPATIAL_RNA_COUNTER.SPATIAL_POST_MATRIX_COMPUTATION.BIN_HD_DATA._BIN_HD_DATA._COMPUTE_BINNED_OUTPUTS.SPATIAL_BINNED_RNA_ANALYZER.RUN_GRAPH_CLUSTERING.fork_square_008um
2025-10-21 22:57:09 [runtime] (complete)        ID.F08548.SPATIAL_RNA_COUNTER_CS.SPATIAL_RNA_COUNTER.SPATIAL_POST_MATRIX_COMPUTATION.BIN_HD_DATA._BIN_HD_DATA._COMPUTE_BINNED_OUTPUTS.SPATIAL_BINNED_RNA_ANALYZER.RUN_GRAPH_CLUSTERING.fork_square_008um
2025-10-21 22:57:12 [runtime] (complete)        ID.F08548.SPATIAL_RNA_COUNTER_CS.SPATIAL_RNA_COUNTER.SPATIAL_POST_MATRIX_COMPUTATION.BIN_HD_DATA._BIN_HD_DATA._COMPUTE_BINNED_OUTPUTS.SPATIAL_BINNED_RNA_ANALYZER.RUN_GRAPH_CLUSTERING.fork_square_008um
2025-10-21 22:57:15 [runtime] (complete)        ID.F08548.SPATIAL_RNA_COUNTER_CS.SPATIAL_RNA_COUNTER.SPATIAL_POST_MATRIX_COMPUTATION.BIN_HD_DATA._BIN_HD_DATA._COMPUTE_BINNED_OUTPUTS.SPATIAL_BINNED_RNA_ANALYZER.RUN_GRAPH_CLUSTERING.fork_square_008um
2025-10-21 22:57:18 [runtime] (complete)        ID.F08548.SPATIAL_RNA_COUNTER_CS.SPATIAL_RNA_COUNTER.SPATIAL_POST_MATRIX_COMPUTATION.BIN_HD_DATA._BIN_HD_DATA._COMPUTE_BINNED_OUTPUTS.SPATIAL_BINNED_RNA_ANALYZER.RUN_GRAPH_CLUSTERING.fork_square_008um
2025-10-21 22:57:21 [runtime] (complete)        ID.F08548.SPATIAL_RNA_COUNTER_CS.SPATIAL_RNA_COUNTER.SPATIAL_POST_MATRIX_COMPUTATION.BIN_HD_DATA._BIN_HD_DATA._COMPUTE_BINNED_OUTPUTS.SPATIAL_BINNED_RNA_ANALYZER.RUN_GRAPH_CLUSTERING.fork_square_008um
2025-10-21 22:57:24 [runtime] (complete)        ID.F08548.SPATIAL_RNA_COUNTER_CS.SPATIAL_RNA_COUNTER.SPATIAL_POST_MATRIX_COMPUTATION.BIN_HD_DATA._BIN_HD_DATA._COMPUTE_BINNED_OUTPUTS.SPATIAL_BINNED_RNA_ANALYZER.RUN_GRAPH_CLUSTERING.fork_square_008um
2025-10-21 22:57:27 [runtime] (complete)        ID.F08548.SPATIAL_RNA_COUNTER_CS.SPATIAL_RNA_COUNTER.SPATIAL_POST_MATRIX_COMPUTATION.BIN_HD_DATA._BIN_HD_DATA._COMPUTE_BINNED_OUTPUTS.SPATIAL_BINNED_RNA_ANALYZER.RUN_GRAPH_CLUSTERING.fork_square_008um
2025-10-21 22:57:30 [runtime] (complete)        ID.F08548.SPATIAL_RNA_COUNTER_CS.SPATIAL_RNA_COUNTER.SPATIAL_POST_MATRIX_COMPUTATION.BIN_HD_DATA._BIN_HD_DATA._COMPUTE_BINNED_OUTPUTS.SPATIAL_BINNED_RNA_ANALYZER.RUN_GRAPH_CLUSTERING.fork_square_008um
2025-10-21 22:57:33 [runtime] (complete)        ID.F08548.SPATIAL_RNA_COUNTER_CS.SPATIAL_RNA_COUNTER.SPATIAL_POST_MATRIX_COMPUTATION.BIN_HD_DATA._BIN_HD_DATA._COMPUTE_BINNED_OUTPUTS.SPATIAL_BINNED_RNA_ANALYZER.RUN_GRAPH_CLUSTERING.fork_square_008um
2025-10-21 22:57:36 [runtime] (complete)        ID.F08548.SPATIAL_RNA_COUNTER_CS.SPATIAL_RNA_COUNTER.SPATIAL_POST_MATRIX_COMPUTATION.BIN_HD_DATA._BIN_HD_DATA._COMPUTE_BINNED_OUTPUTS.SPATIAL_BINNED_RNA_ANALYZER.RUN_GRAPH_CLUSTERING.fork_square_008um
2025-10-21 22:57:39 [runtime] (complete)        ID.F08548.SPATIAL_RNA_COUNTER_CS.SPATIAL_RNA_COUNTER.SPATIAL_POST_MATRIX_COMPUTATION.BIN_HD_DATA._BIN_HD_DATA._COMPUTE_BINNED_OUTPUTS.SPATIAL_BINNED_RNA_ANALYZER.RUN_GRAPH_CLUSTERING.fork_square_008um
2025-10-21 22:57:42 [runtime] (complete)        ID.F08548.SPATIAL_RNA_COUNTER_CS.SPATIAL_RNA_COUNTER.SPATIAL_POST_MATRIX_COMPUTATION.BIN_HD_DATA._BIN_HD_DATA._COMPUTE_BINNED_OUTPUTS.SPATIAL_BINNED_RNA_ANALYZER.RUN_GRAPH_CLUSTERING.fork_square_008um
2025-10-21 22:57:45 [runtime] (complete)        ID.F08548.SPATIAL_RNA_COUNTER_CS.SPATIAL_RNA_COUNTER.SPATIAL_POST_MATRIX_COMPUTATION.BIN_HD_DATA._BIN_HD_DATA._COMPUTE_BINNED_OUTPUTS.SPATIAL_BINNED_RNA_ANALYZER.RUN_GRAPH_CLUSTERING.fork_square_008um
2025-10-21 22:57:48 [runtime] (complete)        ID.F08548.SPATIAL_RNA_COUNTER_CS.SPATIAL_RNA_COUNTER.SPATIAL_POST_MATRIX_COMPUTATION.BIN_HD_DATA._BIN_HD_DATA._COMPUTE_BINNED_OUTPUTS.SPATIAL_BINNED_RNA_ANALYZER.RUN_GRAPH_CLUSTERING.fork_square_008um
2025-10-21 22:57:51 [runtime] (complete)        ID.F08548.SPATIAL_RNA_COUNTER_CS.SPATIAL_RNA_COUNTER.SPATIAL_POST_MATRIX_COMPUTATION.BIN_HD_DATA._BIN_HD_DATA._COMPUTE_BINNED_OUTPUTS.SPATIAL_BINNED_RNA_ANALYZER.RUN_GRAPH_CLUSTERING.fork_square_008um
2025-10-21 22:57:54 [runtime] (complete)        ID.F08548.SPATIAL_RNA_COUNTER_CS.SPATIAL_RNA_COUNTER.SPATIAL_POST_MATRIX_COMPUTATION.BIN_HD_DATA._BIN_HD_DATA._COMPUTE_BINNED_OUTPUTS.SPATIAL_BINNED_RNA_ANALYZER.RUN_GRAPH_CLUSTERING.fork_square_008um
2025-10-21 22:57:57 [runtime] (complete)        ID.F08548.SPATIAL_RNA_COUNTER_CS.SPATIAL_RNA_COUNTER.SPATIAL_POST_MATRIX_COMPUTATION.BIN_HD_DATA._BIN_HD_DATA._COMPUTE_BINNED_OUTPUTS.SPATIAL_BINNED_RNA_ANALYZER.RUN_GRAPH_CLUSTERING.fork_square_008um
2025-10-21 22:58:00 [runtime] (complete)        ID.F08548.SPATIAL_RNA_COUNTER_CS.SPATIAL_RNA_COUNTER.SPATIAL_POST_MATRIX_COMPUTATION.BIN_HD_DATA._BIN_HD_DATA._COMPUTE_BINNED_OUTPUTS.SPATIAL_BINNED_RNA_ANALYZER.RUN_GRAPH_CLUSTERING.fork_square_008um
2025-10-21 22:58:03 [runtime] (complete)        ID.F08548.SPATIAL_RNA_COUNTER_CS.SPATIAL_RNA_COUNTER.SPATIAL_POST_MATRIX_COMPUTATION.BIN_HD_DATA._BIN_HD_DATA._COMPUTE_BINNED_OUTPUTS.SPATIAL_BINNED_RNA_ANALYZER.RUN_GRAPH_CLUSTERING.fork_square_008um
2025-10-21 22:58:06 [runtime] (complete)        ID.F08548.SPATIAL_RNA_COUNTER_CS.SPATIAL_RNA_COUNTER.SPATIAL_POST_MATRIX_COMPUTATION.BIN_HD_DATA._BIN_HD_DATA._COMPUTE_BINNED_OUTPUTS.SPATIAL_BINNED_RNA_ANALYZER.RUN_GRAPH_CLUSTERING.fork_square_008um
2025-10-21 22:58:09 [runtime] (complete)        ID.F08548.SPATIAL_RNA_COUNTER_CS.SPATIAL_RNA_COUNTER.SPATIAL_POST_MATRIX_COMPUTATION.BIN_HD_DATA._BIN_HD_DATA._COMPUTE_BINNED_OUTPUTS.SPATIAL_BINNED_RNA_ANALYZER.RUN_GRAPH_CLUSTERING.fork_square_008um
2025-10-21 22:58:12 [runtime] (complete)        ID.F08548.SPATIAL_RNA_COUNTER_CS.SPATIAL_RNA_COUNTER.SPATIAL_POST_MATRIX_COMPUTATION.BIN_HD_DATA._BIN_HD_DATA._COMPUTE_BINNED_OUTPUTS.SPATIAL_BINNED_RNA_ANALYZER.RUN_GRAPH_CLUSTERING.fork_square_008um
2025-10-21 22:58:15 [runtime] (complete)        ID.F08548.SPATIAL_RNA_COUNTER_CS.SPATIAL_RNA_COUNTER.SPATIAL_POST_MATRIX_COMPUTATION.BIN_HD_DATA._BIN_HD_DATA._COMPUTE_BINNED_OUTPUTS.SPATIAL_BINNED_RNA_ANALYZER.RUN_GRAPH_CLUSTERING.fork_square_008um
2025-10-21 22:58:18 [runtime] (complete)        ID.F08548.SPATIAL_RNA_COUNTER_CS.SPATIAL_RNA_COUNTER.SPATIAL_POST_MATRIX_COMPUTATION.BIN_HD_DATA._BIN_HD_DATA._COMPUTE_BINNED_OUTPUTS.SPATIAL_BINNED_RNA_ANALYZER.RUN_GRAPH_CLUSTERING.fork_square_008um
2025-10-21 22:58:21 [runtime] (complete)        ID.F08548.SPATIAL_RNA_COUNTER_CS.SPATIAL_RNA_COUNTER.SPATIAL_POST_MATRIX_COMPUTATION.BIN_HD_DATA._BIN_HD_DATA._COMPUTE_BINNED_OUTPUTS.SPATIAL_BINNED_RNA_ANALYZER.RUN_GRAPH_CLUSTERING.fork_square_008um
2025-10-21 22:58:24 [runtime] (complete)        ID.F08548.SPATIAL_RNA_COUNTER_CS.SPATIAL_RNA_COUNTER.SPATIAL_POST_MATRIX_COMPUTATION.BIN_HD_DATA._BIN_HD_DATA._COMPUTE_BINNED_OUTPUTS.SPATIAL_BINNED_RNA_ANALYZER.RUN_GRAPH_CLUSTERING.fork_square_008um
2025-10-21 22:58:25 [runtime] (complete)        ID.F08548.SPATIAL_RNA_COUNTER_CS.SPATIAL_RNA_COUNTER.SPATIAL_POST_MATRIX_COMPUTATION.BIN_HD_DATA._BIN_HD_DATA._COMPUTE_BINNED_OUTPUTS.SPATIAL_BINNED_RNA_ANALYZER.RUN_GRAPH_CLUSTERING.fork_square_008um
2025-10-21 22:58:25 [runtime] (join_complete)   ID.F08548.SPATIAL_RNA_COUNTER_CS.SPATIAL_RNA_COUNTER.SPATIAL_POST_MATRIX_COMPUTATION._POST_MATRIX_COMPUTATION._CELLS_REPORTER.SUMMARIZE_BASIC_REPORTS
2025-10-21 22:58:31 [runtime] (complete)        ID.F08548.SPATIAL_RNA_COUNTER_CS.SPATIAL_RNA_COUNTER.SPATIAL_POST_MATRIX_COMPUTATION.BIN_HD_DATA._BIN_HD_DATA._COMPUTE_BINNED_OUTPUTS.SPATIAL_BINNED_RNA_ANALYZER.RUN_GRAPH_CLUSTERING.fork_square_008um
2025-10-21 22:58:31 [runtime] (ready)           ID.F08548.SPATIAL_RNA_COUNTER_CS.SPATIAL_RNA_COUNTER.SPATIAL_POST_MATRIX_COMPUTATION._POST_MATRIX_COMPUTATION.MERGE_METRICS
2025-10-21 22:58:31 [runtime] (run:local)       ID.F08548.SPATIAL_RNA_COUNTER_CS.SPATIAL_RNA_COUNTER.SPATIAL_POST_MATRIX_COMPUTATION._POST_MATRIX_COMPUTATION.MERGE_METRICS.fork0.chnk0.main
2025-10-21 22:58:31 [runtime] (complete)        ID.F08548.SPATIAL_RNA_COUNTER_CS.SPATIAL_RNA_COUNTER.SPATIAL_POST_MATRIX_COMPUTATION.BIN_HD_DATA._BIN_HD_DATA._COMPUTE_BINNED_OUTPUTS.SPATIAL_BINNED_RNA_ANALYZER.RUN_GRAPH_CLUSTERING.fork_square_008um
2025-10-21 22:58:31 [runtime] (chunks_complete) ID.F08548.SPATIAL_RNA_COUNTER_CS.SPATIAL_RNA_COUNTER.SPATIAL_POST_MATRIX_COMPUTATION.BIN_HD_DATA._BIN_HD_DATA._COMPUTE_BINNED_OUTPUTS.SPATIAL_BINNED_RNA_ANALYZER.RUN_GRAPH_CLUSTERING.fork_square_016um
2025-10-21 22:58:31 [runtime] (run:local)       ID.F08548.SPATIAL_RNA_COUNTER_CS.SPATIAL_RNA_COUNTER.SPATIAL_POST_MATRIX_COMPUTATION.BIN_HD_DATA._BIN_HD_DATA._COMPUTE_BINNED_OUTPUTS.SPATIAL_BINNED_RNA_ANALYZER.RUN_GRAPH_CLUSTERING.fork_square_016um.join
2025-10-21 22:58:31 [runtime] (chunks_complete) ID.F08548.SPATIAL_RNA_COUNTER_CS.SPATIAL_RNA_COUNTER.SPATIAL_POST_MATRIX_COMPUTATION._POST_MATRIX_COMPUTATION.MERGE_METRICS
2025-10-21 22:58:31 [runtime] (complete)        ID.F08548.SPATIAL_RNA_COUNTER_CS.SPATIAL_RNA_COUNTER.SPATIAL_POST_MATRIX_COMPUTATION.BIN_HD_DATA._BIN_HD_DATA._COMPUTE_BINNED_OUTPUTS.SPATIAL_BINNED_RNA_ANALYZER.RUN_GRAPH_CLUSTERING.fork_square_008um
2025-10-21 22:58:31 [runtime] (complete)        ID.F08548.SPATIAL_RNA_COUNTER_CS.SPATIAL_RNA_COUNTER.SPATIAL_POST_MATRIX_COMPUTATION.BIN_HD_DATA._BIN_HD_DATA._COMPUTE_BINNED_OUTPUTS.SPATIAL_BINNED_RNA_ANALYZER.RUN_GRAPH_CLUSTERING.fork_square_008um
2025-10-21 22:58:31 [runtime] (join_complete)   ID.F08548.SPATIAL_RNA_COUNTER_CS.SPATIAL_RNA_COUNTER.SPATIAL_POST_MATRIX_COMPUTATION.BIN_HD_DATA._BIN_HD_DATA._COMPUTE_BINNED_OUTPUTS.SPATIAL_BINNED_RNA_ANALYZER.RUN_GRAPH_CLUSTERING.fork_square_016um
2025-10-21 22:58:31 [runtime] (ready)           ID.F08548.SPATIAL_RNA_COUNTER_CS.SPATIAL_RNA_COUNTER.SPATIAL_POST_MATRIX_COMPUTATION._TARGETED_ANALYZER.CALCULATE_TARGETED_METRICS
2025-10-21 22:58:31 [runtime] (run:local)       ID.F08548.SPATIAL_RNA_COUNTER_CS.SPATIAL_RNA_COUNTER.SPATIAL_POST_MATRIX_COMPUTATION._TARGETED_ANALYZER.CALCULATE_TARGETED_METRICS.fork0.split
2025-10-21 22:58:32 [runtime] (ready)           ID.F08548.SPATIAL_RNA_COUNTER_CS.SPATIAL_RNA_COUNTER.SPATIAL_POST_MATRIX_COMPUTATION.BIN_HD_DATA._BIN_HD_DATA._COMPUTE_BINNED_OUTPUTS.COMPUTE_BIN_METRICS.fork_square_002um
2025-10-21 22:58:32 [runtime] (run:local)       ID.F08548.SPATIAL_RNA_COUNTER_CS.SPATIAL_RNA_COUNTER.SPATIAL_POST_MATRIX_COMPUTATION.BIN_HD_DATA._BIN_HD_DATA._COMPUTE_BINNED_OUTPUTS.COMPUTE_BIN_METRICS.fork_square_002um.split
2025-10-21 22:58:32 [runtime] (ready)           ID.F08548.SPATIAL_RNA_COUNTER_CS.SPATIAL_RNA_COUNTER.SPATIAL_POST_MATRIX_COMPUTATION.BIN_HD_DATA._BIN_HD_DATA._COMPUTE_BINNED_OUTPUTS.COMPUTE_BIN_METRICS.fork_square_008um
2025-10-21 22:58:32 [runtime] (run:local)       ID.F08548.SPATIAL_RNA_COUNTER_CS.SPATIAL_RNA_COUNTER.SPATIAL_POST_MATRIX_COMPUTATION.BIN_HD_DATA._BIN_HD_DATA._COMPUTE_BINNED_OUTPUTS.COMPUTE_BIN_METRICS.fork_square_008um.split
2025-10-21 22:58:32 [runtime] (ready)           ID.F08548.SPATIAL_RNA_COUNTER_CS.SPATIAL_RNA_COUNTER.SPATIAL_POST_MATRIX_COMPUTATION.BIN_HD_DATA._BIN_HD_DATA._COMPUTE_BINNED_OUTPUTS.COMPUTE_BIN_METRICS.fork_square_016um
2025-10-21 22:58:32 [runtime] (run:local)       ID.F08548.SPATIAL_RNA_COUNTER_CS.SPATIAL_RNA_COUNTER.SPATIAL_POST_MATRIX_COMPUTATION.BIN_HD_DATA._BIN_HD_DATA._COMPUTE_BINNED_OUTPUTS.COMPUTE_BIN_METRICS.fork_square_016um.split
2025-10-21 22:58:32 [runtime] (ready)           ID.F08548.SPATIAL_RNA_COUNTER_CS.SPATIAL_RNA_COUNTER.SPATIAL_POST_MATRIX_COMPUTATION.BIN_HD_DATA._BIN_HD_DATA._COMPUTE_BINNED_OUTPUTS.SPATIAL_BINNED_RNA_ANALYZER.RUN_HIERARCHICAL_CLUSTERING.fork_square_002um
2025-10-21 22:58:32 [runtime] (ready)           ID.F08548.SPATIAL_RNA_COUNTER_CS.SPATIAL_RNA_COUNTER.SPATIAL_POST_MATRIX_COMPUTATION.BIN_HD_DATA._BIN_HD_DATA._COMPUTE_BINNED_OUTPUTS.SPATIAL_BINNED_RNA_ANALYZER.RUN_HIERARCHICAL_CLUSTERING.fork_square_008um
2025-10-21 22:58:32 [runtime] (ready)           ID.F08548.SPATIAL_RNA_COUNTER_CS.SPATIAL_RNA_COUNTER.SPATIAL_POST_MATRIX_COMPUTATION.BIN_HD_DATA._BIN_HD_DATA._COMPUTE_BINNED_OUTPUTS.SPATIAL_BINNED_RNA_ANALYZER.RUN_HIERARCHICAL_CLUSTERING.fork_square_016um
2025-10-21 22:58:32 [runtime] (split_complete)  ID.F08548.SPATIAL_RNA_COUNTER_CS.SPATIAL_RNA_COUNTER.SPATIAL_POST_MATRIX_COMPUTATION.BIN_HD_DATA._BIN_HD_DATA._COMPUTE_BINNED_OUTPUTS.COMPUTE_BIN_METRICS.fork_square_002um
2025-10-21 22:58:32 [runtime] (run:local)       ID.F08548.SPATIAL_RNA_COUNTER_CS.SPATIAL_RNA_COUNTER.SPATIAL_POST_MATRIX_COMPUTATION.BIN_HD_DATA._BIN_HD_DATA._COMPUTE_BINNED_OUTPUTS.COMPUTE_BIN_METRICS.fork_square_002um.join
2025-10-21 22:58:32 [runtime] (split_complete)  ID.F08548.SPATIAL_RNA_COUNTER_CS.SPATIAL_RNA_COUNTER.SPATIAL_POST_MATRIX_COMPUTATION.BIN_HD_DATA._BIN_HD_DATA._COMPUTE_BINNED_OUTPUTS.COMPUTE_BIN_METRICS.fork_square_008um
2025-10-21 22:58:32 [runtime] (run:local)       ID.F08548.SPATIAL_RNA_COUNTER_CS.SPATIAL_RNA_COUNTER.SPATIAL_POST_MATRIX_COMPUTATION.BIN_HD_DATA._BIN_HD_DATA._COMPUTE_BINNED_OUTPUTS.COMPUTE_BIN_METRICS.fork_square_008um.join
2025-10-21 22:58:32 [runtime] (split_complete)  ID.F08548.SPATIAL_RNA_COUNTER_CS.SPATIAL_RNA_COUNTER.SPATIAL_POST_MATRIX_COMPUTATION.BIN_HD_DATA._BIN_HD_DATA._COMPUTE_BINNED_OUTPUTS.COMPUTE_BIN_METRICS.fork_square_016um
2025-10-21 22:58:32 [runtime] (run:local)       ID.F08548.SPATIAL_RNA_COUNTER_CS.SPATIAL_RNA_COUNTER.SPATIAL_POST_MATRIX_COMPUTATION.BIN_HD_DATA._BIN_HD_DATA._COMPUTE_BINNED_OUTPUTS.COMPUTE_BIN_METRICS.fork_square_016um.join
2025-10-21 22:58:32 [runtime] (ready)           ID.F08548.SPATIAL_RNA_COUNTER_CS.SPATIAL_RNA_COUNTER.SPATIAL_POST_MATRIX_COMPUTATION.BIN_HD_DATA._BIN_HD_DATA._COMPUTE_BINNED_OUTPUTS.SPATIAL_BINNED_RNA_ANALYZER.COMBINE_CLUSTERING.fork_square_002um
2025-10-21 22:58:32 [runtime] (ready)           ID.F08548.SPATIAL_RNA_COUNTER_CS.SPATIAL_RNA_COUNTER.SPATIAL_POST_MATRIX_COMPUTATION.BIN_HD_DATA._BIN_HD_DATA._COMPUTE_BINNED_OUTPUTS.SPATIAL_BINNED_RNA_ANALYZER.COMBINE_CLUSTERING.fork_square_008um
2025-10-21 22:58:32 [runtime] (run:local)       ID.F08548.SPATIAL_RNA_COUNTER_CS.SPATIAL_RNA_COUNTER.SPATIAL_POST_MATRIX_COMPUTATION.BIN_HD_DATA._BIN_HD_DATA._COMPUTE_BINNED_OUTPUTS.SPATIAL_BINNED_RNA_ANALYZER.COMBINE_CLUSTERING.fork_square_008um.chnk0.main
2025-10-21 22:58:32 [runtime] (ready)           ID.F08548.SPATIAL_RNA_COUNTER_CS.SPATIAL_RNA_COUNTER.SPATIAL_POST_MATRIX_COMPUTATION.BIN_HD_DATA._BIN_HD_DATA._COMPUTE_BINNED_OUTPUTS.SPATIAL_BINNED_RNA_ANALYZER.COMBINE_CLUSTERING.fork_square_016um
2025-10-21 22:58:32 [runtime] (run:local)       ID.F08548.SPATIAL_RNA_COUNTER_CS.SPATIAL_RNA_COUNTER.SPATIAL_POST_MATRIX_COMPUTATION.BIN_HD_DATA._BIN_HD_DATA._COMPUTE_BINNED_OUTPUTS.SPATIAL_BINNED_RNA_ANALYZER.COMBINE_CLUSTERING.fork_square_016um.chnk0.main
2025-10-21 22:58:33 [runtime] (join_complete)   ID.F08548.SPATIAL_RNA_COUNTER_CS.SPATIAL_RNA_COUNTER.SPATIAL_POST_MATRIX_COMPUTATION.BIN_HD_DATA._BIN_HD_DATA._COMPUTE_BINNED_OUTPUTS.COMPUTE_BIN_METRICS.fork_square_016um
2025-10-21 22:58:34 [runtime] (join_complete)   ID.F08548.SPATIAL_RNA_COUNTER_CS.SPATIAL_RNA_COUNTER.SPATIAL_POST_MATRIX_COMPUTATION.BIN_HD_DATA._BIN_HD_DATA._COMPUTE_BINNED_OUTPUTS.COMPUTE_BIN_METRICS.fork_square_008um
2025-10-21 22:58:34 [runtime] (complete)        ID.F08548.SPATIAL_RNA_COUNTER_CS.SPATIAL_RNA_COUNTER.SPATIAL_POST_MATRIX_COMPUTATION.BIN_HD_DATA._BIN_HD_DATA._COMPUTE_BINNED_OUTPUTS.COMPUTE_BIN_METRICS.fork_square_016um
2025-10-21 22:58:37 [runtime] (complete)        ID.F08548.SPATIAL_RNA_COUNTER_CS.SPATIAL_RNA_COUNTER.SPATIAL_POST_MATRIX_COMPUTATION.BIN_HD_DATA._BIN_HD_DATA._COMPUTE_BINNED_OUTPUTS.COMPUTE_BIN_METRICS.fork_square_008um
2025-10-21 22:58:37 [runtime] (complete)        ID.F08548.SPATIAL_RNA_COUNTER_CS.SPATIAL_RNA_COUNTER.SPATIAL_POST_MATRIX_COMPUTATION.BIN_HD_DATA._BIN_HD_DATA._COMPUTE_BINNED_OUTPUTS.COMPUTE_BIN_METRICS.fork_square_016um
2025-10-21 22:58:38 [runtime] (join_complete)   ID.F08548.SPATIAL_RNA_COUNTER_CS.SPATIAL_RNA_COUNTER.SPATIAL_POST_MATRIX_COMPUTATION.BIN_HD_DATA._BIN_HD_DATA._COMPUTE_BINNED_OUTPUTS.COMPUTE_BIN_METRICS.fork_square_002um
2025-10-21 22:58:38 [runtime] (complete)        ID.F08548.SPATIAL_RNA_COUNTER_CS.SPATIAL_RNA_COUNTER.SPATIAL_POST_MATRIX_COMPUTATION.BIN_HD_DATA._BIN_HD_DATA._COMPUTE_BINNED_OUTPUTS.COMPUTE_BIN_METRICS.fork_square_008um
2025-10-21 22:58:38 [runtime] (complete)        ID.F08548.SPATIAL_RNA_COUNTER_CS.SPATIAL_RNA_COUNTER.SPATIAL_POST_MATRIX_COMPUTATION.BIN_HD_DATA._BIN_HD_DATA._COMPUTE_BINNED_OUTPUTS.COMPUTE_BIN_METRICS.fork_square_016um
2025-10-21 22:58:38 [runtime] (ready)           ID.F08548.SPATIAL_RNA_COUNTER_CS.SPATIAL_RNA_COUNTER.SPATIAL_POST_MATRIX_COMPUTATION.BIN_HD_DATA._BIN_HD_DATA.MERGE_BIN_METRICS
2025-10-21 22:58:38 [runtime] (run:local)       ID.F08548.SPATIAL_RNA_COUNTER_CS.SPATIAL_RNA_COUNTER.SPATIAL_POST_MATRIX_COMPUTATION.BIN_HD_DATA._BIN_HD_DATA.MERGE_BIN_METRICS.fork0.chnk0.main
2025-10-21 22:58:38 [runtime] (chunks_complete) ID.F08548.SPATIAL_RNA_COUNTER_CS.SPATIAL_RNA_COUNTER.SPATIAL_POST_MATRIX_COMPUTATION.BIN_HD_DATA._BIN_HD_DATA.MERGE_BIN_METRICS
2025-10-21 22:59:13 [runtime] (chunks_complete) ID.F08548.SPATIAL_RNA_COUNTER_CS.SPATIAL_RNA_COUNTER.SPATIAL_POST_MATRIX_COMPUTATION.BIN_HD_DATA._BIN_HD_DATA._COMPUTE_BINNED_OUTPUTS.SPATIAL_BINNED_RNA_ANALYZER.COMBINE_CLUSTERING.fork_square_016um
2025-10-21 22:59:13 [runtime] (chunks_complete) ID.F08548.SPATIAL_RNA_COUNTER_CS.SPATIAL_RNA_COUNTER.SPATIAL_POST_MATRIX_COMPUTATION.BIN_HD_DATA._BIN_HD_DATA._COMPUTE_BINNED_OUTPUTS.SPATIAL_BINNED_RNA_ANALYZER.COMBINE_CLUSTERING.fork_square_008um
2025-10-21 22:59:13 [runtime] (complete)        ID.F08548.SPATIAL_RNA_COUNTER_CS.SPATIAL_RNA_COUNTER.SPATIAL_POST_MATRIX_COMPUTATION.BIN_HD_DATA._BIN_HD_DATA._COMPUTE_BINNED_OUTPUTS.SPATIAL_BINNED_RNA_ANALYZER.COMBINE_CLUSTERING.fork_square_016um
2025-10-21 22:59:14 [runtime] (ready)           ID.F08548.SPATIAL_RNA_COUNTER_CS.SPATIAL_RNA_COUNTER.SPATIAL_POST_MATRIX_COMPUTATION.BIN_HD_DATA._BIN_HD_DATA._COMPUTE_BINNED_OUTPUTS.SPATIAL_BINNED_RNA_ANALYZER.RUN_DIFFERENTIAL_EXPRESSION.fork_square_002um
2025-10-21 22:59:14 [runtime] (ready)           ID.F08548.SPATIAL_RNA_COUNTER_CS.SPATIAL_RNA_COUNTER.SPATIAL_POST_MATRIX_COMPUTATION.BIN_HD_DATA._BIN_HD_DATA._COMPUTE_BINNED_OUTPUTS.SPATIAL_BINNED_RNA_ANALYZER.RUN_DIFFERENTIAL_EXPRESSION.fork_square_008um
2025-10-21 22:59:14 [runtime] (run:local)       ID.F08548.SPATIAL_RNA_COUNTER_CS.SPATIAL_RNA_COUNTER.SPATIAL_POST_MATRIX_COMPUTATION.BIN_HD_DATA._BIN_HD_DATA._COMPUTE_BINNED_OUTPUTS.SPATIAL_BINNED_RNA_ANALYZER.RUN_DIFFERENTIAL_EXPRESSION.fork_square_008um.split
2025-10-21 22:59:14 [runtime] (ready)           ID.F08548.SPATIAL_RNA_COUNTER_CS.SPATIAL_RNA_COUNTER.SPATIAL_POST_MATRIX_COMPUTATION.BIN_HD_DATA._BIN_HD_DATA._COMPUTE_BINNED_OUTPUTS.SPATIAL_BINNED_RNA_ANALYZER.RUN_DIFFERENTIAL_EXPRESSION.fork_square_016um
2025-10-21 22:59:14 [runtime] (run:local)       ID.F08548.SPATIAL_RNA_COUNTER_CS.SPATIAL_RNA_COUNTER.SPATIAL_POST_MATRIX_COMPUTATION.BIN_HD_DATA._BIN_HD_DATA._COMPUTE_BINNED_OUTPUTS.SPATIAL_BINNED_RNA_ANALYZER.RUN_DIFFERENTIAL_EXPRESSION.fork_square_016um.split
2025-10-21 22:59:14 [runtime] (split_complete)  ID.F08548.SPATIAL_RNA_COUNTER_CS.SPATIAL_RNA_COUNTER.SPATIAL_POST_MATRIX_COMPUTATION.BIN_HD_DATA._BIN_HD_DATA._COMPUTE_BINNED_OUTPUTS.SPATIAL_BINNED_RNA_ANALYZER.RUN_DIFFERENTIAL_EXPRESSION.fork_square_016um
2025-10-21 22:59:14 [runtime] (run:local)       ID.F08548.SPATIAL_RNA_COUNTER_CS.SPATIAL_RNA_COUNTER.SPATIAL_POST_MATRIX_COMPUTATION.BIN_HD_DATA._BIN_HD_DATA._COMPUTE_BINNED_OUTPUTS.SPATIAL_BINNED_RNA_ANALYZER.RUN_DIFFERENTIAL_EXPRESSION.fork_square_016um.chnk0.main
2025-10-21 22:59:14 [runtime] (run:local)       ID.F08548.SPATIAL_RNA_COUNTER_CS.SPATIAL_RNA_COUNTER.SPATIAL_POST_MATRIX_COMPUTATION.BIN_HD_DATA._BIN_HD_DATA._COMPUTE_BINNED_OUTPUTS.SPATIAL_BINNED_RNA_ANALYZER.RUN_DIFFERENTIAL_EXPRESSION.fork_square_016um.chnk1.main
2025-10-21 22:59:14 [runtime] (run:local)       ID.F08548.SPATIAL_RNA_COUNTER_CS.SPATIAL_RNA_COUNTER.SPATIAL_POST_MATRIX_COMPUTATION.BIN_HD_DATA._BIN_HD_DATA._COMPUTE_BINNED_OUTPUTS.SPATIAL_BINNED_RNA_ANALYZER.RUN_DIFFERENTIAL_EXPRESSION.fork_square_016um.chnk2.main
2025-10-21 22:59:14 [runtime] (run:local)       ID.F08548.SPATIAL_RNA_COUNTER_CS.SPATIAL_RNA_COUNTER.SPATIAL_POST_MATRIX_COMPUTATION.BIN_HD_DATA._BIN_HD_DATA._COMPUTE_BINNED_OUTPUTS.SPATIAL_BINNED_RNA_ANALYZER.RUN_DIFFERENTIAL_EXPRESSION.fork_square_016um.chnk3.main
2025-10-21 22:59:14 [runtime] (run:local)       ID.F08548.SPATIAL_RNA_COUNTER_CS.SPATIAL_RNA_COUNTER.SPATIAL_POST_MATRIX_COMPUTATION.BIN_HD_DATA._BIN_HD_DATA._COMPUTE_BINNED_OUTPUTS.SPATIAL_BINNED_RNA_ANALYZER.RUN_DIFFERENTIAL_EXPRESSION.fork_square_016um.chnk4.main
2025-10-21 22:59:14 [runtime] (run:local)       ID.F08548.SPATIAL_RNA_COUNTER_CS.SPATIAL_RNA_COUNTER.SPATIAL_POST_MATRIX_COMPUTATION.BIN_HD_DATA._BIN_HD_DATA._COMPUTE_BINNED_OUTPUTS.SPATIAL_BINNED_RNA_ANALYZER.RUN_DIFFERENTIAL_EXPRESSION.fork_square_016um.chnk5.main
2025-10-21 22:59:14 [runtime] (run:local)       ID.F08548.SPATIAL_RNA_COUNTER_CS.SPATIAL_RNA_COUNTER.SPATIAL_POST_MATRIX_COMPUTATION.BIN_HD_DATA._BIN_HD_DATA._COMPUTE_BINNED_OUTPUTS.SPATIAL_BINNED_RNA_ANALYZER.RUN_DIFFERENTIAL_EXPRESSION.fork_square_016um.chnk6.main
2025-10-21 22:59:14 [runtime] (run:local)       ID.F08548.SPATIAL_RNA_COUNTER_CS.SPATIAL_RNA_COUNTER.SPATIAL_POST_MATRIX_COMPUTATION.BIN_HD_DATA._BIN_HD_DATA._COMPUTE_BINNED_OUTPUTS.SPATIAL_BINNED_RNA_ANALYZER.RUN_DIFFERENTIAL_EXPRESSION.fork_square_016um.chnk7.main
2025-10-21 22:59:14 [runtime] (run:local)       ID.F08548.SPATIAL_RNA_COUNTER_CS.SPATIAL_RNA_COUNTER.SPATIAL_POST_MATRIX_COMPUTATION.BIN_HD_DATA._BIN_HD_DATA._COMPUTE_BINNED_OUTPUTS.SPATIAL_BINNED_RNA_ANALYZER.RUN_DIFFERENTIAL_EXPRESSION.fork_square_016um.chnk8.main
2025-10-21 22:59:14 [runtime] (split_complete)  ID.F08548.SPATIAL_RNA_COUNTER_CS.SPATIAL_RNA_COUNTER.SPATIAL_POST_MATRIX_COMPUTATION.BIN_HD_DATA._BIN_HD_DATA._COMPUTE_BINNED_OUTPUTS.SPATIAL_BINNED_RNA_ANALYZER.RUN_DIFFERENTIAL_EXPRESSION.fork_square_008um
2025-10-21 22:59:14 [runtime] (run:local)       ID.F08548.SPATIAL_RNA_COUNTER_CS.SPATIAL_RNA_COUNTER.SPATIAL_POST_MATRIX_COMPUTATION.BIN_HD_DATA._BIN_HD_DATA._COMPUTE_BINNED_OUTPUTS.SPATIAL_BINNED_RNA_ANALYZER.RUN_DIFFERENTIAL_EXPRESSION.fork_square_008um.chnk00.main
2025-10-21 22:59:14 [runtime] (run:local)       ID.F08548.SPATIAL_RNA_COUNTER_CS.SPATIAL_RNA_COUNTER.SPATIAL_POST_MATRIX_COMPUTATION.BIN_HD_DATA._BIN_HD_DATA._COMPUTE_BINNED_OUTPUTS.SPATIAL_BINNED_RNA_ANALYZER.RUN_DIFFERENTIAL_EXPRESSION.fork_square_008um.chnk01.main
2025-10-21 22:59:14 [runtime] (run:local)       ID.F08548.SPATIAL_RNA_COUNTER_CS.SPATIAL_RNA_COUNTER.SPATIAL_POST_MATRIX_COMPUTATION.BIN_HD_DATA._BIN_HD_DATA._COMPUTE_BINNED_OUTPUTS.SPATIAL_BINNED_RNA_ANALYZER.RUN_DIFFERENTIAL_EXPRESSION.fork_square_008um.chnk02.main
2025-10-21 22:59:14 [runtime] (run:local)       ID.F08548.SPATIAL_RNA_COUNTER_CS.SPATIAL_RNA_COUNTER.SPATIAL_POST_MATRIX_COMPUTATION.BIN_HD_DATA._BIN_HD_DATA._COMPUTE_BINNED_OUTPUTS.SPATIAL_BINNED_RNA_ANALYZER.RUN_DIFFERENTIAL_EXPRESSION.fork_square_008um.chnk03.main
2025-10-21 22:59:14 [runtime] (run:local)       ID.F08548.SPATIAL_RNA_COUNTER_CS.SPATIAL_RNA_COUNTER.SPATIAL_POST_MATRIX_COMPUTATION.BIN_HD_DATA._BIN_HD_DATA._COMPUTE_BINNED_OUTPUTS.SPATIAL_BINNED_RNA_ANALYZER.RUN_DIFFERENTIAL_EXPRESSION.fork_square_008um.chnk04.main
2025-10-21 22:59:14 [runtime] (run:local)       ID.F08548.SPATIAL_RNA_COUNTER_CS.SPATIAL_RNA_COUNTER.SPATIAL_POST_MATRIX_COMPUTATION.BIN_HD_DATA._BIN_HD_DATA._COMPUTE_BINNED_OUTPUTS.SPATIAL_BINNED_RNA_ANALYZER.RUN_DIFFERENTIAL_EXPRESSION.fork_square_008um.chnk05.main
2025-10-21 22:59:14 [runtime] (run:local)       ID.F08548.SPATIAL_RNA_COUNTER_CS.SPATIAL_RNA_COUNTER.SPATIAL_POST_MATRIX_COMPUTATION.BIN_HD_DATA._BIN_HD_DATA._COMPUTE_BINNED_OUTPUTS.SPATIAL_BINNED_RNA_ANALYZER.RUN_DIFFERENTIAL_EXPRESSION.fork_square_008um.chnk06.main
2025-10-21 22:59:14 [runtime] (run:local)       ID.F08548.SPATIAL_RNA_COUNTER_CS.SPATIAL_RNA_COUNTER.SPATIAL_POST_MATRIX_COMPUTATION.BIN_HD_DATA._BIN_HD_DATA._COMPUTE_BINNED_OUTPUTS.SPATIAL_BINNED_RNA_ANALYZER.RUN_DIFFERENTIAL_EXPRESSION.fork_square_008um.chnk07.main
2025-10-21 22:59:14 [runtime] (run:local)       ID.F08548.SPATIAL_RNA_COUNTER_CS.SPATIAL_RNA_COUNTER.SPATIAL_POST_MATRIX_COMPUTATION.BIN_HD_DATA._BIN_HD_DATA._COMPUTE_BINNED_OUTPUTS.SPATIAL_BINNED_RNA_ANALYZER.RUN_DIFFERENTIAL_EXPRESSION.fork_square_008um.chnk08.main
2025-10-21 22:59:14 [runtime] (run:local)       ID.F08548.SPATIAL_RNA_COUNTER_CS.SPATIAL_RNA_COUNTER.SPATIAL_POST_MATRIX_COMPUTATION.BIN_HD_DATA._BIN_HD_DATA._COMPUTE_BINNED_OUTPUTS.SPATIAL_BINNED_RNA_ANALYZER.RUN_DIFFERENTIAL_EXPRESSION.fork_square_008um.chnk09.main
2025-10-21 22:59:14 [runtime] (run:local)       ID.F08548.SPATIAL_RNA_COUNTER_CS.SPATIAL_RNA_COUNTER.SPATIAL_POST_MATRIX_COMPUTATION.BIN_HD_DATA._BIN_HD_DATA._COMPUTE_BINNED_OUTPUTS.SPATIAL_BINNED_RNA_ANALYZER.RUN_DIFFERENTIAL_EXPRESSION.fork_square_008um.chnk10.main
2025-10-21 22:59:15 [runtime] (split_complete)  ID.F08548.SPATIAL_RNA_COUNTER_CS.SPATIAL_RNA_COUNTER.SPATIAL_POST_MATRIX_COMPUTATION._TARGETED_ANALYZER.CALCULATE_TARGETED_METRICS
2025-10-21 22:59:15 [runtime] (run:local)       ID.F08548.SPATIAL_RNA_COUNTER_CS.SPATIAL_RNA_COUNTER.SPATIAL_POST_MATRIX_COMPUTATION._TARGETED_ANALYZER.CALCULATE_TARGETED_METRICS.fork0.join
2025-10-21 23:02:20 [runtime] (chunks_complete) ID.F08548.SPATIAL_RNA_COUNTER_CS.SPATIAL_RNA_COUNTER.SPATIAL_POST_MATRIX_COMPUTATION.BIN_HD_DATA._BIN_HD_DATA._COMPUTE_BINNED_OUTPUTS.SPATIAL_BINNED_RNA_ANALYZER.RUN_DIFFERENTIAL_EXPRESSION.fork_square_016um
2025-10-21 23:02:20 [runtime] (run:local)       ID.F08548.SPATIAL_RNA_COUNTER_CS.SPATIAL_RNA_COUNTER.SPATIAL_POST_MATRIX_COMPUTATION.BIN_HD_DATA._BIN_HD_DATA._COMPUTE_BINNED_OUTPUTS.SPATIAL_BINNED_RNA_ANALYZER.RUN_DIFFERENTIAL_EXPRESSION.fork_square_016um.join
2025-10-21 23:04:20 [runtime] (update)          ID.F08548.SPATIAL_RNA_COUNTER_CS.SPATIAL_RNA_COUNTER.SPATIAL_POST_MATRIX_COMPUTATION.BIN_HD_DATA._BIN_HD_DATA._COMPUTE_BINNED_OUTPUTS.SPATIAL_BINNED_RNA_ANALYZER.RUN_DIFFERENTIAL_EXPRESSION.fork_square_008um chunks running (0/11 completed)
2025-10-21 23:07:46 [runtime] (update)          ID.F08548.SPATIAL_RNA_COUNTER_CS.SPATIAL_RNA_COUNTER.SPATIAL_POST_MATRIX_COMPUTATION._TARGETED_ANALYZER.CALCULATE_TARGETED_METRICS.fork0 join_running
2025-10-21 23:07:48 [runtime] (join_complete)   ID.F08548.SPATIAL_RNA_COUNTER_CS.SPATIAL_RNA_COUNTER.SPATIAL_POST_MATRIX_COMPUTATION.BIN_HD_DATA._BIN_HD_DATA._COMPUTE_BINNED_OUTPUTS.SPATIAL_BINNED_RNA_ANALYZER.RUN_DIFFERENTIAL_EXPRESSION.fork_square_016um
2025-10-21 23:07:50 [runtime] (complete)        ID.F08548.SPATIAL_RNA_COUNTER_CS.SPATIAL_RNA_COUNTER.SPATIAL_POST_MATRIX_COMPUTATION.BIN_HD_DATA._BIN_HD_DATA._COMPUTE_BINNED_OUTPUTS.SPATIAL_BINNED_RNA_ANALYZER.RUN_DIFFERENTIAL_EXPRESSION.fork_square_016um
2025-10-21 23:07:53 [runtime] (complete)        ID.F08548.SPATIAL_RNA_COUNTER_CS.SPATIAL_RNA_COUNTER.SPATIAL_POST_MATRIX_COMPUTATION.BIN_HD_DATA._BIN_HD_DATA._COMPUTE_BINNED_OUTPUTS.SPATIAL_BINNED_RNA_ANALYZER.RUN_DIFFERENTIAL_EXPRESSION.fork_square_016um
2025-10-21 23:07:56 [runtime] (complete)        ID.F08548.SPATIAL_RNA_COUNTER_CS.SPATIAL_RNA_COUNTER.SPATIAL_POST_MATRIX_COMPUTATION.BIN_HD_DATA._BIN_HD_DATA._COMPUTE_BINNED_OUTPUTS.SPATIAL_BINNED_RNA_ANALYZER.RUN_DIFFERENTIAL_EXPRESSION.fork_square_016um
2025-10-21 23:07:59 [runtime] (complete)        ID.F08548.SPATIAL_RNA_COUNTER_CS.SPATIAL_RNA_COUNTER.SPATIAL_POST_MATRIX_COMPUTATION.BIN_HD_DATA._BIN_HD_DATA._COMPUTE_BINNED_OUTPUTS.SPATIAL_BINNED_RNA_ANALYZER.RUN_DIFFERENTIAL_EXPRESSION.fork_square_016um
2025-10-21 23:08:02 [runtime] (complete)        ID.F08548.SPATIAL_RNA_COUNTER_CS.SPATIAL_RNA_COUNTER.SPATIAL_POST_MATRIX_COMPUTATION.BIN_HD_DATA._BIN_HD_DATA._COMPUTE_BINNED_OUTPUTS.SPATIAL_BINNED_RNA_ANALYZER.RUN_DIFFERENTIAL_EXPRESSION.fork_square_016um
2025-10-21 23:08:05 [runtime] (complete)        ID.F08548.SPATIAL_RNA_COUNTER_CS.SPATIAL_RNA_COUNTER.SPATIAL_POST_MATRIX_COMPUTATION.BIN_HD_DATA._BIN_HD_DATA._COMPUTE_BINNED_OUTPUTS.SPATIAL_BINNED_RNA_ANALYZER.RUN_DIFFERENTIAL_EXPRESSION.fork_square_016um
2025-10-21 23:08:08 [runtime] (complete)        ID.F08548.SPATIAL_RNA_COUNTER_CS.SPATIAL_RNA_COUNTER.SPATIAL_POST_MATRIX_COMPUTATION.BIN_HD_DATA._BIN_HD_DATA._COMPUTE_BINNED_OUTPUTS.SPATIAL_BINNED_RNA_ANALYZER.RUN_DIFFERENTIAL_EXPRESSION.fork_square_016um
2025-10-21 23:08:11 [runtime] (complete)        ID.F08548.SPATIAL_RNA_COUNTER_CS.SPATIAL_RNA_COUNTER.SPATIAL_POST_MATRIX_COMPUTATION.BIN_HD_DATA._BIN_HD_DATA._COMPUTE_BINNED_OUTPUTS.SPATIAL_BINNED_RNA_ANALYZER.RUN_DIFFERENTIAL_EXPRESSION.fork_square_016um
2025-10-21 23:08:12 [runtime] (complete)        ID.F08548.SPATIAL_RNA_COUNTER_CS.SPATIAL_RNA_COUNTER.SPATIAL_POST_MATRIX_COMPUTATION.BIN_HD_DATA._BIN_HD_DATA._COMPUTE_BINNED_OUTPUTS.SPATIAL_BINNED_RNA_ANALYZER.RUN_DIFFERENTIAL_EXPRESSION.fork_square_016um
2025-10-21 23:08:15 [runtime] (complete)        ID.F08548.SPATIAL_RNA_COUNTER_CS.SPATIAL_RNA_COUNTER.SPATIAL_POST_MATRIX_COMPUTATION.BIN_HD_DATA._BIN_HD_DATA._COMPUTE_BINNED_OUTPUTS.SPATIAL_BINNED_RNA_ANALYZER.RUN_DIFFERENTIAL_EXPRESSION.fork_square_016um
2025-10-21 23:08:18 [runtime] (complete)        ID.F08548.SPATIAL_RNA_COUNTER_CS.SPATIAL_RNA_COUNTER.SPATIAL_POST_MATRIX_COMPUTATION.BIN_HD_DATA._BIN_HD_DATA._COMPUTE_BINNED_OUTPUTS.SPATIAL_BINNED_RNA_ANALYZER.RUN_DIFFERENTIAL_EXPRESSION.fork_square_016um
2025-10-21 23:08:21 [runtime] (complete)        ID.F08548.SPATIAL_RNA_COUNTER_CS.SPATIAL_RNA_COUNTER.SPATIAL_POST_MATRIX_COMPUTATION.BIN_HD_DATA._BIN_HD_DATA._COMPUTE_BINNED_OUTPUTS.SPATIAL_BINNED_RNA_ANALYZER.RUN_DIFFERENTIAL_EXPRESSION.fork_square_016um
2025-10-21 23:08:24 [runtime] (complete)        ID.F08548.SPATIAL_RNA_COUNTER_CS.SPATIAL_RNA_COUNTER.SPATIAL_POST_MATRIX_COMPUTATION.BIN_HD_DATA._BIN_HD_DATA._COMPUTE_BINNED_OUTPUTS.SPATIAL_BINNED_RNA_ANALYZER.RUN_DIFFERENTIAL_EXPRESSION.fork_square_016um
2025-10-21 23:08:27 [runtime] (complete)        ID.F08548.SPATIAL_RNA_COUNTER_CS.SPATIAL_RNA_COUNTER.SPATIAL_POST_MATRIX_COMPUTATION.BIN_HD_DATA._BIN_HD_DATA._COMPUTE_BINNED_OUTPUTS.SPATIAL_BINNED_RNA_ANALYZER.RUN_DIFFERENTIAL_EXPRESSION.fork_square_016um
2025-10-21 23:08:30 [runtime] (complete)        ID.F08548.SPATIAL_RNA_COUNTER_CS.SPATIAL_RNA_COUNTER.SPATIAL_POST_MATRIX_COMPUTATION.BIN_HD_DATA._BIN_HD_DATA._COMPUTE_BINNED_OUTPUTS.SPATIAL_BINNED_RNA_ANALYZER.RUN_DIFFERENTIAL_EXPRESSION.fork_square_016um
2025-10-21 23:08:33 [runtime] (complete)        ID.F08548.SPATIAL_RNA_COUNTER_CS.SPATIAL_RNA_COUNTER.SPATIAL_POST_MATRIX_COMPUTATION.BIN_HD_DATA._BIN_HD_DATA._COMPUTE_BINNED_OUTPUTS.SPATIAL_BINNED_RNA_ANALYZER.RUN_DIFFERENTIAL_EXPRESSION.fork_square_016um
2025-10-21 23:08:36 [runtime] (complete)        ID.F08548.SPATIAL_RNA_COUNTER_CS.SPATIAL_RNA_COUNTER.SPATIAL_POST_MATRIX_COMPUTATION.BIN_HD_DATA._BIN_HD_DATA._COMPUTE_BINNED_OUTPUTS.SPATIAL_BINNED_RNA_ANALYZER.RUN_DIFFERENTIAL_EXPRESSION.fork_square_016um
2025-10-21 23:08:39 [runtime] (complete)        ID.F08548.SPATIAL_RNA_COUNTER_CS.SPATIAL_RNA_COUNTER.SPATIAL_POST_MATRIX_COMPUTATION.BIN_HD_DATA._BIN_HD_DATA._COMPUTE_BINNED_OUTPUTS.SPATIAL_BINNED_RNA_ANALYZER.RUN_DIFFERENTIAL_EXPRESSION.fork_square_016um
2025-10-21 23:08:42 [runtime] (complete)        ID.F08548.SPATIAL_RNA_COUNTER_CS.SPATIAL_RNA_COUNTER.SPATIAL_POST_MATRIX_COMPUTATION.BIN_HD_DATA._BIN_HD_DATA._COMPUTE_BINNED_OUTPUTS.SPATIAL_BINNED_RNA_ANALYZER.RUN_DIFFERENTIAL_EXPRESSION.fork_square_016um
2025-10-21 23:08:46 [runtime] (complete)        ID.F08548.SPATIAL_RNA_COUNTER_CS.SPATIAL_RNA_COUNTER.SPATIAL_POST_MATRIX_COMPUTATION.BIN_HD_DATA._BIN_HD_DATA._COMPUTE_BINNED_OUTPUTS.SPATIAL_BINNED_RNA_ANALYZER.RUN_DIFFERENTIAL_EXPRESSION.fork_square_016um
2025-10-21 23:08:49 [runtime] (complete)        ID.F08548.SPATIAL_RNA_COUNTER_CS.SPATIAL_RNA_COUNTER.SPATIAL_POST_MATRIX_COMPUTATION.BIN_HD_DATA._BIN_HD_DATA._COMPUTE_BINNED_OUTPUTS.SPATIAL_BINNED_RNA_ANALYZER.RUN_DIFFERENTIAL_EXPRESSION.fork_square_016um
2025-10-21 23:08:52 [runtime] (complete)        ID.F08548.SPATIAL_RNA_COUNTER_CS.SPATIAL_RNA_COUNTER.SPATIAL_POST_MATRIX_COMPUTATION.BIN_HD_DATA._BIN_HD_DATA._COMPUTE_BINNED_OUTPUTS.SPATIAL_BINNED_RNA_ANALYZER.RUN_DIFFERENTIAL_EXPRESSION.fork_square_016um
2025-10-21 23:08:55 [runtime] (complete)        ID.F08548.SPATIAL_RNA_COUNTER_CS.SPATIAL_RNA_COUNTER.SPATIAL_POST_MATRIX_COMPUTATION.BIN_HD_DATA._BIN_HD_DATA._COMPUTE_BINNED_OUTPUTS.SPATIAL_BINNED_RNA_ANALYZER.RUN_DIFFERENTIAL_EXPRESSION.fork_square_016um
2025-10-21 23:08:58 [runtime] (complete)        ID.F08548.SPATIAL_RNA_COUNTER_CS.SPATIAL_RNA_COUNTER.SPATIAL_POST_MATRIX_COMPUTATION.BIN_HD_DATA._BIN_HD_DATA._COMPUTE_BINNED_OUTPUTS.SPATIAL_BINNED_RNA_ANALYZER.RUN_DIFFERENTIAL_EXPRESSION.fork_square_016um
2025-10-21 23:09:01 [runtime] (complete)        ID.F08548.SPATIAL_RNA_COUNTER_CS.SPATIAL_RNA_COUNTER.SPATIAL_POST_MATRIX_COMPUTATION.BIN_HD_DATA._BIN_HD_DATA._COMPUTE_BINNED_OUTPUTS.SPATIAL_BINNED_RNA_ANALYZER.RUN_DIFFERENTIAL_EXPRESSION.fork_square_016um
2025-10-21 23:09:04 [runtime] (complete)        ID.F08548.SPATIAL_RNA_COUNTER_CS.SPATIAL_RNA_COUNTER.SPATIAL_POST_MATRIX_COMPUTATION.BIN_HD_DATA._BIN_HD_DATA._COMPUTE_BINNED_OUTPUTS.SPATIAL_BINNED_RNA_ANALYZER.RUN_DIFFERENTIAL_EXPRESSION.fork_square_016um
2025-10-21 23:09:07 [runtime] (complete)        ID.F08548.SPATIAL_RNA_COUNTER_CS.SPATIAL_RNA_COUNTER.SPATIAL_POST_MATRIX_COMPUTATION.BIN_HD_DATA._BIN_HD_DATA._COMPUTE_BINNED_OUTPUTS.SPATIAL_BINNED_RNA_ANALYZER.RUN_DIFFERENTIAL_EXPRESSION.fork_square_016um
2025-10-21 23:09:10 [runtime] (complete)        ID.F08548.SPATIAL_RNA_COUNTER_CS.SPATIAL_RNA_COUNTER.SPATIAL_POST_MATRIX_COMPUTATION.BIN_HD_DATA._BIN_HD_DATA._COMPUTE_BINNED_OUTPUTS.SPATIAL_BINNED_RNA_ANALYZER.RUN_DIFFERENTIAL_EXPRESSION.fork_square_016um
2025-10-21 23:09:13 [runtime] (complete)        ID.F08548.SPATIAL_RNA_COUNTER_CS.SPATIAL_RNA_COUNTER.SPATIAL_POST_MATRIX_COMPUTATION.BIN_HD_DATA._BIN_HD_DATA._COMPUTE_BINNED_OUTPUTS.SPATIAL_BINNED_RNA_ANALYZER.RUN_DIFFERENTIAL_EXPRESSION.fork_square_016um
2025-10-21 23:09:16 [runtime] (complete)        ID.F08548.SPATIAL_RNA_COUNTER_CS.SPATIAL_RNA_COUNTER.SPATIAL_POST_MATRIX_COMPUTATION.BIN_HD_DATA._BIN_HD_DATA._COMPUTE_BINNED_OUTPUTS.SPATIAL_BINNED_RNA_ANALYZER.RUN_DIFFERENTIAL_EXPRESSION.fork_square_016um
2025-10-21 23:09:19 [runtime] (complete)        ID.F08548.SPATIAL_RNA_COUNTER_CS.SPATIAL_RNA_COUNTER.SPATIAL_POST_MATRIX_COMPUTATION.BIN_HD_DATA._BIN_HD_DATA._COMPUTE_BINNED_OUTPUTS.SPATIAL_BINNED_RNA_ANALYZER.RUN_DIFFERENTIAL_EXPRESSION.fork_square_016um
2025-10-21 23:09:22 [runtime] (complete)        ID.F08548.SPATIAL_RNA_COUNTER_CS.SPATIAL_RNA_COUNTER.SPATIAL_POST_MATRIX_COMPUTATION.BIN_HD_DATA._BIN_HD_DATA._COMPUTE_BINNED_OUTPUTS.SPATIAL_BINNED_RNA_ANALYZER.RUN_DIFFERENTIAL_EXPRESSION.fork_square_016um
2025-10-21 23:09:25 [runtime] (complete)        ID.F08548.SPATIAL_RNA_COUNTER_CS.SPATIAL_RNA_COUNTER.SPATIAL_POST_MATRIX_COMPUTATION.BIN_HD_DATA._BIN_HD_DATA._COMPUTE_BINNED_OUTPUTS.SPATIAL_BINNED_RNA_ANALYZER.RUN_DIFFERENTIAL_EXPRESSION.fork_square_016um
2025-10-21 23:09:28 [runtime] (update)          ID.F08548.SPATIAL_RNA_COUNTER_CS.SPATIAL_RNA_COUNTER.SPATIAL_POST_MATRIX_COMPUTATION.BIN_HD_DATA._BIN_HD_DATA._COMPUTE_BINNED_OUTPUTS.SPATIAL_BINNED_RNA_ANALYZER.RUN_DIFFERENTIAL_EXPRESSION.fork_square_008um chunks running (8/11 completed)
2025-10-21 23:09:28 [runtime] (complete)        ID.F08548.SPATIAL_RNA_COUNTER_CS.SPATIAL_RNA_COUNTER.SPATIAL_POST_MATRIX_COMPUTATION.BIN_HD_DATA._BIN_HD_DATA._COMPUTE_BINNED_OUTPUTS.SPATIAL_BINNED_RNA_ANALYZER.RUN_DIFFERENTIAL_EXPRESSION.fork_square_016um
2025-10-21 23:09:31 [runtime] (complete)        ID.F08548.SPATIAL_RNA_COUNTER_CS.SPATIAL_RNA_COUNTER.SPATIAL_POST_MATRIX_COMPUTATION.BIN_HD_DATA._BIN_HD_DATA._COMPUTE_BINNED_OUTPUTS.SPATIAL_BINNED_RNA_ANALYZER.RUN_DIFFERENTIAL_EXPRESSION.fork_square_016um
2025-10-21 23:09:34 [runtime] (complete)        ID.F08548.SPATIAL_RNA_COUNTER_CS.SPATIAL_RNA_COUNTER.SPATIAL_POST_MATRIX_COMPUTATION.BIN_HD_DATA._BIN_HD_DATA._COMPUTE_BINNED_OUTPUTS.SPATIAL_BINNED_RNA_ANALYZER.RUN_DIFFERENTIAL_EXPRESSION.fork_square_016um
2025-10-21 23:09:37 [runtime] (complete)        ID.F08548.SPATIAL_RNA_COUNTER_CS.SPATIAL_RNA_COUNTER.SPATIAL_POST_MATRIX_COMPUTATION.BIN_HD_DATA._BIN_HD_DATA._COMPUTE_BINNED_OUTPUTS.SPATIAL_BINNED_RNA_ANALYZER.RUN_DIFFERENTIAL_EXPRESSION.fork_square_016um
2025-10-21 23:09:40 [runtime] (complete)        ID.F08548.SPATIAL_RNA_COUNTER_CS.SPATIAL_RNA_COUNTER.SPATIAL_POST_MATRIX_COMPUTATION.BIN_HD_DATA._BIN_HD_DATA._COMPUTE_BINNED_OUTPUTS.SPATIAL_BINNED_RNA_ANALYZER.RUN_DIFFERENTIAL_EXPRESSION.fork_square_016um
2025-10-21 23:09:43 [runtime] (complete)        ID.F08548.SPATIAL_RNA_COUNTER_CS.SPATIAL_RNA_COUNTER.SPATIAL_POST_MATRIX_COMPUTATION.BIN_HD_DATA._BIN_HD_DATA._COMPUTE_BINNED_OUTPUTS.SPATIAL_BINNED_RNA_ANALYZER.RUN_DIFFERENTIAL_EXPRESSION.fork_square_016um
2025-10-21 23:09:46 [runtime] (complete)        ID.F08548.SPATIAL_RNA_COUNTER_CS.SPATIAL_RNA_COUNTER.SPATIAL_POST_MATRIX_COMPUTATION.BIN_HD_DATA._BIN_HD_DATA._COMPUTE_BINNED_OUTPUTS.SPATIAL_BINNED_RNA_ANALYZER.RUN_DIFFERENTIAL_EXPRESSION.fork_square_016um
2025-10-21 23:09:49 [runtime] (complete)        ID.F08548.SPATIAL_RNA_COUNTER_CS.SPATIAL_RNA_COUNTER.SPATIAL_POST_MATRIX_COMPUTATION.BIN_HD_DATA._BIN_HD_DATA._COMPUTE_BINNED_OUTPUTS.SPATIAL_BINNED_RNA_ANALYZER.RUN_DIFFERENTIAL_EXPRESSION.fork_square_016um
2025-10-21 23:09:52 [runtime] (complete)        ID.F08548.SPATIAL_RNA_COUNTER_CS.SPATIAL_RNA_COUNTER.SPATIAL_POST_MATRIX_COMPUTATION.BIN_HD_DATA._BIN_HD_DATA._COMPUTE_BINNED_OUTPUTS.SPATIAL_BINNED_RNA_ANALYZER.RUN_DIFFERENTIAL_EXPRESSION.fork_square_016um
2025-10-21 23:09:55 [runtime] (complete)        ID.F08548.SPATIAL_RNA_COUNTER_CS.SPATIAL_RNA_COUNTER.SPATIAL_POST_MATRIX_COMPUTATION.BIN_HD_DATA._BIN_HD_DATA._COMPUTE_BINNED_OUTPUTS.SPATIAL_BINNED_RNA_ANALYZER.RUN_DIFFERENTIAL_EXPRESSION.fork_square_016um
2025-10-21 23:09:58 [runtime] (complete)        ID.F08548.SPATIAL_RNA_COUNTER_CS.SPATIAL_RNA_COUNTER.SPATIAL_POST_MATRIX_COMPUTATION.BIN_HD_DATA._BIN_HD_DATA._COMPUTE_BINNED_OUTPUTS.SPATIAL_BINNED_RNA_ANALYZER.RUN_DIFFERENTIAL_EXPRESSION.fork_square_016um
2025-10-21 23:10:01 [runtime] (complete)        ID.F08548.SPATIAL_RNA_COUNTER_CS.SPATIAL_RNA_COUNTER.SPATIAL_POST_MATRIX_COMPUTATION.BIN_HD_DATA._BIN_HD_DATA._COMPUTE_BINNED_OUTPUTS.SPATIAL_BINNED_RNA_ANALYZER.RUN_DIFFERENTIAL_EXPRESSION.fork_square_016um
2025-10-21 23:10:04 [runtime] (complete)        ID.F08548.SPATIAL_RNA_COUNTER_CS.SPATIAL_RNA_COUNTER.SPATIAL_POST_MATRIX_COMPUTATION.BIN_HD_DATA._BIN_HD_DATA._COMPUTE_BINNED_OUTPUTS.SPATIAL_BINNED_RNA_ANALYZER.RUN_DIFFERENTIAL_EXPRESSION.fork_square_016um
2025-10-21 23:10:07 [runtime] (complete)        ID.F08548.SPATIAL_RNA_COUNTER_CS.SPATIAL_RNA_COUNTER.SPATIAL_POST_MATRIX_COMPUTATION.BIN_HD_DATA._BIN_HD_DATA._COMPUTE_BINNED_OUTPUTS.SPATIAL_BINNED_RNA_ANALYZER.RUN_DIFFERENTIAL_EXPRESSION.fork_square_016um
2025-10-21 23:10:10 [runtime] (complete)        ID.F08548.SPATIAL_RNA_COUNTER_CS.SPATIAL_RNA_COUNTER.SPATIAL_POST_MATRIX_COMPUTATION.BIN_HD_DATA._BIN_HD_DATA._COMPUTE_BINNED_OUTPUTS.SPATIAL_BINNED_RNA_ANALYZER.RUN_DIFFERENTIAL_EXPRESSION.fork_square_016um
2025-10-21 23:10:13 [runtime] (complete)        ID.F08548.SPATIAL_RNA_COUNTER_CS.SPATIAL_RNA_COUNTER.SPATIAL_POST_MATRIX_COMPUTATION.BIN_HD_DATA._BIN_HD_DATA._COMPUTE_BINNED_OUTPUTS.SPATIAL_BINNED_RNA_ANALYZER.RUN_DIFFERENTIAL_EXPRESSION.fork_square_016um
2025-10-21 23:10:16 [runtime] (complete)        ID.F08548.SPATIAL_RNA_COUNTER_CS.SPATIAL_RNA_COUNTER.SPATIAL_POST_MATRIX_COMPUTATION.BIN_HD_DATA._BIN_HD_DATA._COMPUTE_BINNED_OUTPUTS.SPATIAL_BINNED_RNA_ANALYZER.RUN_DIFFERENTIAL_EXPRESSION.fork_square_016um
2025-10-21 23:10:19 [runtime] (complete)        ID.F08548.SPATIAL_RNA_COUNTER_CS.SPATIAL_RNA_COUNTER.SPATIAL_POST_MATRIX_COMPUTATION.BIN_HD_DATA._BIN_HD_DATA._COMPUTE_BINNED_OUTPUTS.SPATIAL_BINNED_RNA_ANALYZER.RUN_DIFFERENTIAL_EXPRESSION.fork_square_016um
2025-10-21 23:10:22 [runtime] (complete)        ID.F08548.SPATIAL_RNA_COUNTER_CS.SPATIAL_RNA_COUNTER.SPATIAL_POST_MATRIX_COMPUTATION.BIN_HD_DATA._BIN_HD_DATA._COMPUTE_BINNED_OUTPUTS.SPATIAL_BINNED_RNA_ANALYZER.RUN_DIFFERENTIAL_EXPRESSION.fork_square_016um
2025-10-21 23:10:25 [runtime] (complete)        ID.F08548.SPATIAL_RNA_COUNTER_CS.SPATIAL_RNA_COUNTER.SPATIAL_POST_MATRIX_COMPUTATION.BIN_HD_DATA._BIN_HD_DATA._COMPUTE_BINNED_OUTPUTS.SPATIAL_BINNED_RNA_ANALYZER.RUN_DIFFERENTIAL_EXPRESSION.fork_square_016um
2025-10-21 23:10:28 [runtime] (complete)        ID.F08548.SPATIAL_RNA_COUNTER_CS.SPATIAL_RNA_COUNTER.SPATIAL_POST_MATRIX_COMPUTATION.BIN_HD_DATA._BIN_HD_DATA._COMPUTE_BINNED_OUTPUTS.SPATIAL_BINNED_RNA_ANALYZER.RUN_DIFFERENTIAL_EXPRESSION.fork_square_016um
2025-10-21 23:10:28 [runtime] (complete)        ID.F08548.SPATIAL_RNA_COUNTER_CS.SPATIAL_RNA_COUNTER.SPATIAL_POST_MATRIX_COMPUTATION.BIN_HD_DATA._BIN_HD_DATA._COMPUTE_BINNED_OUTPUTS.SPATIAL_BINNED_RNA_ANALYZER.RUN_DIFFERENTIAL_EXPRESSION.fork_square_016um
2025-10-21 23:10:31 [runtime] (complete)        ID.F08548.SPATIAL_RNA_COUNTER_CS.SPATIAL_RNA_COUNTER.SPATIAL_POST_MATRIX_COMPUTATION.BIN_HD_DATA._BIN_HD_DATA._COMPUTE_BINNED_OUTPUTS.SPATIAL_BINNED_RNA_ANALYZER.RUN_DIFFERENTIAL_EXPRESSION.fork_square_016um
2025-10-21 23:10:31 [runtime] (complete)        ID.F08548.SPATIAL_RNA_COUNTER_CS.SPATIAL_RNA_COUNTER.SPATIAL_POST_MATRIX_COMPUTATION.BIN_HD_DATA._BIN_HD_DATA._COMPUTE_BINNED_OUTPUTS.SPATIAL_BINNED_RNA_ANALYZER.RUN_DIFFERENTIAL_EXPRESSION.fork_square_016um
2025-10-21 23:10:31 [runtime] (join_complete)   ID.F08548.SPATIAL_RNA_COUNTER_CS.SPATIAL_RNA_COUNTER.SPATIAL_POST_MATRIX_COMPUTATION._TARGETED_ANALYZER.CALCULATE_TARGETED_METRICS
2025-10-21 23:10:31 [runtime] (complete)        ID.F08548.SPATIAL_RNA_COUNTER_CS.SPATIAL_RNA_COUNTER.SPATIAL_POST_MATRIX_COMPUTATION.BIN_HD_DATA._BIN_HD_DATA._COMPUTE_BINNED_OUTPUTS.SPATIAL_BINNED_RNA_ANALYZER.RUN_DIFFERENTIAL_EXPRESSION.fork_square_016um
2025-10-21 23:10:31 [runtime] (ready)           ID.F08548.SPATIAL_RNA_COUNTER_CS.SPATIAL_RNA_COUNTER.SPATIAL_POST_MATRIX_COMPUTATION._TARGETED_ANALYZER.MERGE_METRICS
2025-10-21 23:10:31 [runtime] (run:local)       ID.F08548.SPATIAL_RNA_COUNTER_CS.SPATIAL_RNA_COUNTER.SPATIAL_POST_MATRIX_COMPUTATION._TARGETED_ANALYZER.MERGE_METRICS.fork0.chnk0.main
2025-10-21 23:10:31 [runtime] (complete)        ID.F08548.SPATIAL_RNA_COUNTER_CS.SPATIAL_RNA_COUNTER.SPATIAL_POST_MATRIX_COMPUTATION.BIN_HD_DATA._BIN_HD_DATA._COMPUTE_BINNED_OUTPUTS.SPATIAL_BINNED_RNA_ANALYZER.RUN_DIFFERENTIAL_EXPRESSION.fork_square_016um
2025-10-21 23:10:32 [runtime] (chunks_complete) ID.F08548.SPATIAL_RNA_COUNTER_CS.SPATIAL_RNA_COUNTER.SPATIAL_POST_MATRIX_COMPUTATION._TARGETED_ANALYZER.MERGE_METRICS
2025-10-21 23:10:32 [runtime] (complete)        ID.F08548.SPATIAL_RNA_COUNTER_CS.SPATIAL_RNA_COUNTER.SPATIAL_POST_MATRIX_COMPUTATION.BIN_HD_DATA._BIN_HD_DATA._COMPUTE_BINNED_OUTPUTS.SPATIAL_BINNED_RNA_ANALYZER.RUN_DIFFERENTIAL_EXPRESSION.fork_square_016um
2025-10-21 23:10:32 [runtime] (complete)        ID.F08548.SPATIAL_RNA_COUNTER_CS.SPATIAL_RNA_COUNTER.SPATIAL_POST_MATRIX_COMPUTATION.BIN_HD_DATA._BIN_HD_DATA._COMPUTE_BINNED_OUTPUTS.SPATIAL_BINNED_RNA_ANALYZER.RUN_DIFFERENTIAL_EXPRESSION.fork_square_016um
2025-10-21 23:10:32 [runtime] (complete)        ID.F08548.SPATIAL_RNA_COUNTER_CS.SPATIAL_RNA_COUNTER.SPATIAL_POST_MATRIX_COMPUTATION.BIN_HD_DATA._BIN_HD_DATA._COMPUTE_BINNED_OUTPUTS.SPATIAL_BINNED_RNA_ANALYZER.RUN_DIFFERENTIAL_EXPRESSION.fork_square_016um
2025-10-21 23:10:35 [runtime] (complete)        ID.F08548.SPATIAL_RNA_COUNTER_CS.SPATIAL_RNA_COUNTER.SPATIAL_POST_MATRIX_COMPUTATION.BIN_HD_DATA._BIN_HD_DATA._COMPUTE_BINNED_OUTPUTS.SPATIAL_BINNED_RNA_ANALYZER.RUN_DIFFERENTIAL_EXPRESSION.fork_square_016um
2025-10-21 23:10:38 [runtime] (complete)        ID.F08548.SPATIAL_RNA_COUNTER_CS.SPATIAL_RNA_COUNTER.SPATIAL_POST_MATRIX_COMPUTATION.BIN_HD_DATA._BIN_HD_DATA._COMPUTE_BINNED_OUTPUTS.SPATIAL_BINNED_RNA_ANALYZER.RUN_DIFFERENTIAL_EXPRESSION.fork_square_016um
2025-10-21 23:10:41 [runtime] (complete)        ID.F08548.SPATIAL_RNA_COUNTER_CS.SPATIAL_RNA_COUNTER.SPATIAL_POST_MATRIX_COMPUTATION.BIN_HD_DATA._BIN_HD_DATA._COMPUTE_BINNED_OUTPUTS.SPATIAL_BINNED_RNA_ANALYZER.RUN_DIFFERENTIAL_EXPRESSION.fork_square_016um
2025-10-21 23:10:44 [runtime] (complete)        ID.F08548.SPATIAL_RNA_COUNTER_CS.SPATIAL_RNA_COUNTER.SPATIAL_POST_MATRIX_COMPUTATION.BIN_HD_DATA._BIN_HD_DATA._COMPUTE_BINNED_OUTPUTS.SPATIAL_BINNED_RNA_ANALYZER.RUN_DIFFERENTIAL_EXPRESSION.fork_square_016um
2025-10-21 23:10:47 [runtime] (complete)        ID.F08548.SPATIAL_RNA_COUNTER_CS.SPATIAL_RNA_COUNTER.SPATIAL_POST_MATRIX_COMPUTATION.BIN_HD_DATA._BIN_HD_DATA._COMPUTE_BINNED_OUTPUTS.SPATIAL_BINNED_RNA_ANALYZER.RUN_DIFFERENTIAL_EXPRESSION.fork_square_016um
2025-10-21 23:10:50 [runtime] (complete)        ID.F08548.SPATIAL_RNA_COUNTER_CS.SPATIAL_RNA_COUNTER.SPATIAL_POST_MATRIX_COMPUTATION.BIN_HD_DATA._BIN_HD_DATA._COMPUTE_BINNED_OUTPUTS.SPATIAL_BINNED_RNA_ANALYZER.RUN_DIFFERENTIAL_EXPRESSION.fork_square_016um
2025-10-21 23:10:53 [runtime] (complete)        ID.F08548.SPATIAL_RNA_COUNTER_CS.SPATIAL_RNA_COUNTER.SPATIAL_POST_MATRIX_COMPUTATION.BIN_HD_DATA._BIN_HD_DATA._COMPUTE_BINNED_OUTPUTS.SPATIAL_BINNED_RNA_ANALYZER.RUN_DIFFERENTIAL_EXPRESSION.fork_square_016um
2025-10-21 23:10:56 [runtime] (complete)        ID.F08548.SPATIAL_RNA_COUNTER_CS.SPATIAL_RNA_COUNTER.SPATIAL_POST_MATRIX_COMPUTATION.BIN_HD_DATA._BIN_HD_DATA._COMPUTE_BINNED_OUTPUTS.SPATIAL_BINNED_RNA_ANALYZER.RUN_DIFFERENTIAL_EXPRESSION.fork_square_016um
2025-10-21 23:10:59 [runtime] (complete)        ID.F08548.SPATIAL_RNA_COUNTER_CS.SPATIAL_RNA_COUNTER.SPATIAL_POST_MATRIX_COMPUTATION.BIN_HD_DATA._BIN_HD_DATA._COMPUTE_BINNED_OUTPUTS.SPATIAL_BINNED_RNA_ANALYZER.RUN_DIFFERENTIAL_EXPRESSION.fork_square_016um
2025-10-21 23:11:02 [runtime] (complete)        ID.F08548.SPATIAL_RNA_COUNTER_CS.SPATIAL_RNA_COUNTER.SPATIAL_POST_MATRIX_COMPUTATION.BIN_HD_DATA._BIN_HD_DATA._COMPUTE_BINNED_OUTPUTS.SPATIAL_BINNED_RNA_ANALYZER.RUN_DIFFERENTIAL_EXPRESSION.fork_square_016um
2025-10-21 23:11:05 [runtime] (complete)        ID.F08548.SPATIAL_RNA_COUNTER_CS.SPATIAL_RNA_COUNTER.SPATIAL_POST_MATRIX_COMPUTATION.BIN_HD_DATA._BIN_HD_DATA._COMPUTE_BINNED_OUTPUTS.SPATIAL_BINNED_RNA_ANALYZER.RUN_DIFFERENTIAL_EXPRESSION.fork_square_016um
2025-10-21 23:11:08 [runtime] (complete)        ID.F08548.SPATIAL_RNA_COUNTER_CS.SPATIAL_RNA_COUNTER.SPATIAL_POST_MATRIX_COMPUTATION.BIN_HD_DATA._BIN_HD_DATA._COMPUTE_BINNED_OUTPUTS.SPATIAL_BINNED_RNA_ANALYZER.RUN_DIFFERENTIAL_EXPRESSION.fork_square_016um
2025-10-21 23:11:11 [runtime] (complete)        ID.F08548.SPATIAL_RNA_COUNTER_CS.SPATIAL_RNA_COUNTER.SPATIAL_POST_MATRIX_COMPUTATION.BIN_HD_DATA._BIN_HD_DATA._COMPUTE_BINNED_OUTPUTS.SPATIAL_BINNED_RNA_ANALYZER.RUN_DIFFERENTIAL_EXPRESSION.fork_square_016um
2025-10-21 23:11:14 [runtime] (complete)        ID.F08548.SPATIAL_RNA_COUNTER_CS.SPATIAL_RNA_COUNTER.SPATIAL_POST_MATRIX_COMPUTATION.BIN_HD_DATA._BIN_HD_DATA._COMPUTE_BINNED_OUTPUTS.SPATIAL_BINNED_RNA_ANALYZER.RUN_DIFFERENTIAL_EXPRESSION.fork_square_016um
2025-10-21 23:11:17 [runtime] (complete)        ID.F08548.SPATIAL_RNA_COUNTER_CS.SPATIAL_RNA_COUNTER.SPATIAL_POST_MATRIX_COMPUTATION.BIN_HD_DATA._BIN_HD_DATA._COMPUTE_BINNED_OUTPUTS.SPATIAL_BINNED_RNA_ANALYZER.RUN_DIFFERENTIAL_EXPRESSION.fork_square_016um
2025-10-21 23:11:20 [runtime] (complete)        ID.F08548.SPATIAL_RNA_COUNTER_CS.SPATIAL_RNA_COUNTER.SPATIAL_POST_MATRIX_COMPUTATION.BIN_HD_DATA._BIN_HD_DATA._COMPUTE_BINNED_OUTPUTS.SPATIAL_BINNED_RNA_ANALYZER.RUN_DIFFERENTIAL_EXPRESSION.fork_square_016um
2025-10-21 23:11:23 [runtime] (complete)        ID.F08548.SPATIAL_RNA_COUNTER_CS.SPATIAL_RNA_COUNTER.SPATIAL_POST_MATRIX_COMPUTATION.BIN_HD_DATA._BIN_HD_DATA._COMPUTE_BINNED_OUTPUTS.SPATIAL_BINNED_RNA_ANALYZER.RUN_DIFFERENTIAL_EXPRESSION.fork_square_016um
2025-10-21 23:11:26 [runtime] (complete)        ID.F08548.SPATIAL_RNA_COUNTER_CS.SPATIAL_RNA_COUNTER.SPATIAL_POST_MATRIX_COMPUTATION.BIN_HD_DATA._BIN_HD_DATA._COMPUTE_BINNED_OUTPUTS.SPATIAL_BINNED_RNA_ANALYZER.RUN_DIFFERENTIAL_EXPRESSION.fork_square_016um
2025-10-21 23:11:29 [runtime] (complete)        ID.F08548.SPATIAL_RNA_COUNTER_CS.SPATIAL_RNA_COUNTER.SPATIAL_POST_MATRIX_COMPUTATION.BIN_HD_DATA._BIN_HD_DATA._COMPUTE_BINNED_OUTPUTS.SPATIAL_BINNED_RNA_ANALYZER.RUN_DIFFERENTIAL_EXPRESSION.fork_square_016um
2025-10-21 23:11:32 [runtime] (complete)        ID.F08548.SPATIAL_RNA_COUNTER_CS.SPATIAL_RNA_COUNTER.SPATIAL_POST_MATRIX_COMPUTATION.BIN_HD_DATA._BIN_HD_DATA._COMPUTE_BINNED_OUTPUTS.SPATIAL_BINNED_RNA_ANALYZER.RUN_DIFFERENTIAL_EXPRESSION.fork_square_016um
2025-10-21 23:11:33 [runtime] (complete)        ID.F08548.SPATIAL_RNA_COUNTER_CS.SPATIAL_RNA_COUNTER.SPATIAL_POST_MATRIX_COMPUTATION.BIN_HD_DATA._BIN_HD_DATA._COMPUTE_BINNED_OUTPUTS.SPATIAL_BINNED_RNA_ANALYZER.RUN_DIFFERENTIAL_EXPRESSION.fork_square_016um
2025-10-21 23:11:34 [runtime] (chunks_complete) ID.F08548.SPATIAL_RNA_COUNTER_CS.SPATIAL_RNA_COUNTER.SPATIAL_POST_MATRIX_COMPUTATION.BIN_HD_DATA._BIN_HD_DATA._COMPUTE_BINNED_OUTPUTS.SPATIAL_BINNED_RNA_ANALYZER.RUN_DIFFERENTIAL_EXPRESSION.fork_square_008um
2025-10-21 23:11:34 [runtime] (run:local)       ID.F08548.SPATIAL_RNA_COUNTER_CS.SPATIAL_RNA_COUNTER.SPATIAL_POST_MATRIX_COMPUTATION.BIN_HD_DATA._BIN_HD_DATA._COMPUTE_BINNED_OUTPUTS.SPATIAL_BINNED_RNA_ANALYZER.RUN_DIFFERENTIAL_EXPRESSION.fork_square_008um.join
2025-10-21 23:11:34 [runtime] (complete)        ID.F08548.SPATIAL_RNA_COUNTER_CS.SPATIAL_RNA_COUNTER.SPATIAL_POST_MATRIX_COMPUTATION.BIN_HD_DATA._BIN_HD_DATA._COMPUTE_BINNED_OUTPUTS.SPATIAL_BINNED_RNA_ANALYZER.RUN_DIFFERENTIAL_EXPRESSION.fork_square_016um
2025-10-21 23:11:37 [runtime] (complete)        ID.F08548.SPATIAL_RNA_COUNTER_CS.SPATIAL_RNA_COUNTER.SPATIAL_POST_MATRIX_COMPUTATION.BIN_HD_DATA._BIN_HD_DATA._COMPUTE_BINNED_OUTPUTS.SPATIAL_BINNED_RNA_ANALYZER.RUN_DIFFERENTIAL_EXPRESSION.fork_square_016um
2025-10-21 23:11:38 [runtime] (join_complete)   ID.F08548.SPATIAL_RNA_COUNTER_CS.SPATIAL_RNA_COUNTER.SPATIAL_POST_MATRIX_COMPUTATION.BIN_HD_DATA._BIN_HD_DATA._COMPUTE_BINNED_OUTPUTS.SPATIAL_BINNED_RNA_ANALYZER.RUN_DIFFERENTIAL_EXPRESSION.fork_square_008um
2025-10-21 23:11:38 [runtime] (complete)        ID.F08548.SPATIAL_RNA_COUNTER_CS.SPATIAL_RNA_COUNTER.SPATIAL_POST_MATRIX_COMPUTATION.BIN_HD_DATA._BIN_HD_DATA._COMPUTE_BINNED_OUTPUTS.SPATIAL_BINNED_RNA_ANALYZER.RUN_DIFFERENTIAL_EXPRESSION.fork_square_016um
2025-10-21 23:11:38 [runtime] (ready)           ID.F08548.SPATIAL_RNA_COUNTER_CS.SPATIAL_RNA_COUNTER.SPATIAL_POST_MATRIX_COMPUTATION.BIN_HD_DATA._BIN_HD_DATA._COMPUTE_BINNED_OUTPUTS.SPATIAL_BINNED_RNA_ANALYZER.SUMMARIZE_ANALYSIS.fork_square_002um
2025-10-21 23:11:38 [runtime] (ready)           ID.F08548.SPATIAL_RNA_COUNTER_CS.SPATIAL_RNA_COUNTER.SPATIAL_POST_MATRIX_COMPUTATION.BIN_HD_DATA._BIN_HD_DATA._COMPUTE_BINNED_OUTPUTS.SPATIAL_BINNED_RNA_ANALYZER.SUMMARIZE_ANALYSIS.fork_square_008um
2025-10-21 23:11:38 [runtime] (run:local)       ID.F08548.SPATIAL_RNA_COUNTER_CS.SPATIAL_RNA_COUNTER.SPATIAL_POST_MATRIX_COMPUTATION.BIN_HD_DATA._BIN_HD_DATA._COMPUTE_BINNED_OUTPUTS.SPATIAL_BINNED_RNA_ANALYZER.SUMMARIZE_ANALYSIS.fork_square_008um.split
2025-10-21 23:11:38 [runtime] (ready)           ID.F08548.SPATIAL_RNA_COUNTER_CS.SPATIAL_RNA_COUNTER.SPATIAL_POST_MATRIX_COMPUTATION.BIN_HD_DATA._BIN_HD_DATA._COMPUTE_BINNED_OUTPUTS.SPATIAL_BINNED_RNA_ANALYZER.SUMMARIZE_ANALYSIS.fork_square_016um
2025-10-21 23:11:38 [runtime] (run:local)       ID.F08548.SPATIAL_RNA_COUNTER_CS.SPATIAL_RNA_COUNTER.SPATIAL_POST_MATRIX_COMPUTATION.BIN_HD_DATA._BIN_HD_DATA._COMPUTE_BINNED_OUTPUTS.SPATIAL_BINNED_RNA_ANALYZER.SUMMARIZE_ANALYSIS.fork_square_016um.split
2025-10-21 23:11:44 [runtime] (split_complete)  ID.F08548.SPATIAL_RNA_COUNTER_CS.SPATIAL_RNA_COUNTER.SPATIAL_POST_MATRIX_COMPUTATION.BIN_HD_DATA._BIN_HD_DATA._COMPUTE_BINNED_OUTPUTS.SPATIAL_BINNED_RNA_ANALYZER.SUMMARIZE_ANALYSIS.fork_square_008um
2025-10-21 23:11:44 [runtime] (run:local)       ID.F08548.SPATIAL_RNA_COUNTER_CS.SPATIAL_RNA_COUNTER.SPATIAL_POST_MATRIX_COMPUTATION.BIN_HD_DATA._BIN_HD_DATA._COMPUTE_BINNED_OUTPUTS.SPATIAL_BINNED_RNA_ANALYZER.SUMMARIZE_ANALYSIS.fork_square_008um.chnk0.main
2025-10-21 23:11:44 [runtime] (split_complete)  ID.F08548.SPATIAL_RNA_COUNTER_CS.SPATIAL_RNA_COUNTER.SPATIAL_POST_MATRIX_COMPUTATION.BIN_HD_DATA._BIN_HD_DATA._COMPUTE_BINNED_OUTPUTS.SPATIAL_BINNED_RNA_ANALYZER.SUMMARIZE_ANALYSIS.fork_square_016um
2025-10-21 23:11:44 [runtime] (run:local)       ID.F08548.SPATIAL_RNA_COUNTER_CS.SPATIAL_RNA_COUNTER.SPATIAL_POST_MATRIX_COMPUTATION.BIN_HD_DATA._BIN_HD_DATA._COMPUTE_BINNED_OUTPUTS.SPATIAL_BINNED_RNA_ANALYZER.SUMMARIZE_ANALYSIS.fork_square_016um.chnk0.main
2025-10-21 23:11:47 [runtime] (chunks_complete) ID.F08548.SPATIAL_RNA_COUNTER_CS.SPATIAL_RNA_COUNTER.SPATIAL_POST_MATRIX_COMPUTATION.BIN_HD_DATA._BIN_HD_DATA._COMPUTE_BINNED_OUTPUTS.SPATIAL_BINNED_RNA_ANALYZER.SUMMARIZE_ANALYSIS.fork_square_016um
2025-10-21 23:11:47 [runtime] (run:local)       ID.F08548.SPATIAL_RNA_COUNTER_CS.SPATIAL_RNA_COUNTER.SPATIAL_POST_MATRIX_COMPUTATION.BIN_HD_DATA._BIN_HD_DATA._COMPUTE_BINNED_OUTPUTS.SPATIAL_BINNED_RNA_ANALYZER.SUMMARIZE_ANALYSIS.fork_square_016um.join
2025-10-21 23:11:47 [runtime] (chunks_complete) ID.F08548.SPATIAL_RNA_COUNTER_CS.SPATIAL_RNA_COUNTER.SPATIAL_POST_MATRIX_COMPUTATION.BIN_HD_DATA._BIN_HD_DATA._COMPUTE_BINNED_OUTPUTS.SPATIAL_BINNED_RNA_ANALYZER.SUMMARIZE_ANALYSIS.fork_square_008um
2025-10-21 23:11:47 [runtime] (run:local)       ID.F08548.SPATIAL_RNA_COUNTER_CS.SPATIAL_RNA_COUNTER.SPATIAL_POST_MATRIX_COMPUTATION.BIN_HD_DATA._BIN_HD_DATA._COMPUTE_BINNED_OUTPUTS.SPATIAL_BINNED_RNA_ANALYZER.SUMMARIZE_ANALYSIS.fork_square_008um.join
2025-10-21 23:11:48 [runtime] (join_complete)   ID.F08548.SPATIAL_RNA_COUNTER_CS.SPATIAL_RNA_COUNTER.SPATIAL_POST_MATRIX_COMPUTATION.BIN_HD_DATA._BIN_HD_DATA._COMPUTE_BINNED_OUTPUTS.SPATIAL_BINNED_RNA_ANALYZER.SUMMARIZE_ANALYSIS.fork_square_016um
2025-10-21 23:11:48 [runtime] (join_complete)   ID.F08548.SPATIAL_RNA_COUNTER_CS.SPATIAL_RNA_COUNTER.SPATIAL_POST_MATRIX_COMPUTATION.BIN_HD_DATA._BIN_HD_DATA._COMPUTE_BINNED_OUTPUTS.SPATIAL_BINNED_RNA_ANALYZER.SUMMARIZE_ANALYSIS.fork_square_008um
2025-10-21 23:11:48 [runtime] (complete)        ID.F08548.SPATIAL_RNA_COUNTER_CS.SPATIAL_RNA_COUNTER.SPATIAL_POST_MATRIX_COMPUTATION.BIN_HD_DATA._BIN_HD_DATA._COMPUTE_BINNED_OUTPUTS.SPATIAL_BINNED_RNA_ANALYZER.SUMMARIZE_ANALYSIS.fork_square_016um
2025-10-21 23:11:49 [runtime] (ready)           ID.F08548.SPATIAL_RNA_COUNTER_CS.SPATIAL_RNA_COUNTER.SPATIAL_POST_MATRIX_COMPUTATION.BIN_HD_DATA._BIN_HD_DATA.UPDATE_HD_FEATURE_SLICE_H5
2025-10-21 23:11:49 [runtime] (run:local)       ID.F08548.SPATIAL_RNA_COUNTER_CS.SPATIAL_RNA_COUNTER.SPATIAL_POST_MATRIX_COMPUTATION.BIN_HD_DATA._BIN_HD_DATA.UPDATE_HD_FEATURE_SLICE_H5.fork0.split
2025-10-21 23:11:49 [runtime] (ready)           ID.F08548.SPATIAL_RNA_COUNTER_CS.SPATIAL_RNA_COUNTER.SPATIAL_POST_MATRIX_COMPUTATION.BIN_HD_DATA._BIN_HD_DATA._COMPUTE_BINNED_OUTPUTS.CLOUPE_PREPROCESS.fork_square_002um
2025-10-21 23:11:49 [runtime] (run:local)       ID.F08548.SPATIAL_RNA_COUNTER_CS.SPATIAL_RNA_COUNTER.SPATIAL_POST_MATRIX_COMPUTATION.BIN_HD_DATA._BIN_HD_DATA._COMPUTE_BINNED_OUTPUTS.CLOUPE_PREPROCESS.fork_square_002um.split
2025-10-21 23:11:49 [runtime] (ready)           ID.F08548.SPATIAL_RNA_COUNTER_CS.SPATIAL_RNA_COUNTER.SPATIAL_POST_MATRIX_COMPUTATION.BIN_HD_DATA._BIN_HD_DATA._COMPUTE_BINNED_OUTPUTS.CLOUPE_PREPROCESS.fork_square_008um
2025-10-21 23:11:49 [runtime] (run:local)       ID.F08548.SPATIAL_RNA_COUNTER_CS.SPATIAL_RNA_COUNTER.SPATIAL_POST_MATRIX_COMPUTATION.BIN_HD_DATA._BIN_HD_DATA._COMPUTE_BINNED_OUTPUTS.CLOUPE_PREPROCESS.fork_square_008um.split
2025-10-21 23:11:49 [runtime] (ready)           ID.F08548.SPATIAL_RNA_COUNTER_CS.SPATIAL_RNA_COUNTER.SPATIAL_POST_MATRIX_COMPUTATION.BIN_HD_DATA._BIN_HD_DATA._COMPUTE_BINNED_OUTPUTS.CLOUPE_PREPROCESS.fork_square_016um
2025-10-21 23:11:49 [runtime] (run:local)       ID.F08548.SPATIAL_RNA_COUNTER_CS.SPATIAL_RNA_COUNTER.SPATIAL_POST_MATRIX_COMPUTATION.BIN_HD_DATA._BIN_HD_DATA._COMPUTE_BINNED_OUTPUTS.CLOUPE_PREPROCESS.fork_square_016um.split
2025-10-21 23:11:51 [runtime] (split_complete)  ID.F08548.SPATIAL_RNA_COUNTER_CS.SPATIAL_RNA_COUNTER.SPATIAL_POST_MATRIX_COMPUTATION.BIN_HD_DATA._BIN_HD_DATA._COMPUTE_BINNED_OUTPUTS.CLOUPE_PREPROCESS.fork_square_016um
2025-10-21 23:11:51 [runtime] (run:local)       ID.F08548.SPATIAL_RNA_COUNTER_CS.SPATIAL_RNA_COUNTER.SPATIAL_POST_MATRIX_COMPUTATION.BIN_HD_DATA._BIN_HD_DATA._COMPUTE_BINNED_OUTPUTS.CLOUPE_PREPROCESS.fork_square_016um.join
2025-10-21 23:11:51 [runtime] (split_complete)  ID.F08548.SPATIAL_RNA_COUNTER_CS.SPATIAL_RNA_COUNTER.SPATIAL_POST_MATRIX_COMPUTATION.BIN_HD_DATA._BIN_HD_DATA._COMPUTE_BINNED_OUTPUTS.CLOUPE_PREPROCESS.fork_square_002um
2025-10-21 23:11:51 [runtime] (run:local)       ID.F08548.SPATIAL_RNA_COUNTER_CS.SPATIAL_RNA_COUNTER.SPATIAL_POST_MATRIX_COMPUTATION.BIN_HD_DATA._BIN_HD_DATA._COMPUTE_BINNED_OUTPUTS.CLOUPE_PREPROCESS.fork_square_002um.join
2025-10-21 23:11:51 [runtime] (split_complete)  ID.F08548.SPATIAL_RNA_COUNTER_CS.SPATIAL_RNA_COUNTER.SPATIAL_POST_MATRIX_COMPUTATION.BIN_HD_DATA._BIN_HD_DATA._COMPUTE_BINNED_OUTPUTS.CLOUPE_PREPROCESS.fork_square_008um
2025-10-21 23:11:51 [runtime] (run:local)       ID.F08548.SPATIAL_RNA_COUNTER_CS.SPATIAL_RNA_COUNTER.SPATIAL_POST_MATRIX_COMPUTATION.BIN_HD_DATA._BIN_HD_DATA._COMPUTE_BINNED_OUTPUTS.CLOUPE_PREPROCESS.fork_square_008um.join
2025-10-21 23:11:52 [runtime] (split_complete)  ID.F08548.SPATIAL_RNA_COUNTER_CS.SPATIAL_RNA_COUNTER.SPATIAL_POST_MATRIX_COMPUTATION.BIN_HD_DATA._BIN_HD_DATA.UPDATE_HD_FEATURE_SLICE_H5
2025-10-21 23:11:52 [runtime] (run:local)       ID.F08548.SPATIAL_RNA_COUNTER_CS.SPATIAL_RNA_COUNTER.SPATIAL_POST_MATRIX_COMPUTATION.BIN_HD_DATA._BIN_HD_DATA.UPDATE_HD_FEATURE_SLICE_H5.fork0.join
2025-10-21 23:11:52 [runtime] (join_complete)   ID.F08548.SPATIAL_RNA_COUNTER_CS.SPATIAL_RNA_COUNTER.SPATIAL_POST_MATRIX_COMPUTATION.BIN_HD_DATA._BIN_HD_DATA._COMPUTE_BINNED_OUTPUTS.CLOUPE_PREPROCESS.fork_square_016um
2025-10-21 23:11:53 [runtime] (join_complete)   ID.F08548.SPATIAL_RNA_COUNTER_CS.SPATIAL_RNA_COUNTER.SPATIAL_POST_MATRIX_COMPUTATION.BIN_HD_DATA._BIN_HD_DATA._COMPUTE_BINNED_OUTPUTS.CLOUPE_PREPROCESS.fork_square_002um
2025-10-21 23:11:53 [runtime] (complete)        ID.F08548.SPATIAL_RNA_COUNTER_CS.SPATIAL_RNA_COUNTER.SPATIAL_POST_MATRIX_COMPUTATION.BIN_HD_DATA._BIN_HD_DATA._COMPUTE_BINNED_OUTPUTS.CLOUPE_PREPROCESS.fork_square_016um
2025-10-21 23:11:56 [runtime] (complete)        ID.F08548.SPATIAL_RNA_COUNTER_CS.SPATIAL_RNA_COUNTER.SPATIAL_POST_MATRIX_COMPUTATION.BIN_HD_DATA._BIN_HD_DATA._COMPUTE_BINNED_OUTPUTS.CLOUPE_PREPROCESS.fork_square_002um
2025-10-21 23:11:56 [runtime] (complete)        ID.F08548.SPATIAL_RNA_COUNTER_CS.SPATIAL_RNA_COUNTER.SPATIAL_POST_MATRIX_COMPUTATION.BIN_HD_DATA._BIN_HD_DATA._COMPUTE_BINNED_OUTPUTS.CLOUPE_PREPROCESS.fork_square_016um
2025-10-21 23:11:59 [runtime] (complete)        ID.F08548.SPATIAL_RNA_COUNTER_CS.SPATIAL_RNA_COUNTER.SPATIAL_POST_MATRIX_COMPUTATION.BIN_HD_DATA._BIN_HD_DATA._COMPUTE_BINNED_OUTPUTS.CLOUPE_PREPROCESS.fork_square_002um
2025-10-21 23:11:59 [runtime] (complete)        ID.F08548.SPATIAL_RNA_COUNTER_CS.SPATIAL_RNA_COUNTER.SPATIAL_POST_MATRIX_COMPUTATION.BIN_HD_DATA._BIN_HD_DATA._COMPUTE_BINNED_OUTPUTS.CLOUPE_PREPROCESS.fork_square_016um
2025-10-21 23:12:02 [runtime] (complete)        ID.F08548.SPATIAL_RNA_COUNTER_CS.SPATIAL_RNA_COUNTER.SPATIAL_POST_MATRIX_COMPUTATION.BIN_HD_DATA._BIN_HD_DATA._COMPUTE_BINNED_OUTPUTS.CLOUPE_PREPROCESS.fork_square_002um
2025-10-21 23:12:02 [runtime] (complete)        ID.F08548.SPATIAL_RNA_COUNTER_CS.SPATIAL_RNA_COUNTER.SPATIAL_POST_MATRIX_COMPUTATION.BIN_HD_DATA._BIN_HD_DATA._COMPUTE_BINNED_OUTPUTS.CLOUPE_PREPROCESS.fork_square_016um
2025-10-21 23:12:05 [runtime] (complete)        ID.F08548.SPATIAL_RNA_COUNTER_CS.SPATIAL_RNA_COUNTER.SPATIAL_POST_MATRIX_COMPUTATION.BIN_HD_DATA._BIN_HD_DATA._COMPUTE_BINNED_OUTPUTS.CLOUPE_PREPROCESS.fork_square_002um
2025-10-21 23:12:05 [runtime] (complete)        ID.F08548.SPATIAL_RNA_COUNTER_CS.SPATIAL_RNA_COUNTER.SPATIAL_POST_MATRIX_COMPUTATION.BIN_HD_DATA._BIN_HD_DATA._COMPUTE_BINNED_OUTPUTS.CLOUPE_PREPROCESS.fork_square_016um
2025-10-21 23:12:08 [runtime] (complete)        ID.F08548.SPATIAL_RNA_COUNTER_CS.SPATIAL_RNA_COUNTER.SPATIAL_POST_MATRIX_COMPUTATION.BIN_HD_DATA._BIN_HD_DATA._COMPUTE_BINNED_OUTPUTS.CLOUPE_PREPROCESS.fork_square_002um
2025-10-21 23:12:08 [runtime] (complete)        ID.F08548.SPATIAL_RNA_COUNTER_CS.SPATIAL_RNA_COUNTER.SPATIAL_POST_MATRIX_COMPUTATION.BIN_HD_DATA._BIN_HD_DATA._COMPUTE_BINNED_OUTPUTS.CLOUPE_PREPROCESS.fork_square_016um
2025-10-21 23:12:11 [runtime] (complete)        ID.F08548.SPATIAL_RNA_COUNTER_CS.SPATIAL_RNA_COUNTER.SPATIAL_POST_MATRIX_COMPUTATION.BIN_HD_DATA._BIN_HD_DATA._COMPUTE_BINNED_OUTPUTS.CLOUPE_PREPROCESS.fork_square_002um
2025-10-21 23:12:11 [runtime] (complete)        ID.F08548.SPATIAL_RNA_COUNTER_CS.SPATIAL_RNA_COUNTER.SPATIAL_POST_MATRIX_COMPUTATION.BIN_HD_DATA._BIN_HD_DATA._COMPUTE_BINNED_OUTPUTS.CLOUPE_PREPROCESS.fork_square_016um
2025-10-21 23:12:14 [runtime] (complete)        ID.F08548.SPATIAL_RNA_COUNTER_CS.SPATIAL_RNA_COUNTER.SPATIAL_POST_MATRIX_COMPUTATION.BIN_HD_DATA._BIN_HD_DATA._COMPUTE_BINNED_OUTPUTS.CLOUPE_PREPROCESS.fork_square_002um
2025-10-21 23:12:14 [runtime] (complete)        ID.F08548.SPATIAL_RNA_COUNTER_CS.SPATIAL_RNA_COUNTER.SPATIAL_POST_MATRIX_COMPUTATION.BIN_HD_DATA._BIN_HD_DATA._COMPUTE_BINNED_OUTPUTS.CLOUPE_PREPROCESS.fork_square_016um
2025-10-21 23:12:17 [runtime] (complete)        ID.F08548.SPATIAL_RNA_COUNTER_CS.SPATIAL_RNA_COUNTER.SPATIAL_POST_MATRIX_COMPUTATION.BIN_HD_DATA._BIN_HD_DATA._COMPUTE_BINNED_OUTPUTS.CLOUPE_PREPROCESS.fork_square_002um
2025-10-21 23:12:17 [runtime] (complete)        ID.F08548.SPATIAL_RNA_COUNTER_CS.SPATIAL_RNA_COUNTER.SPATIAL_POST_MATRIX_COMPUTATION.BIN_HD_DATA._BIN_HD_DATA._COMPUTE_BINNED_OUTPUTS.CLOUPE_PREPROCESS.fork_square_016um
2025-10-21 23:12:20 [runtime] (complete)        ID.F08548.SPATIAL_RNA_COUNTER_CS.SPATIAL_RNA_COUNTER.SPATIAL_POST_MATRIX_COMPUTATION.BIN_HD_DATA._BIN_HD_DATA._COMPUTE_BINNED_OUTPUTS.CLOUPE_PREPROCESS.fork_square_002um
2025-10-21 23:12:20 [runtime] (complete)        ID.F08548.SPATIAL_RNA_COUNTER_CS.SPATIAL_RNA_COUNTER.SPATIAL_POST_MATRIX_COMPUTATION.BIN_HD_DATA._BIN_HD_DATA._COMPUTE_BINNED_OUTPUTS.CLOUPE_PREPROCESS.fork_square_016um
2025-10-21 23:12:23 [runtime] (complete)        ID.F08548.SPATIAL_RNA_COUNTER_CS.SPATIAL_RNA_COUNTER.SPATIAL_POST_MATRIX_COMPUTATION.BIN_HD_DATA._BIN_HD_DATA._COMPUTE_BINNED_OUTPUTS.CLOUPE_PREPROCESS.fork_square_002um
2025-10-21 23:12:23 [runtime] (complete)        ID.F08548.SPATIAL_RNA_COUNTER_CS.SPATIAL_RNA_COUNTER.SPATIAL_POST_MATRIX_COMPUTATION.BIN_HD_DATA._BIN_HD_DATA._COMPUTE_BINNED_OUTPUTS.CLOUPE_PREPROCESS.fork_square_016um
2025-10-21 23:12:26 [runtime] (complete)        ID.F08548.SPATIAL_RNA_COUNTER_CS.SPATIAL_RNA_COUNTER.SPATIAL_POST_MATRIX_COMPUTATION.BIN_HD_DATA._BIN_HD_DATA._COMPUTE_BINNED_OUTPUTS.CLOUPE_PREPROCESS.fork_square_002um
2025-10-21 23:12:26 [runtime] (complete)        ID.F08548.SPATIAL_RNA_COUNTER_CS.SPATIAL_RNA_COUNTER.SPATIAL_POST_MATRIX_COMPUTATION.BIN_HD_DATA._BIN_HD_DATA._COMPUTE_BINNED_OUTPUTS.CLOUPE_PREPROCESS.fork_square_016um
2025-10-21 23:12:29 [runtime] (complete)        ID.F08548.SPATIAL_RNA_COUNTER_CS.SPATIAL_RNA_COUNTER.SPATIAL_POST_MATRIX_COMPUTATION.BIN_HD_DATA._BIN_HD_DATA._COMPUTE_BINNED_OUTPUTS.CLOUPE_PREPROCESS.fork_square_002um
2025-10-21 23:12:29 [runtime] (complete)        ID.F08548.SPATIAL_RNA_COUNTER_CS.SPATIAL_RNA_COUNTER.SPATIAL_POST_MATRIX_COMPUTATION.BIN_HD_DATA._BIN_HD_DATA._COMPUTE_BINNED_OUTPUTS.CLOUPE_PREPROCESS.fork_square_016um
2025-10-21 23:12:32 [runtime] (complete)        ID.F08548.SPATIAL_RNA_COUNTER_CS.SPATIAL_RNA_COUNTER.SPATIAL_POST_MATRIX_COMPUTATION.BIN_HD_DATA._BIN_HD_DATA._COMPUTE_BINNED_OUTPUTS.CLOUPE_PREPROCESS.fork_square_002um
2025-10-21 23:12:32 [runtime] (complete)        ID.F08548.SPATIAL_RNA_COUNTER_CS.SPATIAL_RNA_COUNTER.SPATIAL_POST_MATRIX_COMPUTATION.BIN_HD_DATA._BIN_HD_DATA._COMPUTE_BINNED_OUTPUTS.CLOUPE_PREPROCESS.fork_square_016um
2025-10-21 23:12:35 [runtime] (complete)        ID.F08548.SPATIAL_RNA_COUNTER_CS.SPATIAL_RNA_COUNTER.SPATIAL_POST_MATRIX_COMPUTATION.BIN_HD_DATA._BIN_HD_DATA._COMPUTE_BINNED_OUTPUTS.CLOUPE_PREPROCESS.fork_square_002um
2025-10-21 23:12:35 [runtime] (complete)        ID.F08548.SPATIAL_RNA_COUNTER_CS.SPATIAL_RNA_COUNTER.SPATIAL_POST_MATRIX_COMPUTATION.BIN_HD_DATA._BIN_HD_DATA._COMPUTE_BINNED_OUTPUTS.CLOUPE_PREPROCESS.fork_square_016um
2025-10-21 23:12:38 [runtime] (complete)        ID.F08548.SPATIAL_RNA_COUNTER_CS.SPATIAL_RNA_COUNTER.SPATIAL_POST_MATRIX_COMPUTATION.BIN_HD_DATA._BIN_HD_DATA._COMPUTE_BINNED_OUTPUTS.CLOUPE_PREPROCESS.fork_square_002um
2025-10-21 23:12:38 [runtime] (join_complete)   ID.F08548.SPATIAL_RNA_COUNTER_CS.SPATIAL_RNA_COUNTER.SPATIAL_POST_MATRIX_COMPUTATION.BIN_HD_DATA._BIN_HD_DATA._COMPUTE_BINNED_OUTPUTS.CLOUPE_PREPROCESS.fork_square_008um
2025-10-21 23:12:38 [runtime] (complete)        ID.F08548.SPATIAL_RNA_COUNTER_CS.SPATIAL_RNA_COUNTER.SPATIAL_POST_MATRIX_COMPUTATION.BIN_HD_DATA._BIN_HD_DATA._COMPUTE_BINNED_OUTPUTS.CLOUPE_PREPROCESS.fork_square_016um
2025-10-21 23:14:34 [runtime] (join_complete)   ID.F08548.SPATIAL_RNA_COUNTER_CS.SPATIAL_RNA_COUNTER.SPATIAL_POST_MATRIX_COMPUTATION.BIN_HD_DATA._BIN_HD_DATA.UPDATE_HD_FEATURE_SLICE_H5
2025-10-21 23:14:34 [runtime] (ready)           ID.F08548.SPATIAL_RNA_COUNTER_CS.SPATIAL_RNA_COUNTER.SPATIAL_POST_MATRIX_COMPUTATION.BIN_HD_DATA._BIN_HD_DATA.PROCESS_SEGMENTATIONS._PROCESS_SEGMENTATIONS.SEGMENT_TO_FEATURE_CELL_MATRIX.PREPROCESS_INSTANCE_MASK
2025-10-21 23:14:34 [runtime] (run:local)       ID.F08548.SPATIAL_RNA_COUNTER_CS.SPATIAL_RNA_COUNTER.SPATIAL_POST_MATRIX_COMPUTATION.BIN_HD_DATA._BIN_HD_DATA.PROCESS_SEGMENTATIONS._PROCESS_SEGMENTATIONS.SEGMENT_TO_FEATURE_CELL_MATRIX.PREPROCESS_INSTANCE_MASK.fork0.split
2025-10-21 23:14:34 [runtime] (ready)           ID.F08548.SPATIAL_RNA_COUNTER_CS.SPATIAL_RNA_COUNTER.SPATIAL_POST_MATRIX_COMPUTATION.BIN_HD_DATA._BIN_HD_DATA.PICK_INPUTS_FOR_CELLSEG_LOUPE
2025-10-21 23:14:34 [runtime] (run:local)       ID.F08548.SPATIAL_RNA_COUNTER_CS.SPATIAL_RNA_COUNTER.SPATIAL_POST_MATRIX_COMPUTATION.BIN_HD_DATA._BIN_HD_DATA.PICK_INPUTS_FOR_CELLSEG_LOUPE.fork0.chnk0.main
2025-10-21 23:14:34 [runtime] (split_complete)  ID.F08548.SPATIAL_RNA_COUNTER_CS.SPATIAL_RNA_COUNTER.SPATIAL_POST_MATRIX_COMPUTATION.BIN_HD_DATA._BIN_HD_DATA.PROCESS_SEGMENTATIONS._PROCESS_SEGMENTATIONS.SEGMENT_TO_FEATURE_CELL_MATRIX.PREPROCESS_INSTANCE_MASK
2025-10-21 23:14:34 [runtime] (run:local)       ID.F08548.SPATIAL_RNA_COUNTER_CS.SPATIAL_RNA_COUNTER.SPATIAL_POST_MATRIX_COMPUTATION.BIN_HD_DATA._BIN_HD_DATA.PROCESS_SEGMENTATIONS._PROCESS_SEGMENTATIONS.SEGMENT_TO_FEATURE_CELL_MATRIX.PREPROCESS_INSTANCE_MASK.fork0.join
2025-10-21 23:14:35 [runtime] (join_complete)   ID.F08548.SPATIAL_RNA_COUNTER_CS.SPATIAL_RNA_COUNTER.SPATIAL_POST_MATRIX_COMPUTATION.BIN_HD_DATA._BIN_HD_DATA.PROCESS_SEGMENTATIONS._PROCESS_SEGMENTATIONS.SEGMENT_TO_FEATURE_CELL_MATRIX.PREPROCESS_INSTANCE_MASK
2025-10-21 23:14:35 [runtime] (ready)           ID.F08548.SPATIAL_RNA_COUNTER_CS.SPATIAL_RNA_COUNTER.SPATIAL_POST_MATRIX_COMPUTATION.BIN_HD_DATA._BIN_HD_DATA.PROCESS_SEGMENTATIONS._PROCESS_SEGMENTATIONS.SEGMENT_TO_FEATURE_CELL_MATRIX.PREPROCESS_NUCLEUS_SEGMENTATION_GEOJSON
2025-10-21 23:14:35 [runtime] (run:local)       ID.F08548.SPATIAL_RNA_COUNTER_CS.SPATIAL_RNA_COUNTER.SPATIAL_POST_MATRIX_COMPUTATION.BIN_HD_DATA._BIN_HD_DATA.PROCESS_SEGMENTATIONS._PROCESS_SEGMENTATIONS.SEGMENT_TO_FEATURE_CELL_MATRIX.PREPROCESS_NUCLEUS_SEGMENTATION_GEOJSON.fork0.split
2025-10-21 23:14:35 [runtime] (split_complete)  ID.F08548.SPATIAL_RNA_COUNTER_CS.SPATIAL_RNA_COUNTER.SPATIAL_POST_MATRIX_COMPUTATION.BIN_HD_DATA._BIN_HD_DATA.PROCESS_SEGMENTATIONS._PROCESS_SEGMENTATIONS.SEGMENT_TO_FEATURE_CELL_MATRIX.PREPROCESS_NUCLEUS_SEGMENTATION_GEOJSON
2025-10-21 23:14:35 [runtime] (run:local)       ID.F08548.SPATIAL_RNA_COUNTER_CS.SPATIAL_RNA_COUNTER.SPATIAL_POST_MATRIX_COMPUTATION.BIN_HD_DATA._BIN_HD_DATA.PROCESS_SEGMENTATIONS._PROCESS_SEGMENTATIONS.SEGMENT_TO_FEATURE_CELL_MATRIX.PREPROCESS_NUCLEUS_SEGMENTATION_GEOJSON.fork0.chnk00.main
2025-10-21 23:14:35 [runtime] (run:local)       ID.F08548.SPATIAL_RNA_COUNTER_CS.SPATIAL_RNA_COUNTER.SPATIAL_POST_MATRIX_COMPUTATION.BIN_HD_DATA._BIN_HD_DATA.PROCESS_SEGMENTATIONS._PROCESS_SEGMENTATIONS.SEGMENT_TO_FEATURE_CELL_MATRIX.PREPROCESS_NUCLEUS_SEGMENTATION_GEOJSON.fork0.chnk01.main
2025-10-21 23:14:35 [runtime] (run:local)       ID.F08548.SPATIAL_RNA_COUNTER_CS.SPATIAL_RNA_COUNTER.SPATIAL_POST_MATRIX_COMPUTATION.BIN_HD_DATA._BIN_HD_DATA.PROCESS_SEGMENTATIONS._PROCESS_SEGMENTATIONS.SEGMENT_TO_FEATURE_CELL_MATRIX.PREPROCESS_NUCLEUS_SEGMENTATION_GEOJSON.fork0.chnk02.main
2025-10-21 23:14:35 [runtime] (run:local)       ID.F08548.SPATIAL_RNA_COUNTER_CS.SPATIAL_RNA_COUNTER.SPATIAL_POST_MATRIX_COMPUTATION.BIN_HD_DATA._BIN_HD_DATA.PROCESS_SEGMENTATIONS._PROCESS_SEGMENTATIONS.SEGMENT_TO_FEATURE_CELL_MATRIX.PREPROCESS_NUCLEUS_SEGMENTATION_GEOJSON.fork0.chnk03.main
2025-10-21 23:14:35 [runtime] (run:local)       ID.F08548.SPATIAL_RNA_COUNTER_CS.SPATIAL_RNA_COUNTER.SPATIAL_POST_MATRIX_COMPUTATION.BIN_HD_DATA._BIN_HD_DATA.PROCESS_SEGMENTATIONS._PROCESS_SEGMENTATIONS.SEGMENT_TO_FEATURE_CELL_MATRIX.PREPROCESS_NUCLEUS_SEGMENTATION_GEOJSON.fork0.chnk04.main
2025-10-21 23:14:35 [runtime] (run:local)       ID.F08548.SPATIAL_RNA_COUNTER_CS.SPATIAL_RNA_COUNTER.SPATIAL_POST_MATRIX_COMPUTATION.BIN_HD_DATA._BIN_HD_DATA.PROCESS_SEGMENTATIONS._PROCESS_SEGMENTATIONS.SEGMENT_TO_FEATURE_CELL_MATRIX.PREPROCESS_NUCLEUS_SEGMENTATION_GEOJSON.fork0.chnk05.main
2025-10-21 23:14:36 [runtime] (run:local)       ID.F08548.SPATIAL_RNA_COUNTER_CS.SPATIAL_RNA_COUNTER.SPATIAL_POST_MATRIX_COMPUTATION.BIN_HD_DATA._BIN_HD_DATA.PROCESS_SEGMENTATIONS._PROCESS_SEGMENTATIONS.SEGMENT_TO_FEATURE_CELL_MATRIX.PREPROCESS_NUCLEUS_SEGMENTATION_GEOJSON.fork0.chnk06.main
2025-10-21 23:14:36 [runtime] (run:local)       ID.F08548.SPATIAL_RNA_COUNTER_CS.SPATIAL_RNA_COUNTER.SPATIAL_POST_MATRIX_COMPUTATION.BIN_HD_DATA._BIN_HD_DATA.PROCESS_SEGMENTATIONS._PROCESS_SEGMENTATIONS.SEGMENT_TO_FEATURE_CELL_MATRIX.PREPROCESS_NUCLEUS_SEGMENTATION_GEOJSON.fork0.chnk07.main
2025-10-21 23:14:36 [runtime] (run:local)       ID.F08548.SPATIAL_RNA_COUNTER_CS.SPATIAL_RNA_COUNTER.SPATIAL_POST_MATRIX_COMPUTATION.BIN_HD_DATA._BIN_HD_DATA.PROCESS_SEGMENTATIONS._PROCESS_SEGMENTATIONS.SEGMENT_TO_FEATURE_CELL_MATRIX.PREPROCESS_NUCLEUS_SEGMENTATION_GEOJSON.fork0.chnk08.main
2025-10-21 23:14:36 [runtime] (run:local)       ID.F08548.SPATIAL_RNA_COUNTER_CS.SPATIAL_RNA_COUNTER.SPATIAL_POST_MATRIX_COMPUTATION.BIN_HD_DATA._BIN_HD_DATA.PROCESS_SEGMENTATIONS._PROCESS_SEGMENTATIONS.SEGMENT_TO_FEATURE_CELL_MATRIX.PREPROCESS_NUCLEUS_SEGMENTATION_GEOJSON.fork0.chnk09.main
2025-10-21 23:14:36 [runtime] (run:local)       ID.F08548.SPATIAL_RNA_COUNTER_CS.SPATIAL_RNA_COUNTER.SPATIAL_POST_MATRIX_COMPUTATION.BIN_HD_DATA._BIN_HD_DATA.PROCESS_SEGMENTATIONS._PROCESS_SEGMENTATIONS.SEGMENT_TO_FEATURE_CELL_MATRIX.PREPROCESS_NUCLEUS_SEGMENTATION_GEOJSON.fork0.chnk10.main
2025-10-21 23:14:36 [runtime] (run:local)       ID.F08548.SPATIAL_RNA_COUNTER_CS.SPATIAL_RNA_COUNTER.SPATIAL_POST_MATRIX_COMPUTATION.BIN_HD_DATA._BIN_HD_DATA.PROCESS_SEGMENTATIONS._PROCESS_SEGMENTATIONS.SEGMENT_TO_FEATURE_CELL_MATRIX.PREPROCESS_NUCLEUS_SEGMENTATION_GEOJSON.fork0.chnk11.main
2025-10-21 23:14:36 [runtime] (run:local)       ID.F08548.SPATIAL_RNA_COUNTER_CS.SPATIAL_RNA_COUNTER.SPATIAL_POST_MATRIX_COMPUTATION.BIN_HD_DATA._BIN_HD_DATA.PROCESS_SEGMENTATIONS._PROCESS_SEGMENTATIONS.SEGMENT_TO_FEATURE_CELL_MATRIX.PREPROCESS_NUCLEUS_SEGMENTATION_GEOJSON.fork0.chnk12.main
2025-10-21 23:14:36 [runtime] (run:local)       ID.F08548.SPATIAL_RNA_COUNTER_CS.SPATIAL_RNA_COUNTER.SPATIAL_POST_MATRIX_COMPUTATION.BIN_HD_DATA._BIN_HD_DATA.PROCESS_SEGMENTATIONS._PROCESS_SEGMENTATIONS.SEGMENT_TO_FEATURE_CELL_MATRIX.PREPROCESS_NUCLEUS_SEGMENTATION_GEOJSON.fork0.chnk13.main
2025-10-21 23:14:36 [runtime] (run:local)       ID.F08548.SPATIAL_RNA_COUNTER_CS.SPATIAL_RNA_COUNTER.SPATIAL_POST_MATRIX_COMPUTATION.BIN_HD_DATA._BIN_HD_DATA.PROCESS_SEGMENTATIONS._PROCESS_SEGMENTATIONS.SEGMENT_TO_FEATURE_CELL_MATRIX.PREPROCESS_NUCLEUS_SEGMENTATION_GEOJSON.fork0.chnk14.main
2025-10-21 23:14:36 [runtime] (run:local)       ID.F08548.SPATIAL_RNA_COUNTER_CS.SPATIAL_RNA_COUNTER.SPATIAL_POST_MATRIX_COMPUTATION.BIN_HD_DATA._BIN_HD_DATA.PROCESS_SEGMENTATIONS._PROCESS_SEGMENTATIONS.SEGMENT_TO_FEATURE_CELL_MATRIX.PREPROCESS_NUCLEUS_SEGMENTATION_GEOJSON.fork0.chnk15.main
2025-10-21 23:14:36 [runtime] (run:local)       ID.F08548.SPATIAL_RNA_COUNTER_CS.SPATIAL_RNA_COUNTER.SPATIAL_POST_MATRIX_COMPUTATION.BIN_HD_DATA._BIN_HD_DATA.PROCESS_SEGMENTATIONS._PROCESS_SEGMENTATIONS.SEGMENT_TO_FEATURE_CELL_MATRIX.PREPROCESS_NUCLEUS_SEGMENTATION_GEOJSON.fork0.chnk16.main
2025-10-21 23:14:36 [runtime] (run:local)       ID.F08548.SPATIAL_RNA_COUNTER_CS.SPATIAL_RNA_COUNTER.SPATIAL_POST_MATRIX_COMPUTATION.BIN_HD_DATA._BIN_HD_DATA.PROCESS_SEGMENTATIONS._PROCESS_SEGMENTATIONS.SEGMENT_TO_FEATURE_CELL_MATRIX.PREPROCESS_NUCLEUS_SEGMENTATION_GEOJSON.fork0.chnk17.main
2025-10-21 23:14:36 [runtime] (run:local)       ID.F08548.SPATIAL_RNA_COUNTER_CS.SPATIAL_RNA_COUNTER.SPATIAL_POST_MATRIX_COMPUTATION.BIN_HD_DATA._BIN_HD_DATA.PROCESS_SEGMENTATIONS._PROCESS_SEGMENTATIONS.SEGMENT_TO_FEATURE_CELL_MATRIX.PREPROCESS_NUCLEUS_SEGMENTATION_GEOJSON.fork0.chnk18.main
2025-10-21 23:14:36 [runtime] (run:local)       ID.F08548.SPATIAL_RNA_COUNTER_CS.SPATIAL_RNA_COUNTER.SPATIAL_POST_MATRIX_COMPUTATION.BIN_HD_DATA._BIN_HD_DATA.PROCESS_SEGMENTATIONS._PROCESS_SEGMENTATIONS.SEGMENT_TO_FEATURE_CELL_MATRIX.PREPROCESS_NUCLEUS_SEGMENTATION_GEOJSON.fork0.chnk19.main
2025-10-21 23:14:36 [runtime] (run:local)       ID.F08548.SPATIAL_RNA_COUNTER_CS.SPATIAL_RNA_COUNTER.SPATIAL_POST_MATRIX_COMPUTATION.BIN_HD_DATA._BIN_HD_DATA.PROCESS_SEGMENTATIONS._PROCESS_SEGMENTATIONS.SEGMENT_TO_FEATURE_CELL_MATRIX.PREPROCESS_NUCLEUS_SEGMENTATION_GEOJSON.fork0.chnk20.main
2025-10-21 23:14:36 [runtime] (run:local)       ID.F08548.SPATIAL_RNA_COUNTER_CS.SPATIAL_RNA_COUNTER.SPATIAL_POST_MATRIX_COMPUTATION.BIN_HD_DATA._BIN_HD_DATA.PROCESS_SEGMENTATIONS._PROCESS_SEGMENTATIONS.SEGMENT_TO_FEATURE_CELL_MATRIX.PREPROCESS_NUCLEUS_SEGMENTATION_GEOJSON.fork0.chnk21.main
2025-10-21 23:14:36 [runtime] (run:local)       ID.F08548.SPATIAL_RNA_COUNTER_CS.SPATIAL_RNA_COUNTER.SPATIAL_POST_MATRIX_COMPUTATION.BIN_HD_DATA._BIN_HD_DATA.PROCESS_SEGMENTATIONS._PROCESS_SEGMENTATIONS.SEGMENT_TO_FEATURE_CELL_MATRIX.PREPROCESS_NUCLEUS_SEGMENTATION_GEOJSON.fork0.chnk22.main
2025-10-21 23:14:36 [runtime] (run:local)       ID.F08548.SPATIAL_RNA_COUNTER_CS.SPATIAL_RNA_COUNTER.SPATIAL_POST_MATRIX_COMPUTATION.BIN_HD_DATA._BIN_HD_DATA.PROCESS_SEGMENTATIONS._PROCESS_SEGMENTATIONS.SEGMENT_TO_FEATURE_CELL_MATRIX.PREPROCESS_NUCLEUS_SEGMENTATION_GEOJSON.fork0.chnk23.main
2025-10-21 23:14:36 [runtime] (run:local)       ID.F08548.SPATIAL_RNA_COUNTER_CS.SPATIAL_RNA_COUNTER.SPATIAL_POST_MATRIX_COMPUTATION.BIN_HD_DATA._BIN_HD_DATA.PROCESS_SEGMENTATIONS._PROCESS_SEGMENTATIONS.SEGMENT_TO_FEATURE_CELL_MATRIX.PREPROCESS_NUCLEUS_SEGMENTATION_GEOJSON.fork0.chnk24.main
2025-10-21 23:14:36 [runtime] (run:local)       ID.F08548.SPATIAL_RNA_COUNTER_CS.SPATIAL_RNA_COUNTER.SPATIAL_POST_MATRIX_COMPUTATION.BIN_HD_DATA._BIN_HD_DATA.PROCESS_SEGMENTATIONS._PROCESS_SEGMENTATIONS.SEGMENT_TO_FEATURE_CELL_MATRIX.PREPROCESS_NUCLEUS_SEGMENTATION_GEOJSON.fork0.chnk25.main
2025-10-21 23:14:36 [runtime] (run:local)       ID.F08548.SPATIAL_RNA_COUNTER_CS.SPATIAL_RNA_COUNTER.SPATIAL_POST_MATRIX_COMPUTATION.BIN_HD_DATA._BIN_HD_DATA.PROCESS_SEGMENTATIONS._PROCESS_SEGMENTATIONS.SEGMENT_TO_FEATURE_CELL_MATRIX.PREPROCESS_NUCLEUS_SEGMENTATION_GEOJSON.fork0.chnk26.main
2025-10-21 23:14:36 [runtime] (run:local)       ID.F08548.SPATIAL_RNA_COUNTER_CS.SPATIAL_RNA_COUNTER.SPATIAL_POST_MATRIX_COMPUTATION.BIN_HD_DATA._BIN_HD_DATA.PROCESS_SEGMENTATIONS._PROCESS_SEGMENTATIONS.SEGMENT_TO_FEATURE_CELL_MATRIX.PREPROCESS_NUCLEUS_SEGMENTATION_GEOJSON.fork0.chnk27.main
2025-10-21 23:14:36 [runtime] (run:local)       ID.F08548.SPATIAL_RNA_COUNTER_CS.SPATIAL_RNA_COUNTER.SPATIAL_POST_MATRIX_COMPUTATION.BIN_HD_DATA._BIN_HD_DATA.PROCESS_SEGMENTATIONS._PROCESS_SEGMENTATIONS.SEGMENT_TO_FEATURE_CELL_MATRIX.PREPROCESS_NUCLEUS_SEGMENTATION_GEOJSON.fork0.chnk28.main
2025-10-21 23:14:36 [runtime] (run:local)       ID.F08548.SPATIAL_RNA_COUNTER_CS.SPATIAL_RNA_COUNTER.SPATIAL_POST_MATRIX_COMPUTATION.BIN_HD_DATA._BIN_HD_DATA.PROCESS_SEGMENTATIONS._PROCESS_SEGMENTATIONS.SEGMENT_TO_FEATURE_CELL_MATRIX.PREPROCESS_NUCLEUS_SEGMENTATION_GEOJSON.fork0.chnk29.main
2025-10-21 23:14:36 [runtime] (run:local)       ID.F08548.SPATIAL_RNA_COUNTER_CS.SPATIAL_RNA_COUNTER.SPATIAL_POST_MATRIX_COMPUTATION.BIN_HD_DATA._BIN_HD_DATA.PROCESS_SEGMENTATIONS._PROCESS_SEGMENTATIONS.SEGMENT_TO_FEATURE_CELL_MATRIX.PREPROCESS_NUCLEUS_SEGMENTATION_GEOJSON.fork0.chnk30.main
2025-10-21 23:14:36 [runtime] (run:local)       ID.F08548.SPATIAL_RNA_COUNTER_CS.SPATIAL_RNA_COUNTER.SPATIAL_POST_MATRIX_COMPUTATION.BIN_HD_DATA._BIN_HD_DATA.PROCESS_SEGMENTATIONS._PROCESS_SEGMENTATIONS.SEGMENT_TO_FEATURE_CELL_MATRIX.PREPROCESS_NUCLEUS_SEGMENTATION_GEOJSON.fork0.chnk31.main
2025-10-21 23:14:36 [runtime] (run:local)       ID.F08548.SPATIAL_RNA_COUNTER_CS.SPATIAL_RNA_COUNTER.SPATIAL_POST_MATRIX_COMPUTATION.BIN_HD_DATA._BIN_HD_DATA.PROCESS_SEGMENTATIONS._PROCESS_SEGMENTATIONS.SEGMENT_TO_FEATURE_CELL_MATRIX.PREPROCESS_NUCLEUS_SEGMENTATION_GEOJSON.fork0.chnk32.main
2025-10-21 23:14:36 [runtime] (run:local)       ID.F08548.SPATIAL_RNA_COUNTER_CS.SPATIAL_RNA_COUNTER.SPATIAL_POST_MATRIX_COMPUTATION.BIN_HD_DATA._BIN_HD_DATA.PROCESS_SEGMENTATIONS._PROCESS_SEGMENTATIONS.SEGMENT_TO_FEATURE_CELL_MATRIX.PREPROCESS_NUCLEUS_SEGMENTATION_GEOJSON.fork0.chnk33.main
2025-10-21 23:14:38 [runtime] (chunks_complete) ID.F08548.SPATIAL_RNA_COUNTER_CS.SPATIAL_RNA_COUNTER.SPATIAL_POST_MATRIX_COMPUTATION.BIN_HD_DATA._BIN_HD_DATA.PICK_INPUTS_FOR_CELLSEG_LOUPE
2025-10-21 23:16:38 [runtime] (chunks_complete) ID.F08548.SPATIAL_RNA_COUNTER_CS.SPATIAL_RNA_COUNTER.SPATIAL_POST_MATRIX_COMPUTATION.BIN_HD_DATA._BIN_HD_DATA.PROCESS_SEGMENTATIONS._PROCESS_SEGMENTATIONS.SEGMENT_TO_FEATURE_CELL_MATRIX.PREPROCESS_NUCLEUS_SEGMENTATION_GEOJSON
2025-10-21 23:16:38 [runtime] (run:local)       ID.F08548.SPATIAL_RNA_COUNTER_CS.SPATIAL_RNA_COUNTER.SPATIAL_POST_MATRIX_COMPUTATION.BIN_HD_DATA._BIN_HD_DATA.PROCESS_SEGMENTATIONS._PROCESS_SEGMENTATIONS.SEGMENT_TO_FEATURE_CELL_MATRIX.PREPROCESS_NUCLEUS_SEGMENTATION_GEOJSON.fork0.join
2025-10-21 23:16:46 [runtime] (join_complete)   ID.F08548.SPATIAL_RNA_COUNTER_CS.SPATIAL_RNA_COUNTER.SPATIAL_POST_MATRIX_COMPUTATION.BIN_HD_DATA._BIN_HD_DATA.PROCESS_SEGMENTATIONS._PROCESS_SEGMENTATIONS.SEGMENT_TO_FEATURE_CELL_MATRIX.PREPROCESS_NUCLEUS_SEGMENTATION_GEOJSON
2025-10-21 23:16:46 [runtime] (ready)           ID.F08548.SPATIAL_RNA_COUNTER_CS.SPATIAL_RNA_COUNTER.SPATIAL_POST_MATRIX_COMPUTATION.BIN_HD_DATA._BIN_HD_DATA.PROCESS_SEGMENTATIONS._PROCESS_SEGMENTATIONS.SEGMENT_TO_FEATURE_CELL_MATRIX.CLEAN_SPOT_MASK
2025-10-21 23:16:46 [runtime] (run:local)       ID.F08548.SPATIAL_RNA_COUNTER_CS.SPATIAL_RNA_COUNTER.SPATIAL_POST_MATRIX_COMPUTATION.BIN_HD_DATA._BIN_HD_DATA.PROCESS_SEGMENTATIONS._PROCESS_SEGMENTATIONS.SEGMENT_TO_FEATURE_CELL_MATRIX.CLEAN_SPOT_MASK.fork0.chnk0.main
2025-10-21 23:16:53 [runtime] (chunks_complete) ID.F08548.SPATIAL_RNA_COUNTER_CS.SPATIAL_RNA_COUNTER.SPATIAL_POST_MATRIX_COMPUTATION.BIN_HD_DATA._BIN_HD_DATA.PROCESS_SEGMENTATIONS._PROCESS_SEGMENTATIONS.SEGMENT_TO_FEATURE_CELL_MATRIX.CLEAN_SPOT_MASK
2025-10-21 23:16:53 [runtime] (ready)           ID.F08548.SPATIAL_RNA_COUNTER_CS.SPATIAL_RNA_COUNTER.SPATIAL_POST_MATRIX_COMPUTATION.BIN_HD_DATA._BIN_HD_DATA.PROCESS_SEGMENTATIONS._PROCESS_SEGMENTATIONS.SEGMENT_TO_FEATURE_CELL_MATRIX.ASSIGN_NUCLEI
2025-10-21 23:16:53 [runtime] (run:local)       ID.F08548.SPATIAL_RNA_COUNTER_CS.SPATIAL_RNA_COUNTER.SPATIAL_POST_MATRIX_COMPUTATION.BIN_HD_DATA._BIN_HD_DATA.PROCESS_SEGMENTATIONS._PROCESS_SEGMENTATIONS.SEGMENT_TO_FEATURE_CELL_MATRIX.ASSIGN_NUCLEI.fork0.chnk0.main
2025-10-21 23:16:53 [runtime] (ready)           ID.F08548.SPATIAL_RNA_COUNTER_CS.SPATIAL_RNA_COUNTER.SPATIAL_POST_MATRIX_COMPUTATION.BIN_HD_DATA._BIN_HD_DATA.PROCESS_SEGMENTATIONS._PROCESS_SEGMENTATIONS.SEGMENT_TO_FEATURE_CELL_MATRIX.DERASTERISE_NUCLEUS_MASK
2025-10-21 23:16:53 [runtime] (run:local)       ID.F08548.SPATIAL_RNA_COUNTER_CS.SPATIAL_RNA_COUNTER.SPATIAL_POST_MATRIX_COMPUTATION.BIN_HD_DATA._BIN_HD_DATA.PROCESS_SEGMENTATIONS._PROCESS_SEGMENTATIONS.SEGMENT_TO_FEATURE_CELL_MATRIX.DERASTERISE_NUCLEUS_MASK.fork0.split
2025-10-21 23:16:55 [runtime] (split_complete)  ID.F08548.SPATIAL_RNA_COUNTER_CS.SPATIAL_RNA_COUNTER.SPATIAL_POST_MATRIX_COMPUTATION.BIN_HD_DATA._BIN_HD_DATA.PROCESS_SEGMENTATIONS._PROCESS_SEGMENTATIONS.SEGMENT_TO_FEATURE_CELL_MATRIX.DERASTERISE_NUCLEUS_MASK
2025-10-21 23:16:55 [runtime] (run:local)       ID.F08548.SPATIAL_RNA_COUNTER_CS.SPATIAL_RNA_COUNTER.SPATIAL_POST_MATRIX_COMPUTATION.BIN_HD_DATA._BIN_HD_DATA.PROCESS_SEGMENTATIONS._PROCESS_SEGMENTATIONS.SEGMENT_TO_FEATURE_CELL_MATRIX.DERASTERISE_NUCLEUS_MASK.fork0.chnk0.main
2025-10-21 23:16:55 [runtime] (run:local)       ID.F08548.SPATIAL_RNA_COUNTER_CS.SPATIAL_RNA_COUNTER.SPATIAL_POST_MATRIX_COMPUTATION.BIN_HD_DATA._BIN_HD_DATA.PROCESS_SEGMENTATIONS._PROCESS_SEGMENTATIONS.SEGMENT_TO_FEATURE_CELL_MATRIX.DERASTERISE_NUCLEUS_MASK.fork0.chnk1.main
2025-10-21 23:16:55 [runtime] (run:local)       ID.F08548.SPATIAL_RNA_COUNTER_CS.SPATIAL_RNA_COUNTER.SPATIAL_POST_MATRIX_COMPUTATION.BIN_HD_DATA._BIN_HD_DATA.PROCESS_SEGMENTATIONS._PROCESS_SEGMENTATIONS.SEGMENT_TO_FEATURE_CELL_MATRIX.DERASTERISE_NUCLEUS_MASK.fork0.chnk2.main
2025-10-21 23:16:55 [runtime] (run:local)       ID.F08548.SPATIAL_RNA_COUNTER_CS.SPATIAL_RNA_COUNTER.SPATIAL_POST_MATRIX_COMPUTATION.BIN_HD_DATA._BIN_HD_DATA.PROCESS_SEGMENTATIONS._PROCESS_SEGMENTATIONS.SEGMENT_TO_FEATURE_CELL_MATRIX.DERASTERISE_NUCLEUS_MASK.fork0.chnk3.main
2025-10-21 23:16:55 [runtime] (run:local)       ID.F08548.SPATIAL_RNA_COUNTER_CS.SPATIAL_RNA_COUNTER.SPATIAL_POST_MATRIX_COMPUTATION.BIN_HD_DATA._BIN_HD_DATA.PROCESS_SEGMENTATIONS._PROCESS_SEGMENTATIONS.SEGMENT_TO_FEATURE_CELL_MATRIX.DERASTERISE_NUCLEUS_MASK.fork0.chnk4.main
2025-10-21 23:17:01 [runtime] (chunks_complete) ID.F08548.SPATIAL_RNA_COUNTER_CS.SPATIAL_RNA_COUNTER.SPATIAL_POST_MATRIX_COMPUTATION.BIN_HD_DATA._BIN_HD_DATA.PROCESS_SEGMENTATIONS._PROCESS_SEGMENTATIONS.SEGMENT_TO_FEATURE_CELL_MATRIX.ASSIGN_NUCLEI
2025-10-21 23:17:01 [runtime] (ready)           ID.F08548.SPATIAL_RNA_COUNTER_CS.SPATIAL_RNA_COUNTER.SPATIAL_POST_MATRIX_COMPUTATION.BIN_HD_DATA._BIN_HD_DATA.PROCESS_SEGMENTATIONS._PROCESS_SEGMENTATIONS.SEGMENT_TO_FEATURE_CELL_MATRIX.SEGMENT_COUNT_SHARDS.BIN_SPOTS_TO_CELLS
2025-10-21 23:17:01 [runtime] (run:local)       ID.F08548.SPATIAL_RNA_COUNTER_CS.SPATIAL_RNA_COUNTER.SPATIAL_POST_MATRIX_COMPUTATION.BIN_HD_DATA._BIN_HD_DATA.PROCESS_SEGMENTATIONS._PROCESS_SEGMENTATIONS.SEGMENT_TO_FEATURE_CELL_MATRIX.SEGMENT_COUNT_SHARDS.BIN_SPOTS_TO_CELLS.fork0.chnk0.main
2025-10-21 23:17:01 [runtime] (ready)           ID.F08548.SPATIAL_RNA_COUNTER_CS.SPATIAL_RNA_COUNTER.SPATIAL_POST_MATRIX_COMPUTATION.BIN_HD_DATA._BIN_HD_DATA.PROCESS_SEGMENTATIONS._PROCESS_SEGMENTATIONS.SEGMENT_TO_FEATURE_CELL_MATRIX.DERASTERISE_MASK
2025-10-21 23:17:01 [runtime] (run:local)       ID.F08548.SPATIAL_RNA_COUNTER_CS.SPATIAL_RNA_COUNTER.SPATIAL_POST_MATRIX_COMPUTATION.BIN_HD_DATA._BIN_HD_DATA.PROCESS_SEGMENTATIONS._PROCESS_SEGMENTATIONS.SEGMENT_TO_FEATURE_CELL_MATRIX.DERASTERISE_MASK.fork0.split
2025-10-21 23:17:03 [runtime] (split_complete)  ID.F08548.SPATIAL_RNA_COUNTER_CS.SPATIAL_RNA_COUNTER.SPATIAL_POST_MATRIX_COMPUTATION.BIN_HD_DATA._BIN_HD_DATA.PROCESS_SEGMENTATIONS._PROCESS_SEGMENTATIONS.SEGMENT_TO_FEATURE_CELL_MATRIX.DERASTERISE_MASK
2025-10-21 23:17:03 [runtime] (run:local)       ID.F08548.SPATIAL_RNA_COUNTER_CS.SPATIAL_RNA_COUNTER.SPATIAL_POST_MATRIX_COMPUTATION.BIN_HD_DATA._BIN_HD_DATA.PROCESS_SEGMENTATIONS._PROCESS_SEGMENTATIONS.SEGMENT_TO_FEATURE_CELL_MATRIX.DERASTERISE_MASK.fork0.chnk0.main
2025-10-21 23:17:03 [runtime] (run:local)       ID.F08548.SPATIAL_RNA_COUNTER_CS.SPATIAL_RNA_COUNTER.SPATIAL_POST_MATRIX_COMPUTATION.BIN_HD_DATA._BIN_HD_DATA.PROCESS_SEGMENTATIONS._PROCESS_SEGMENTATIONS.SEGMENT_TO_FEATURE_CELL_MATRIX.DERASTERISE_MASK.fork0.chnk1.main
2025-10-21 23:17:03 [runtime] (run:local)       ID.F08548.SPATIAL_RNA_COUNTER_CS.SPATIAL_RNA_COUNTER.SPATIAL_POST_MATRIX_COMPUTATION.BIN_HD_DATA._BIN_HD_DATA.PROCESS_SEGMENTATIONS._PROCESS_SEGMENTATIONS.SEGMENT_TO_FEATURE_CELL_MATRIX.DERASTERISE_MASK.fork0.chnk2.main
2025-10-21 23:17:04 [runtime] (run:local)       ID.F08548.SPATIAL_RNA_COUNTER_CS.SPATIAL_RNA_COUNTER.SPATIAL_POST_MATRIX_COMPUTATION.BIN_HD_DATA._BIN_HD_DATA.PROCESS_SEGMENTATIONS._PROCESS_SEGMENTATIONS.SEGMENT_TO_FEATURE_CELL_MATRIX.DERASTERISE_MASK.fork0.chnk3.main
2025-10-21 23:17:04 [runtime] (run:local)       ID.F08548.SPATIAL_RNA_COUNTER_CS.SPATIAL_RNA_COUNTER.SPATIAL_POST_MATRIX_COMPUTATION.BIN_HD_DATA._BIN_HD_DATA.PROCESS_SEGMENTATIONS._PROCESS_SEGMENTATIONS.SEGMENT_TO_FEATURE_CELL_MATRIX.DERASTERISE_MASK.fork0.chnk4.main
2025-10-21 23:17:08 [runtime] (chunks_complete) ID.F08548.SPATIAL_RNA_COUNTER_CS.SPATIAL_RNA_COUNTER.SPATIAL_POST_MATRIX_COMPUTATION.BIN_HD_DATA._BIN_HD_DATA.PROCESS_SEGMENTATIONS._PROCESS_SEGMENTATIONS.SEGMENT_TO_FEATURE_CELL_MATRIX.SEGMENT_COUNT_SHARDS.BIN_SPOTS_TO_CELLS
2025-10-21 23:17:09 [runtime] (ready)           ID.F08548.SPATIAL_RNA_COUNTER_CS.SPATIAL_RNA_COUNTER.SPATIAL_POST_MATRIX_COMPUTATION.BIN_HD_DATA._BIN_HD_DATA.PROCESS_SEGMENTATIONS.ADD_SEGMENTATION_MASKS_TO_FEATURE_SLICE
2025-10-21 23:17:09 [runtime] (run:local)       ID.F08548.SPATIAL_RNA_COUNTER_CS.SPATIAL_RNA_COUNTER.SPATIAL_POST_MATRIX_COMPUTATION.BIN_HD_DATA._BIN_HD_DATA.PROCESS_SEGMENTATIONS.ADD_SEGMENTATION_MASKS_TO_FEATURE_SLICE.fork0.chnk0.main
2025-10-21 23:17:09 [runtime] (ready)           ID.F08548.SPATIAL_RNA_COUNTER_CS.SPATIAL_RNA_COUNTER.SPATIAL_POST_MATRIX_COMPUTATION.BIN_HD_DATA._BIN_HD_DATA.PROCESS_SEGMENTATIONS.SETUP_WRITING_SPATIAL_DIRECTORY
2025-10-21 23:17:09 [runtime] (run:local)       ID.F08548.SPATIAL_RNA_COUNTER_CS.SPATIAL_RNA_COUNTER.SPATIAL_POST_MATRIX_COMPUTATION.BIN_HD_DATA._BIN_HD_DATA.PROCESS_SEGMENTATIONS.SETUP_WRITING_SPATIAL_DIRECTORY.fork0.chnk0.main
2025-10-21 23:17:09 [runtime] (ready)           ID.F08548.SPATIAL_RNA_COUNTER_CS.SPATIAL_RNA_COUNTER.SPATIAL_POST_MATRIX_COMPUTATION.BIN_HD_DATA._BIN_HD_DATA.PROCESS_SEGMENTATIONS._PROCESS_SEGMENTATIONS.SEGMENT_TO_FEATURE_CELL_MATRIX.SEGMENT_COUNT_SHARDS.WRITE_BINNED_H5_MATRIX
2025-10-21 23:17:09 [runtime] (run:local)       ID.F08548.SPATIAL_RNA_COUNTER_CS.SPATIAL_RNA_COUNTER.SPATIAL_POST_MATRIX_COMPUTATION.BIN_HD_DATA._BIN_HD_DATA.PROCESS_SEGMENTATIONS._PROCESS_SEGMENTATIONS.SEGMENT_TO_FEATURE_CELL_MATRIX.SEGMENT_COUNT_SHARDS.WRITE_BINNED_H5_MATRIX.fork0.chnk0.main
2025-10-21 23:17:09 [runtime] (ready)           ID.F08548.SPATIAL_RNA_COUNTER_CS.SPATIAL_RNA_COUNTER.SPATIAL_POST_MATRIX_COMPUTATION.BIN_HD_DATA._BIN_HD_DATA.PROCESS_SEGMENTATIONS._PROCESS_SEGMENTATIONS.CONSOLIDATE_DISABLE_CELL_SEGMENTATION
2025-10-21 23:17:09 [runtime] (run:local)       ID.F08548.SPATIAL_RNA_COUNTER_CS.SPATIAL_RNA_COUNTER.SPATIAL_POST_MATRIX_COMPUTATION.BIN_HD_DATA._BIN_HD_DATA.PROCESS_SEGMENTATIONS._PROCESS_SEGMENTATIONS.CONSOLIDATE_DISABLE_CELL_SEGMENTATION.fork0.chnk0.main
2025-10-21 23:20:56 [runtime] (chunks_complete) ID.F08548.SPATIAL_RNA_COUNTER_CS.SPATIAL_RNA_COUNTER.SPATIAL_POST_MATRIX_COMPUTATION.BIN_HD_DATA._BIN_HD_DATA.PROCESS_SEGMENTATIONS.SETUP_WRITING_SPATIAL_DIRECTORY
2025-10-21 23:20:56 [runtime] (chunks_complete) ID.F08548.SPATIAL_RNA_COUNTER_CS.SPATIAL_RNA_COUNTER.SPATIAL_POST_MATRIX_COMPUTATION.BIN_HD_DATA._BIN_HD_DATA.PROCESS_SEGMENTATIONS._PROCESS_SEGMENTATIONS.CONSOLIDATE_DISABLE_CELL_SEGMENTATION
2025-10-21 23:20:56 [runtime] (ready)           ID.F08548.SPATIAL_RNA_COUNTER_CS.SPATIAL_RNA_COUNTER.SPATIAL_POST_MATRIX_COMPUTATION.BIN_HD_DATA.CONSOLIDATE_DISABLE_CELL_SEGMENTATION
2025-10-21 23:20:56 [runtime] (run:local)       ID.F08548.SPATIAL_RNA_COUNTER_CS.SPATIAL_RNA_COUNTER.SPATIAL_POST_MATRIX_COMPUTATION.BIN_HD_DATA.CONSOLIDATE_DISABLE_CELL_SEGMENTATION.fork0.chnk0.main
2025-10-21 23:20:57 [runtime] (chunks_complete) ID.F08548.SPATIAL_RNA_COUNTER_CS.SPATIAL_RNA_COUNTER.SPATIAL_POST_MATRIX_COMPUTATION.BIN_HD_DATA.CONSOLIDATE_DISABLE_CELL_SEGMENTATION
2025-10-21 23:21:01 [runtime] (chunks_complete) ID.F08548.SPATIAL_RNA_COUNTER_CS.SPATIAL_RNA_COUNTER.SPATIAL_POST_MATRIX_COMPUTATION.BIN_HD_DATA._BIN_HD_DATA.PROCESS_SEGMENTATIONS._PROCESS_SEGMENTATIONS.SEGMENT_TO_FEATURE_CELL_MATRIX.SEGMENT_COUNT_SHARDS.WRITE_BINNED_H5_MATRIX
2025-10-21 23:21:01 [runtime] (ready)           ID.F08548.SPATIAL_RNA_COUNTER_CS.SPATIAL_RNA_COUNTER.SPATIAL_POST_MATRIX_COMPUTATION.BIN_HD_DATA._BIN_HD_DATA.PROCESS_SEGMENTATIONS._PROCESS_SEGMENTATIONS.SEGMENT_TO_FEATURE_CELL_MATRIX.SEGMENT_COUNT_SHARDS.WRITE_BINNED_MATRICES
2025-10-21 23:21:01 [runtime] (run:local)       ID.F08548.SPATIAL_RNA_COUNTER_CS.SPATIAL_RNA_COUNTER.SPATIAL_POST_MATRIX_COMPUTATION.BIN_HD_DATA._BIN_HD_DATA.PROCESS_SEGMENTATIONS._PROCESS_SEGMENTATIONS.SEGMENT_TO_FEATURE_CELL_MATRIX.SEGMENT_COUNT_SHARDS.WRITE_BINNED_MATRICES.fork0.split
2025-10-21 23:21:03 [runtime] (split_complete)  ID.F08548.SPATIAL_RNA_COUNTER_CS.SPATIAL_RNA_COUNTER.SPATIAL_POST_MATRIX_COMPUTATION.BIN_HD_DATA._BIN_HD_DATA.PROCESS_SEGMENTATIONS._PROCESS_SEGMENTATIONS.SEGMENT_TO_FEATURE_CELL_MATRIX.SEGMENT_COUNT_SHARDS.WRITE_BINNED_MATRICES
2025-10-21 23:21:03 [runtime] (run:local)       ID.F08548.SPATIAL_RNA_COUNTER_CS.SPATIAL_RNA_COUNTER.SPATIAL_POST_MATRIX_COMPUTATION.BIN_HD_DATA._BIN_HD_DATA.PROCESS_SEGMENTATIONS._PROCESS_SEGMENTATIONS.SEGMENT_TO_FEATURE_CELL_MATRIX.SEGMENT_COUNT_SHARDS.WRITE_BINNED_MATRICES.fork0.join
2025-10-21 23:21:12 [runtime] (chunks_complete) ID.F08548.SPATIAL_RNA_COUNTER_CS.SPATIAL_RNA_COUNTER.SPATIAL_POST_MATRIX_COMPUTATION.BIN_HD_DATA._BIN_HD_DATA.PROCESS_SEGMENTATIONS.ADD_SEGMENTATION_MASKS_TO_FEATURE_SLICE
2025-10-21 23:21:13 [runtime] (ready)           ID.F08548.SPATIAL_RNA_COUNTER_CS.SPATIAL_RNA_COUNTER.SPATIAL_POST_MATRIX_COMPUTATION.HD_WEBSUMMARY_BUILDER.BUILD_HD_CLUSTERING_PLOT
2025-10-21 23:21:13 [runtime] (run:local)       ID.F08548.SPATIAL_RNA_COUNTER_CS.SPATIAL_RNA_COUNTER.SPATIAL_POST_MATRIX_COMPUTATION.HD_WEBSUMMARY_BUILDER.BUILD_HD_CLUSTERING_PLOT.fork0.chnk0.main
2025-10-21 23:21:13 [runtime] (ready)           ID.F08548.SPATIAL_RNA_COUNTER_CS.SPATIAL_RNA_COUNTER.SPATIAL_POST_MATRIX_COMPUTATION.BIN_HD_DATA._BIN_HD_DATA.OUTPUT_BARCODE_MAPPINGS
2025-10-21 23:21:13 [runtime] (run:local)       ID.F08548.SPATIAL_RNA_COUNTER_CS.SPATIAL_RNA_COUNTER.SPATIAL_POST_MATRIX_COMPUTATION.BIN_HD_DATA._BIN_HD_DATA.OUTPUT_BARCODE_MAPPINGS.fork0.chnk0.main
2025-10-21 23:21:13 [runtime] (ready)           ID.F08548.SPATIAL_RNA_COUNTER_CS.SPATIAL_RNA_COUNTER.SPATIAL_POST_MATRIX_COMPUTATION.HD_WEBSUMMARY_BUILDER.BUILD_HD_END_TO_END_ALIGNMENT_INPUTS
2025-10-21 23:21:13 [runtime] (run:local)       ID.F08548.SPATIAL_RNA_COUNTER_CS.SPATIAL_RNA_COUNTER.SPATIAL_POST_MATRIX_COMPUTATION.HD_WEBSUMMARY_BUILDER.BUILD_HD_END_TO_END_ALIGNMENT_INPUTS.fork0.chnk0.main
2025-10-21 23:21:13 [runtime] (ready)           ID.F08548.SPATIAL_RNA_COUNTER_CS.SPATIAL_RNA_COUNTER.SPATIAL_POST_MATRIX_COMPUTATION.BIN_HD_DATA._BIN_HD_DATA.PROCESS_SEGMENTATIONS.GENERATE_LOUPE_SEGMENTATION_PRIMITIVES
2025-10-21 23:21:13 [runtime] (run:local)       ID.F08548.SPATIAL_RNA_COUNTER_CS.SPATIAL_RNA_COUNTER.SPATIAL_POST_MATRIX_COMPUTATION.BIN_HD_DATA._BIN_HD_DATA.PROCESS_SEGMENTATIONS.GENERATE_LOUPE_SEGMENTATION_PRIMITIVES.fork0.chnk0.main
2025-10-21 23:21:15 [runtime] (join_complete)   ID.F08548.SPATIAL_RNA_COUNTER_CS.SPATIAL_RNA_COUNTER.SPATIAL_POST_MATRIX_COMPUTATION.BIN_HD_DATA._BIN_HD_DATA.PROCESS_SEGMENTATIONS._PROCESS_SEGMENTATIONS.SEGMENT_TO_FEATURE_CELL_MATRIX.SEGMENT_COUNT_SHARDS.WRITE_BINNED_MATRICES
2025-10-21 23:21:15 [runtime] (ready)           ID.F08548.SPATIAL_RNA_COUNTER_CS.SPATIAL_RNA_COUNTER.SPATIAL_POST_MATRIX_COMPUTATION.BIN_HD_DATA._BIN_HD_DATA.PROCESS_SEGMENTATIONS._PROCESS_SEGMENTATIONS.SPATIAL_CELL_RNA_ANALYZER.ANALYZER_PREFLIGHT
2025-10-21 23:21:15 [runtime] (run:local)       ID.F08548.SPATIAL_RNA_COUNTER_CS.SPATIAL_RNA_COUNTER.SPATIAL_POST_MATRIX_COMPUTATION.BIN_HD_DATA._BIN_HD_DATA.PROCESS_SEGMENTATIONS._PROCESS_SEGMENTATIONS.SPATIAL_CELL_RNA_ANALYZER.ANALYZER_PREFLIGHT.fork0.chnk0.main
2025-10-21 23:21:15 [runtime] (ready)           ID.F08548.SPATIAL_RNA_COUNTER_CS.SPATIAL_RNA_COUNTER.SPATIAL_POST_MATRIX_COMPUTATION.BIN_HD_DATA._BIN_HD_DATA.COMPUTE_SEGMENTATION_METRICS
2025-10-21 23:21:15 [runtime] (run:local)       ID.F08548.SPATIAL_RNA_COUNTER_CS.SPATIAL_RNA_COUNTER.SPATIAL_POST_MATRIX_COMPUTATION.BIN_HD_DATA._BIN_HD_DATA.COMPUTE_SEGMENTATION_METRICS.fork0.split
2025-10-21 23:21:16 [runtime] (chunks_complete) ID.F08548.SPATIAL_RNA_COUNTER_CS.SPATIAL_RNA_COUNTER.SPATIAL_POST_MATRIX_COMPUTATION.BIN_HD_DATA._BIN_HD_DATA.PROCESS_SEGMENTATIONS._PROCESS_SEGMENTATIONS.SPATIAL_CELL_RNA_ANALYZER.ANALYZER_PREFLIGHT
2025-10-21 23:21:16 [runtime] (ready)           ID.F08548.SPATIAL_RNA_COUNTER_CS.SPATIAL_RNA_COUNTER.SPATIAL_POST_MATRIX_COMPUTATION.BIN_HD_DATA._BIN_HD_DATA.PROCESS_SEGMENTATIONS._PROCESS_SEGMENTATIONS.SPATIAL_CELL_RNA_ANALYZER.PREPROCESS_MATRIX
2025-10-21 23:21:16 [runtime] (run:local)       ID.F08548.SPATIAL_RNA_COUNTER_CS.SPATIAL_RNA_COUNTER.SPATIAL_POST_MATRIX_COMPUTATION.BIN_HD_DATA._BIN_HD_DATA.PROCESS_SEGMENTATIONS._PROCESS_SEGMENTATIONS.SPATIAL_CELL_RNA_ANALYZER.PREPROCESS_MATRIX.fork0.split
2025-10-21 23:21:18 [runtime] (split_complete)  ID.F08548.SPATIAL_RNA_COUNTER_CS.SPATIAL_RNA_COUNTER.SPATIAL_POST_MATRIX_COMPUTATION.BIN_HD_DATA._BIN_HD_DATA.COMPUTE_SEGMENTATION_METRICS
2025-10-21 23:21:18 [runtime] (run:local)       ID.F08548.SPATIAL_RNA_COUNTER_CS.SPATIAL_RNA_COUNTER.SPATIAL_POST_MATRIX_COMPUTATION.BIN_HD_DATA._BIN_HD_DATA.COMPUTE_SEGMENTATION_METRICS.fork0.join
2025-10-21 23:21:21 [runtime] (split_complete)  ID.F08548.SPATIAL_RNA_COUNTER_CS.SPATIAL_RNA_COUNTER.SPATIAL_POST_MATRIX_COMPUTATION.BIN_HD_DATA._BIN_HD_DATA.PROCESS_SEGMENTATIONS._PROCESS_SEGMENTATIONS.SPATIAL_CELL_RNA_ANALYZER.PREPROCESS_MATRIX
2025-10-21 23:21:21 [runtime] (run:local)       ID.F08548.SPATIAL_RNA_COUNTER_CS.SPATIAL_RNA_COUNTER.SPATIAL_POST_MATRIX_COMPUTATION.BIN_HD_DATA._BIN_HD_DATA.PROCESS_SEGMENTATIONS._PROCESS_SEGMENTATIONS.SPATIAL_CELL_RNA_ANALYZER.PREPROCESS_MATRIX.fork0.join
2025-10-21 23:21:24 [runtime] (chunks_complete) ID.F08548.SPATIAL_RNA_COUNTER_CS.SPATIAL_RNA_COUNTER.SPATIAL_POST_MATRIX_COMPUTATION.HD_WEBSUMMARY_BUILDER.BUILD_HD_CLUSTERING_PLOT
2025-10-21 23:21:24 [runtime] (chunks_complete) ID.F08548.SPATIAL_RNA_COUNTER_CS.SPATIAL_RNA_COUNTER.SPATIAL_POST_MATRIX_COMPUTATION.BIN_HD_DATA._BIN_HD_DATA.PROCESS_SEGMENTATIONS.GENERATE_LOUPE_SEGMENTATION_PRIMITIVES
2025-10-21 23:21:29 [runtime] (join_complete)   ID.F08548.SPATIAL_RNA_COUNTER_CS.SPATIAL_RNA_COUNTER.SPATIAL_POST_MATRIX_COMPUTATION.BIN_HD_DATA._BIN_HD_DATA.PROCESS_SEGMENTATIONS._PROCESS_SEGMENTATIONS.SPATIAL_CELL_RNA_ANALYZER.PREPROCESS_MATRIX
2025-10-21 23:21:29 [runtime] (ready)           ID.F08548.SPATIAL_RNA_COUNTER_CS.SPATIAL_RNA_COUNTER.SPATIAL_POST_MATRIX_COMPUTATION.BIN_HD_DATA._BIN_HD_DATA.PROCESS_SEGMENTATIONS._PROCESS_SEGMENTATIONS.SPATIAL_CELL_RNA_ANALYZER._ANTIBODY_ANALYZER.CALL_ANTIBODIES
2025-10-21 23:21:29 [runtime] (ready)           ID.F08548.SPATIAL_RNA_COUNTER_CS.SPATIAL_RNA_COUNTER.SPATIAL_POST_MATRIX_COMPUTATION.BIN_HD_DATA._BIN_HD_DATA.PROCESS_SEGMENTATIONS._PROCESS_SEGMENTATIONS.SPATIAL_CELL_RNA_ANALYZER._ANTIGEN_ANALYZER.SUMMARIZE_ANTIBODY_ANALYSIS
2025-10-21 23:21:29 [runtime] (ready)           ID.F08548.SPATIAL_RNA_COUNTER_CS.SPATIAL_RNA_COUNTER.SPATIAL_POST_MATRIX_COMPUTATION.BIN_HD_DATA._BIN_HD_DATA.PROCESS_SEGMENTATIONS._PROCESS_SEGMENTATIONS.SPATIAL_CELL_RNA_ANALYZER._ANTIBODY_ANALYZER.SUMMARIZE_ANTIBODY_ANALYSIS
2025-10-21 23:21:29 [runtime] (ready)           ID.F08548.SPATIAL_RNA_COUNTER_CS.SPATIAL_RNA_COUNTER.SPATIAL_POST_MATRIX_COMPUTATION.BIN_HD_DATA._BIN_HD_DATA.PROCESS_SEGMENTATIONS._PROCESS_SEGMENTATIONS.SPATIAL_CELL_RNA_ANALYZER.RUN_BATCH_CORRECTION_PCA.PCA_PREP
2025-10-21 23:21:29 [runtime] (ready)           ID.F08548.SPATIAL_RNA_COUNTER_CS.SPATIAL_RNA_COUNTER.SPATIAL_POST_MATRIX_COMPUTATION.BIN_HD_DATA._BIN_HD_DATA.PROCESS_SEGMENTATIONS._PROCESS_SEGMENTATIONS.SPATIAL_CELL_RNA_ANALYZER._ANTIGEN_ANALYZER.CALL_ANTIBODIES
2025-10-21 23:21:29 [runtime] (ready)           ID.F08548.SPATIAL_RNA_COUNTER_CS.SPATIAL_RNA_COUNTER.SPATIAL_POST_MATRIX_COMPUTATION.BIN_HD_DATA._BIN_HD_DATA.PROCESS_SEGMENTATIONS._PROCESS_SEGMENTATIONS.SPATIAL_CELL_RNA_ANALYZER.RUN_MULTIGENOME_ANALYSIS
2025-10-21 23:21:29 [runtime] (ready)           ID.F08548.SPATIAL_RNA_COUNTER_CS.SPATIAL_RNA_COUNTER.SPATIAL_POST_MATRIX_COMPUTATION.BIN_HD_DATA._BIN_HD_DATA.PROCESS_SEGMENTATIONS._PROCESS_SEGMENTATIONS.SPATIAL_CELL_RNA_ANALYZER.RUN_BATCH_CORRECTION_PCA.RUN_PCA2
2025-10-21 23:21:29 [runtime] (ready)           ID.F08548.SPATIAL_RNA_COUNTER_CS.SPATIAL_RNA_COUNTER.SPATIAL_POST_MATRIX_COMPUTATION.BIN_HD_DATA._BIN_HD_DATA.PROCESS_SEGMENTATIONS._PROCESS_SEGMENTATIONS.SPATIAL_CELL_RNA_ANALYZER.RUN_BATCH_CORRECTION_PCA.POST_PCA
2025-10-21 23:21:29 [runtime] (ready)           ID.F08548.SPATIAL_RNA_COUNTER_CS.SPATIAL_RNA_COUNTER.SPATIAL_POST_MATRIX_COMPUTATION.BIN_HD_DATA._BIN_HD_DATA.PROCESS_SEGMENTATIONS._PROCESS_SEGMENTATIONS.SPATIAL_CELL_RNA_ANALYZER.CORRECT_CHEMISTRY_BATCH
2025-10-21 23:21:29 [runtime] (ready)           ID.F08548.SPATIAL_RNA_COUNTER_CS.SPATIAL_RNA_COUNTER.SPATIAL_POST_MATRIX_COMPUTATION.BIN_HD_DATA._BIN_HD_DATA.PROCESS_SEGMENTATIONS._PROCESS_SEGMENTATIONS.SPATIAL_CELL_RNA_ANALYZER.RUN_PCA
2025-10-21 23:21:29 [runtime] (run:local)       ID.F08548.SPATIAL_RNA_COUNTER_CS.SPATIAL_RNA_COUNTER.SPATIAL_POST_MATRIX_COMPUTATION.BIN_HD_DATA._BIN_HD_DATA.PROCESS_SEGMENTATIONS._PROCESS_SEGMENTATIONS.SPATIAL_CELL_RNA_ANALYZER.RUN_PCA.fork0.split
2025-10-21 23:21:29 [runtime] (split_complete)  ID.F08548.SPATIAL_RNA_COUNTER_CS.SPATIAL_RNA_COUNTER.SPATIAL_POST_MATRIX_COMPUTATION.BIN_HD_DATA._BIN_HD_DATA.PROCESS_SEGMENTATIONS._PROCESS_SEGMENTATIONS.SPATIAL_CELL_RNA_ANALYZER.RUN_PCA
2025-10-21 23:21:29 [runtime] (run:local)       ID.F08548.SPATIAL_RNA_COUNTER_CS.SPATIAL_RNA_COUNTER.SPATIAL_POST_MATRIX_COMPUTATION.BIN_HD_DATA._BIN_HD_DATA.PROCESS_SEGMENTATIONS._PROCESS_SEGMENTATIONS.SPATIAL_CELL_RNA_ANALYZER.RUN_PCA.fork0.chnk0.main
2025-10-21 23:21:37 [runtime] (chunks_complete) ID.F08548.SPATIAL_RNA_COUNTER_CS.SPATIAL_RNA_COUNTER.SPATIAL_POST_MATRIX_COMPUTATION.BIN_HD_DATA._BIN_HD_DATA.PROCESS_SEGMENTATIONS._PROCESS_SEGMENTATIONS.SPATIAL_CELL_RNA_ANALYZER.RUN_PCA
2025-10-21 23:21:37 [runtime] (run:local)       ID.F08548.SPATIAL_RNA_COUNTER_CS.SPATIAL_RNA_COUNTER.SPATIAL_POST_MATRIX_COMPUTATION.BIN_HD_DATA._BIN_HD_DATA.PROCESS_SEGMENTATIONS._PROCESS_SEGMENTATIONS.SPATIAL_CELL_RNA_ANALYZER.RUN_PCA.fork0.join
2025-10-21 23:21:37 [runtime] (join_complete)   ID.F08548.SPATIAL_RNA_COUNTER_CS.SPATIAL_RNA_COUNTER.SPATIAL_POST_MATRIX_COMPUTATION.BIN_HD_DATA._BIN_HD_DATA.PROCESS_SEGMENTATIONS._PROCESS_SEGMENTATIONS.SPATIAL_CELL_RNA_ANALYZER.RUN_PCA
2025-10-21 23:21:37 [runtime] (ready)           ID.F08548.SPATIAL_RNA_COUNTER_CS.SPATIAL_RNA_COUNTER.SPATIAL_POST_MATRIX_COMPUTATION.BIN_HD_DATA._BIN_HD_DATA.PROCESS_SEGMENTATIONS._PROCESS_SEGMENTATIONS.SPATIAL_CELL_RNA_ANALYZER.RUN_GRAPH_CLUSTERING
2025-10-21 23:21:37 [runtime] (run:local)       ID.F08548.SPATIAL_RNA_COUNTER_CS.SPATIAL_RNA_COUNTER.SPATIAL_POST_MATRIX_COMPUTATION.BIN_HD_DATA._BIN_HD_DATA.PROCESS_SEGMENTATIONS._PROCESS_SEGMENTATIONS.SPATIAL_CELL_RNA_ANALYZER.RUN_GRAPH_CLUSTERING.fork0.split
2025-10-21 23:21:37 [runtime] (ready)           ID.F08548.SPATIAL_RNA_COUNTER_CS.SPATIAL_RNA_COUNTER.SPATIAL_POST_MATRIX_COMPUTATION.BIN_HD_DATA._BIN_HD_DATA.PROCESS_SEGMENTATIONS._PROCESS_SEGMENTATIONS.SPATIAL_CELL_RNA_ANALYZER.RUN_KMEANS
2025-10-21 23:21:37 [runtime] (run:local)       ID.F08548.SPATIAL_RNA_COUNTER_CS.SPATIAL_RNA_COUNTER.SPATIAL_POST_MATRIX_COMPUTATION.BIN_HD_DATA._BIN_HD_DATA.PROCESS_SEGMENTATIONS._PROCESS_SEGMENTATIONS.SPATIAL_CELL_RNA_ANALYZER.RUN_KMEANS.fork0.split
2025-10-21 23:21:37 [runtime] (ready)           ID.F08548.SPATIAL_RNA_COUNTER_CS.SPATIAL_RNA_COUNTER.SPATIAL_POST_MATRIX_COMPUTATION.BIN_HD_DATA._BIN_HD_DATA.PROCESS_SEGMENTATIONS._PROCESS_SEGMENTATIONS.SPATIAL_CELL_RNA_ANALYZER.RUN_TSNE
2025-10-21 23:21:37 [runtime] (ready)           ID.F08548.SPATIAL_RNA_COUNTER_CS.SPATIAL_RNA_COUNTER.SPATIAL_POST_MATRIX_COMPUTATION.BIN_HD_DATA._BIN_HD_DATA.PROCESS_SEGMENTATIONS._PROCESS_SEGMENTATIONS.SPATIAL_CELL_RNA_ANALYZER.RUN_UMAP
2025-10-21 23:21:37 [runtime] (run:local)       ID.F08548.SPATIAL_RNA_COUNTER_CS.SPATIAL_RNA_COUNTER.SPATIAL_POST_MATRIX_COMPUTATION.BIN_HD_DATA._BIN_HD_DATA.PROCESS_SEGMENTATIONS._PROCESS_SEGMENTATIONS.SPATIAL_CELL_RNA_ANALYZER.RUN_UMAP.fork0.split
2025-10-21 23:21:38 [runtime] (split_complete)  ID.F08548.SPATIAL_RNA_COUNTER_CS.SPATIAL_RNA_COUNTER.SPATIAL_POST_MATRIX_COMPUTATION.BIN_HD_DATA._BIN_HD_DATA.PROCESS_SEGMENTATIONS._PROCESS_SEGMENTATIONS.SPATIAL_CELL_RNA_ANALYZER.RUN_GRAPH_CLUSTERING
2025-10-21 23:21:38 [runtime] (run:local)       ID.F08548.SPATIAL_RNA_COUNTER_CS.SPATIAL_RNA_COUNTER.SPATIAL_POST_MATRIX_COMPUTATION.BIN_HD_DATA._BIN_HD_DATA.PROCESS_SEGMENTATIONS._PROCESS_SEGMENTATIONS.SPATIAL_CELL_RNA_ANALYZER.RUN_GRAPH_CLUSTERING.fork0.chnk0.main
2025-10-21 23:21:38 [runtime] (split_complete)  ID.F08548.SPATIAL_RNA_COUNTER_CS.SPATIAL_RNA_COUNTER.SPATIAL_POST_MATRIX_COMPUTATION.BIN_HD_DATA._BIN_HD_DATA.PROCESS_SEGMENTATIONS._PROCESS_SEGMENTATIONS.SPATIAL_CELL_RNA_ANALYZER.RUN_UMAP
2025-10-21 23:21:38 [runtime] (run:local)       ID.F08548.SPATIAL_RNA_COUNTER_CS.SPATIAL_RNA_COUNTER.SPATIAL_POST_MATRIX_COMPUTATION.BIN_HD_DATA._BIN_HD_DATA.PROCESS_SEGMENTATIONS._PROCESS_SEGMENTATIONS.SPATIAL_CELL_RNA_ANALYZER.RUN_UMAP.fork0.chnk0.main
2025-10-21 23:21:40 [runtime] (split_complete)  ID.F08548.SPATIAL_RNA_COUNTER_CS.SPATIAL_RNA_COUNTER.SPATIAL_POST_MATRIX_COMPUTATION.BIN_HD_DATA._BIN_HD_DATA.PROCESS_SEGMENTATIONS._PROCESS_SEGMENTATIONS.SPATIAL_CELL_RNA_ANALYZER.RUN_KMEANS
2025-10-21 23:21:40 [runtime] (run:local)       ID.F08548.SPATIAL_RNA_COUNTER_CS.SPATIAL_RNA_COUNTER.SPATIAL_POST_MATRIX_COMPUTATION.BIN_HD_DATA._BIN_HD_DATA.PROCESS_SEGMENTATIONS._PROCESS_SEGMENTATIONS.SPATIAL_CELL_RNA_ANALYZER.RUN_KMEANS.fork0.chnk0.main
2025-10-21 23:21:40 [runtime] (run:local)       ID.F08548.SPATIAL_RNA_COUNTER_CS.SPATIAL_RNA_COUNTER.SPATIAL_POST_MATRIX_COMPUTATION.BIN_HD_DATA._BIN_HD_DATA.PROCESS_SEGMENTATIONS._PROCESS_SEGMENTATIONS.SPATIAL_CELL_RNA_ANALYZER.RUN_KMEANS.fork0.chnk1.main
2025-10-21 23:21:40 [runtime] (run:local)       ID.F08548.SPATIAL_RNA_COUNTER_CS.SPATIAL_RNA_COUNTER.SPATIAL_POST_MATRIX_COMPUTATION.BIN_HD_DATA._BIN_HD_DATA.PROCESS_SEGMENTATIONS._PROCESS_SEGMENTATIONS.SPATIAL_CELL_RNA_ANALYZER.RUN_KMEANS.fork0.chnk2.main
2025-10-21 23:21:40 [runtime] (run:local)       ID.F08548.SPATIAL_RNA_COUNTER_CS.SPATIAL_RNA_COUNTER.SPATIAL_POST_MATRIX_COMPUTATION.BIN_HD_DATA._BIN_HD_DATA.PROCESS_SEGMENTATIONS._PROCESS_SEGMENTATIONS.SPATIAL_CELL_RNA_ANALYZER.RUN_KMEANS.fork0.chnk3.main
2025-10-21 23:21:40 [runtime] (run:local)       ID.F08548.SPATIAL_RNA_COUNTER_CS.SPATIAL_RNA_COUNTER.SPATIAL_POST_MATRIX_COMPUTATION.BIN_HD_DATA._BIN_HD_DATA.PROCESS_SEGMENTATIONS._PROCESS_SEGMENTATIONS.SPATIAL_CELL_RNA_ANALYZER.RUN_KMEANS.fork0.chnk4.main
2025-10-21 23:21:40 [runtime] (run:local)       ID.F08548.SPATIAL_RNA_COUNTER_CS.SPATIAL_RNA_COUNTER.SPATIAL_POST_MATRIX_COMPUTATION.BIN_HD_DATA._BIN_HD_DATA.PROCESS_SEGMENTATIONS._PROCESS_SEGMENTATIONS.SPATIAL_CELL_RNA_ANALYZER.RUN_KMEANS.fork0.chnk5.main
2025-10-21 23:21:40 [runtime] (run:local)       ID.F08548.SPATIAL_RNA_COUNTER_CS.SPATIAL_RNA_COUNTER.SPATIAL_POST_MATRIX_COMPUTATION.BIN_HD_DATA._BIN_HD_DATA.PROCESS_SEGMENTATIONS._PROCESS_SEGMENTATIONS.SPATIAL_CELL_RNA_ANALYZER.RUN_KMEANS.fork0.chnk6.main
2025-10-21 23:21:40 [runtime] (run:local)       ID.F08548.SPATIAL_RNA_COUNTER_CS.SPATIAL_RNA_COUNTER.SPATIAL_POST_MATRIX_COMPUTATION.BIN_HD_DATA._BIN_HD_DATA.PROCESS_SEGMENTATIONS._PROCESS_SEGMENTATIONS.SPATIAL_CELL_RNA_ANALYZER.RUN_KMEANS.fork0.chnk7.main
2025-10-21 23:21:40 [runtime] (run:local)       ID.F08548.SPATIAL_RNA_COUNTER_CS.SPATIAL_RNA_COUNTER.SPATIAL_POST_MATRIX_COMPUTATION.BIN_HD_DATA._BIN_HD_DATA.PROCESS_SEGMENTATIONS._PROCESS_SEGMENTATIONS.SPATIAL_CELL_RNA_ANALYZER.RUN_KMEANS.fork0.chnk8.main
2025-10-21 23:21:47 [runtime] (chunks_complete) ID.F08548.SPATIAL_RNA_COUNTER_CS.SPATIAL_RNA_COUNTER.SPATIAL_POST_MATRIX_COMPUTATION.HD_WEBSUMMARY_BUILDER.BUILD_HD_END_TO_END_ALIGNMENT_INPUTS
2025-10-21 23:21:47 [runtime] (ready)           ID.F08548.SPATIAL_RNA_COUNTER_CS.SPATIAL_RNA_COUNTER.SPATIAL_POST_MATRIX_COMPUTATION.HD_WEBSUMMARY_BUILDER.BUILD_HD_END_TO_END_ALIGNMENT
2025-10-21 23:21:47 [runtime] (run:local)       ID.F08548.SPATIAL_RNA_COUNTER_CS.SPATIAL_RNA_COUNTER.SPATIAL_POST_MATRIX_COMPUTATION.HD_WEBSUMMARY_BUILDER.BUILD_HD_END_TO_END_ALIGNMENT.fork0.chnk0.main
2025-10-21 23:22:10 [runtime] (update)          ID.F08548.SPATIAL_RNA_COUNTER_CS.SPATIAL_RNA_COUNTER.SPATIAL_POST_MATRIX_COMPUTATION.BIN_HD_DATA._BIN_HD_DATA.PROCESS_SEGMENTATIONS._PROCESS_SEGMENTATIONS.SEGMENT_TO_FEATURE_CELL_MATRIX.DERASTERISE_MASK.fork0 chunks running (4/5 completed)
2025-10-21 23:22:36 [runtime] (join_complete)   ID.F08548.SPATIAL_RNA_COUNTER_CS.SPATIAL_RNA_COUNTER.SPATIAL_POST_MATRIX_COMPUTATION.BIN_HD_DATA._BIN_HD_DATA.COMPUTE_SEGMENTATION_METRICS
2025-10-21 23:22:36 [runtime] (ready)           ID.F08548.SPATIAL_RNA_COUNTER_CS.SPATIAL_RNA_COUNTER.SPATIAL_POST_MATRIX_COMPUTATION.MERGE_METRICS
2025-10-21 23:22:36 [runtime] (run:local)       ID.F08548.SPATIAL_RNA_COUNTER_CS.SPATIAL_RNA_COUNTER.SPATIAL_POST_MATRIX_COMPUTATION.MERGE_METRICS.fork0.chnk0.main
2025-10-21 23:22:47 [runtime] (chunks_complete) ID.F08548.SPATIAL_RNA_COUNTER_CS.SPATIAL_RNA_COUNTER.SPATIAL_POST_MATRIX_COMPUTATION.BIN_HD_DATA._BIN_HD_DATA.PROCESS_SEGMENTATIONS._PROCESS_SEGMENTATIONS.SPATIAL_CELL_RNA_ANALYZER.RUN_GRAPH_CLUSTERING
2025-10-21 23:22:48 [runtime] (run:local)       ID.F08548.SPATIAL_RNA_COUNTER_CS.SPATIAL_RNA_COUNTER.SPATIAL_POST_MATRIX_COMPUTATION.BIN_HD_DATA._BIN_HD_DATA.PROCESS_SEGMENTATIONS._PROCESS_SEGMENTATIONS.SPATIAL_CELL_RNA_ANALYZER.RUN_GRAPH_CLUSTERING.fork0.join
2025-10-21 23:22:57 [runtime] (update)          ID.F08548.SPATIAL_RNA_COUNTER_CS.SPATIAL_RNA_COUNTER.SPATIAL_POST_MATRIX_COMPUTATION.BIN_HD_DATA._BIN_HD_DATA.PROCESS_SEGMENTATIONS._PROCESS_SEGMENTATIONS.SEGMENT_TO_FEATURE_CELL_MATRIX.DERASTERISE_NUCLEUS_MASK.fork0 chunks running (4/5 completed)
2025-10-21 23:23:05 [runtime] (chunks_complete) ID.F08548.SPATIAL_RNA_COUNTER_CS.SPATIAL_RNA_COUNTER.SPATIAL_POST_MATRIX_COMPUTATION.BIN_HD_DATA._BIN_HD_DATA.OUTPUT_BARCODE_MAPPINGS
2025-10-21 23:23:37 [runtime] (chunks_complete) ID.F08548.SPATIAL_RNA_COUNTER_CS.SPATIAL_RNA_COUNTER.SPATIAL_POST_MATRIX_COMPUTATION.BIN_HD_DATA._BIN_HD_DATA.PROCESS_SEGMENTATIONS._PROCESS_SEGMENTATIONS.SEGMENT_TO_FEATURE_CELL_MATRIX.DERASTERISE_NUCLEUS_MASK
2025-10-21 23:23:37 [runtime] (run:local)       ID.F08548.SPATIAL_RNA_COUNTER_CS.SPATIAL_RNA_COUNTER.SPATIAL_POST_MATRIX_COMPUTATION.BIN_HD_DATA._BIN_HD_DATA.PROCESS_SEGMENTATIONS._PROCESS_SEGMENTATIONS.SEGMENT_TO_FEATURE_CELL_MATRIX.DERASTERISE_NUCLEUS_MASK.fork0.join
2025-10-21 23:23:51 [runtime] (chunks_complete) ID.F08548.SPATIAL_RNA_COUNTER_CS.SPATIAL_RNA_COUNTER.SPATIAL_POST_MATRIX_COMPUTATION.BIN_HD_DATA._BIN_HD_DATA.PROCESS_SEGMENTATIONS._PROCESS_SEGMENTATIONS.SPATIAL_CELL_RNA_ANALYZER.RUN_KMEANS
2025-10-21 23:23:51 [runtime] (run:local)       ID.F08548.SPATIAL_RNA_COUNTER_CS.SPATIAL_RNA_COUNTER.SPATIAL_POST_MATRIX_COMPUTATION.BIN_HD_DATA._BIN_HD_DATA.PROCESS_SEGMENTATIONS._PROCESS_SEGMENTATIONS.SPATIAL_CELL_RNA_ANALYZER.RUN_KMEANS.fork0.join
2025-10-21 23:23:51 [runtime] (chunks_complete) ID.F08548.SPATIAL_RNA_COUNTER_CS.SPATIAL_RNA_COUNTER.SPATIAL_POST_MATRIX_COMPUTATION.MERGE_METRICS
2025-10-21 23:23:52 [runtime] (join_complete)   ID.F08548.SPATIAL_RNA_COUNTER_CS.SPATIAL_RNA_COUNTER.SPATIAL_POST_MATRIX_COMPUTATION.BIN_HD_DATA._BIN_HD_DATA.PROCESS_SEGMENTATIONS._PROCESS_SEGMENTATIONS.SPATIAL_CELL_RNA_ANALYZER.RUN_GRAPH_CLUSTERING
2025-10-21 23:23:52 [runtime] (ready)           ID.F08548.SPATIAL_RNA_COUNTER_CS.SPATIAL_RNA_COUNTER.SPATIAL_POST_MATRIX_COMPUTATION.SPATIAL_REPORTER
2025-10-21 23:23:52 [runtime] (run:local)       ID.F08548.SPATIAL_RNA_COUNTER_CS.SPATIAL_RNA_COUNTER.SPATIAL_POST_MATRIX_COMPUTATION.SPATIAL_REPORTER.fork0.split
2025-10-21 23:23:52 [runtime] (chunks_complete) ID.F08548.SPATIAL_RNA_COUNTER_CS.SPATIAL_RNA_COUNTER.SPATIAL_POST_MATRIX_COMPUTATION.HD_WEBSUMMARY_BUILDER.BUILD_HD_END_TO_END_ALIGNMENT
2025-10-21 23:23:52 [runtime] (ready)           ID.F08548.SPATIAL_RNA_COUNTER_CS.SPATIAL_RNA_COUNTER.SPATIAL_POST_MATRIX_COMPUTATION.BIN_HD_DATA._BIN_HD_DATA.PROCESS_SEGMENTATIONS._PROCESS_SEGMENTATIONS.SPATIAL_CELL_RNA_ANALYZER.RUN_HIERARCHICAL_CLUSTERING
2025-10-21 23:23:54 [runtime] (join_complete)   ID.F08548.SPATIAL_RNA_COUNTER_CS.SPATIAL_RNA_COUNTER.SPATIAL_POST_MATRIX_COMPUTATION.BIN_HD_DATA._BIN_HD_DATA.PROCESS_SEGMENTATIONS._PROCESS_SEGMENTATIONS.SPATIAL_CELL_RNA_ANALYZER.RUN_KMEANS
2025-10-21 23:23:54 [runtime] (ready)           ID.F08548.SPATIAL_RNA_COUNTER_CS.SPATIAL_RNA_COUNTER.SPATIAL_POST_MATRIX_COMPUTATION.BIN_HD_DATA._BIN_HD_DATA.PROCESS_SEGMENTATIONS._PROCESS_SEGMENTATIONS.SPATIAL_CELL_RNA_ANALYZER.COMBINE_CLUSTERING
2025-10-21 23:23:54 [runtime] (run:local)       ID.F08548.SPATIAL_RNA_COUNTER_CS.SPATIAL_RNA_COUNTER.SPATIAL_POST_MATRIX_COMPUTATION.BIN_HD_DATA._BIN_HD_DATA.PROCESS_SEGMENTATIONS._PROCESS_SEGMENTATIONS.SPATIAL_CELL_RNA_ANALYZER.COMBINE_CLUSTERING.fork0.chnk0.main
2025-10-21 23:23:57 [runtime] (split_complete)  ID.F08548.SPATIAL_RNA_COUNTER_CS.SPATIAL_RNA_COUNTER.SPATIAL_POST_MATRIX_COMPUTATION.SPATIAL_REPORTER
2025-10-21 23:23:57 [runtime] (run:local)       ID.F08548.SPATIAL_RNA_COUNTER_CS.SPATIAL_RNA_COUNTER.SPATIAL_POST_MATRIX_COMPUTATION.SPATIAL_REPORTER.fork0.join
2025-10-21 23:23:59 [runtime] (join_complete)   ID.F08548.SPATIAL_RNA_COUNTER_CS.SPATIAL_RNA_COUNTER.SPATIAL_POST_MATRIX_COMPUTATION.BIN_HD_DATA._BIN_HD_DATA.PROCESS_SEGMENTATIONS._PROCESS_SEGMENTATIONS.SEGMENT_TO_FEATURE_CELL_MATRIX.DERASTERISE_NUCLEUS_MASK
2025-10-21 23:23:59 [runtime] (chunks_complete) ID.F08548.SPATIAL_RNA_COUNTER_CS.SPATIAL_RNA_COUNTER.SPATIAL_POST_MATRIX_COMPUTATION.BIN_HD_DATA._BIN_HD_DATA.PROCESS_SEGMENTATIONS._PROCESS_SEGMENTATIONS.SPATIAL_CELL_RNA_ANALYZER.COMBINE_CLUSTERING
2025-10-21 23:23:59 [runtime] (ready)           ID.F08548.SPATIAL_RNA_COUNTER_CS.SPATIAL_RNA_COUNTER.SPATIAL_POST_MATRIX_COMPUTATION.BIN_HD_DATA._BIN_HD_DATA.PROCESS_SEGMENTATIONS._PROCESS_SEGMENTATIONS.SPATIAL_CELL_RNA_ANALYZER.RUN_DIFFERENTIAL_EXPRESSION
2025-10-21 23:23:59 [runtime] (run:local)       ID.F08548.SPATIAL_RNA_COUNTER_CS.SPATIAL_RNA_COUNTER.SPATIAL_POST_MATRIX_COMPUTATION.BIN_HD_DATA._BIN_HD_DATA.PROCESS_SEGMENTATIONS._PROCESS_SEGMENTATIONS.SPATIAL_CELL_RNA_ANALYZER.RUN_DIFFERENTIAL_EXPRESSION.fork0.split
2025-10-21 23:23:59 [runtime] (split_complete)  ID.F08548.SPATIAL_RNA_COUNTER_CS.SPATIAL_RNA_COUNTER.SPATIAL_POST_MATRIX_COMPUTATION.BIN_HD_DATA._BIN_HD_DATA.PROCESS_SEGMENTATIONS._PROCESS_SEGMENTATIONS.SPATIAL_CELL_RNA_ANALYZER.RUN_DIFFERENTIAL_EXPRESSION
2025-10-21 23:23:59 [runtime] (run:local)       ID.F08548.SPATIAL_RNA_COUNTER_CS.SPATIAL_RNA_COUNTER.SPATIAL_POST_MATRIX_COMPUTATION.BIN_HD_DATA._BIN_HD_DATA.PROCESS_SEGMENTATIONS._PROCESS_SEGMENTATIONS.SPATIAL_CELL_RNA_ANALYZER.RUN_DIFFERENTIAL_EXPRESSION.fork0.chnk0.main
2025-10-21 23:23:59 [runtime] (run:local)       ID.F08548.SPATIAL_RNA_COUNTER_CS.SPATIAL_RNA_COUNTER.SPATIAL_POST_MATRIX_COMPUTATION.BIN_HD_DATA._BIN_HD_DATA.PROCESS_SEGMENTATIONS._PROCESS_SEGMENTATIONS.SPATIAL_CELL_RNA_ANALYZER.RUN_DIFFERENTIAL_EXPRESSION.fork0.chnk1.main
2025-10-21 23:23:59 [runtime] (run:local)       ID.F08548.SPATIAL_RNA_COUNTER_CS.SPATIAL_RNA_COUNTER.SPATIAL_POST_MATRIX_COMPUTATION.BIN_HD_DATA._BIN_HD_DATA.PROCESS_SEGMENTATIONS._PROCESS_SEGMENTATIONS.SPATIAL_CELL_RNA_ANALYZER.RUN_DIFFERENTIAL_EXPRESSION.fork0.chnk2.main
2025-10-21 23:23:59 [runtime] (run:local)       ID.F08548.SPATIAL_RNA_COUNTER_CS.SPATIAL_RNA_COUNTER.SPATIAL_POST_MATRIX_COMPUTATION.BIN_HD_DATA._BIN_HD_DATA.PROCESS_SEGMENTATIONS._PROCESS_SEGMENTATIONS.SPATIAL_CELL_RNA_ANALYZER.RUN_DIFFERENTIAL_EXPRESSION.fork0.chnk3.main
2025-10-21 23:23:59 [runtime] (run:local)       ID.F08548.SPATIAL_RNA_COUNTER_CS.SPATIAL_RNA_COUNTER.SPATIAL_POST_MATRIX_COMPUTATION.BIN_HD_DATA._BIN_HD_DATA.PROCESS_SEGMENTATIONS._PROCESS_SEGMENTATIONS.SPATIAL_CELL_RNA_ANALYZER.RUN_DIFFERENTIAL_EXPRESSION.fork0.chnk4.main
2025-10-21 23:23:59 [runtime] (run:local)       ID.F08548.SPATIAL_RNA_COUNTER_CS.SPATIAL_RNA_COUNTER.SPATIAL_POST_MATRIX_COMPUTATION.BIN_HD_DATA._BIN_HD_DATA.PROCESS_SEGMENTATIONS._PROCESS_SEGMENTATIONS.SPATIAL_CELL_RNA_ANALYZER.RUN_DIFFERENTIAL_EXPRESSION.fork0.chnk5.main
2025-10-21 23:23:59 [runtime] (run:local)       ID.F08548.SPATIAL_RNA_COUNTER_CS.SPATIAL_RNA_COUNTER.SPATIAL_POST_MATRIX_COMPUTATION.BIN_HD_DATA._BIN_HD_DATA.PROCESS_SEGMENTATIONS._PROCESS_SEGMENTATIONS.SPATIAL_CELL_RNA_ANALYZER.RUN_DIFFERENTIAL_EXPRESSION.fork0.chnk6.main
2025-10-21 23:23:59 [runtime] (run:local)       ID.F08548.SPATIAL_RNA_COUNTER_CS.SPATIAL_RNA_COUNTER.SPATIAL_POST_MATRIX_COMPUTATION.BIN_HD_DATA._BIN_HD_DATA.PROCESS_SEGMENTATIONS._PROCESS_SEGMENTATIONS.SPATIAL_CELL_RNA_ANALYZER.RUN_DIFFERENTIAL_EXPRESSION.fork0.chnk7.main
2025-10-21 23:24:18 [runtime] (join_complete)   ID.F08548.SPATIAL_RNA_COUNTER_CS.SPATIAL_RNA_COUNTER.SPATIAL_POST_MATRIX_COMPUTATION.SPATIAL_REPORTER
2025-10-21 23:24:19 [runtime] (ready)           ID.F08548.SPATIAL_RNA_COUNTER_CS.CLOUPE_PREPROCESS
2025-10-21 23:24:19 [runtime] (run:local)       ID.F08548.SPATIAL_RNA_COUNTER_CS.CLOUPE_PREPROCESS.fork0.split
2025-10-21 23:25:09 [runtime] (chunks_complete) ID.F08548.SPATIAL_RNA_COUNTER_CS.SPATIAL_RNA_COUNTER.SPATIAL_POST_MATRIX_COMPUTATION.BIN_HD_DATA._BIN_HD_DATA.PROCESS_SEGMENTATIONS._PROCESS_SEGMENTATIONS.SPATIAL_CELL_RNA_ANALYZER.RUN_UMAP
2025-10-21 23:25:09 [runtime] (run:local)       ID.F08548.SPATIAL_RNA_COUNTER_CS.SPATIAL_RNA_COUNTER.SPATIAL_POST_MATRIX_COMPUTATION.BIN_HD_DATA._BIN_HD_DATA.PROCESS_SEGMENTATIONS._PROCESS_SEGMENTATIONS.SPATIAL_CELL_RNA_ANALYZER.RUN_UMAP.fork0.join
2025-10-21 23:25:12 [runtime] (split_complete)  ID.F08548.SPATIAL_RNA_COUNTER_CS.CLOUPE_PREPROCESS
2025-10-21 23:25:12 [runtime] (run:local)       ID.F08548.SPATIAL_RNA_COUNTER_CS.CLOUPE_PREPROCESS.fork0.join
2025-10-21 23:25:12 [runtime] (join_complete)   ID.F08548.SPATIAL_RNA_COUNTER_CS.SPATIAL_RNA_COUNTER.SPATIAL_POST_MATRIX_COMPUTATION.BIN_HD_DATA._BIN_HD_DATA.PROCESS_SEGMENTATIONS._PROCESS_SEGMENTATIONS.SPATIAL_CELL_RNA_ANALYZER.RUN_UMAP
2025-10-21 23:25:13 [runtime] (join_complete)   ID.F08548.SPATIAL_RNA_COUNTER_CS.CLOUPE_PREPROCESS
2025-10-21 23:25:18 [runtime] (chunks_complete) ID.F08548.SPATIAL_RNA_COUNTER_CS.SPATIAL_RNA_COUNTER.SPATIAL_POST_MATRIX_COMPUTATION.BIN_HD_DATA._BIN_HD_DATA.PROCESS_SEGMENTATIONS._PROCESS_SEGMENTATIONS.SEGMENT_TO_FEATURE_CELL_MATRIX.DERASTERISE_MASK
2025-10-21 23:25:18 [runtime] (run:local)       ID.F08548.SPATIAL_RNA_COUNTER_CS.SPATIAL_RNA_COUNTER.SPATIAL_POST_MATRIX_COMPUTATION.BIN_HD_DATA._BIN_HD_DATA.PROCESS_SEGMENTATIONS._PROCESS_SEGMENTATIONS.SEGMENT_TO_FEATURE_CELL_MATRIX.DERASTERISE_MASK.fork0.join
2025-10-21 23:25:32 [runtime] (join_complete)   ID.F08548.SPATIAL_RNA_COUNTER_CS.SPATIAL_RNA_COUNTER.SPATIAL_POST_MATRIX_COMPUTATION.BIN_HD_DATA._BIN_HD_DATA.PROCESS_SEGMENTATIONS._PROCESS_SEGMENTATIONS.SEGMENT_TO_FEATURE_CELL_MATRIX.DERASTERISE_MASK
2025-10-21 23:25:46 [runtime] (chunks_complete) ID.F08548.SPATIAL_RNA_COUNTER_CS.SPATIAL_RNA_COUNTER.SPATIAL_POST_MATRIX_COMPUTATION.BIN_HD_DATA._BIN_HD_DATA.PROCESS_SEGMENTATIONS._PROCESS_SEGMENTATIONS.SPATIAL_CELL_RNA_ANALYZER.RUN_DIFFERENTIAL_EXPRESSION
2025-10-21 23:25:46 [runtime] (run:local)       ID.F08548.SPATIAL_RNA_COUNTER_CS.SPATIAL_RNA_COUNTER.SPATIAL_POST_MATRIX_COMPUTATION.BIN_HD_DATA._BIN_HD_DATA.PROCESS_SEGMENTATIONS._PROCESS_SEGMENTATIONS.SPATIAL_CELL_RNA_ANALYZER.RUN_DIFFERENTIAL_EXPRESSION.fork0.join
2025-10-21 23:25:49 [runtime] (join_complete)   ID.F08548.SPATIAL_RNA_COUNTER_CS.SPATIAL_RNA_COUNTER.SPATIAL_POST_MATRIX_COMPUTATION.BIN_HD_DATA._BIN_HD_DATA.PROCESS_SEGMENTATIONS._PROCESS_SEGMENTATIONS.SPATIAL_CELL_RNA_ANALYZER.RUN_DIFFERENTIAL_EXPRESSION
2025-10-21 23:25:49 [runtime] (ready)           ID.F08548.SPATIAL_RNA_COUNTER_CS.SPATIAL_RNA_COUNTER.SPATIAL_POST_MATRIX_COMPUTATION.BIN_HD_DATA._BIN_HD_DATA.PROCESS_SEGMENTATIONS._PROCESS_SEGMENTATIONS.SPATIAL_CELL_RNA_ANALYZER.SUMMARIZE_ANALYSIS
2025-10-21 23:25:49 [runtime] (run:local)       ID.F08548.SPATIAL_RNA_COUNTER_CS.SPATIAL_RNA_COUNTER.SPATIAL_POST_MATRIX_COMPUTATION.BIN_HD_DATA._BIN_HD_DATA.PROCESS_SEGMENTATIONS._PROCESS_SEGMENTATIONS.SPATIAL_CELL_RNA_ANALYZER.SUMMARIZE_ANALYSIS.fork0.split
2025-10-21 23:25:50 [runtime] (split_complete)  ID.F08548.SPATIAL_RNA_COUNTER_CS.SPATIAL_RNA_COUNTER.SPATIAL_POST_MATRIX_COMPUTATION.BIN_HD_DATA._BIN_HD_DATA.PROCESS_SEGMENTATIONS._PROCESS_SEGMENTATIONS.SPATIAL_CELL_RNA_ANALYZER.SUMMARIZE_ANALYSIS
2025-10-21 23:25:50 [runtime] (run:local)       ID.F08548.SPATIAL_RNA_COUNTER_CS.SPATIAL_RNA_COUNTER.SPATIAL_POST_MATRIX_COMPUTATION.BIN_HD_DATA._BIN_HD_DATA.PROCESS_SEGMENTATIONS._PROCESS_SEGMENTATIONS.SPATIAL_CELL_RNA_ANALYZER.SUMMARIZE_ANALYSIS.fork0.chnk0.main
2025-10-21 23:25:52 [runtime] (chunks_complete) ID.F08548.SPATIAL_RNA_COUNTER_CS.SPATIAL_RNA_COUNTER.SPATIAL_POST_MATRIX_COMPUTATION.BIN_HD_DATA._BIN_HD_DATA.PROCESS_SEGMENTATIONS._PROCESS_SEGMENTATIONS.SPATIAL_CELL_RNA_ANALYZER.SUMMARIZE_ANALYSIS
2025-10-21 23:25:52 [runtime] (run:local)       ID.F08548.SPATIAL_RNA_COUNTER_CS.SPATIAL_RNA_COUNTER.SPATIAL_POST_MATRIX_COMPUTATION.BIN_HD_DATA._BIN_HD_DATA.PROCESS_SEGMENTATIONS._PROCESS_SEGMENTATIONS.SPATIAL_CELL_RNA_ANALYZER.SUMMARIZE_ANALYSIS.fork0.join
2025-10-21 23:25:53 [runtime] (join_complete)   ID.F08548.SPATIAL_RNA_COUNTER_CS.SPATIAL_RNA_COUNTER.SPATIAL_POST_MATRIX_COMPUTATION.BIN_HD_DATA._BIN_HD_DATA.PROCESS_SEGMENTATIONS._PROCESS_SEGMENTATIONS.SPATIAL_CELL_RNA_ANALYZER.SUMMARIZE_ANALYSIS
2025-10-21 23:25:53 [runtime] (ready)           ID.F08548.SPATIAL_RNA_COUNTER_CS.SPATIAL_RNA_COUNTER.SPATIAL_POST_MATRIX_COMPUTATION.BIN_HD_DATA._BIN_HD_DATA.PROCESS_SEGMENTATIONS.CELLSEG_CLOUPE_PREPROCESS
2025-10-21 23:25:53 [runtime] (run:local)       ID.F08548.SPATIAL_RNA_COUNTER_CS.SPATIAL_RNA_COUNTER.SPATIAL_POST_MATRIX_COMPUTATION.BIN_HD_DATA._BIN_HD_DATA.PROCESS_SEGMENTATIONS.CELLSEG_CLOUPE_PREPROCESS.fork0.split
2025-10-21 23:25:53 [runtime] (ready)           ID.F08548.SPATIAL_RNA_COUNTER_CS.SPATIAL_RNA_COUNTER.SPATIAL_POST_MATRIX_COMPUTATION.BIN_HD_DATA._BIN_HD_DATA.PROCESS_SEGMENTATIONS._PROCESS_SEGMENTATIONS.ANNOTATE_RAW_GEOJSON
2025-10-21 23:25:53 [runtime] (run:local)       ID.F08548.SPATIAL_RNA_COUNTER_CS.SPATIAL_RNA_COUNTER.SPATIAL_POST_MATRIX_COMPUTATION.BIN_HD_DATA._BIN_HD_DATA.PROCESS_SEGMENTATIONS._PROCESS_SEGMENTATIONS.ANNOTATE_RAW_GEOJSON.fork0.split
2025-10-21 23:25:53 [runtime] (ready)           ID.F08548.SPATIAL_RNA_COUNTER_CS.SPATIAL_RNA_COUNTER.SPATIAL_POST_MATRIX_COMPUTATION.HD_WEBSUMMARY_BUILDER.SEGMENTATION_SPATIAL_PLOTS
2025-10-21 23:25:53 [runtime] (run:local)       ID.F08548.SPATIAL_RNA_COUNTER_CS.SPATIAL_RNA_COUNTER.SPATIAL_POST_MATRIX_COMPUTATION.HD_WEBSUMMARY_BUILDER.SEGMENTATION_SPATIAL_PLOTS.fork0.chnk0.main
2025-10-21 23:25:53 [runtime] (ready)           ID.F08548.SPATIAL_RNA_COUNTER_CS.SPATIAL_RNA_COUNTER.SPATIAL_POST_MATRIX_COMPUTATION.HD_WEBSUMMARY_BUILDER.SEGMENTATION_ANALYSIS_PLOTS
2025-10-21 23:25:53 [runtime] (run:local)       ID.F08548.SPATIAL_RNA_COUNTER_CS.SPATIAL_RNA_COUNTER.SPATIAL_POST_MATRIX_COMPUTATION.HD_WEBSUMMARY_BUILDER.SEGMENTATION_ANALYSIS_PLOTS.fork0.split
2025-10-21 23:25:53 [runtime] (ready)           ID.F08548.SPATIAL_RNA_COUNTER_CS.SPATIAL_RNA_COUNTER.SPATIAL_POST_MATRIX_COMPUTATION.BIN_HD_DATA._BIN_HD_DATA.GET_SEGMENTED_DIFFEXP_JSON
2025-10-21 23:25:53 [runtime] (run:local)       ID.F08548.SPATIAL_RNA_COUNTER_CS.SPATIAL_RNA_COUNTER.SPATIAL_POST_MATRIX_COMPUTATION.BIN_HD_DATA._BIN_HD_DATA.GET_SEGMENTED_DIFFEXP_JSON.fork0.chnk0.main
2025-10-21 23:25:53 [runtime] (ready)           ID.F08548.SPATIAL_RNA_COUNTER_CS.SPATIAL_RNA_COUNTER.SPATIAL_POST_MATRIX_COMPUTATION.BIN_HD_DATA._BIN_HD_DATA.PROCESS_SEGMENTATIONS._PROCESS_SEGMENTATIONS.ANNOTATE_BOUNDS_EXPANDED_GEOJSON
2025-10-21 23:25:53 [runtime] (run:local)       ID.F08548.SPATIAL_RNA_COUNTER_CS.SPATIAL_RNA_COUNTER.SPATIAL_POST_MATRIX_COMPUTATION.BIN_HD_DATA._BIN_HD_DATA.PROCESS_SEGMENTATIONS._PROCESS_SEGMENTATIONS.ANNOTATE_BOUNDS_EXPANDED_GEOJSON.fork0.split
2025-10-21 23:25:54 [runtime] (split_complete)  ID.F08548.SPATIAL_RNA_COUNTER_CS.SPATIAL_RNA_COUNTER.SPATIAL_POST_MATRIX_COMPUTATION.BIN_HD_DATA._BIN_HD_DATA.PROCESS_SEGMENTATIONS._PROCESS_SEGMENTATIONS.ANNOTATE_RAW_GEOJSON
2025-10-21 23:25:54 [runtime] (run:local)       ID.F08548.SPATIAL_RNA_COUNTER_CS.SPATIAL_RNA_COUNTER.SPATIAL_POST_MATRIX_COMPUTATION.BIN_HD_DATA._BIN_HD_DATA.PROCESS_SEGMENTATIONS._PROCESS_SEGMENTATIONS.ANNOTATE_RAW_GEOJSON.fork0.join
2025-10-21 23:25:54 [runtime] (split_complete)  ID.F08548.SPATIAL_RNA_COUNTER_CS.SPATIAL_RNA_COUNTER.SPATIAL_POST_MATRIX_COMPUTATION.BIN_HD_DATA._BIN_HD_DATA.PROCESS_SEGMENTATIONS._PROCESS_SEGMENTATIONS.ANNOTATE_BOUNDS_EXPANDED_GEOJSON
2025-10-21 23:25:54 [runtime] (run:local)       ID.F08548.SPATIAL_RNA_COUNTER_CS.SPATIAL_RNA_COUNTER.SPATIAL_POST_MATRIX_COMPUTATION.BIN_HD_DATA._BIN_HD_DATA.PROCESS_SEGMENTATIONS._PROCESS_SEGMENTATIONS.ANNOTATE_BOUNDS_EXPANDED_GEOJSON.fork0.join
2025-10-21 23:25:55 [runtime] (split_complete)  ID.F08548.SPATIAL_RNA_COUNTER_CS.SPATIAL_RNA_COUNTER.SPATIAL_POST_MATRIX_COMPUTATION.BIN_HD_DATA._BIN_HD_DATA.PROCESS_SEGMENTATIONS.CELLSEG_CLOUPE_PREPROCESS
2025-10-21 23:25:55 [runtime] (run:local)       ID.F08548.SPATIAL_RNA_COUNTER_CS.SPATIAL_RNA_COUNTER.SPATIAL_POST_MATRIX_COMPUTATION.BIN_HD_DATA._BIN_HD_DATA.PROCESS_SEGMENTATIONS.CELLSEG_CLOUPE_PREPROCESS.fork0.join
2025-10-21 23:25:55 [runtime] (chunks_complete) ID.F08548.SPATIAL_RNA_COUNTER_CS.SPATIAL_RNA_COUNTER.SPATIAL_POST_MATRIX_COMPUTATION.BIN_HD_DATA._BIN_HD_DATA.GET_SEGMENTED_DIFFEXP_JSON
2025-10-21 23:25:57 [runtime] (split_complete)  ID.F08548.SPATIAL_RNA_COUNTER_CS.SPATIAL_RNA_COUNTER.SPATIAL_POST_MATRIX_COMPUTATION.HD_WEBSUMMARY_BUILDER.SEGMENTATION_ANALYSIS_PLOTS
2025-10-21 23:25:57 [runtime] (run:local)       ID.F08548.SPATIAL_RNA_COUNTER_CS.SPATIAL_RNA_COUNTER.SPATIAL_POST_MATRIX_COMPUTATION.HD_WEBSUMMARY_BUILDER.SEGMENTATION_ANALYSIS_PLOTS.fork0.join
2025-10-21 23:26:01 [runtime] (join_complete)   ID.F08548.SPATIAL_RNA_COUNTER_CS.SPATIAL_RNA_COUNTER.SPATIAL_POST_MATRIX_COMPUTATION.BIN_HD_DATA._BIN_HD_DATA.PROCESS_SEGMENTATIONS._PROCESS_SEGMENTATIONS.ANNOTATE_RAW_GEOJSON
2025-10-21 23:26:06 [runtime] (join_complete)   ID.F08548.SPATIAL_RNA_COUNTER_CS.SPATIAL_RNA_COUNTER.SPATIAL_POST_MATRIX_COMPUTATION.HD_WEBSUMMARY_BUILDER.SEGMENTATION_ANALYSIS_PLOTS
2025-10-21 23:26:07 [runtime] (join_complete)   ID.F08548.SPATIAL_RNA_COUNTER_CS.SPATIAL_RNA_COUNTER.SPATIAL_POST_MATRIX_COMPUTATION.BIN_HD_DATA._BIN_HD_DATA.PROCESS_SEGMENTATIONS._PROCESS_SEGMENTATIONS.ANNOTATE_BOUNDS_EXPANDED_GEOJSON
2025-10-21 23:26:13 [runtime] (chunks_complete) ID.F08548.SPATIAL_RNA_COUNTER_CS.SPATIAL_RNA_COUNTER.SPATIAL_POST_MATRIX_COMPUTATION.HD_WEBSUMMARY_BUILDER.SEGMENTATION_SPATIAL_PLOTS
2025-10-21 23:26:13 [runtime] (ready)           ID.F08548.SPATIAL_RNA_COUNTER_CS.SPATIAL_RNA_COUNTER.SPATIAL_POST_MATRIX_COMPUTATION.HD_WEBSUMMARY_BUILDER.GENERATE_HD_WEBSUMMARY_CS
2025-10-21 23:26:13 [runtime] (run:local)       ID.F08548.SPATIAL_RNA_COUNTER_CS.SPATIAL_RNA_COUNTER.SPATIAL_POST_MATRIX_COMPUTATION.HD_WEBSUMMARY_BUILDER.GENERATE_HD_WEBSUMMARY_CS.fork0.chnk0.main
2025-10-21 23:26:14 [runtime] (chunks_complete) ID.F08548.SPATIAL_RNA_COUNTER_CS.SPATIAL_RNA_COUNTER.SPATIAL_POST_MATRIX_COMPUTATION.HD_WEBSUMMARY_BUILDER.GENERATE_HD_WEBSUMMARY_CS
2025-10-21 23:26:14 [runtime] (ready)           ID.F08548.SPATIAL_RNA_COUNTER_CS.PICK_SPATIAL_COUNTER_OUTS
2025-10-21 23:26:14 [runtime] (run:local)       ID.F08548.SPATIAL_RNA_COUNTER_CS.PICK_SPATIAL_COUNTER_OUTS.fork0.chnk0.main
2025-10-21 23:26:15 [runtime] (chunks_complete) ID.F08548.SPATIAL_RNA_COUNTER_CS.PICK_SPATIAL_COUNTER_OUTS
2025-10-21 23:26:17 [runtime] (join_complete)   ID.F08548.SPATIAL_RNA_COUNTER_CS.SPATIAL_RNA_COUNTER.SPATIAL_POST_MATRIX_COMPUTATION.BIN_HD_DATA._BIN_HD_DATA.PROCESS_SEGMENTATIONS.CELLSEG_CLOUPE_PREPROCESS

Outputs:
- Run summary HTML:                                                         /home/janzules/spatial/second_run_output/human/F08548/outs/web_summary.html
- Outputs of spatial pipeline:
    Slide image annotated with fiducial alignment:                             /home/janzules/spatial/second_run_output/human/F08548/outs/spatial/aligned_fiducials.jpg
    Slide image annotated with detected tissue:                                /home/janzules/spatial/second_run_output/human/F08548/outs/spatial/detected_tissue_image.jpg
    Scale factors for hires and lowres images and fiducial and spot diameters: null
    Transform learned in tissue registration:                                  null
    Slide image scaled to 2000px in the largest dimension:                     /home/janzules/spatial/second_run_output/human/F08548/outs/spatial/tissue_hires_image.png
    Slide image scaled to 600px in the largest dimension:                      /home/janzules/spatial/second_run_output/human/F08548/outs/spatial/tissue_lowres_image.png
    RGB brightfield image generated by CytAssist instrument:                   /home/janzules/spatial/second_run_output/human/F08548/outs/spatial/cytassist_image.tiff
    Registration image between CytAssist image and microscope image:           /home/janzules/spatial/second_run_output/human/F08548/outs/spatial/aligned_tissue_image.jpg
    Slide position and tissue status of barcodes CSV:                          null
    Slide position and tissue status of barcodes PARQUET:                      null
    Per feature Moran's I CSV:                                                 null
    Fluorescence intensity at spot CSV:                                        null
- Run summary CSV:                                                          /home/janzules/spatial/second_run_output/human/F08548/outs/metrics_summary.csv
- BAM:                                                                      null
- BAM BAI index:                                                            null
- BAM CSI index:                                                            null
- Filtered feature-barcode matrices MEX:                                    null
- Filtered feature-barcode matrices HDF5:                                   null
- Unfiltered feature-barcode matrices MEX:                                  null
- Unfiltered feature-barcode matrices HDF5:                                 null
- Secondary analysis output CSV:                                            null
- Per-molecule read information:                                            /home/janzules/spatial/second_run_output/human/F08548/outs/molecule_info.h5
- Loupe Browser file:                                                       null
- Feature Reference:                                                        null
- Target Panel file:                                                        null
- Probe Set file:                                                           /home/janzules/spatial/second_run_output/human/F08548/outs/probe_set.csv
- Normalization factors used to normalize AB counts:                        null
- Deconvolution directory:                                                  null
- Raw probe barcode matrix:                                                 null
- Feature Slice matrix:                                                     /home/janzules/spatial/second_run_output/human/F08548/outs/feature_slice.h5
- Outputs at each bin level:                                                {
    square_002um:
      Raw probe barcode matrix:                 /home/janzules/spatial/second_run_output/human/F08548/outs/binned_outputs/square_002um/raw_probe_bc_matrix.h5
      Filtered feature-barcode matrices MEX:    /home/janzules/spatial/second_run_output/human/F08548/outs/binned_outputs/square_002um/filtered_feature_bc_matrix
      Filtered feature-barcode matrices HDF5:   /home/janzules/spatial/second_run_output/human/F08548/outs/binned_outputs/square_002um/filtered_feature_bc_matrix.h5
      Unfiltered feature-barcode matrices MEX:  /home/janzules/spatial/second_run_output/human/F08548/outs/binned_outputs/square_002um/raw_feature_bc_matrix
      Unfiltered feature-barcode matrices HDF5: /home/janzules/spatial/second_run_output/human/F08548/outs/binned_outputs/square_002um/raw_feature_bc_matrix.h5
      Secondary analysis output CSV:            null
      spatial:
        Slide image annotated with fiducial alignment:                             /home/janzules/spatial/second_run_output/human/F08548/outs/spatial/aligned_fiducials.jpg
        Slide image annotated with detected tissue:                                /home/janzules/spatial/second_run_output/human/F08548/outs/spatial/detected_tissue_image.jpg
        Scale factors for hires and lowres images and fiducial and spot diameters: /home/janzules/spatial/second_run_output/human/F08548/outs/binned_outputs/square_002um/spatial/scalefactors_json.json
        Transform learned in tissue registration:                                  null
        Slide image scaled to 2000px in the largest dimension:                     /home/janzules/spatial/second_run_output/human/F08548/outs/spatial/tissue_hires_image.png
        Slide image scaled to 600px in the largest dimension:                      /home/janzules/spatial/second_run_output/human/F08548/outs/spatial/tissue_lowres_image.png
        RGB brightfield image generated by CytAssist instrument:                   /home/janzules/spatial/second_run_output/human/F08548/outs/spatial/cytassist_image.tiff
        Registration image between CytAssist image and microscope image:           /home/janzules/spatial/second_run_output/human/F08548/outs/spatial/aligned_tissue_image.jpg
        Slide position and tissue status of barcodes CSV:                          null
        Slide position and tissue status of barcodes PARQUET:                      /home/janzules/spatial/second_run_output/human/F08548/outs/binned_outputs/square_002um/spatial/tissue_positions.parquet
        Per feature Moran's I CSV:                                                 null
        Fluorescence intensity at spot CSV:                                        null
      Loupe Browser file:                       null
    square_008um:
      Raw probe barcode matrix:                 null
      Filtered feature-barcode matrices MEX:    /home/janzules/spatial/second_run_output/human/F08548/outs/binned_outputs/square_008um/filtered_feature_bc_matrix
      Filtered feature-barcode matrices HDF5:   /home/janzules/spatial/second_run_output/human/F08548/outs/binned_outputs/square_008um/filtered_feature_bc_matrix.h5
      Unfiltered feature-barcode matrices MEX:  /home/janzules/spatial/second_run_output/human/F08548/outs/binned_outputs/square_008um/raw_feature_bc_matrix
      Unfiltered feature-barcode matrices HDF5: /home/janzules/spatial/second_run_output/human/F08548/outs/binned_outputs/square_008um/raw_feature_bc_matrix.h5
      Secondary analysis output CSV:            /home/janzules/spatial/second_run_output/human/F08548/outs/binned_outputs/square_008um/analysis
      spatial:
        Slide image annotated with fiducial alignment:                             /home/janzules/spatial/second_run_output/human/F08548/outs/spatial/aligned_fiducials.jpg
        Slide image annotated with detected tissue:                                /home/janzules/spatial/second_run_output/human/F08548/outs/spatial/detected_tissue_image.jpg
        Scale factors for hires and lowres images and fiducial and spot diameters: /home/janzules/spatial/second_run_output/human/F08548/outs/binned_outputs/square_008um/spatial/scalefactors_json.json
        Transform learned in tissue registration:                                  null
        Slide image scaled to 2000px in the largest dimension:                     /home/janzules/spatial/second_run_output/human/F08548/outs/spatial/tissue_hires_image.png
        Slide image scaled to 600px in the largest dimension:                      /home/janzules/spatial/second_run_output/human/F08548/outs/spatial/tissue_lowres_image.png
        RGB brightfield image generated by CytAssist instrument:                   /home/janzules/spatial/second_run_output/human/F08548/outs/spatial/cytassist_image.tiff
        Registration image between CytAssist image and microscope image:           /home/janzules/spatial/second_run_output/human/F08548/outs/spatial/aligned_tissue_image.jpg
        Slide position and tissue status of barcodes CSV:                          null
        Slide position and tissue status of barcodes PARQUET:                      /home/janzules/spatial/second_run_output/human/F08548/outs/binned_outputs/square_008um/spatial/tissue_positions.parquet
        Per feature Moran's I CSV:                                                 null
        Fluorescence intensity at spot CSV:                                        null
      Loupe Browser file:                       /home/janzules/spatial/second_run_output/human/F08548/outs/binned_outputs/square_008um/cloupe.cloupe
    square_016um:
      Raw probe barcode matrix:                 null
      Filtered feature-barcode matrices MEX:    /home/janzules/spatial/second_run_output/human/F08548/outs/binned_outputs/square_016um/filtered_feature_bc_matrix
      Filtered feature-barcode matrices HDF5:   /home/janzules/spatial/second_run_output/human/F08548/outs/binned_outputs/square_016um/filtered_feature_bc_matrix.h5
      Unfiltered feature-barcode matrices MEX:  /home/janzules/spatial/second_run_output/human/F08548/outs/binned_outputs/square_016um/raw_feature_bc_matrix
      Unfiltered feature-barcode matrices HDF5: /home/janzules/spatial/second_run_output/human/F08548/outs/binned_outputs/square_016um/raw_feature_bc_matrix.h5
      Secondary analysis output CSV:            /home/janzules/spatial/second_run_output/human/F08548/outs/binned_outputs/square_016um/analysis
      spatial:
        Slide image annotated with fiducial alignment:                             /home/janzules/spatial/second_run_output/human/F08548/outs/spatial/aligned_fiducials.jpg
        Slide image annotated with detected tissue:                                /home/janzules/spatial/second_run_output/human/F08548/outs/spatial/detected_tissue_image.jpg
        Scale factors for hires and lowres images and fiducial and spot diameters: /home/janzules/spatial/second_run_output/human/F08548/outs/binned_outputs/square_016um/spatial/scalefactors_json.json
        Transform learned in tissue registration:                                  null
        Slide image scaled to 2000px in the largest dimension:                     /home/janzules/spatial/second_run_output/human/F08548/outs/spatial/tissue_hires_image.png
        Slide image scaled to 600px in the largest dimension:                      /home/janzules/spatial/second_run_output/human/F08548/outs/spatial/tissue_lowres_image.png
        RGB brightfield image generated by CytAssist instrument:                   /home/janzules/spatial/second_run_output/human/F08548/outs/spatial/cytassist_image.tiff
        Registration image between CytAssist image and microscope image:           /home/janzules/spatial/second_run_output/human/F08548/outs/spatial/aligned_tissue_image.jpg
        Slide position and tissue status of barcodes CSV:                          null
        Slide position and tissue status of barcodes PARQUET:                      /home/janzules/spatial/second_run_output/human/F08548/outs/binned_outputs/square_016um/spatial/tissue_positions.parquet
        Per feature Moran's I CSV:                                                 null
        Fluorescence intensity at spot CSV:                                        null
      Loupe Browser file:                       null
  }
- Outputs of analyses on nuclear segmented cells:
    Unfiltered feature-barcode matrices HDF5:   /home/janzules/spatial/second_run_output/human/F08548/outs/segmented_outputs/raw_feature_cell_matrix.h5
    Filtered feature-barcode matrices HDF5:     /home/janzules/spatial/second_run_output/human/F08548/outs/segmented_outputs/filtered_feature_cell_matrix.h5
    Secondary analysis output CSV:              /home/janzules/spatial/second_run_output/human/F08548/outs/segmented_outputs/analysis
    raw_feature_cell_matrix:                    /home/janzules/spatial/second_run_output/human/F08548/outs/segmented_outputs/raw_feature_cell_matrix
    filtered_feature_cell_matrix:               /home/janzules/spatial/second_run_output/human/F08548/outs/segmented_outputs/filtered_feature_cell_matrix
    nucleus_segmentations:                      /home/janzules/spatial/second_run_output/human/F08548/outs/segmented_outputs/nucleus_segmentations.geojson
    cell_segmentations:                         /home/janzules/spatial/second_run_output/human/F08548/outs/segmented_outputs/cell_segmentations.geojson
    graphclust_annotated_nucleus_segmentations: /home/janzules/spatial/second_run_output/human/F08548/outs/segmented_outputs/graphclust_annotated_nucleus_segmentations.geojson
    graphclust_annotated_cell_segmentations:    /home/janzules/spatial/second_run_output/human/F08548/outs/segmented_outputs/graphclust_annotated_cell_segmentations.geojson
    cloupe:                                     /home/janzules/spatial/second_run_output/human/F08548/outs/segmented_outputs/cloupe.cloupe
    spatial:
      Slide image annotated with fiducial alignment:                             /home/janzules/spatial/second_run_output/human/F08548/outs/spatial/aligned_fiducials.jpg
      Slide image annotated with detected tissue:                                /home/janzules/spatial/second_run_output/human/F08548/outs/spatial/detected_tissue_image.jpg
      Scale factors for hires and lowres images and fiducial and spot diameters: /home/janzules/spatial/second_run_output/human/F08548/outs/segmented_outputs/spatial/scalefactors_json.json
      Transform learned in tissue registration:                                  null
      Slide image scaled to 2000px in the largest dimension:                     /home/janzules/spatial/second_run_output/human/F08548/outs/spatial/tissue_hires_image.png
      Slide image scaled to 600px in the largest dimension:                      /home/janzules/spatial/second_run_output/human/F08548/outs/spatial/tissue_lowres_image.png
      RGB brightfield image generated by CytAssist instrument:                   /home/janzules/spatial/second_run_output/human/F08548/outs/spatial/cytassist_image.tiff
      Registration image between CytAssist image and microscope image:           /home/janzules/spatial/second_run_output/human/F08548/outs/spatial/aligned_tissue_image.jpg
      Slide position and tissue status of barcodes CSV:                          null
      Slide position and tissue status of barcodes PARQUET:                      null
      Per feature Moran's I CSV:                                                 null
      Fluorescence intensity at spot CSV:                                        null
- File giving the mapping of every barcode to the bins and segmented cells: /home/janzules/spatial/second_run_output/human/F08548/outs/barcode_mappings.parquet
- Loupe Browser file (8um bin size):                                        /home/janzules/spatial/second_run_output/human/F08548/outs/binned_outputs/square_008um/cloupe.cloupe
- Loupe Browser file (custom bin size):                                     null
- Loupe Browser file (segmented cells):                                     /home/janzules/spatial/second_run_output/human/F08548/outs/segmented_outputs/cloupe.cloupe
- Name of this pipeline:                                                    SPATIAL_RNA_COUNTER_CS

Waiting 6 seconds for UI to do final refresh.
Pipestance completed successfully!

2025-10-21 23:26:52 Shutting down.
Saving pipestance info to "/home/janzules/spatial/second_run_output/human/F08548/F08548.mri.tgz"
