#====================================#
TGEN_ID=F08549
LOUPE_ALIGNMENT=/home/janzules/spatial/second_run_images/HumanVisium_2025/072325-072525 hTMA1 hTMA2/alignment/F08549.json
CYT_IMAGE=/home/janzules/spatial/second_run_images/HumanVisium_2025/072325-072525 hTMA1 hTMA2/cytassist/CAVG10409_2025-07-24_14-43-06_072425RL-hTMA1-hTMA2_H1-6RG9TY7_A1_hTMA2.tif
HNE=/home/janzules/spatial/second_run_images/HumanVisium_2025/072325-072525 hTMA1 hTMA2/hne/RL-hTMA2.tif
SLIDE=H1-6RG9TY7
AREA=A1
FASTQS=/home/janzules/spatial/raw_data/for_spaceranger/human/F08549

#====================================#
Martian Runtime - v4.0.14
Serving UI at http://ppxhpcnode13:45581?auth=HHwzY049isWV3Px-FycgiPq6ovQtZ7JZrhKyqGLuh5c

Running preflight checks (please wait)...
Checking sample info...
Checking FASTQ folder...
Checking reference...
Checking reference_path (/home/janzules/spatial/references/refdata-gex-GRCh38-2020-A) on ppxhpcnode13...
Checking read 2 length...
Checking optional arguments...
mro: v4.0.14
mrp: v4.0.14
python: Python 3.12.3
numpy: 1.26.4
scipy: 1.14.1
pysam: 0.22.1
h5py: 3.13.0
pandas: 2.2.3
STAR: 2.7.2a
samtools: samtools 1.16.1
2025-10-21 20:17:46 [runtime] (ready)           ID.F08549.SPATIAL_RNA_COUNTER_CS.SPATIAL_RNA_COUNTER_PREP.DISABLE_CORRECTION_FACTOR
2025-10-21 20:17:46 [runtime] (run:local)       ID.F08549.SPATIAL_RNA_COUNTER_CS.SPATIAL_RNA_COUNTER_PREP.DISABLE_CORRECTION_FACTOR.fork0.chnk0.main
2025-10-21 20:17:46 [runtime] (ready)           ID.F08549.SPATIAL_RNA_COUNTER_CS.FIX_CYTASSIST_IMAGE_COMPATIBILITY
2025-10-21 20:17:46 [runtime] (run:local)       ID.F08549.SPATIAL_RNA_COUNTER_CS.FIX_CYTASSIST_IMAGE_COMPATIBILITY.fork0.chnk0.main
2025-10-21 20:17:46 [runtime] (ready)           ID.F08549.SPATIAL_RNA_COUNTER_CS.USER_PROVIDED_SEGMENTATIONS
2025-10-21 20:17:46 [runtime] (run:local)       ID.F08549.SPATIAL_RNA_COUNTER_CS.USER_PROVIDED_SEGMENTATIONS.fork0.chnk0.main
2025-10-21 20:17:46 [runtime] (ready)           ID.F08549.SPATIAL_RNA_COUNTER_CS.SPATIAL_RNA_COUNTER_PREP.COPY_CHEMISTRY_SPEC
2025-10-21 20:17:46 [runtime] (run:local)       ID.F08549.SPATIAL_RNA_COUNTER_CS.SPATIAL_RNA_COUNTER_PREP.COPY_CHEMISTRY_SPEC.fork0.chnk0.main
2025-10-21 20:17:46 [runtime] (ready)           ID.F08549.SPATIAL_RNA_COUNTER_CS.SPATIAL_MATRIX_COMPUTER.WRITE_GENE_INDEX
2025-10-21 20:17:46 [runtime] (run:local)       ID.F08549.SPATIAL_RNA_COUNTER_CS.SPATIAL_MATRIX_COMPUTER.WRITE_GENE_INDEX.fork0.chnk0.main
2025-10-21 20:17:46 [runtime] (ready)           ID.F08549.SPATIAL_RNA_COUNTER_CS.SPATIAL_RNA_COUNTER.SPATIAL_POST_MATRIX_COMPUTATION.DISABLE_FEATURE_STAGES
2025-10-21 20:17:46 [runtime] (run:local)       ID.F08549.SPATIAL_RNA_COUNTER_CS.SPATIAL_RNA_COUNTER.SPATIAL_POST_MATRIX_COMPUTATION.DISABLE_FEATURE_STAGES.fork0.chnk0.main
2025-10-21 20:17:47 [runtime] (chunks_complete) ID.F08549.SPATIAL_RNA_COUNTER_CS.SPATIAL_RNA_COUNTER_PREP.COPY_CHEMISTRY_SPEC
2025-10-21 20:17:47 [runtime] (chunks_complete) ID.F08549.SPATIAL_RNA_COUNTER_CS.USER_PROVIDED_SEGMENTATIONS
2025-10-21 20:17:47 [runtime] (chunks_complete) ID.F08549.SPATIAL_RNA_COUNTER_CS.SPATIAL_RNA_COUNTER_PREP.DISABLE_CORRECTION_FACTOR
2025-10-21 20:17:47 [runtime] (ready)           ID.F08549.SPATIAL_RNA_COUNTER_CS.SPATIAL_RNA_COUNTER_PREP.DETECT_CHEMISTRY
2025-10-21 20:17:47 [runtime] (run:local)       ID.F08549.SPATIAL_RNA_COUNTER_CS.SPATIAL_RNA_COUNTER_PREP.DETECT_CHEMISTRY.fork0.chnk0.main
2025-10-21 20:17:47 [runtime] (chunks_complete) ID.F08549.SPATIAL_RNA_COUNTER_CS.FIX_CYTASSIST_IMAGE_COMPATIBILITY
2025-10-21 20:17:47 [runtime] (ready)           ID.F08549.SPATIAL_RNA_COUNTER_CS.SPATIAL_IMAGING_CS.GET_CYTASSIST_RUN_METADATA
2025-10-21 20:17:47 [runtime] (run:local)       ID.F08549.SPATIAL_RNA_COUNTER_CS.SPATIAL_IMAGING_CS.GET_CYTASSIST_RUN_METADATA.fork0.chnk0.main
2025-10-21 20:17:54 [runtime] (chunks_complete) ID.F08549.SPATIAL_RNA_COUNTER_CS.SPATIAL_RNA_COUNTER_PREP.DETECT_CHEMISTRY
2025-10-21 20:17:54 [runtime] (ready)           ID.F08549.SPATIAL_RNA_COUNTER_CS.SPATIAL_RNA_COUNTER_PREP.MULTI_SETUP_CHUNKS
2025-10-21 20:17:54 [runtime] (run:local)       ID.F08549.SPATIAL_RNA_COUNTER_CS.SPATIAL_RNA_COUNTER_PREP.MULTI_SETUP_CHUNKS.fork0.chnk0.main
2025-10-21 20:17:55 [runtime] (chunks_complete) ID.F08549.SPATIAL_RNA_COUNTER_CS.SPATIAL_RNA_COUNTER_PREP.MULTI_SETUP_CHUNKS
2025-10-21 20:17:55 [runtime] (ready)           ID.F08549.SPATIAL_RNA_COUNTER_CS.SPATIAL_RNA_COUNTER_PREP.EXPECT_SINGLE_BARCODE_WHITELIST
2025-10-21 20:17:55 [runtime] (run:local)       ID.F08549.SPATIAL_RNA_COUNTER_CS.SPATIAL_RNA_COUNTER_PREP.EXPECT_SINGLE_BARCODE_WHITELIST.fork0.chnk0.main
2025-10-21 20:17:55 [runtime] (chunks_complete) ID.F08549.SPATIAL_RNA_COUNTER_CS.SPATIAL_RNA_COUNTER_PREP.EXPECT_SINGLE_BARCODE_WHITELIST
2025-10-21 20:17:55 [runtime] (ready)           ID.F08549.SPATIAL_RNA_COUNTER_CS.SPATIAL_IMAGING_CS.DETERMINE_PIPELINE_MODE
2025-10-21 20:17:55 [runtime] (run:local)       ID.F08549.SPATIAL_RNA_COUNTER_CS.SPATIAL_IMAGING_CS.DETERMINE_PIPELINE_MODE.fork0.chnk0.main
2025-10-21 20:17:55 [runtime] (ready)           ID.F08549.SPATIAL_RNA_COUNTER_CS.SPATIAL_RNA_COUNTER_PREP.COMPUTE_CORRECTION_FACTOR
2025-10-21 20:17:55 [runtime] (ready)           ID.F08549.SPATIAL_RNA_COUNTER_CS.SPATIAL_RNA_COUNTER_PREP.WRITE_SPATIAL_BARCODE_INDEX
2025-10-21 20:17:55 [runtime] (run:local)       ID.F08549.SPATIAL_RNA_COUNTER_CS.SPATIAL_RNA_COUNTER_PREP.WRITE_SPATIAL_BARCODE_INDEX.fork0.split
2025-10-21 20:17:55 [runtime] (split_complete)  ID.F08549.SPATIAL_RNA_COUNTER_CS.SPATIAL_RNA_COUNTER_PREP.WRITE_SPATIAL_BARCODE_INDEX
2025-10-21 20:17:55 [runtime] (run:local)       ID.F08549.SPATIAL_RNA_COUNTER_CS.SPATIAL_RNA_COUNTER_PREP.WRITE_SPATIAL_BARCODE_INDEX.fork0.join
2025-10-21 20:18:00 [runtime] (join_complete)   ID.F08549.SPATIAL_RNA_COUNTER_CS.SPATIAL_RNA_COUNTER_PREP.WRITE_SPATIAL_BARCODE_INDEX
2025-10-21 20:18:06 [runtime] (chunks_complete) ID.F08549.SPATIAL_RNA_COUNTER_CS.SPATIAL_MATRIX_COMPUTER.WRITE_GENE_INDEX
2025-10-21 20:18:06 [runtime] (ready)           ID.F08549.SPATIAL_RNA_COUNTER_CS.SPATIAL_MATRIX_COMPUTER.PARSE_TARGET_FEATURES
2025-10-21 20:18:06 [runtime] (run:local)       ID.F08549.SPATIAL_RNA_COUNTER_CS.SPATIAL_MATRIX_COMPUTER.PARSE_TARGET_FEATURES.fork0.chnk0.main
2025-10-21 20:18:07 [runtime] (chunks_complete) ID.F08549.SPATIAL_RNA_COUNTER_CS.SPATIAL_IMAGING_CS.DETERMINE_PIPELINE_MODE
2025-10-21 20:18:07 [runtime] (chunks_complete) ID.F08549.SPATIAL_RNA_COUNTER_CS.SPATIAL_RNA_COUNTER.SPATIAL_POST_MATRIX_COMPUTATION.DISABLE_FEATURE_STAGES
2025-10-21 20:18:07 [runtime] (ready)           ID.F08549.SPATIAL_RNA_COUNTER_CS.SPATIAL_IMAGING_CS.DISABLE_IMAGING_STAGES
2025-10-21 20:18:07 [runtime] (run:local)       ID.F08549.SPATIAL_RNA_COUNTER_CS.SPATIAL_IMAGING_CS.DISABLE_IMAGING_STAGES.fork0.chnk0.main
2025-10-21 20:18:07 [runtime] (ready)           ID.F08549.SPATIAL_RNA_COUNTER_CS.SPATIAL_IMAGING_CS.STANDARDIZE_IMAGES
2025-10-21 20:18:07 [runtime] (run:local)       ID.F08549.SPATIAL_RNA_COUNTER_CS.SPATIAL_IMAGING_CS.STANDARDIZE_IMAGES.fork0.split
2025-10-21 20:18:07 [runtime] (ready)           ID.F08549.SPATIAL_RNA_COUNTER_CS.SPATIAL_RNA_COUNTER.SPATIAL_POST_MATRIX_COMPUTATION.DISABLE_SD_ONLY_STAGES
2025-10-21 20:18:07 [runtime] (run:local)       ID.F08549.SPATIAL_RNA_COUNTER_CS.SPATIAL_RNA_COUNTER.SPATIAL_POST_MATRIX_COMPUTATION.DISABLE_SD_ONLY_STAGES.fork0.chnk0.main
2025-10-21 20:18:07 [runtime] (ready)           ID.F08549.SPATIAL_RNA_COUNTER_CS.SPATIAL_RNA_COUNTER.SPATIAL_POST_MATRIX_COMPUTATION.WEBSUMMARY_ALERTS
2025-10-21 20:18:07 [runtime] (run:local)       ID.F08549.SPATIAL_RNA_COUNTER_CS.SPATIAL_RNA_COUNTER.SPATIAL_POST_MATRIX_COMPUTATION.WEBSUMMARY_ALERTS.fork0.chnk0.main
2025-10-21 20:18:07 [runtime] (chunks_complete) ID.F08549.SPATIAL_RNA_COUNTER_CS.SPATIAL_IMAGING_CS.GET_CYTASSIST_RUN_METADATA
2025-10-21 20:18:07 [runtime] (chunks_complete) ID.F08549.SPATIAL_RNA_COUNTER_CS.SPATIAL_RNA_COUNTER.SPATIAL_POST_MATRIX_COMPUTATION.DISABLE_SD_ONLY_STAGES
2025-10-21 20:18:08 [runtime] (chunks_complete) ID.F08549.SPATIAL_RNA_COUNTER_CS.SPATIAL_IMAGING_CS.DISABLE_IMAGING_STAGES
2025-10-21 20:18:08 [runtime] (ready)           ID.F08549.SPATIAL_RNA_COUNTER_CS.SPATIAL_RNA_COUNTER.SPATIAL_POST_MATRIX_COMPUTATION.BIN_HD_DATA.SETUP_BINNING
2025-10-21 20:18:08 [runtime] (run:local)       ID.F08549.SPATIAL_RNA_COUNTER_CS.SPATIAL_RNA_COUNTER.SPATIAL_POST_MATRIX_COMPUTATION.BIN_HD_DATA.SETUP_BINNING.fork0.chnk0.main
2025-10-21 20:18:08 [runtime] (chunks_complete) ID.F08549.SPATIAL_RNA_COUNTER_CS.SPATIAL_RNA_COUNTER.SPATIAL_POST_MATRIX_COMPUTATION.WEBSUMMARY_ALERTS
2025-10-21 20:18:08 [runtime] (chunks_complete) ID.F08549.SPATIAL_RNA_COUNTER_CS.SPATIAL_RNA_COUNTER.SPATIAL_POST_MATRIX_COMPUTATION.BIN_HD_DATA.SETUP_BINNING
2025-10-21 20:18:10 [runtime] (split_complete)  ID.F08549.SPATIAL_RNA_COUNTER_CS.SPATIAL_IMAGING_CS.STANDARDIZE_IMAGES
2025-10-21 20:18:10 [runtime] (run:local)       ID.F08549.SPATIAL_RNA_COUNTER_CS.SPATIAL_IMAGING_CS.STANDARDIZE_IMAGES.fork0.join
2025-10-21 20:18:24 [runtime] (chunks_complete) ID.F08549.SPATIAL_RNA_COUNTER_CS.SPATIAL_MATRIX_COMPUTER.PARSE_TARGET_FEATURES
2025-10-21 20:18:24 [runtime] (ready)           ID.F08549.SPATIAL_RNA_COUNTER_CS.SPATIAL_MATRIX_COMPUTER.SETUP_REFERENCE_INFO
2025-10-21 20:18:24 [runtime] (run:local)       ID.F08549.SPATIAL_RNA_COUNTER_CS.SPATIAL_MATRIX_COMPUTER.SETUP_REFERENCE_INFO.fork0.chnk0.main
2025-10-21 20:18:25 [runtime] (ready)           ID.F08549.SPATIAL_RNA_COUNTER_CS.SPATIAL_RNA_COUNTER.SPATIAL_POST_MATRIX_COMPUTATION._TARGETED_ANALYZER.DISABLE_TARGETED_STAGES
2025-10-21 20:18:25 [runtime] (run:local)       ID.F08549.SPATIAL_RNA_COUNTER_CS.SPATIAL_RNA_COUNTER.SPATIAL_POST_MATRIX_COMPUTATION._TARGETED_ANALYZER.DISABLE_TARGETED_STAGES.fork0.chnk0.main
2025-10-21 20:18:25 [runtime] (chunks_complete) ID.F08549.SPATIAL_RNA_COUNTER_CS.SPATIAL_MATRIX_COMPUTER.SETUP_REFERENCE_INFO
2025-10-21 20:18:25 [runtime] (ready)           ID.F08549.SPATIAL_RNA_COUNTER_CS.SPATIAL_MATRIX_COMPUTER._MATRIX_COMPUTER.MAKE_SHARD
2025-10-21 20:18:25 [runtime] (run:local)       ID.F08549.SPATIAL_RNA_COUNTER_CS.SPATIAL_MATRIX_COMPUTER._MATRIX_COMPUTER.MAKE_SHARD.fork0.split
2025-10-21 20:18:26 [runtime] (chunks_complete) ID.F08549.SPATIAL_RNA_COUNTER_CS.SPATIAL_RNA_COUNTER.SPATIAL_POST_MATRIX_COMPUTATION._TARGETED_ANALYZER.DISABLE_TARGETED_STAGES
2025-10-21 20:18:41 [runtime] (split_complete)  ID.F08549.SPATIAL_RNA_COUNTER_CS.SPATIAL_MATRIX_COMPUTER._MATRIX_COMPUTER.MAKE_SHARD
2025-10-21 20:18:41 [runtime] (run:local)       ID.F08549.SPATIAL_RNA_COUNTER_CS.SPATIAL_MATRIX_COMPUTER._MATRIX_COMPUTER.MAKE_SHARD.fork0.chnk0.main
2025-10-21 20:18:42 [runtime] (join_complete)   ID.F08549.SPATIAL_RNA_COUNTER_CS.SPATIAL_IMAGING_CS.STANDARDIZE_IMAGES
2025-10-21 20:18:42 [runtime] (ready)           ID.F08549.SPATIAL_RNA_COUNTER_CS.SPATIAL_IMAGING_CS.LOUPE_ALIGNMENT_READER
2025-10-21 20:18:42 [runtime] (run:local)       ID.F08549.SPATIAL_RNA_COUNTER_CS.SPATIAL_IMAGING_CS.LOUPE_ALIGNMENT_READER.fork0.split
2025-10-21 20:18:42 [runtime] (ready)           ID.F08549.SPATIAL_RNA_COUNTER_CS.CLOUPE_TILE_IMAGES
2025-10-21 20:18:42 [runtime] (run:local)       ID.F08549.SPATIAL_RNA_COUNTER_CS.CLOUPE_TILE_IMAGES.fork0.split
2025-10-21 20:18:42 [runtime] (split_complete)  ID.F08549.SPATIAL_RNA_COUNTER_CS.CLOUPE_TILE_IMAGES
2025-10-21 20:18:42 [runtime] (run:local)       ID.F08549.SPATIAL_RNA_COUNTER_CS.CLOUPE_TILE_IMAGES.fork0.join
2025-10-21 20:18:43 [runtime] (split_complete)  ID.F08549.SPATIAL_RNA_COUNTER_CS.SPATIAL_IMAGING_CS.LOUPE_ALIGNMENT_READER
2025-10-21 20:18:43 [runtime] (run:local)       ID.F08549.SPATIAL_RNA_COUNTER_CS.SPATIAL_IMAGING_CS.LOUPE_ALIGNMENT_READER.fork0.join
2025-10-21 20:18:45 [runtime] (join_complete)   ID.F08549.SPATIAL_RNA_COUNTER_CS.SPATIAL_IMAGING_CS.LOUPE_ALIGNMENT_READER
2025-10-21 20:18:45 [runtime] (ready)           ID.F08549.SPATIAL_RNA_COUNTER_CS.SPATIAL_IMAGING_CS.HD_LAYOUT_READER
2025-10-21 20:18:45 [runtime] (run:local)       ID.F08549.SPATIAL_RNA_COUNTER_CS.SPATIAL_IMAGING_CS.HD_LAYOUT_READER.fork0.chnk0.main
2025-10-21 20:18:45 [runtime] (ready)           ID.F08549.SPATIAL_RNA_COUNTER_CS.SPATIAL_IMAGING_CS.GPR_READER
2025-10-21 20:18:45 [runtime] (chunks_complete) ID.F08549.SPATIAL_RNA_COUNTER_CS.SPATIAL_IMAGING_CS.HD_LAYOUT_READER
2025-10-21 20:18:45 [runtime] (ready)           ID.F08549.SPATIAL_RNA_COUNTER_CS.SPATIAL_IMAGING_CS.ALIGN_FIDUCIALS
2025-10-21 20:18:45 [runtime] (run:local)       ID.F08549.SPATIAL_RNA_COUNTER_CS.SPATIAL_IMAGING_CS.ALIGN_FIDUCIALS.fork0.split
2025-10-21 20:18:48 [runtime] (split_complete)  ID.F08549.SPATIAL_RNA_COUNTER_CS.SPATIAL_IMAGING_CS.ALIGN_FIDUCIALS
2025-10-21 20:18:48 [runtime] (run:local)       ID.F08549.SPATIAL_RNA_COUNTER_CS.SPATIAL_IMAGING_CS.ALIGN_FIDUCIALS.fork0.join
2025-10-21 20:18:51 [runtime] (join_complete)   ID.F08549.SPATIAL_RNA_COUNTER_CS.SPATIAL_IMAGING_CS.ALIGN_FIDUCIALS
2025-10-21 20:18:51 [runtime] (ready)           ID.F08549.SPATIAL_RNA_COUNTER_CS.SPATIAL_IMAGING_CS.REGISTER_TISSUE.SEED_REGISTRATION
2025-10-21 20:18:51 [runtime] (run:local)       ID.F08549.SPATIAL_RNA_COUNTER_CS.SPATIAL_IMAGING_CS.REGISTER_TISSUE.SEED_REGISTRATION.fork0.split
2025-10-21 20:18:55 [runtime] (split_complete)  ID.F08549.SPATIAL_RNA_COUNTER_CS.SPATIAL_IMAGING_CS.REGISTER_TISSUE.SEED_REGISTRATION
2025-10-21 20:18:55 [runtime] (run:local)       ID.F08549.SPATIAL_RNA_COUNTER_CS.SPATIAL_IMAGING_CS.REGISTER_TISSUE.SEED_REGISTRATION.fork0.join
2025-10-21 20:18:59 [runtime] (join_complete)   ID.F08549.SPATIAL_RNA_COUNTER_CS.SPATIAL_IMAGING_CS.REGISTER_TISSUE.SEED_REGISTRATION
2025-10-21 20:18:59 [runtime] (ready)           ID.F08549.SPATIAL_RNA_COUNTER_CS.SPATIAL_IMAGING_CS.REGISTER_TISSUE.REGISTER_FROM_INIT
2025-10-21 20:18:59 [runtime] (run:local)       ID.F08549.SPATIAL_RNA_COUNTER_CS.SPATIAL_IMAGING_CS.REGISTER_TISSUE.REGISTER_FROM_INIT.fork0.split
2025-10-21 20:19:01 [runtime] (split_complete)  ID.F08549.SPATIAL_RNA_COUNTER_CS.SPATIAL_IMAGING_CS.REGISTER_TISSUE.REGISTER_FROM_INIT
2025-10-21 20:19:01 [runtime] (run:local)       ID.F08549.SPATIAL_RNA_COUNTER_CS.SPATIAL_IMAGING_CS.REGISTER_TISSUE.REGISTER_FROM_INIT.fork0.join
2025-10-21 20:19:03 [runtime] (join_complete)   ID.F08549.SPATIAL_RNA_COUNTER_CS.SPATIAL_IMAGING_CS.REGISTER_TISSUE.REGISTER_FROM_INIT
2025-10-21 20:19:04 [runtime] (ready)           ID.F08549.SPATIAL_RNA_COUNTER_CS.SPATIAL_IMAGING_CS.REGISTER_TISSUE.SUMMARIZE_REGISTRATION
2025-10-21 20:19:04 [runtime] (run:local)       ID.F08549.SPATIAL_RNA_COUNTER_CS.SPATIAL_IMAGING_CS.REGISTER_TISSUE.SUMMARIZE_REGISTRATION.fork0.chnk0.main
2025-10-21 20:19:08 [runtime] (join_complete)   ID.F08549.SPATIAL_RNA_COUNTER_CS.CLOUPE_TILE_IMAGES
2025-10-21 20:19:22 [runtime] (chunks_complete) ID.F08549.SPATIAL_RNA_COUNTER_CS.SPATIAL_IMAGING_CS.REGISTER_TISSUE.SUMMARIZE_REGISTRATION
2025-10-21 20:24:45 [runtime] (update)          ID.F08549.SPATIAL_RNA_COUNTER_CS.SPATIAL_MATRIX_COMPUTER._MATRIX_COMPUTER.MAKE_SHARD.fork0 chunks_running
2025-10-21 20:30:44 [runtime] (update)          ID.F08549.SPATIAL_RNA_COUNTER_CS.SPATIAL_MATRIX_COMPUTER._MATRIX_COMPUTER.MAKE_SHARD.fork0 chunks_running
2025-10-21 20:36:46 [runtime] (update)          ID.F08549.SPATIAL_RNA_COUNTER_CS.SPATIAL_MATRIX_COMPUTER._MATRIX_COMPUTER.MAKE_SHARD.fork0 chunks_running
2025-10-21 20:41:04 [runtime] (chunks_complete) ID.F08549.SPATIAL_RNA_COUNTER_CS.SPATIAL_MATRIX_COMPUTER._MATRIX_COMPUTER.MAKE_SHARD
2025-10-21 20:41:04 [runtime] (run:local)       ID.F08549.SPATIAL_RNA_COUNTER_CS.SPATIAL_MATRIX_COMPUTER._MATRIX_COMPUTER.MAKE_SHARD.fork0.join
2025-10-21 20:41:04 [runtime] (join_complete)   ID.F08549.SPATIAL_RNA_COUNTER_CS.SPATIAL_MATRIX_COMPUTER._MATRIX_COMPUTER.MAKE_SHARD
2025-10-21 20:41:04 [runtime] (ready)           ID.F08549.SPATIAL_RNA_COUNTER_CS.SPATIAL_MATRIX_COMPUTER._MATRIX_COMPUTER.MAKE_CORRECTION_MAP
2025-10-21 20:41:04 [runtime] (run:local)       ID.F08549.SPATIAL_RNA_COUNTER_CS.SPATIAL_MATRIX_COMPUTER._MATRIX_COMPUTER.MAKE_CORRECTION_MAP.fork0.split
2025-10-21 20:41:04 [runtime] (split_complete)  ID.F08549.SPATIAL_RNA_COUNTER_CS.SPATIAL_MATRIX_COMPUTER._MATRIX_COMPUTER.MAKE_CORRECTION_MAP
2025-10-21 20:41:04 [runtime] (run:local)       ID.F08549.SPATIAL_RNA_COUNTER_CS.SPATIAL_MATRIX_COMPUTER._MATRIX_COMPUTER.MAKE_CORRECTION_MAP.fork0.join
2025-10-21 20:42:05 [runtime] (join_complete)   ID.F08549.SPATIAL_RNA_COUNTER_CS.SPATIAL_MATRIX_COMPUTER._MATRIX_COMPUTER.MAKE_CORRECTION_MAP
2025-10-21 20:42:05 [runtime] (ready)           ID.F08549.SPATIAL_RNA_COUNTER_CS.SPATIAL_MATRIX_COMPUTER._MATRIX_COMPUTER.BARCODE_CORRECTION
2025-10-21 20:42:05 [runtime] (run:local)       ID.F08549.SPATIAL_RNA_COUNTER_CS.SPATIAL_MATRIX_COMPUTER._MATRIX_COMPUTER.BARCODE_CORRECTION.fork0.split
2025-10-21 20:42:05 [runtime] (split_complete)  ID.F08549.SPATIAL_RNA_COUNTER_CS.SPATIAL_MATRIX_COMPUTER._MATRIX_COMPUTER.BARCODE_CORRECTION
2025-10-21 20:42:06 [runtime] (run:local)       ID.F08549.SPATIAL_RNA_COUNTER_CS.SPATIAL_MATRIX_COMPUTER._MATRIX_COMPUTER.BARCODE_CORRECTION.fork0.chnk000.main
2025-10-21 20:42:06 [runtime] (run:local)       ID.F08549.SPATIAL_RNA_COUNTER_CS.SPATIAL_MATRIX_COMPUTER._MATRIX_COMPUTER.BARCODE_CORRECTION.fork0.chnk001.main
2025-10-21 20:42:06 [runtime] (run:local)       ID.F08549.SPATIAL_RNA_COUNTER_CS.SPATIAL_MATRIX_COMPUTER._MATRIX_COMPUTER.BARCODE_CORRECTION.fork0.chnk002.main
2025-10-21 20:42:06 [runtime] (run:local)       ID.F08549.SPATIAL_RNA_COUNTER_CS.SPATIAL_MATRIX_COMPUTER._MATRIX_COMPUTER.BARCODE_CORRECTION.fork0.chnk003.main
2025-10-21 20:42:06 [runtime] (run:local)       ID.F08549.SPATIAL_RNA_COUNTER_CS.SPATIAL_MATRIX_COMPUTER._MATRIX_COMPUTER.BARCODE_CORRECTION.fork0.chnk004.main
2025-10-21 20:42:06 [runtime] (run:local)       ID.F08549.SPATIAL_RNA_COUNTER_CS.SPATIAL_MATRIX_COMPUTER._MATRIX_COMPUTER.BARCODE_CORRECTION.fork0.chnk005.main
2025-10-21 20:42:06 [runtime] (run:local)       ID.F08549.SPATIAL_RNA_COUNTER_CS.SPATIAL_MATRIX_COMPUTER._MATRIX_COMPUTER.BARCODE_CORRECTION.fork0.chnk006.main
2025-10-21 20:42:06 [runtime] (run:local)       ID.F08549.SPATIAL_RNA_COUNTER_CS.SPATIAL_MATRIX_COMPUTER._MATRIX_COMPUTER.BARCODE_CORRECTION.fork0.chnk007.main
2025-10-21 20:42:06 [runtime] (run:local)       ID.F08549.SPATIAL_RNA_COUNTER_CS.SPATIAL_MATRIX_COMPUTER._MATRIX_COMPUTER.BARCODE_CORRECTION.fork0.chnk008.main
2025-10-21 20:42:06 [runtime] (run:local)       ID.F08549.SPATIAL_RNA_COUNTER_CS.SPATIAL_MATRIX_COMPUTER._MATRIX_COMPUTER.BARCODE_CORRECTION.fork0.chnk009.main
2025-10-21 20:42:06 [runtime] (run:local)       ID.F08549.SPATIAL_RNA_COUNTER_CS.SPATIAL_MATRIX_COMPUTER._MATRIX_COMPUTER.BARCODE_CORRECTION.fork0.chnk010.main
2025-10-21 20:42:06 [runtime] (run:local)       ID.F08549.SPATIAL_RNA_COUNTER_CS.SPATIAL_MATRIX_COMPUTER._MATRIX_COMPUTER.BARCODE_CORRECTION.fork0.chnk011.main
2025-10-21 20:42:06 [runtime] (run:local)       ID.F08549.SPATIAL_RNA_COUNTER_CS.SPATIAL_MATRIX_COMPUTER._MATRIX_COMPUTER.BARCODE_CORRECTION.fork0.chnk012.main
2025-10-21 20:42:06 [runtime] (run:local)       ID.F08549.SPATIAL_RNA_COUNTER_CS.SPATIAL_MATRIX_COMPUTER._MATRIX_COMPUTER.BARCODE_CORRECTION.fork0.chnk013.main
2025-10-21 20:42:06 [runtime] (run:local)       ID.F08549.SPATIAL_RNA_COUNTER_CS.SPATIAL_MATRIX_COMPUTER._MATRIX_COMPUTER.BARCODE_CORRECTION.fork0.chnk014.main
2025-10-21 20:42:06 [runtime] (run:local)       ID.F08549.SPATIAL_RNA_COUNTER_CS.SPATIAL_MATRIX_COMPUTER._MATRIX_COMPUTER.BARCODE_CORRECTION.fork0.chnk015.main
2025-10-21 20:42:06 [runtime] (run:local)       ID.F08549.SPATIAL_RNA_COUNTER_CS.SPATIAL_MATRIX_COMPUTER._MATRIX_COMPUTER.BARCODE_CORRECTION.fork0.chnk016.main
2025-10-21 20:42:06 [runtime] (run:local)       ID.F08549.SPATIAL_RNA_COUNTER_CS.SPATIAL_MATRIX_COMPUTER._MATRIX_COMPUTER.BARCODE_CORRECTION.fork0.chnk017.main
2025-10-21 20:42:06 [runtime] (run:local)       ID.F08549.SPATIAL_RNA_COUNTER_CS.SPATIAL_MATRIX_COMPUTER._MATRIX_COMPUTER.BARCODE_CORRECTION.fork0.chnk018.main
2025-10-21 20:42:06 [runtime] (run:local)       ID.F08549.SPATIAL_RNA_COUNTER_CS.SPATIAL_MATRIX_COMPUTER._MATRIX_COMPUTER.BARCODE_CORRECTION.fork0.chnk019.main
2025-10-21 20:42:06 [runtime] (run:local)       ID.F08549.SPATIAL_RNA_COUNTER_CS.SPATIAL_MATRIX_COMPUTER._MATRIX_COMPUTER.BARCODE_CORRECTION.fork0.chnk020.main
2025-10-21 20:42:06 [runtime] (run:local)       ID.F08549.SPATIAL_RNA_COUNTER_CS.SPATIAL_MATRIX_COMPUTER._MATRIX_COMPUTER.BARCODE_CORRECTION.fork0.chnk021.main
2025-10-21 20:42:06 [runtime] (run:local)       ID.F08549.SPATIAL_RNA_COUNTER_CS.SPATIAL_MATRIX_COMPUTER._MATRIX_COMPUTER.BARCODE_CORRECTION.fork0.chnk022.main
2025-10-21 20:42:06 [runtime] (run:local)       ID.F08549.SPATIAL_RNA_COUNTER_CS.SPATIAL_MATRIX_COMPUTER._MATRIX_COMPUTER.BARCODE_CORRECTION.fork0.chnk023.main
2025-10-21 20:42:06 [runtime] (run:local)       ID.F08549.SPATIAL_RNA_COUNTER_CS.SPATIAL_MATRIX_COMPUTER._MATRIX_COMPUTER.BARCODE_CORRECTION.fork0.chnk024.main
2025-10-21 20:42:06 [runtime] (run:local)       ID.F08549.SPATIAL_RNA_COUNTER_CS.SPATIAL_MATRIX_COMPUTER._MATRIX_COMPUTER.BARCODE_CORRECTION.fork0.chnk025.main
2025-10-21 20:42:06 [runtime] (run:local)       ID.F08549.SPATIAL_RNA_COUNTER_CS.SPATIAL_MATRIX_COMPUTER._MATRIX_COMPUTER.BARCODE_CORRECTION.fork0.chnk026.main
2025-10-21 20:42:06 [runtime] (run:local)       ID.F08549.SPATIAL_RNA_COUNTER_CS.SPATIAL_MATRIX_COMPUTER._MATRIX_COMPUTER.BARCODE_CORRECTION.fork0.chnk027.main
2025-10-21 20:42:06 [runtime] (run:local)       ID.F08549.SPATIAL_RNA_COUNTER_CS.SPATIAL_MATRIX_COMPUTER._MATRIX_COMPUTER.BARCODE_CORRECTION.fork0.chnk028.main
2025-10-21 20:42:06 [runtime] (run:local)       ID.F08549.SPATIAL_RNA_COUNTER_CS.SPATIAL_MATRIX_COMPUTER._MATRIX_COMPUTER.BARCODE_CORRECTION.fork0.chnk029.main
2025-10-21 20:42:06 [runtime] (run:local)       ID.F08549.SPATIAL_RNA_COUNTER_CS.SPATIAL_MATRIX_COMPUTER._MATRIX_COMPUTER.BARCODE_CORRECTION.fork0.chnk030.main
2025-10-21 20:42:06 [runtime] (run:local)       ID.F08549.SPATIAL_RNA_COUNTER_CS.SPATIAL_MATRIX_COMPUTER._MATRIX_COMPUTER.BARCODE_CORRECTION.fork0.chnk031.main
2025-10-21 20:42:06 [runtime] (run:local)       ID.F08549.SPATIAL_RNA_COUNTER_CS.SPATIAL_MATRIX_COMPUTER._MATRIX_COMPUTER.BARCODE_CORRECTION.fork0.chnk032.main
2025-10-21 20:42:06 [runtime] (run:local)       ID.F08549.SPATIAL_RNA_COUNTER_CS.SPATIAL_MATRIX_COMPUTER._MATRIX_COMPUTER.BARCODE_CORRECTION.fork0.chnk033.main
2025-10-21 20:42:06 [runtime] (run:local)       ID.F08549.SPATIAL_RNA_COUNTER_CS.SPATIAL_MATRIX_COMPUTER._MATRIX_COMPUTER.BARCODE_CORRECTION.fork0.chnk034.main
2025-10-21 20:42:06 [runtime] (run:local)       ID.F08549.SPATIAL_RNA_COUNTER_CS.SPATIAL_MATRIX_COMPUTER._MATRIX_COMPUTER.BARCODE_CORRECTION.fork0.chnk035.main
2025-10-21 20:42:06 [runtime] (run:local)       ID.F08549.SPATIAL_RNA_COUNTER_CS.SPATIAL_MATRIX_COMPUTER._MATRIX_COMPUTER.BARCODE_CORRECTION.fork0.chnk036.main
2025-10-21 20:42:06 [runtime] (run:local)       ID.F08549.SPATIAL_RNA_COUNTER_CS.SPATIAL_MATRIX_COMPUTER._MATRIX_COMPUTER.BARCODE_CORRECTION.fork0.chnk037.main
2025-10-21 20:42:06 [runtime] (run:local)       ID.F08549.SPATIAL_RNA_COUNTER_CS.SPATIAL_MATRIX_COMPUTER._MATRIX_COMPUTER.BARCODE_CORRECTION.fork0.chnk038.main
2025-10-21 20:42:06 [runtime] (run:local)       ID.F08549.SPATIAL_RNA_COUNTER_CS.SPATIAL_MATRIX_COMPUTER._MATRIX_COMPUTER.BARCODE_CORRECTION.fork0.chnk039.main
2025-10-21 20:42:06 [runtime] (run:local)       ID.F08549.SPATIAL_RNA_COUNTER_CS.SPATIAL_MATRIX_COMPUTER._MATRIX_COMPUTER.BARCODE_CORRECTION.fork0.chnk040.main
2025-10-21 20:42:06 [runtime] (run:local)       ID.F08549.SPATIAL_RNA_COUNTER_CS.SPATIAL_MATRIX_COMPUTER._MATRIX_COMPUTER.BARCODE_CORRECTION.fork0.chnk041.main
2025-10-21 20:42:06 [runtime] (run:local)       ID.F08549.SPATIAL_RNA_COUNTER_CS.SPATIAL_MATRIX_COMPUTER._MATRIX_COMPUTER.BARCODE_CORRECTION.fork0.chnk042.main
2025-10-21 20:42:06 [runtime] (run:local)       ID.F08549.SPATIAL_RNA_COUNTER_CS.SPATIAL_MATRIX_COMPUTER._MATRIX_COMPUTER.BARCODE_CORRECTION.fork0.chnk043.main
2025-10-21 20:42:06 [runtime] (run:local)       ID.F08549.SPATIAL_RNA_COUNTER_CS.SPATIAL_MATRIX_COMPUTER._MATRIX_COMPUTER.BARCODE_CORRECTION.fork0.chnk044.main
2025-10-21 20:42:06 [runtime] (run:local)       ID.F08549.SPATIAL_RNA_COUNTER_CS.SPATIAL_MATRIX_COMPUTER._MATRIX_COMPUTER.BARCODE_CORRECTION.fork0.chnk045.main
2025-10-21 20:42:06 [runtime] (run:local)       ID.F08549.SPATIAL_RNA_COUNTER_CS.SPATIAL_MATRIX_COMPUTER._MATRIX_COMPUTER.BARCODE_CORRECTION.fork0.chnk046.main
2025-10-21 20:42:06 [runtime] (run:local)       ID.F08549.SPATIAL_RNA_COUNTER_CS.SPATIAL_MATRIX_COMPUTER._MATRIX_COMPUTER.BARCODE_CORRECTION.fork0.chnk047.main
2025-10-21 20:42:06 [runtime] (run:local)       ID.F08549.SPATIAL_RNA_COUNTER_CS.SPATIAL_MATRIX_COMPUTER._MATRIX_COMPUTER.BARCODE_CORRECTION.fork0.chnk048.main
2025-10-21 20:42:06 [runtime] (run:local)       ID.F08549.SPATIAL_RNA_COUNTER_CS.SPATIAL_MATRIX_COMPUTER._MATRIX_COMPUTER.BARCODE_CORRECTION.fork0.chnk049.main
2025-10-21 20:42:06 [runtime] (run:local)       ID.F08549.SPATIAL_RNA_COUNTER_CS.SPATIAL_MATRIX_COMPUTER._MATRIX_COMPUTER.BARCODE_CORRECTION.fork0.chnk050.main
2025-10-21 20:42:06 [runtime] (run:local)       ID.F08549.SPATIAL_RNA_COUNTER_CS.SPATIAL_MATRIX_COMPUTER._MATRIX_COMPUTER.BARCODE_CORRECTION.fork0.chnk051.main
2025-10-21 20:42:06 [runtime] (run:local)       ID.F08549.SPATIAL_RNA_COUNTER_CS.SPATIAL_MATRIX_COMPUTER._MATRIX_COMPUTER.BARCODE_CORRECTION.fork0.chnk052.main
2025-10-21 20:42:06 [runtime] (run:local)       ID.F08549.SPATIAL_RNA_COUNTER_CS.SPATIAL_MATRIX_COMPUTER._MATRIX_COMPUTER.BARCODE_CORRECTION.fork0.chnk053.main
2025-10-21 20:42:06 [runtime] (run:local)       ID.F08549.SPATIAL_RNA_COUNTER_CS.SPATIAL_MATRIX_COMPUTER._MATRIX_COMPUTER.BARCODE_CORRECTION.fork0.chnk054.main
2025-10-21 20:42:06 [runtime] (run:local)       ID.F08549.SPATIAL_RNA_COUNTER_CS.SPATIAL_MATRIX_COMPUTER._MATRIX_COMPUTER.BARCODE_CORRECTION.fork0.chnk055.main
2025-10-21 20:42:06 [runtime] (run:local)       ID.F08549.SPATIAL_RNA_COUNTER_CS.SPATIAL_MATRIX_COMPUTER._MATRIX_COMPUTER.BARCODE_CORRECTION.fork0.chnk056.main
2025-10-21 20:42:06 [runtime] (run:local)       ID.F08549.SPATIAL_RNA_COUNTER_CS.SPATIAL_MATRIX_COMPUTER._MATRIX_COMPUTER.BARCODE_CORRECTION.fork0.chnk057.main
2025-10-21 20:42:06 [runtime] (run:local)       ID.F08549.SPATIAL_RNA_COUNTER_CS.SPATIAL_MATRIX_COMPUTER._MATRIX_COMPUTER.BARCODE_CORRECTION.fork0.chnk058.main
2025-10-21 20:42:06 [runtime] (run:local)       ID.F08549.SPATIAL_RNA_COUNTER_CS.SPATIAL_MATRIX_COMPUTER._MATRIX_COMPUTER.BARCODE_CORRECTION.fork0.chnk059.main
2025-10-21 20:42:06 [runtime] (run:local)       ID.F08549.SPATIAL_RNA_COUNTER_CS.SPATIAL_MATRIX_COMPUTER._MATRIX_COMPUTER.BARCODE_CORRECTION.fork0.chnk060.main
2025-10-21 20:42:06 [runtime] (run:local)       ID.F08549.SPATIAL_RNA_COUNTER_CS.SPATIAL_MATRIX_COMPUTER._MATRIX_COMPUTER.BARCODE_CORRECTION.fork0.chnk061.main
2025-10-21 20:42:06 [runtime] (run:local)       ID.F08549.SPATIAL_RNA_COUNTER_CS.SPATIAL_MATRIX_COMPUTER._MATRIX_COMPUTER.BARCODE_CORRECTION.fork0.chnk062.main
2025-10-21 20:42:06 [runtime] (run:local)       ID.F08549.SPATIAL_RNA_COUNTER_CS.SPATIAL_MATRIX_COMPUTER._MATRIX_COMPUTER.BARCODE_CORRECTION.fork0.chnk063.main
2025-10-21 20:42:06 [runtime] (run:local)       ID.F08549.SPATIAL_RNA_COUNTER_CS.SPATIAL_MATRIX_COMPUTER._MATRIX_COMPUTER.BARCODE_CORRECTION.fork0.chnk064.main
2025-10-21 20:42:06 [runtime] (run:local)       ID.F08549.SPATIAL_RNA_COUNTER_CS.SPATIAL_MATRIX_COMPUTER._MATRIX_COMPUTER.BARCODE_CORRECTION.fork0.chnk065.main
2025-10-21 20:42:06 [runtime] (run:local)       ID.F08549.SPATIAL_RNA_COUNTER_CS.SPATIAL_MATRIX_COMPUTER._MATRIX_COMPUTER.BARCODE_CORRECTION.fork0.chnk066.main
2025-10-21 20:42:07 [runtime] (run:local)       ID.F08549.SPATIAL_RNA_COUNTER_CS.SPATIAL_MATRIX_COMPUTER._MATRIX_COMPUTER.BARCODE_CORRECTION.fork0.chnk067.main
2025-10-21 20:42:07 [runtime] (run:local)       ID.F08549.SPATIAL_RNA_COUNTER_CS.SPATIAL_MATRIX_COMPUTER._MATRIX_COMPUTER.BARCODE_CORRECTION.fork0.chnk068.main
2025-10-21 20:42:07 [runtime] (run:local)       ID.F08549.SPATIAL_RNA_COUNTER_CS.SPATIAL_MATRIX_COMPUTER._MATRIX_COMPUTER.BARCODE_CORRECTION.fork0.chnk069.main
2025-10-21 20:42:07 [runtime] (run:local)       ID.F08549.SPATIAL_RNA_COUNTER_CS.SPATIAL_MATRIX_COMPUTER._MATRIX_COMPUTER.BARCODE_CORRECTION.fork0.chnk070.main
2025-10-21 20:42:07 [runtime] (run:local)       ID.F08549.SPATIAL_RNA_COUNTER_CS.SPATIAL_MATRIX_COMPUTER._MATRIX_COMPUTER.BARCODE_CORRECTION.fork0.chnk071.main
2025-10-21 20:42:07 [runtime] (run:local)       ID.F08549.SPATIAL_RNA_COUNTER_CS.SPATIAL_MATRIX_COMPUTER._MATRIX_COMPUTER.BARCODE_CORRECTION.fork0.chnk072.main
2025-10-21 20:42:07 [runtime] (run:local)       ID.F08549.SPATIAL_RNA_COUNTER_CS.SPATIAL_MATRIX_COMPUTER._MATRIX_COMPUTER.BARCODE_CORRECTION.fork0.chnk073.main
2025-10-21 20:42:07 [runtime] (run:local)       ID.F08549.SPATIAL_RNA_COUNTER_CS.SPATIAL_MATRIX_COMPUTER._MATRIX_COMPUTER.BARCODE_CORRECTION.fork0.chnk074.main
2025-10-21 20:42:07 [runtime] (run:local)       ID.F08549.SPATIAL_RNA_COUNTER_CS.SPATIAL_MATRIX_COMPUTER._MATRIX_COMPUTER.BARCODE_CORRECTION.fork0.chnk075.main
2025-10-21 20:42:07 [runtime] (run:local)       ID.F08549.SPATIAL_RNA_COUNTER_CS.SPATIAL_MATRIX_COMPUTER._MATRIX_COMPUTER.BARCODE_CORRECTION.fork0.chnk076.main
2025-10-21 20:42:07 [runtime] (run:local)       ID.F08549.SPATIAL_RNA_COUNTER_CS.SPATIAL_MATRIX_COMPUTER._MATRIX_COMPUTER.BARCODE_CORRECTION.fork0.chnk077.main
2025-10-21 20:42:07 [runtime] (run:local)       ID.F08549.SPATIAL_RNA_COUNTER_CS.SPATIAL_MATRIX_COMPUTER._MATRIX_COMPUTER.BARCODE_CORRECTION.fork0.chnk078.main
2025-10-21 20:42:07 [runtime] (run:local)       ID.F08549.SPATIAL_RNA_COUNTER_CS.SPATIAL_MATRIX_COMPUTER._MATRIX_COMPUTER.BARCODE_CORRECTION.fork0.chnk079.main
2025-10-21 20:42:07 [runtime] (run:local)       ID.F08549.SPATIAL_RNA_COUNTER_CS.SPATIAL_MATRIX_COMPUTER._MATRIX_COMPUTER.BARCODE_CORRECTION.fork0.chnk080.main
2025-10-21 20:42:07 [runtime] (run:local)       ID.F08549.SPATIAL_RNA_COUNTER_CS.SPATIAL_MATRIX_COMPUTER._MATRIX_COMPUTER.BARCODE_CORRECTION.fork0.chnk081.main
2025-10-21 20:42:07 [runtime] (run:local)       ID.F08549.SPATIAL_RNA_COUNTER_CS.SPATIAL_MATRIX_COMPUTER._MATRIX_COMPUTER.BARCODE_CORRECTION.fork0.chnk082.main
2025-10-21 20:42:07 [runtime] (run:local)       ID.F08549.SPATIAL_RNA_COUNTER_CS.SPATIAL_MATRIX_COMPUTER._MATRIX_COMPUTER.BARCODE_CORRECTION.fork0.chnk083.main
2025-10-21 20:42:07 [runtime] (run:local)       ID.F08549.SPATIAL_RNA_COUNTER_CS.SPATIAL_MATRIX_COMPUTER._MATRIX_COMPUTER.BARCODE_CORRECTION.fork0.chnk084.main
2025-10-21 20:42:07 [runtime] (run:local)       ID.F08549.SPATIAL_RNA_COUNTER_CS.SPATIAL_MATRIX_COMPUTER._MATRIX_COMPUTER.BARCODE_CORRECTION.fork0.chnk085.main
2025-10-21 20:42:07 [runtime] (run:local)       ID.F08549.SPATIAL_RNA_COUNTER_CS.SPATIAL_MATRIX_COMPUTER._MATRIX_COMPUTER.BARCODE_CORRECTION.fork0.chnk086.main
2025-10-21 20:42:07 [runtime] (run:local)       ID.F08549.SPATIAL_RNA_COUNTER_CS.SPATIAL_MATRIX_COMPUTER._MATRIX_COMPUTER.BARCODE_CORRECTION.fork0.chnk087.main
2025-10-21 20:42:07 [runtime] (run:local)       ID.F08549.SPATIAL_RNA_COUNTER_CS.SPATIAL_MATRIX_COMPUTER._MATRIX_COMPUTER.BARCODE_CORRECTION.fork0.chnk088.main
2025-10-21 20:42:07 [runtime] (run:local)       ID.F08549.SPATIAL_RNA_COUNTER_CS.SPATIAL_MATRIX_COMPUTER._MATRIX_COMPUTER.BARCODE_CORRECTION.fork0.chnk089.main
2025-10-21 20:42:07 [runtime] (run:local)       ID.F08549.SPATIAL_RNA_COUNTER_CS.SPATIAL_MATRIX_COMPUTER._MATRIX_COMPUTER.BARCODE_CORRECTION.fork0.chnk090.main
2025-10-21 20:42:07 [runtime] (run:local)       ID.F08549.SPATIAL_RNA_COUNTER_CS.SPATIAL_MATRIX_COMPUTER._MATRIX_COMPUTER.BARCODE_CORRECTION.fork0.chnk091.main
2025-10-21 20:42:07 [runtime] (run:local)       ID.F08549.SPATIAL_RNA_COUNTER_CS.SPATIAL_MATRIX_COMPUTER._MATRIX_COMPUTER.BARCODE_CORRECTION.fork0.chnk092.main
2025-10-21 20:42:07 [runtime] (run:local)       ID.F08549.SPATIAL_RNA_COUNTER_CS.SPATIAL_MATRIX_COMPUTER._MATRIX_COMPUTER.BARCODE_CORRECTION.fork0.chnk093.main
2025-10-21 20:42:07 [runtime] (run:local)       ID.F08549.SPATIAL_RNA_COUNTER_CS.SPATIAL_MATRIX_COMPUTER._MATRIX_COMPUTER.BARCODE_CORRECTION.fork0.chnk094.main
2025-10-21 20:42:07 [runtime] (run:local)       ID.F08549.SPATIAL_RNA_COUNTER_CS.SPATIAL_MATRIX_COMPUTER._MATRIX_COMPUTER.BARCODE_CORRECTION.fork0.chnk095.main
2025-10-21 20:42:07 [runtime] (run:local)       ID.F08549.SPATIAL_RNA_COUNTER_CS.SPATIAL_MATRIX_COMPUTER._MATRIX_COMPUTER.BARCODE_CORRECTION.fork0.chnk096.main
2025-10-21 20:42:07 [runtime] (run:local)       ID.F08549.SPATIAL_RNA_COUNTER_CS.SPATIAL_MATRIX_COMPUTER._MATRIX_COMPUTER.BARCODE_CORRECTION.fork0.chnk097.main
2025-10-21 20:42:07 [runtime] (run:local)       ID.F08549.SPATIAL_RNA_COUNTER_CS.SPATIAL_MATRIX_COMPUTER._MATRIX_COMPUTER.BARCODE_CORRECTION.fork0.chnk098.main
2025-10-21 20:42:07 [runtime] (run:local)       ID.F08549.SPATIAL_RNA_COUNTER_CS.SPATIAL_MATRIX_COMPUTER._MATRIX_COMPUTER.BARCODE_CORRECTION.fork0.chnk099.main
2025-10-21 20:47:07 [runtime] (update)          ID.F08549.SPATIAL_RNA_COUNTER_CS.SPATIAL_MATRIX_COMPUTER._MATRIX_COMPUTER.BARCODE_CORRECTION.fork0 chunks running (21/100 completed)
2025-10-21 20:52:41 [runtime] (update)          ID.F08549.SPATIAL_RNA_COUNTER_CS.SPATIAL_MATRIX_COMPUTER._MATRIX_COMPUTER.BARCODE_CORRECTION.fork0 chunks running (69/100 completed)
2025-10-21 20:57:27 [runtime] (chunks_complete) ID.F08549.SPATIAL_RNA_COUNTER_CS.SPATIAL_MATRIX_COMPUTER._MATRIX_COMPUTER.BARCODE_CORRECTION
2025-10-21 20:57:27 [runtime] (run:local)       ID.F08549.SPATIAL_RNA_COUNTER_CS.SPATIAL_MATRIX_COMPUTER._MATRIX_COMPUTER.BARCODE_CORRECTION.fork0.join
2025-10-21 20:57:34 [runtime] (join_complete)   ID.F08549.SPATIAL_RNA_COUNTER_CS.SPATIAL_MATRIX_COMPUTER._MATRIX_COMPUTER.BARCODE_CORRECTION
2025-10-21 20:57:37 [runtime] (ready)           ID.F08549.SPATIAL_RNA_COUNTER_CS.SPATIAL_MATRIX_COMPUTER._MATRIX_COMPUTER.WRITE_BARCODE_INDEX
2025-10-21 20:57:37 [runtime] (run:local)       ID.F08549.SPATIAL_RNA_COUNTER_CS.SPATIAL_MATRIX_COMPUTER._MATRIX_COMPUTER.WRITE_BARCODE_INDEX.fork0.chnk0.main
2025-10-21 20:57:38 [runtime] (ready)           ID.F08549.SPATIAL_RNA_COUNTER_CS.SPATIAL_MATRIX_COMPUTER._MATRIX_COMPUTER.ALIGN_AND_COUNT
2025-10-21 20:57:38 [runtime] (run:local)       ID.F08549.SPATIAL_RNA_COUNTER_CS.SPATIAL_MATRIX_COMPUTER._MATRIX_COMPUTER.ALIGN_AND_COUNT.fork0.split
2025-10-21 20:57:38 [runtime] (chunks_complete) ID.F08549.SPATIAL_RNA_COUNTER_CS.SPATIAL_MATRIX_COMPUTER._MATRIX_COMPUTER.WRITE_BARCODE_INDEX
2025-10-21 20:57:39 [runtime] (split_complete)  ID.F08549.SPATIAL_RNA_COUNTER_CS.SPATIAL_MATRIX_COMPUTER._MATRIX_COMPUTER.ALIGN_AND_COUNT
2025-10-21 20:57:39 [runtime] (run:local)       ID.F08549.SPATIAL_RNA_COUNTER_CS.SPATIAL_MATRIX_COMPUTER._MATRIX_COMPUTER.ALIGN_AND_COUNT.fork0.chnk00.main
2025-10-21 20:57:39 [runtime] (run:local)       ID.F08549.SPATIAL_RNA_COUNTER_CS.SPATIAL_MATRIX_COMPUTER._MATRIX_COMPUTER.ALIGN_AND_COUNT.fork0.chnk01.main
2025-10-21 20:57:39 [runtime] (run:local)       ID.F08549.SPATIAL_RNA_COUNTER_CS.SPATIAL_MATRIX_COMPUTER._MATRIX_COMPUTER.ALIGN_AND_COUNT.fork0.chnk02.main
2025-10-21 20:57:39 [runtime] (run:local)       ID.F08549.SPATIAL_RNA_COUNTER_CS.SPATIAL_MATRIX_COMPUTER._MATRIX_COMPUTER.ALIGN_AND_COUNT.fork0.chnk03.main
2025-10-21 20:57:39 [runtime] (run:local)       ID.F08549.SPATIAL_RNA_COUNTER_CS.SPATIAL_MATRIX_COMPUTER._MATRIX_COMPUTER.ALIGN_AND_COUNT.fork0.chnk04.main
2025-10-21 20:57:39 [runtime] (run:local)       ID.F08549.SPATIAL_RNA_COUNTER_CS.SPATIAL_MATRIX_COMPUTER._MATRIX_COMPUTER.ALIGN_AND_COUNT.fork0.chnk05.main
2025-10-21 20:57:39 [runtime] (run:local)       ID.F08549.SPATIAL_RNA_COUNTER_CS.SPATIAL_MATRIX_COMPUTER._MATRIX_COMPUTER.ALIGN_AND_COUNT.fork0.chnk06.main
2025-10-21 20:57:39 [runtime] (run:local)       ID.F08549.SPATIAL_RNA_COUNTER_CS.SPATIAL_MATRIX_COMPUTER._MATRIX_COMPUTER.ALIGN_AND_COUNT.fork0.chnk07.main
2025-10-21 20:57:39 [runtime] (run:local)       ID.F08549.SPATIAL_RNA_COUNTER_CS.SPATIAL_MATRIX_COMPUTER._MATRIX_COMPUTER.ALIGN_AND_COUNT.fork0.chnk08.main
2025-10-21 20:57:39 [runtime] (run:local)       ID.F08549.SPATIAL_RNA_COUNTER_CS.SPATIAL_MATRIX_COMPUTER._MATRIX_COMPUTER.ALIGN_AND_COUNT.fork0.chnk09.main
2025-10-21 20:57:39 [runtime] (run:local)       ID.F08549.SPATIAL_RNA_COUNTER_CS.SPATIAL_MATRIX_COMPUTER._MATRIX_COMPUTER.ALIGN_AND_COUNT.fork0.chnk10.main
2025-10-21 20:57:39 [runtime] (run:local)       ID.F08549.SPATIAL_RNA_COUNTER_CS.SPATIAL_MATRIX_COMPUTER._MATRIX_COMPUTER.ALIGN_AND_COUNT.fork0.chnk11.main
2025-10-21 21:03:07 [runtime] (update)          ID.F08549.SPATIAL_RNA_COUNTER_CS.SPATIAL_MATRIX_COMPUTER._MATRIX_COMPUTER.ALIGN_AND_COUNT.fork0 chunks running (2/12 completed)
2025-10-21 21:08:28 [runtime] (update)          ID.F08549.SPATIAL_RNA_COUNTER_CS.SPATIAL_MATRIX_COMPUTER._MATRIX_COMPUTER.ALIGN_AND_COUNT.fork0 chunks running (5/12 completed)
2025-10-21 21:13:30 [runtime] (update)          ID.F08549.SPATIAL_RNA_COUNTER_CS.SPATIAL_MATRIX_COMPUTER._MATRIX_COMPUTER.ALIGN_AND_COUNT.fork0 chunks running (8/12 completed)
2025-10-21 21:18:34 [runtime] (update)          ID.F08549.SPATIAL_RNA_COUNTER_CS.SPATIAL_MATRIX_COMPUTER._MATRIX_COMPUTER.ALIGN_AND_COUNT.fork0 chunks running (10/12 completed)
2025-10-21 21:22:14 [runtime] (chunks_complete) ID.F08549.SPATIAL_RNA_COUNTER_CS.SPATIAL_MATRIX_COMPUTER._MATRIX_COMPUTER.ALIGN_AND_COUNT
2025-10-21 21:22:14 [runtime] (run:local)       ID.F08549.SPATIAL_RNA_COUNTER_CS.SPATIAL_MATRIX_COMPUTER._MATRIX_COMPUTER.ALIGN_AND_COUNT.fork0.join
2025-10-21 21:22:19 [runtime] (join_complete)   ID.F08549.SPATIAL_RNA_COUNTER_CS.SPATIAL_MATRIX_COMPUTER._MATRIX_COMPUTER.ALIGN_AND_COUNT
2025-10-21 21:22:26 [runtime] (ready)           ID.F08549.SPATIAL_RNA_COUNTER_CS.SPATIAL_MATRIX_COMPUTER._MATRIX_COMPUTER.WRITE_BARCODE_SUMMARY
2025-10-21 21:22:26 [runtime] (run:local)       ID.F08549.SPATIAL_RNA_COUNTER_CS.SPATIAL_MATRIX_COMPUTER._MATRIX_COMPUTER.WRITE_BARCODE_SUMMARY.fork0.split
2025-10-21 21:22:26 [runtime] (ready)           ID.F08549.SPATIAL_RNA_COUNTER_CS.SPATIAL_MATRIX_COMPUTER._MATRIX_COMPUTER.COLLATE_METRICS
2025-10-21 21:22:26 [runtime] (run:local)       ID.F08549.SPATIAL_RNA_COUNTER_CS.SPATIAL_MATRIX_COMPUTER._MATRIX_COMPUTER.COLLATE_METRICS.fork0.split
2025-10-21 21:22:26 [runtime] (ready)           ID.F08549.SPATIAL_RNA_COUNTER_CS.SPATIAL_MATRIX_COMPUTER._MATRIX_COMPUTER.WRITE_H5_MATRIX
2025-10-21 21:22:26 [runtime] (run:local)       ID.F08549.SPATIAL_RNA_COUNTER_CS.SPATIAL_MATRIX_COMPUTER._MATRIX_COMPUTER.WRITE_H5_MATRIX.fork0.split
2025-10-21 21:22:26 [runtime] (ready)           ID.F08549.SPATIAL_RNA_COUNTER_CS.SPATIAL_MATRIX_COMPUTER._MATRIX_COMPUTER.WRITE_MATRIX_MARKET
2025-10-21 21:22:26 [runtime] (run:local)       ID.F08549.SPATIAL_RNA_COUNTER_CS.SPATIAL_MATRIX_COMPUTER._MATRIX_COMPUTER.WRITE_MATRIX_MARKET.fork0.split
2025-10-21 21:22:26 [runtime] (split_complete)  ID.F08549.SPATIAL_RNA_COUNTER_CS.SPATIAL_MATRIX_COMPUTER._MATRIX_COMPUTER.WRITE_BARCODE_SUMMARY
2025-10-21 21:22:26 [runtime] (run:local)       ID.F08549.SPATIAL_RNA_COUNTER_CS.SPATIAL_MATRIX_COMPUTER._MATRIX_COMPUTER.WRITE_BARCODE_SUMMARY.fork0.join
2025-10-21 21:22:26 [runtime] (split_complete)  ID.F08549.SPATIAL_RNA_COUNTER_CS.SPATIAL_MATRIX_COMPUTER._MATRIX_COMPUTER.WRITE_H5_MATRIX
2025-10-21 21:22:26 [runtime] (run:local)       ID.F08549.SPATIAL_RNA_COUNTER_CS.SPATIAL_MATRIX_COMPUTER._MATRIX_COMPUTER.WRITE_H5_MATRIX.fork0.join
2025-10-21 21:22:26 [runtime] (split_complete)  ID.F08549.SPATIAL_RNA_COUNTER_CS.SPATIAL_MATRIX_COMPUTER._MATRIX_COMPUTER.WRITE_MATRIX_MARKET
2025-10-21 21:22:26 [runtime] (run:local)       ID.F08549.SPATIAL_RNA_COUNTER_CS.SPATIAL_MATRIX_COMPUTER._MATRIX_COMPUTER.WRITE_MATRIX_MARKET.fork0.join
2025-10-21 21:22:26 [runtime] (split_complete)  ID.F08549.SPATIAL_RNA_COUNTER_CS.SPATIAL_MATRIX_COMPUTER._MATRIX_COMPUTER.COLLATE_METRICS
2025-10-21 21:22:26 [runtime] (run:local)       ID.F08549.SPATIAL_RNA_COUNTER_CS.SPATIAL_MATRIX_COMPUTER._MATRIX_COMPUTER.COLLATE_METRICS.fork0.chnk0.main
2025-10-21 21:22:41 [runtime] (join_complete)   ID.F08549.SPATIAL_RNA_COUNTER_CS.SPATIAL_MATRIX_COMPUTER._MATRIX_COMPUTER.WRITE_MATRIX_MARKET
2025-10-21 21:22:42 [runtime] (join_complete)   ID.F08549.SPATIAL_RNA_COUNTER_CS.SPATIAL_MATRIX_COMPUTER._MATRIX_COMPUTER.WRITE_H5_MATRIX
2025-10-21 21:22:42 [runtime] (ready)           ID.F08549.SPATIAL_RNA_COUNTER_CS.SPATIAL_RNA_COUNTER.SPATIAL_POST_MATRIX_COMPUTATION._POST_MATRIX_COMPUTATION.DISABLE_STAGES
2025-10-21 21:22:42 [runtime] (run:local)       ID.F08549.SPATIAL_RNA_COUNTER_CS.SPATIAL_RNA_COUNTER.SPATIAL_POST_MATRIX_COMPUTATION._POST_MATRIX_COMPUTATION.DISABLE_STAGES.fork0.chnk0.main
2025-10-21 21:22:42 [runtime] (ready)           ID.F08549.SPATIAL_RNA_COUNTER_CS.SPATIAL_IMAGING_CS.REGISTER_TISSUE.END_TO_END_REGISTRATION
2025-10-21 21:22:42 [runtime] (run:local)       ID.F08549.SPATIAL_RNA_COUNTER_CS.SPATIAL_IMAGING_CS.REGISTER_TISSUE.END_TO_END_REGISTRATION.fork0.split
2025-10-21 21:22:46 [runtime] (chunks_complete) ID.F08549.SPATIAL_RNA_COUNTER_CS.SPATIAL_RNA_COUNTER.SPATIAL_POST_MATRIX_COMPUTATION._POST_MATRIX_COMPUTATION.DISABLE_STAGES
2025-10-21 21:22:46 [runtime] (ready)           ID.F08549.SPATIAL_RNA_COUNTER_CS.SPATIAL_RNA_COUNTER.SPATIAL_POST_MATRIX_COMPUTATION._POST_MATRIX_COMPUTATION.WRITE_POS_BAM
2025-10-21 21:22:46 [runtime] (ready)           ID.F08549.SPATIAL_RNA_COUNTER_CS.SPATIAL_RNA_COUNTER.SPATIAL_POST_MATRIX_COMPUTATION._POST_MATRIX_COMPUTATION._ASSIGN_TAGS.MULTIPLEXING_METHOD
2025-10-21 21:22:47 [runtime] (split_complete)  ID.F08549.SPATIAL_RNA_COUNTER_CS.SPATIAL_IMAGING_CS.REGISTER_TISSUE.END_TO_END_REGISTRATION
2025-10-21 21:22:47 [runtime] (run:local)       ID.F08549.SPATIAL_RNA_COUNTER_CS.SPATIAL_IMAGING_CS.REGISTER_TISSUE.END_TO_END_REGISTRATION.fork0.join
2025-10-21 21:23:02 [runtime] (join_complete)   ID.F08549.SPATIAL_RNA_COUNTER_CS.SPATIAL_MATRIX_COMPUTER._MATRIX_COMPUTER.WRITE_BARCODE_SUMMARY
2025-10-21 21:23:03 [runtime] (chunks_complete) ID.F08549.SPATIAL_RNA_COUNTER_CS.SPATIAL_MATRIX_COMPUTER._MATRIX_COMPUTER.COLLATE_METRICS
2025-10-21 21:23:03 [runtime] (run:local)       ID.F08549.SPATIAL_RNA_COUNTER_CS.SPATIAL_MATRIX_COMPUTER._MATRIX_COMPUTER.COLLATE_METRICS.fork0.join
2025-10-21 21:23:03 [runtime] (join_complete)   ID.F08549.SPATIAL_RNA_COUNTER_CS.SPATIAL_MATRIX_COMPUTER._MATRIX_COMPUTER.COLLATE_METRICS
2025-10-21 21:23:03 [runtime] (ready)           ID.F08549.SPATIAL_RNA_COUNTER_CS.SPATIAL_MATRIX_COMPUTER._MATRIX_COMPUTER.MERGE_METRICS
2025-10-21 21:23:03 [runtime] (run:local)       ID.F08549.SPATIAL_RNA_COUNTER_CS.SPATIAL_MATRIX_COMPUTER._MATRIX_COMPUTER.MERGE_METRICS.fork0.chnk0.main
2025-10-21 21:23:03 [runtime] (chunks_complete) ID.F08549.SPATIAL_RNA_COUNTER_CS.SPATIAL_MATRIX_COMPUTER._MATRIX_COMPUTER.MERGE_METRICS
2025-10-21 21:23:29 [runtime] (join_complete)   ID.F08549.SPATIAL_RNA_COUNTER_CS.SPATIAL_IMAGING_CS.REGISTER_TISSUE.END_TO_END_REGISTRATION
2025-10-21 21:23:29 [runtime] (ready)           ID.F08549.SPATIAL_RNA_COUNTER_CS.SPATIAL_IMAGING_CS.PICK_REGISTERED_SPOT_DATA
2025-10-21 21:23:30 [runtime] (run:local)       ID.F08549.SPATIAL_RNA_COUNTER_CS.SPATIAL_IMAGING_CS.PICK_REGISTERED_SPOT_DATA.fork0.chnk0.main
2025-10-21 21:23:30 [runtime] (chunks_complete) ID.F08549.SPATIAL_RNA_COUNTER_CS.SPATIAL_IMAGING_CS.PICK_REGISTERED_SPOT_DATA
2025-10-21 21:23:30 [runtime] (ready)           ID.F08549.SPATIAL_RNA_COUNTER_CS.SPATIAL_IMAGING_CS.DETECT_TISSUE
2025-10-21 21:23:30 [runtime] (run:local)       ID.F08549.SPATIAL_RNA_COUNTER_CS.SPATIAL_IMAGING_CS.DETECT_TISSUE.fork0.split
2025-10-21 21:23:30 [runtime] (ready)           ID.F08549.SPATIAL_RNA_COUNTER_CS.SPATIAL_RNA_COUNTER.SPATIAL_POST_MATRIX_COMPUTATION.BIN_HD_DATA._BIN_HD_DATA.CREATE_HD_FEATURE_SLICE
2025-10-21 21:23:30 [runtime] (run:local)       ID.F08549.SPATIAL_RNA_COUNTER_CS.SPATIAL_RNA_COUNTER.SPATIAL_POST_MATRIX_COMPUTATION.BIN_HD_DATA._BIN_HD_DATA.CREATE_HD_FEATURE_SLICE.fork0.split
2025-10-21 21:23:31 [runtime] (split_complete)  ID.F08549.SPATIAL_RNA_COUNTER_CS.SPATIAL_RNA_COUNTER.SPATIAL_POST_MATRIX_COMPUTATION.BIN_HD_DATA._BIN_HD_DATA.CREATE_HD_FEATURE_SLICE
2025-10-21 21:23:31 [runtime] (run:local)       ID.F08549.SPATIAL_RNA_COUNTER_CS.SPATIAL_RNA_COUNTER.SPATIAL_POST_MATRIX_COMPUTATION.BIN_HD_DATA._BIN_HD_DATA.CREATE_HD_FEATURE_SLICE.fork0.join
2025-10-21 21:23:33 [runtime] (split_complete)  ID.F08549.SPATIAL_RNA_COUNTER_CS.SPATIAL_IMAGING_CS.DETECT_TISSUE
2025-10-21 21:23:33 [runtime] (run:local)       ID.F08549.SPATIAL_RNA_COUNTER_CS.SPATIAL_IMAGING_CS.DETECT_TISSUE.fork0.join
2025-10-21 21:24:18 [runtime] (join_complete)   ID.F08549.SPATIAL_RNA_COUNTER_CS.SPATIAL_RNA_COUNTER.SPATIAL_POST_MATRIX_COMPUTATION.BIN_HD_DATA._BIN_HD_DATA.CREATE_HD_FEATURE_SLICE
2025-10-21 21:29:10 [runtime] (join_complete)   ID.F08549.SPATIAL_RNA_COUNTER_CS.SPATIAL_IMAGING_CS.DETECT_TISSUE
2025-10-21 21:29:10 [runtime] (ready)           ID.F08549.SPATIAL_RNA_COUNTER_CS.SPATIAL_IMAGING_CS.COLLECT_IMAGING_METRICS
2025-10-21 21:29:11 [runtime] (run:local)       ID.F08549.SPATIAL_RNA_COUNTER_CS.SPATIAL_IMAGING_CS.COLLECT_IMAGING_METRICS.fork0.chnk0.main
2025-10-21 21:29:11 [runtime] (ready)           ID.F08549.SPATIAL_RNA_COUNTER_CS.SPATIAL_IMAGING_CS.OUTPUT_FINAL_ALIGNMENT
2025-10-21 21:29:11 [runtime] (run:local)       ID.F08549.SPATIAL_RNA_COUNTER_CS.SPATIAL_IMAGING_CS.OUTPUT_FINAL_ALIGNMENT.fork0.chnk0.main
2025-10-21 21:29:11 [runtime] (ready)           ID.F08549.SPATIAL_RNA_COUNTER_CS.SPATIAL_IMAGING_CS.OUTPUT_SPOTS_BARCODES
2025-10-21 21:29:11 [runtime] (run:local)       ID.F08549.SPATIAL_RNA_COUNTER_CS.SPATIAL_IMAGING_CS.OUTPUT_SPOTS_BARCODES.fork0.split
2025-10-21 21:29:32 [runtime] (split_complete)  ID.F08549.SPATIAL_RNA_COUNTER_CS.SPATIAL_IMAGING_CS.OUTPUT_SPOTS_BARCODES
2025-10-21 21:29:32 [runtime] (run:local)       ID.F08549.SPATIAL_RNA_COUNTER_CS.SPATIAL_IMAGING_CS.OUTPUT_SPOTS_BARCODES.fork0.join
2025-10-21 21:29:33 [runtime] (chunks_complete) ID.F08549.SPATIAL_RNA_COUNTER_CS.SPATIAL_IMAGING_CS.COLLECT_IMAGING_METRICS
2025-10-21 21:29:33 [runtime] (chunks_complete) ID.F08549.SPATIAL_RNA_COUNTER_CS.SPATIAL_IMAGING_CS.OUTPUT_FINAL_ALIGNMENT
2025-10-21 21:29:33 [runtime] (ready)           ID.F08549.SPATIAL_RNA_COUNTER_CS.SPATIAL_IMAGING_CS.SEGMENT_NUCLEI.NORMALIZE_TISSUE_IMAGE
2025-10-21 21:29:33 [runtime] (run:local)       ID.F08549.SPATIAL_RNA_COUNTER_CS.SPATIAL_IMAGING_CS.SEGMENT_NUCLEI.NORMALIZE_TISSUE_IMAGE.fork0.split
2025-10-21 21:29:34 [runtime] (split_complete)  ID.F08549.SPATIAL_RNA_COUNTER_CS.SPATIAL_IMAGING_CS.SEGMENT_NUCLEI.NORMALIZE_TISSUE_IMAGE
2025-10-21 21:29:34 [runtime] (run:local)       ID.F08549.SPATIAL_RNA_COUNTER_CS.SPATIAL_IMAGING_CS.SEGMENT_NUCLEI.NORMALIZE_TISSUE_IMAGE.fork0.join
2025-10-21 21:29:39 [runtime] (join_complete)   ID.F08549.SPATIAL_RNA_COUNTER_CS.SPATIAL_IMAGING_CS.SEGMENT_NUCLEI.NORMALIZE_TISSUE_IMAGE
2025-10-21 21:29:39 [runtime] (ready)           ID.F08549.SPATIAL_RNA_COUNTER_CS.SPATIAL_IMAGING_CS.SEGMENT_NUCLEI.RUN_NUCLEI_SEGMENTATION
2025-10-21 21:29:39 [runtime] (run:local)       ID.F08549.SPATIAL_RNA_COUNTER_CS.SPATIAL_IMAGING_CS.SEGMENT_NUCLEI.RUN_NUCLEI_SEGMENTATION.fork0.split
2025-10-21 21:29:42 [runtime] (split_complete)  ID.F08549.SPATIAL_RNA_COUNTER_CS.SPATIAL_IMAGING_CS.SEGMENT_NUCLEI.RUN_NUCLEI_SEGMENTATION
2025-10-21 21:29:42 [runtime] (run:local)       ID.F08549.SPATIAL_RNA_COUNTER_CS.SPATIAL_IMAGING_CS.SEGMENT_NUCLEI.RUN_NUCLEI_SEGMENTATION.fork0.join
2025-10-21 21:30:05 [runtime] (join_complete)   ID.F08549.SPATIAL_RNA_COUNTER_CS.SPATIAL_IMAGING_CS.OUTPUT_SPOTS_BARCODES
2025-10-21 21:30:06 [runtime] (ready)           ID.F08549.SPATIAL_RNA_COUNTER_CS.SPATIAL_IMAGING_CS.CALCULATE_FLUORESCENCE_INTENSITY
2025-10-21 21:30:06 [runtime] (run:local)       ID.F08549.SPATIAL_RNA_COUNTER_CS.SPATIAL_IMAGING_CS.CALCULATE_FLUORESCENCE_INTENSITY.fork0.split
2025-10-21 21:30:06 [runtime] (ready)           ID.F08549.SPATIAL_RNA_COUNTER_CS.SPATIAL_RNA_COUNTER.SPATIAL_POST_MATRIX_COMPUTATION._POST_MATRIX_COMPUTATION.FILTER_BARCODES
2025-10-21 21:30:06 [runtime] (run:local)       ID.F08549.SPATIAL_RNA_COUNTER_CS.SPATIAL_RNA_COUNTER.SPATIAL_POST_MATRIX_COMPUTATION._POST_MATRIX_COMPUTATION.FILTER_BARCODES.fork0.split
2025-10-21 21:30:06 [runtime] (ready)           ID.F08549.SPATIAL_RNA_COUNTER_CS.SPATIAL_RNA_COUNTER.SPATIAL_POST_MATRIX_COMPUTATION.BIN_HD_DATA._BIN_HD_DATA.PROCESS_HD_ALIGNMENT
2025-10-21 21:30:06 [runtime] (run:local)       ID.F08549.SPATIAL_RNA_COUNTER_CS.SPATIAL_RNA_COUNTER.SPATIAL_POST_MATRIX_COMPUTATION.BIN_HD_DATA._BIN_HD_DATA.PROCESS_HD_ALIGNMENT.fork0.chnk0.main
2025-10-21 21:35:41 [runtime] (join_complete)   ID.F08549.SPATIAL_RNA_COUNTER_CS.SPATIAL_IMAGING_CS.SEGMENT_NUCLEI.RUN_NUCLEI_SEGMENTATION
2025-10-21 21:35:41 [runtime] (update)          ID.F08549.SPATIAL_RNA_COUNTER_CS.SPATIAL_IMAGING_CS.CALCULATE_FLUORESCENCE_INTENSITY.fork0 split_running
2025-10-21 21:35:41 [runtime] (update)          ID.F08549.SPATIAL_RNA_COUNTER_CS.SPATIAL_RNA_COUNTER.SPATIAL_POST_MATRIX_COMPUTATION.BIN_HD_DATA._BIN_HD_DATA.PROCESS_HD_ALIGNMENT.fork0 chunks_running
2025-10-21 21:35:41 [runtime] (update)          ID.F08549.SPATIAL_RNA_COUNTER_CS.SPATIAL_RNA_COUNTER.SPATIAL_POST_MATRIX_COMPUTATION._POST_MATRIX_COMPUTATION.FILTER_BARCODES.fork0 split_running
2025-10-21 21:35:41 [runtime] (ready)           ID.F08549.SPATIAL_RNA_COUNTER_CS.SPATIAL_RNA_COUNTER.SPATIAL_POST_MATRIX_COMPUTATION.BIN_HD_DATA._BIN_HD_DATA.PROCESS_SEGMENTATIONS._PROCESS_SEGMENTATIONS.SEGMENT_TO_FEATURE_CELL_MATRIX.SETUP_SEGMENTATION_PROCESSING
2025-10-21 21:35:41 [runtime] (run:local)       ID.F08549.SPATIAL_RNA_COUNTER_CS.SPATIAL_RNA_COUNTER.SPATIAL_POST_MATRIX_COMPUTATION.BIN_HD_DATA._BIN_HD_DATA.PROCESS_SEGMENTATIONS._PROCESS_SEGMENTATIONS.SEGMENT_TO_FEATURE_CELL_MATRIX.SETUP_SEGMENTATION_PROCESSING.fork0.chnk0.main
2025-10-21 21:35:42 [runtime] (chunks_complete) ID.F08549.SPATIAL_RNA_COUNTER_CS.SPATIAL_RNA_COUNTER.SPATIAL_POST_MATRIX_COMPUTATION.BIN_HD_DATA._BIN_HD_DATA.PROCESS_SEGMENTATIONS._PROCESS_SEGMENTATIONS.SEGMENT_TO_FEATURE_CELL_MATRIX.SETUP_SEGMENTATION_PROCESSING
2025-10-21 21:35:43 [runtime] (split_complete)  ID.F08549.SPATIAL_RNA_COUNTER_CS.SPATIAL_IMAGING_CS.CALCULATE_FLUORESCENCE_INTENSITY
2025-10-21 21:35:43 [runtime] (run:local)       ID.F08549.SPATIAL_RNA_COUNTER_CS.SPATIAL_IMAGING_CS.CALCULATE_FLUORESCENCE_INTENSITY.fork0.join
2025-10-21 21:35:47 [runtime] (join_complete)   ID.F08549.SPATIAL_RNA_COUNTER_CS.SPATIAL_IMAGING_CS.CALCULATE_FLUORESCENCE_INTENSITY
2025-10-21 21:35:47 [runtime] (split_complete)  ID.F08549.SPATIAL_RNA_COUNTER_CS.SPATIAL_RNA_COUNTER.SPATIAL_POST_MATRIX_COMPUTATION._POST_MATRIX_COMPUTATION.FILTER_BARCODES
2025-10-21 21:35:47 [runtime] (run:local)       ID.F08549.SPATIAL_RNA_COUNTER_CS.SPATIAL_RNA_COUNTER.SPATIAL_POST_MATRIX_COMPUTATION._POST_MATRIX_COMPUTATION.FILTER_BARCODES.fork0.chnk0.main
2025-10-21 21:36:13 [runtime] (chunks_complete) ID.F08549.SPATIAL_RNA_COUNTER_CS.SPATIAL_RNA_COUNTER.SPATIAL_POST_MATRIX_COMPUTATION.BIN_HD_DATA._BIN_HD_DATA.PROCESS_HD_ALIGNMENT
2025-10-21 21:36:14 [runtime] (ready)           ID.F08549.SPATIAL_RNA_COUNTER_CS.SPATIAL_RNA_COUNTER.SPATIAL_POST_MATRIX_COMPUTATION.BIN_HD_DATA._BIN_HD_DATA._COMPUTE_BINNED_OUTPUTS.CREATE_TOTAL_UMI_IMAGE.fork_square_002um
2025-10-21 21:36:14 [runtime] (run:local)       ID.F08549.SPATIAL_RNA_COUNTER_CS.SPATIAL_RNA_COUNTER.SPATIAL_POST_MATRIX_COMPUTATION.BIN_HD_DATA._BIN_HD_DATA._COMPUTE_BINNED_OUTPUTS.CREATE_TOTAL_UMI_IMAGE.fork_square_002um.chnk0.main
2025-10-21 21:36:14 [runtime] (ready)           ID.F08549.SPATIAL_RNA_COUNTER_CS.SPATIAL_RNA_COUNTER.SPATIAL_POST_MATRIX_COMPUTATION.BIN_HD_DATA._BIN_HD_DATA._COMPUTE_BINNED_OUTPUTS.CREATE_TOTAL_UMI_IMAGE.fork_square_008um
2025-10-21 21:36:14 [runtime] (run:local)       ID.F08549.SPATIAL_RNA_COUNTER_CS.SPATIAL_RNA_COUNTER.SPATIAL_POST_MATRIX_COMPUTATION.BIN_HD_DATA._BIN_HD_DATA._COMPUTE_BINNED_OUTPUTS.CREATE_TOTAL_UMI_IMAGE.fork_square_008um.chnk0.main
2025-10-21 21:36:14 [runtime] (ready)           ID.F08549.SPATIAL_RNA_COUNTER_CS.SPATIAL_RNA_COUNTER.SPATIAL_POST_MATRIX_COMPUTATION.BIN_HD_DATA._BIN_HD_DATA._COMPUTE_BINNED_OUTPUTS.CREATE_TOTAL_UMI_IMAGE.fork_square_016um
2025-10-21 21:36:14 [runtime] (run:local)       ID.F08549.SPATIAL_RNA_COUNTER_CS.SPATIAL_RNA_COUNTER.SPATIAL_POST_MATRIX_COMPUTATION.BIN_HD_DATA._BIN_HD_DATA._COMPUTE_BINNED_OUTPUTS.CREATE_TOTAL_UMI_IMAGE.fork_square_016um.chnk0.main
2025-10-21 21:36:14 [runtime] (ready)           ID.F08549.SPATIAL_RNA_COUNTER_CS.SPATIAL_RNA_COUNTER.SPATIAL_POST_MATRIX_COMPUTATION.BIN_HD_DATA._BIN_HD_DATA._COMPUTE_BINNED_OUTPUTS.BIN_COUNT_MATRIX.fork_square_002um
2025-10-21 21:36:14 [runtime] (run:local)       ID.F08549.SPATIAL_RNA_COUNTER_CS.SPATIAL_RNA_COUNTER.SPATIAL_POST_MATRIX_COMPUTATION.BIN_HD_DATA._BIN_HD_DATA._COMPUTE_BINNED_OUTPUTS.BIN_COUNT_MATRIX.fork_square_002um.chnk0.main
2025-10-21 21:36:14 [runtime] (ready)           ID.F08549.SPATIAL_RNA_COUNTER_CS.SPATIAL_RNA_COUNTER.SPATIAL_POST_MATRIX_COMPUTATION.BIN_HD_DATA._BIN_HD_DATA._COMPUTE_BINNED_OUTPUTS.BIN_COUNT_MATRIX.fork_square_008um
2025-10-21 21:36:14 [runtime] (run:local)       ID.F08549.SPATIAL_RNA_COUNTER_CS.SPATIAL_RNA_COUNTER.SPATIAL_POST_MATRIX_COMPUTATION.BIN_HD_DATA._BIN_HD_DATA._COMPUTE_BINNED_OUTPUTS.BIN_COUNT_MATRIX.fork_square_008um.chnk0.main
2025-10-21 21:36:14 [runtime] (ready)           ID.F08549.SPATIAL_RNA_COUNTER_CS.SPATIAL_RNA_COUNTER.SPATIAL_POST_MATRIX_COMPUTATION.BIN_HD_DATA._BIN_HD_DATA._COMPUTE_BINNED_OUTPUTS.BIN_COUNT_MATRIX.fork_square_016um
2025-10-21 21:36:14 [runtime] (run:local)       ID.F08549.SPATIAL_RNA_COUNTER_CS.SPATIAL_RNA_COUNTER.SPATIAL_POST_MATRIX_COMPUTATION.BIN_HD_DATA._BIN_HD_DATA._COMPUTE_BINNED_OUTPUTS.BIN_COUNT_MATRIX.fork_square_016um.chnk0.main
2025-10-21 21:36:36 [runtime] (chunks_complete) ID.F08549.SPATIAL_RNA_COUNTER_CS.SPATIAL_RNA_COUNTER.SPATIAL_POST_MATRIX_COMPUTATION._POST_MATRIX_COMPUTATION.FILTER_BARCODES
2025-10-21 21:36:36 [runtime] (run:local)       ID.F08549.SPATIAL_RNA_COUNTER_CS.SPATIAL_RNA_COUNTER.SPATIAL_POST_MATRIX_COMPUTATION._POST_MATRIX_COMPUTATION.FILTER_BARCODES.fork0.join
2025-10-21 21:37:30 [runtime] (chunks_complete) ID.F08549.SPATIAL_RNA_COUNTER_CS.SPATIAL_RNA_COUNTER.SPATIAL_POST_MATRIX_COMPUTATION.BIN_HD_DATA._BIN_HD_DATA._COMPUTE_BINNED_OUTPUTS.CREATE_TOTAL_UMI_IMAGE.fork_square_008um
2025-10-21 21:37:31 [runtime] (complete)        ID.F08549.SPATIAL_RNA_COUNTER_CS.SPATIAL_RNA_COUNTER.SPATIAL_POST_MATRIX_COMPUTATION.BIN_HD_DATA._BIN_HD_DATA._COMPUTE_BINNED_OUTPUTS.CREATE_TOTAL_UMI_IMAGE.fork_square_008um
2025-10-21 21:37:31 [runtime] (chunks_complete) ID.F08549.SPATIAL_RNA_COUNTER_CS.SPATIAL_RNA_COUNTER.SPATIAL_POST_MATRIX_COMPUTATION.BIN_HD_DATA._BIN_HD_DATA._COMPUTE_BINNED_OUTPUTS.CREATE_TOTAL_UMI_IMAGE.fork_square_016um
2025-10-21 21:37:34 [runtime] (complete)        ID.F08549.SPATIAL_RNA_COUNTER_CS.SPATIAL_RNA_COUNTER.SPATIAL_POST_MATRIX_COMPUTATION.BIN_HD_DATA._BIN_HD_DATA._COMPUTE_BINNED_OUTPUTS.CREATE_TOTAL_UMI_IMAGE.fork_square_008um
2025-10-21 21:37:34 [runtime] (complete)        ID.F08549.SPATIAL_RNA_COUNTER_CS.SPATIAL_RNA_COUNTER.SPATIAL_POST_MATRIX_COMPUTATION.BIN_HD_DATA._BIN_HD_DATA._COMPUTE_BINNED_OUTPUTS.CREATE_TOTAL_UMI_IMAGE.fork_square_016um
2025-10-21 21:37:37 [runtime] (complete)        ID.F08549.SPATIAL_RNA_COUNTER_CS.SPATIAL_RNA_COUNTER.SPATIAL_POST_MATRIX_COMPUTATION.BIN_HD_DATA._BIN_HD_DATA._COMPUTE_BINNED_OUTPUTS.CREATE_TOTAL_UMI_IMAGE.fork_square_008um
2025-10-21 21:37:37 [runtime] (complete)        ID.F08549.SPATIAL_RNA_COUNTER_CS.SPATIAL_RNA_COUNTER.SPATIAL_POST_MATRIX_COMPUTATION.BIN_HD_DATA._BIN_HD_DATA._COMPUTE_BINNED_OUTPUTS.CREATE_TOTAL_UMI_IMAGE.fork_square_016um
2025-10-21 21:37:40 [runtime] (complete)        ID.F08549.SPATIAL_RNA_COUNTER_CS.SPATIAL_RNA_COUNTER.SPATIAL_POST_MATRIX_COMPUTATION.BIN_HD_DATA._BIN_HD_DATA._COMPUTE_BINNED_OUTPUTS.CREATE_TOTAL_UMI_IMAGE.fork_square_008um
2025-10-21 21:37:40 [runtime] (complete)        ID.F08549.SPATIAL_RNA_COUNTER_CS.SPATIAL_RNA_COUNTER.SPATIAL_POST_MATRIX_COMPUTATION.BIN_HD_DATA._BIN_HD_DATA._COMPUTE_BINNED_OUTPUTS.CREATE_TOTAL_UMI_IMAGE.fork_square_016um
2025-10-21 21:37:44 [runtime] (complete)        ID.F08549.SPATIAL_RNA_COUNTER_CS.SPATIAL_RNA_COUNTER.SPATIAL_POST_MATRIX_COMPUTATION.BIN_HD_DATA._BIN_HD_DATA._COMPUTE_BINNED_OUTPUTS.CREATE_TOTAL_UMI_IMAGE.fork_square_008um
2025-10-21 21:37:44 [runtime] (complete)        ID.F08549.SPATIAL_RNA_COUNTER_CS.SPATIAL_RNA_COUNTER.SPATIAL_POST_MATRIX_COMPUTATION.BIN_HD_DATA._BIN_HD_DATA._COMPUTE_BINNED_OUTPUTS.CREATE_TOTAL_UMI_IMAGE.fork_square_016um
2025-10-21 21:37:47 [runtime] (chunks_complete) ID.F08549.SPATIAL_RNA_COUNTER_CS.SPATIAL_RNA_COUNTER.SPATIAL_POST_MATRIX_COMPUTATION.BIN_HD_DATA._BIN_HD_DATA._COMPUTE_BINNED_OUTPUTS.CREATE_TOTAL_UMI_IMAGE.fork_square_002um
2025-10-21 21:37:48 [runtime] (complete)        ID.F08549.SPATIAL_RNA_COUNTER_CS.SPATIAL_RNA_COUNTER.SPATIAL_POST_MATRIX_COMPUTATION.BIN_HD_DATA._BIN_HD_DATA._COMPUTE_BINNED_OUTPUTS.CREATE_TOTAL_UMI_IMAGE.fork_square_008um
2025-10-21 21:37:48 [runtime] (complete)        ID.F08549.SPATIAL_RNA_COUNTER_CS.SPATIAL_RNA_COUNTER.SPATIAL_POST_MATRIX_COMPUTATION.BIN_HD_DATA._BIN_HD_DATA._COMPUTE_BINNED_OUTPUTS.CREATE_TOTAL_UMI_IMAGE.fork_square_016um
2025-10-21 21:38:00 [runtime] (chunks_complete) ID.F08549.SPATIAL_RNA_COUNTER_CS.SPATIAL_RNA_COUNTER.SPATIAL_POST_MATRIX_COMPUTATION.BIN_HD_DATA._BIN_HD_DATA._COMPUTE_BINNED_OUTPUTS.BIN_COUNT_MATRIX.fork_square_002um
2025-10-21 21:38:03 [runtime] (complete)        ID.F08549.SPATIAL_RNA_COUNTER_CS.SPATIAL_RNA_COUNTER.SPATIAL_POST_MATRIX_COMPUTATION.BIN_HD_DATA._BIN_HD_DATA._COMPUTE_BINNED_OUTPUTS.BIN_COUNT_MATRIX.fork_square_002um
2025-10-21 21:38:06 [runtime] (complete)        ID.F08549.SPATIAL_RNA_COUNTER_CS.SPATIAL_RNA_COUNTER.SPATIAL_POST_MATRIX_COMPUTATION.BIN_HD_DATA._BIN_HD_DATA._COMPUTE_BINNED_OUTPUTS.BIN_COUNT_MATRIX.fork_square_002um
2025-10-21 21:38:09 [runtime] (complete)        ID.F08549.SPATIAL_RNA_COUNTER_CS.SPATIAL_RNA_COUNTER.SPATIAL_POST_MATRIX_COMPUTATION.BIN_HD_DATA._BIN_HD_DATA._COMPUTE_BINNED_OUTPUTS.BIN_COUNT_MATRIX.fork_square_002um
2025-10-21 21:38:12 [runtime] (complete)        ID.F08549.SPATIAL_RNA_COUNTER_CS.SPATIAL_RNA_COUNTER.SPATIAL_POST_MATRIX_COMPUTATION.BIN_HD_DATA._BIN_HD_DATA._COMPUTE_BINNED_OUTPUTS.BIN_COUNT_MATRIX.fork_square_002um
2025-10-21 21:38:13 [runtime] (complete)        ID.F08549.SPATIAL_RNA_COUNTER_CS.SPATIAL_RNA_COUNTER.SPATIAL_POST_MATRIX_COMPUTATION.BIN_HD_DATA._BIN_HD_DATA._COMPUTE_BINNED_OUTPUTS.BIN_COUNT_MATRIX.fork_square_002um
2025-10-21 21:38:13 [runtime] (chunks_complete) ID.F08549.SPATIAL_RNA_COUNTER_CS.SPATIAL_RNA_COUNTER.SPATIAL_POST_MATRIX_COMPUTATION.BIN_HD_DATA._BIN_HD_DATA._COMPUTE_BINNED_OUTPUTS.BIN_COUNT_MATRIX.fork_square_008um
2025-10-21 21:38:16 [runtime] (complete)        ID.F08549.SPATIAL_RNA_COUNTER_CS.SPATIAL_RNA_COUNTER.SPATIAL_POST_MATRIX_COMPUTATION.BIN_HD_DATA._BIN_HD_DATA._COMPUTE_BINNED_OUTPUTS.BIN_COUNT_MATRIX.fork_square_002um
2025-10-21 21:38:16 [runtime] (complete)        ID.F08549.SPATIAL_RNA_COUNTER_CS.SPATIAL_RNA_COUNTER.SPATIAL_POST_MATRIX_COMPUTATION.BIN_HD_DATA._BIN_HD_DATA._COMPUTE_BINNED_OUTPUTS.BIN_COUNT_MATRIX.fork_square_008um
2025-10-21 21:38:19 [runtime] (complete)        ID.F08549.SPATIAL_RNA_COUNTER_CS.SPATIAL_RNA_COUNTER.SPATIAL_POST_MATRIX_COMPUTATION.BIN_HD_DATA._BIN_HD_DATA._COMPUTE_BINNED_OUTPUTS.BIN_COUNT_MATRIX.fork_square_002um
2025-10-21 21:38:19 [runtime] (complete)        ID.F08549.SPATIAL_RNA_COUNTER_CS.SPATIAL_RNA_COUNTER.SPATIAL_POST_MATRIX_COMPUTATION.BIN_HD_DATA._BIN_HD_DATA._COMPUTE_BINNED_OUTPUTS.BIN_COUNT_MATRIX.fork_square_008um
2025-10-21 21:38:22 [runtime] (complete)        ID.F08549.SPATIAL_RNA_COUNTER_CS.SPATIAL_RNA_COUNTER.SPATIAL_POST_MATRIX_COMPUTATION.BIN_HD_DATA._BIN_HD_DATA._COMPUTE_BINNED_OUTPUTS.BIN_COUNT_MATRIX.fork_square_002um
2025-10-21 21:38:22 [runtime] (complete)        ID.F08549.SPATIAL_RNA_COUNTER_CS.SPATIAL_RNA_COUNTER.SPATIAL_POST_MATRIX_COMPUTATION.BIN_HD_DATA._BIN_HD_DATA._COMPUTE_BINNED_OUTPUTS.BIN_COUNT_MATRIX.fork_square_008um
2025-10-21 21:38:25 [runtime] (complete)        ID.F08549.SPATIAL_RNA_COUNTER_CS.SPATIAL_RNA_COUNTER.SPATIAL_POST_MATRIX_COMPUTATION.BIN_HD_DATA._BIN_HD_DATA._COMPUTE_BINNED_OUTPUTS.BIN_COUNT_MATRIX.fork_square_002um
2025-10-21 21:38:25 [runtime] (complete)        ID.F08549.SPATIAL_RNA_COUNTER_CS.SPATIAL_RNA_COUNTER.SPATIAL_POST_MATRIX_COMPUTATION.BIN_HD_DATA._BIN_HD_DATA._COMPUTE_BINNED_OUTPUTS.BIN_COUNT_MATRIX.fork_square_008um
2025-10-21 21:38:28 [runtime] (complete)        ID.F08549.SPATIAL_RNA_COUNTER_CS.SPATIAL_RNA_COUNTER.SPATIAL_POST_MATRIX_COMPUTATION.BIN_HD_DATA._BIN_HD_DATA._COMPUTE_BINNED_OUTPUTS.BIN_COUNT_MATRIX.fork_square_002um
2025-10-21 21:38:28 [runtime] (complete)        ID.F08549.SPATIAL_RNA_COUNTER_CS.SPATIAL_RNA_COUNTER.SPATIAL_POST_MATRIX_COMPUTATION.BIN_HD_DATA._BIN_HD_DATA._COMPUTE_BINNED_OUTPUTS.BIN_COUNT_MATRIX.fork_square_008um
2025-10-21 21:38:31 [runtime] (complete)        ID.F08549.SPATIAL_RNA_COUNTER_CS.SPATIAL_RNA_COUNTER.SPATIAL_POST_MATRIX_COMPUTATION.BIN_HD_DATA._BIN_HD_DATA._COMPUTE_BINNED_OUTPUTS.BIN_COUNT_MATRIX.fork_square_002um
2025-10-21 21:38:31 [runtime] (complete)        ID.F08549.SPATIAL_RNA_COUNTER_CS.SPATIAL_RNA_COUNTER.SPATIAL_POST_MATRIX_COMPUTATION.BIN_HD_DATA._BIN_HD_DATA._COMPUTE_BINNED_OUTPUTS.BIN_COUNT_MATRIX.fork_square_008um
2025-10-21 21:38:32 [runtime] (complete)        ID.F08549.SPATIAL_RNA_COUNTER_CS.SPATIAL_RNA_COUNTER.SPATIAL_POST_MATRIX_COMPUTATION.BIN_HD_DATA._BIN_HD_DATA._COMPUTE_BINNED_OUTPUTS.BIN_COUNT_MATRIX.fork_square_002um
2025-10-21 21:38:32 [runtime] (complete)        ID.F08549.SPATIAL_RNA_COUNTER_CS.SPATIAL_RNA_COUNTER.SPATIAL_POST_MATRIX_COMPUTATION.BIN_HD_DATA._BIN_HD_DATA._COMPUTE_BINNED_OUTPUTS.BIN_COUNT_MATRIX.fork_square_008um
2025-10-21 21:38:32 [runtime] (chunks_complete) ID.F08549.SPATIAL_RNA_COUNTER_CS.SPATIAL_RNA_COUNTER.SPATIAL_POST_MATRIX_COMPUTATION.BIN_HD_DATA._BIN_HD_DATA._COMPUTE_BINNED_OUTPUTS.BIN_COUNT_MATRIX.fork_square_016um
2025-10-21 21:38:32 [runtime] (ready)           ID.F08549.SPATIAL_RNA_COUNTER_CS.SPATIAL_RNA_COUNTER.SPATIAL_POST_MATRIX_COMPUTATION.BIN_HD_DATA._BIN_HD_DATA._COMPUTE_BINNED_OUTPUTS.WRITE_BINNED_H5_MATRIX.fork_square_002um
2025-10-21 21:38:32 [runtime] (run:local)       ID.F08549.SPATIAL_RNA_COUNTER_CS.SPATIAL_RNA_COUNTER.SPATIAL_POST_MATRIX_COMPUTATION.BIN_HD_DATA._BIN_HD_DATA._COMPUTE_BINNED_OUTPUTS.WRITE_BINNED_H5_MATRIX.fork_square_002um.chnk0.main
2025-10-21 21:38:32 [runtime] (ready)           ID.F08549.SPATIAL_RNA_COUNTER_CS.SPATIAL_RNA_COUNTER.SPATIAL_POST_MATRIX_COMPUTATION.BIN_HD_DATA._BIN_HD_DATA._COMPUTE_BINNED_OUTPUTS.WRITE_BINNED_H5_MATRIX.fork_square_008um
2025-10-21 21:38:32 [runtime] (run:local)       ID.F08549.SPATIAL_RNA_COUNTER_CS.SPATIAL_RNA_COUNTER.SPATIAL_POST_MATRIX_COMPUTATION.BIN_HD_DATA._BIN_HD_DATA._COMPUTE_BINNED_OUTPUTS.WRITE_BINNED_H5_MATRIX.fork_square_008um.chnk0.main
2025-10-21 21:38:32 [runtime] (ready)           ID.F08549.SPATIAL_RNA_COUNTER_CS.SPATIAL_RNA_COUNTER.SPATIAL_POST_MATRIX_COMPUTATION.BIN_HD_DATA._BIN_HD_DATA._COMPUTE_BINNED_OUTPUTS.WRITE_BINNED_H5_MATRIX.fork_square_016um
2025-10-21 21:38:33 [runtime] (run:local)       ID.F08549.SPATIAL_RNA_COUNTER_CS.SPATIAL_RNA_COUNTER.SPATIAL_POST_MATRIX_COMPUTATION.BIN_HD_DATA._BIN_HD_DATA._COMPUTE_BINNED_OUTPUTS.WRITE_BINNED_H5_MATRIX.fork_square_016um.chnk0.main
2025-10-21 21:38:36 [runtime] (chunks_complete) ID.F08549.SPATIAL_RNA_COUNTER_CS.SPATIAL_RNA_COUNTER.SPATIAL_POST_MATRIX_COMPUTATION.BIN_HD_DATA._BIN_HD_DATA._COMPUTE_BINNED_OUTPUTS.WRITE_BINNED_H5_MATRIX.fork_square_016um
2025-10-21 21:38:37 [runtime] (chunks_complete) ID.F08549.SPATIAL_RNA_COUNTER_CS.SPATIAL_RNA_COUNTER.SPATIAL_POST_MATRIX_COMPUTATION.BIN_HD_DATA._BIN_HD_DATA._COMPUTE_BINNED_OUTPUTS.WRITE_BINNED_H5_MATRIX.fork_square_008um
2025-10-21 21:38:37 [runtime] (complete)        ID.F08549.SPATIAL_RNA_COUNTER_CS.SPATIAL_RNA_COUNTER.SPATIAL_POST_MATRIX_COMPUTATION.BIN_HD_DATA._BIN_HD_DATA._COMPUTE_BINNED_OUTPUTS.WRITE_BINNED_H5_MATRIX.fork_square_016um
2025-10-21 21:38:40 [runtime] (complete)        ID.F08549.SPATIAL_RNA_COUNTER_CS.SPATIAL_RNA_COUNTER.SPATIAL_POST_MATRIX_COMPUTATION.BIN_HD_DATA._BIN_HD_DATA._COMPUTE_BINNED_OUTPUTS.WRITE_BINNED_H5_MATRIX.fork_square_008um
2025-10-21 21:38:40 [runtime] (complete)        ID.F08549.SPATIAL_RNA_COUNTER_CS.SPATIAL_RNA_COUNTER.SPATIAL_POST_MATRIX_COMPUTATION.BIN_HD_DATA._BIN_HD_DATA._COMPUTE_BINNED_OUTPUTS.WRITE_BINNED_H5_MATRIX.fork_square_016um
2025-10-21 21:38:43 [runtime] (complete)        ID.F08549.SPATIAL_RNA_COUNTER_CS.SPATIAL_RNA_COUNTER.SPATIAL_POST_MATRIX_COMPUTATION.BIN_HD_DATA._BIN_HD_DATA._COMPUTE_BINNED_OUTPUTS.WRITE_BINNED_H5_MATRIX.fork_square_008um
2025-10-21 21:38:43 [runtime] (complete)        ID.F08549.SPATIAL_RNA_COUNTER_CS.SPATIAL_RNA_COUNTER.SPATIAL_POST_MATRIX_COMPUTATION.BIN_HD_DATA._BIN_HD_DATA._COMPUTE_BINNED_OUTPUTS.WRITE_BINNED_H5_MATRIX.fork_square_016um
2025-10-21 21:38:46 [runtime] (chunks_complete) ID.F08549.SPATIAL_RNA_COUNTER_CS.SPATIAL_RNA_COUNTER.SPATIAL_POST_MATRIX_COMPUTATION.BIN_HD_DATA._BIN_HD_DATA._COMPUTE_BINNED_OUTPUTS.WRITE_BINNED_H5_MATRIX.fork_square_002um
2025-10-21 21:38:46 [runtime] (complete)        ID.F08549.SPATIAL_RNA_COUNTER_CS.SPATIAL_RNA_COUNTER.SPATIAL_POST_MATRIX_COMPUTATION.BIN_HD_DATA._BIN_HD_DATA._COMPUTE_BINNED_OUTPUTS.WRITE_BINNED_H5_MATRIX.fork_square_008um
2025-10-21 21:38:46 [runtime] (complete)        ID.F08549.SPATIAL_RNA_COUNTER_CS.SPATIAL_RNA_COUNTER.SPATIAL_POST_MATRIX_COMPUTATION.BIN_HD_DATA._BIN_HD_DATA._COMPUTE_BINNED_OUTPUTS.WRITE_BINNED_H5_MATRIX.fork_square_016um
2025-10-21 21:38:46 [runtime] (ready)           ID.F08549.SPATIAL_RNA_COUNTER_CS.SPATIAL_RNA_COUNTER.SPATIAL_POST_MATRIX_COMPUTATION.BIN_HD_DATA._BIN_HD_DATA._COMPUTE_BINNED_OUTPUTS.WRITE_BINNED_MATRICES.fork_square_002um
2025-10-21 21:38:46 [runtime] (run:local)       ID.F08549.SPATIAL_RNA_COUNTER_CS.SPATIAL_RNA_COUNTER.SPATIAL_POST_MATRIX_COMPUTATION.BIN_HD_DATA._BIN_HD_DATA._COMPUTE_BINNED_OUTPUTS.WRITE_BINNED_MATRICES.fork_square_002um.split
2025-10-21 21:38:46 [runtime] (ready)           ID.F08549.SPATIAL_RNA_COUNTER_CS.SPATIAL_RNA_COUNTER.SPATIAL_POST_MATRIX_COMPUTATION.BIN_HD_DATA._BIN_HD_DATA._COMPUTE_BINNED_OUTPUTS.WRITE_BINNED_MATRICES.fork_square_008um
2025-10-21 21:38:46 [runtime] (run:local)       ID.F08549.SPATIAL_RNA_COUNTER_CS.SPATIAL_RNA_COUNTER.SPATIAL_POST_MATRIX_COMPUTATION.BIN_HD_DATA._BIN_HD_DATA._COMPUTE_BINNED_OUTPUTS.WRITE_BINNED_MATRICES.fork_square_008um.split
2025-10-21 21:38:46 [runtime] (ready)           ID.F08549.SPATIAL_RNA_COUNTER_CS.SPATIAL_RNA_COUNTER.SPATIAL_POST_MATRIX_COMPUTATION.BIN_HD_DATA._BIN_HD_DATA._COMPUTE_BINNED_OUTPUTS.WRITE_BINNED_MATRICES.fork_square_016um
2025-10-21 21:38:46 [runtime] (run:local)       ID.F08549.SPATIAL_RNA_COUNTER_CS.SPATIAL_RNA_COUNTER.SPATIAL_POST_MATRIX_COMPUTATION.BIN_HD_DATA._BIN_HD_DATA._COMPUTE_BINNED_OUTPUTS.WRITE_BINNED_MATRICES.fork_square_016um.split
2025-10-21 21:38:48 [runtime] (split_complete)  ID.F08549.SPATIAL_RNA_COUNTER_CS.SPATIAL_RNA_COUNTER.SPATIAL_POST_MATRIX_COMPUTATION.BIN_HD_DATA._BIN_HD_DATA._COMPUTE_BINNED_OUTPUTS.WRITE_BINNED_MATRICES.fork_square_008um
2025-10-21 21:38:48 [runtime] (run:local)       ID.F08549.SPATIAL_RNA_COUNTER_CS.SPATIAL_RNA_COUNTER.SPATIAL_POST_MATRIX_COMPUTATION.BIN_HD_DATA._BIN_HD_DATA._COMPUTE_BINNED_OUTPUTS.WRITE_BINNED_MATRICES.fork_square_008um.join
2025-10-21 21:38:48 [runtime] (split_complete)  ID.F08549.SPATIAL_RNA_COUNTER_CS.SPATIAL_RNA_COUNTER.SPATIAL_POST_MATRIX_COMPUTATION.BIN_HD_DATA._BIN_HD_DATA._COMPUTE_BINNED_OUTPUTS.WRITE_BINNED_MATRICES.fork_square_002um
2025-10-21 21:38:48 [runtime] (run:local)       ID.F08549.SPATIAL_RNA_COUNTER_CS.SPATIAL_RNA_COUNTER.SPATIAL_POST_MATRIX_COMPUTATION.BIN_HD_DATA._BIN_HD_DATA._COMPUTE_BINNED_OUTPUTS.WRITE_BINNED_MATRICES.fork_square_002um.join
2025-10-21 21:38:48 [runtime] (split_complete)  ID.F08549.SPATIAL_RNA_COUNTER_CS.SPATIAL_RNA_COUNTER.SPATIAL_POST_MATRIX_COMPUTATION.BIN_HD_DATA._BIN_HD_DATA._COMPUTE_BINNED_OUTPUTS.WRITE_BINNED_MATRICES.fork_square_016um
2025-10-21 21:38:48 [runtime] (run:local)       ID.F08549.SPATIAL_RNA_COUNTER_CS.SPATIAL_RNA_COUNTER.SPATIAL_POST_MATRIX_COMPUTATION.BIN_HD_DATA._BIN_HD_DATA._COMPUTE_BINNED_OUTPUTS.WRITE_BINNED_MATRICES.fork_square_016um.join
2025-10-21 21:39:02 [runtime] (join_complete)   ID.F08549.SPATIAL_RNA_COUNTER_CS.SPATIAL_RNA_COUNTER.SPATIAL_POST_MATRIX_COMPUTATION.BIN_HD_DATA._BIN_HD_DATA._COMPUTE_BINNED_OUTPUTS.WRITE_BINNED_MATRICES.fork_square_016um
2025-10-21 21:39:05 [runtime] (join_complete)   ID.F08549.SPATIAL_RNA_COUNTER_CS.SPATIAL_RNA_COUNTER.SPATIAL_POST_MATRIX_COMPUTATION.BIN_HD_DATA._BIN_HD_DATA._COMPUTE_BINNED_OUTPUTS.WRITE_BINNED_MATRICES.fork_square_008um
2025-10-21 21:39:05 [runtime] (complete)        ID.F08549.SPATIAL_RNA_COUNTER_CS.SPATIAL_RNA_COUNTER.SPATIAL_POST_MATRIX_COMPUTATION.BIN_HD_DATA._BIN_HD_DATA._COMPUTE_BINNED_OUTPUTS.WRITE_BINNED_MATRICES.fork_square_016um
2025-10-21 21:39:08 [runtime] (complete)        ID.F08549.SPATIAL_RNA_COUNTER_CS.SPATIAL_RNA_COUNTER.SPATIAL_POST_MATRIX_COMPUTATION.BIN_HD_DATA._BIN_HD_DATA._COMPUTE_BINNED_OUTPUTS.WRITE_BINNED_MATRICES.fork_square_008um
2025-10-21 21:39:08 [runtime] (complete)        ID.F08549.SPATIAL_RNA_COUNTER_CS.SPATIAL_RNA_COUNTER.SPATIAL_POST_MATRIX_COMPUTATION.BIN_HD_DATA._BIN_HD_DATA._COMPUTE_BINNED_OUTPUTS.WRITE_BINNED_MATRICES.fork_square_016um
2025-10-21 21:39:11 [runtime] (complete)        ID.F08549.SPATIAL_RNA_COUNTER_CS.SPATIAL_RNA_COUNTER.SPATIAL_POST_MATRIX_COMPUTATION.BIN_HD_DATA._BIN_HD_DATA._COMPUTE_BINNED_OUTPUTS.WRITE_BINNED_MATRICES.fork_square_008um
2025-10-21 21:39:11 [runtime] (complete)        ID.F08549.SPATIAL_RNA_COUNTER_CS.SPATIAL_RNA_COUNTER.SPATIAL_POST_MATRIX_COMPUTATION.BIN_HD_DATA._BIN_HD_DATA._COMPUTE_BINNED_OUTPUTS.WRITE_BINNED_MATRICES.fork_square_016um
2025-10-21 21:39:14 [runtime] (complete)        ID.F08549.SPATIAL_RNA_COUNTER_CS.SPATIAL_RNA_COUNTER.SPATIAL_POST_MATRIX_COMPUTATION.BIN_HD_DATA._BIN_HD_DATA._COMPUTE_BINNED_OUTPUTS.WRITE_BINNED_MATRICES.fork_square_008um
2025-10-21 21:39:14 [runtime] (complete)        ID.F08549.SPATIAL_RNA_COUNTER_CS.SPATIAL_RNA_COUNTER.SPATIAL_POST_MATRIX_COMPUTATION.BIN_HD_DATA._BIN_HD_DATA._COMPUTE_BINNED_OUTPUTS.WRITE_BINNED_MATRICES.fork_square_016um
2025-10-21 21:39:17 [runtime] (complete)        ID.F08549.SPATIAL_RNA_COUNTER_CS.SPATIAL_RNA_COUNTER.SPATIAL_POST_MATRIX_COMPUTATION.BIN_HD_DATA._BIN_HD_DATA._COMPUTE_BINNED_OUTPUTS.WRITE_BINNED_MATRICES.fork_square_008um
2025-10-21 21:39:17 [runtime] (complete)        ID.F08549.SPATIAL_RNA_COUNTER_CS.SPATIAL_RNA_COUNTER.SPATIAL_POST_MATRIX_COMPUTATION.BIN_HD_DATA._BIN_HD_DATA._COMPUTE_BINNED_OUTPUTS.WRITE_BINNED_MATRICES.fork_square_016um
2025-10-21 21:39:20 [runtime] (complete)        ID.F08549.SPATIAL_RNA_COUNTER_CS.SPATIAL_RNA_COUNTER.SPATIAL_POST_MATRIX_COMPUTATION.BIN_HD_DATA._BIN_HD_DATA._COMPUTE_BINNED_OUTPUTS.WRITE_BINNED_MATRICES.fork_square_008um
2025-10-21 21:39:20 [runtime] (complete)        ID.F08549.SPATIAL_RNA_COUNTER_CS.SPATIAL_RNA_COUNTER.SPATIAL_POST_MATRIX_COMPUTATION.BIN_HD_DATA._BIN_HD_DATA._COMPUTE_BINNED_OUTPUTS.WRITE_BINNED_MATRICES.fork_square_016um
2025-10-21 21:39:23 [runtime] (complete)        ID.F08549.SPATIAL_RNA_COUNTER_CS.SPATIAL_RNA_COUNTER.SPATIAL_POST_MATRIX_COMPUTATION.BIN_HD_DATA._BIN_HD_DATA._COMPUTE_BINNED_OUTPUTS.WRITE_BINNED_MATRICES.fork_square_008um
2025-10-21 21:39:23 [runtime] (complete)        ID.F08549.SPATIAL_RNA_COUNTER_CS.SPATIAL_RNA_COUNTER.SPATIAL_POST_MATRIX_COMPUTATION.BIN_HD_DATA._BIN_HD_DATA._COMPUTE_BINNED_OUTPUTS.WRITE_BINNED_MATRICES.fork_square_016um
2025-10-21 21:39:26 [runtime] (complete)        ID.F08549.SPATIAL_RNA_COUNTER_CS.SPATIAL_RNA_COUNTER.SPATIAL_POST_MATRIX_COMPUTATION.BIN_HD_DATA._BIN_HD_DATA._COMPUTE_BINNED_OUTPUTS.WRITE_BINNED_MATRICES.fork_square_008um
2025-10-21 21:39:26 [runtime] (complete)        ID.F08549.SPATIAL_RNA_COUNTER_CS.SPATIAL_RNA_COUNTER.SPATIAL_POST_MATRIX_COMPUTATION.BIN_HD_DATA._BIN_HD_DATA._COMPUTE_BINNED_OUTPUTS.WRITE_BINNED_MATRICES.fork_square_016um
2025-10-21 21:39:29 [runtime] (complete)        ID.F08549.SPATIAL_RNA_COUNTER_CS.SPATIAL_RNA_COUNTER.SPATIAL_POST_MATRIX_COMPUTATION.BIN_HD_DATA._BIN_HD_DATA._COMPUTE_BINNED_OUTPUTS.WRITE_BINNED_MATRICES.fork_square_008um
2025-10-21 21:39:29 [runtime] (complete)        ID.F08549.SPATIAL_RNA_COUNTER_CS.SPATIAL_RNA_COUNTER.SPATIAL_POST_MATRIX_COMPUTATION.BIN_HD_DATA._BIN_HD_DATA._COMPUTE_BINNED_OUTPUTS.WRITE_BINNED_MATRICES.fork_square_016um
2025-10-21 21:39:32 [runtime] (complete)        ID.F08549.SPATIAL_RNA_COUNTER_CS.SPATIAL_RNA_COUNTER.SPATIAL_POST_MATRIX_COMPUTATION.BIN_HD_DATA._BIN_HD_DATA._COMPUTE_BINNED_OUTPUTS.WRITE_BINNED_MATRICES.fork_square_008um
2025-10-21 21:39:32 [runtime] (complete)        ID.F08549.SPATIAL_RNA_COUNTER_CS.SPATIAL_RNA_COUNTER.SPATIAL_POST_MATRIX_COMPUTATION.BIN_HD_DATA._BIN_HD_DATA._COMPUTE_BINNED_OUTPUTS.WRITE_BINNED_MATRICES.fork_square_016um
2025-10-21 21:39:35 [runtime] (complete)        ID.F08549.SPATIAL_RNA_COUNTER_CS.SPATIAL_RNA_COUNTER.SPATIAL_POST_MATRIX_COMPUTATION.BIN_HD_DATA._BIN_HD_DATA._COMPUTE_BINNED_OUTPUTS.WRITE_BINNED_MATRICES.fork_square_008um
2025-10-21 21:39:35 [runtime] (complete)        ID.F08549.SPATIAL_RNA_COUNTER_CS.SPATIAL_RNA_COUNTER.SPATIAL_POST_MATRIX_COMPUTATION.BIN_HD_DATA._BIN_HD_DATA._COMPUTE_BINNED_OUTPUTS.WRITE_BINNED_MATRICES.fork_square_016um
2025-10-21 21:39:38 [runtime] (complete)        ID.F08549.SPATIAL_RNA_COUNTER_CS.SPATIAL_RNA_COUNTER.SPATIAL_POST_MATRIX_COMPUTATION.BIN_HD_DATA._BIN_HD_DATA._COMPUTE_BINNED_OUTPUTS.WRITE_BINNED_MATRICES.fork_square_008um
2025-10-21 21:39:38 [runtime] (complete)        ID.F08549.SPATIAL_RNA_COUNTER_CS.SPATIAL_RNA_COUNTER.SPATIAL_POST_MATRIX_COMPUTATION.BIN_HD_DATA._BIN_HD_DATA._COMPUTE_BINNED_OUTPUTS.WRITE_BINNED_MATRICES.fork_square_016um
2025-10-21 21:39:41 [runtime] (complete)        ID.F08549.SPATIAL_RNA_COUNTER_CS.SPATIAL_RNA_COUNTER.SPATIAL_POST_MATRIX_COMPUTATION.BIN_HD_DATA._BIN_HD_DATA._COMPUTE_BINNED_OUTPUTS.WRITE_BINNED_MATRICES.fork_square_008um
2025-10-21 21:39:41 [runtime] (complete)        ID.F08549.SPATIAL_RNA_COUNTER_CS.SPATIAL_RNA_COUNTER.SPATIAL_POST_MATRIX_COMPUTATION.BIN_HD_DATA._BIN_HD_DATA._COMPUTE_BINNED_OUTPUTS.WRITE_BINNED_MATRICES.fork_square_016um
2025-10-21 21:39:44 [runtime] (complete)        ID.F08549.SPATIAL_RNA_COUNTER_CS.SPATIAL_RNA_COUNTER.SPATIAL_POST_MATRIX_COMPUTATION.BIN_HD_DATA._BIN_HD_DATA._COMPUTE_BINNED_OUTPUTS.WRITE_BINNED_MATRICES.fork_square_008um
2025-10-21 21:39:44 [runtime] (complete)        ID.F08549.SPATIAL_RNA_COUNTER_CS.SPATIAL_RNA_COUNTER.SPATIAL_POST_MATRIX_COMPUTATION.BIN_HD_DATA._BIN_HD_DATA._COMPUTE_BINNED_OUTPUTS.WRITE_BINNED_MATRICES.fork_square_016um
2025-10-21 21:39:47 [runtime] (complete)        ID.F08549.SPATIAL_RNA_COUNTER_CS.SPATIAL_RNA_COUNTER.SPATIAL_POST_MATRIX_COMPUTATION.BIN_HD_DATA._BIN_HD_DATA._COMPUTE_BINNED_OUTPUTS.WRITE_BINNED_MATRICES.fork_square_008um
2025-10-21 21:39:47 [runtime] (complete)        ID.F08549.SPATIAL_RNA_COUNTER_CS.SPATIAL_RNA_COUNTER.SPATIAL_POST_MATRIX_COMPUTATION.BIN_HD_DATA._BIN_HD_DATA._COMPUTE_BINNED_OUTPUTS.WRITE_BINNED_MATRICES.fork_square_016um
2025-10-21 21:39:50 [runtime] (complete)        ID.F08549.SPATIAL_RNA_COUNTER_CS.SPATIAL_RNA_COUNTER.SPATIAL_POST_MATRIX_COMPUTATION.BIN_HD_DATA._BIN_HD_DATA._COMPUTE_BINNED_OUTPUTS.WRITE_BINNED_MATRICES.fork_square_008um
2025-10-21 21:39:50 [runtime] (complete)        ID.F08549.SPATIAL_RNA_COUNTER_CS.SPATIAL_RNA_COUNTER.SPATIAL_POST_MATRIX_COMPUTATION.BIN_HD_DATA._BIN_HD_DATA._COMPUTE_BINNED_OUTPUTS.WRITE_BINNED_MATRICES.fork_square_016um
2025-10-21 21:39:50 [runtime] (join_complete)   ID.F08549.SPATIAL_RNA_COUNTER_CS.SPATIAL_RNA_COUNTER.SPATIAL_POST_MATRIX_COMPUTATION._POST_MATRIX_COMPUTATION.FILTER_BARCODES
2025-10-21 21:39:50 [runtime] (ready)           ID.F08549.SPATIAL_RNA_COUNTER_CS.SPATIAL_RNA_COUNTER.SPATIAL_POST_MATRIX_COMPUTATION.COMPUTE_EXTENDED_SD_METRICS
2025-10-21 21:39:50 [runtime] (ready)           ID.F08549.SPATIAL_RNA_COUNTER_CS.SPATIAL_RNA_COUNTER.SPATIAL_POST_MATRIX_COMPUTATION.CHECK_CORRECTION_FACTOR
2025-10-21 21:39:50 [runtime] (run:local)       ID.F08549.SPATIAL_RNA_COUNTER_CS.SPATIAL_RNA_COUNTER.SPATIAL_POST_MATRIX_COMPUTATION.CHECK_CORRECTION_FACTOR.fork0.chnk0.main
2025-10-21 21:39:50 [runtime] (ready)           ID.F08549.SPATIAL_RNA_COUNTER_CS.SPATIAL_RNA_COUNTER.SPATIAL_POST_MATRIX_COMPUTATION.ANTIBODY_QC_PLOTS
2025-10-21 21:39:50 [runtime] (ready)           ID.F08549.SPATIAL_RNA_COUNTER_CS.SPATIAL_RNA_COUNTER.SPATIAL_POST_MATRIX_COMPUTATION.RUN_SPATIAL_ENRICHMENT
2025-10-21 21:39:50 [runtime] (run:local)       ID.F08549.SPATIAL_RNA_COUNTER_CS.SPATIAL_RNA_COUNTER.SPATIAL_POST_MATRIX_COMPUTATION.RUN_SPATIAL_ENRICHMENT.fork0.split
2025-10-21 21:39:50 [runtime] (ready)           ID.F08549.SPATIAL_RNA_COUNTER_CS.SPATIAL_RNA_COUNTER.SPATIAL_POST_MATRIX_COMPUTATION._POST_MATRIX_COMPUTATION._ASSIGN_TAGS.CALL_TAGS_OH
2025-10-21 21:39:50 [runtime] (ready)           ID.F08549.SPATIAL_RNA_COUNTER_CS.SPATIAL_RNA_COUNTER.SPATIAL_POST_MATRIX_COMPUTATION.DISABLE_SECONDARY_ANALYSIS
2025-10-21 21:39:50 [runtime] (run:local)       ID.F08549.SPATIAL_RNA_COUNTER_CS.SPATIAL_RNA_COUNTER.SPATIAL_POST_MATRIX_COMPUTATION.DISABLE_SECONDARY_ANALYSIS.fork0.chnk0.main
2025-10-21 21:39:50 [runtime] (ready)           ID.F08549.SPATIAL_RNA_COUNTER_CS.SPATIAL_RNA_COUNTER.SPATIAL_POST_MATRIX_COMPUTATION._POST_MATRIX_COMPUTATION._ASSIGN_TAGS.CALL_TAGS_RTL
2025-10-21 21:39:50 [runtime] (ready)           ID.F08549.SPATIAL_RNA_COUNTER_CS.SPATIAL_RNA_COUNTER.SPATIAL_POST_MATRIX_COMPUTATION._POST_MATRIX_COMPUTATION.COLLATE_PROBE_METRICS
2025-10-21 21:39:51 [runtime] (run:local)       ID.F08549.SPATIAL_RNA_COUNTER_CS.SPATIAL_RNA_COUNTER.SPATIAL_POST_MATRIX_COMPUTATION._POST_MATRIX_COMPUTATION.COLLATE_PROBE_METRICS.fork0.chnk0.main
2025-10-21 21:39:51 [runtime] (ready)           ID.F08549.SPATIAL_RNA_COUNTER_CS.SPATIAL_RNA_COUNTER.SPATIAL_POST_MATRIX_COMPUTATION._POST_MATRIX_COMPUTATION.INFER_GEM_WELL_THROUGHPUT
2025-10-21 21:39:51 [runtime] (ready)           ID.F08549.SPATIAL_RNA_COUNTER_CS.SPATIAL_RNA_COUNTER.SPATIAL_POST_MATRIX_COMPUTATION._POST_MATRIX_COMPUTATION._ASSIGN_TAGS.CALL_TAGS_MARGINAL
2025-10-21 21:39:51 [runtime] (complete)        ID.F08549.SPATIAL_RNA_COUNTER_CS.SPATIAL_RNA_COUNTER.SPATIAL_POST_MATRIX_COMPUTATION.BIN_HD_DATA._BIN_HD_DATA._COMPUTE_BINNED_OUTPUTS.WRITE_BINNED_MATRICES.fork_square_008um
2025-10-21 21:39:51 [runtime] (complete)        ID.F08549.SPATIAL_RNA_COUNTER_CS.SPATIAL_RNA_COUNTER.SPATIAL_POST_MATRIX_COMPUTATION.BIN_HD_DATA._BIN_HD_DATA._COMPUTE_BINNED_OUTPUTS.WRITE_BINNED_MATRICES.fork_square_016um
2025-10-21 21:39:51 [runtime] (complete)        ID.F08549.SPATIAL_RNA_COUNTER_CS.SPATIAL_RNA_COUNTER.SPATIAL_POST_MATRIX_COMPUTATION.BIN_HD_DATA._BIN_HD_DATA._COMPUTE_BINNED_OUTPUTS.WRITE_BINNED_MATRICES.fork_square_008um
2025-10-21 21:39:51 [runtime] (complete)        ID.F08549.SPATIAL_RNA_COUNTER_CS.SPATIAL_RNA_COUNTER.SPATIAL_POST_MATRIX_COMPUTATION.BIN_HD_DATA._BIN_HD_DATA._COMPUTE_BINNED_OUTPUTS.WRITE_BINNED_MATRICES.fork_square_016um
2025-10-21 21:39:54 [runtime] (complete)        ID.F08549.SPATIAL_RNA_COUNTER_CS.SPATIAL_RNA_COUNTER.SPATIAL_POST_MATRIX_COMPUTATION.BIN_HD_DATA._BIN_HD_DATA._COMPUTE_BINNED_OUTPUTS.WRITE_BINNED_MATRICES.fork_square_008um
2025-10-21 21:39:54 [runtime] (complete)        ID.F08549.SPATIAL_RNA_COUNTER_CS.SPATIAL_RNA_COUNTER.SPATIAL_POST_MATRIX_COMPUTATION.BIN_HD_DATA._BIN_HD_DATA._COMPUTE_BINNED_OUTPUTS.WRITE_BINNED_MATRICES.fork_square_016um
2025-10-21 21:39:57 [runtime] (complete)        ID.F08549.SPATIAL_RNA_COUNTER_CS.SPATIAL_RNA_COUNTER.SPATIAL_POST_MATRIX_COMPUTATION.BIN_HD_DATA._BIN_HD_DATA._COMPUTE_BINNED_OUTPUTS.WRITE_BINNED_MATRICES.fork_square_008um
2025-10-21 21:39:57 [runtime] (complete)        ID.F08549.SPATIAL_RNA_COUNTER_CS.SPATIAL_RNA_COUNTER.SPATIAL_POST_MATRIX_COMPUTATION.BIN_HD_DATA._BIN_HD_DATA._COMPUTE_BINNED_OUTPUTS.WRITE_BINNED_MATRICES.fork_square_016um
2025-10-21 21:39:57 [runtime] (join_complete)   ID.F08549.SPATIAL_RNA_COUNTER_CS.SPATIAL_RNA_COUNTER.SPATIAL_POST_MATRIX_COMPUTATION.BIN_HD_DATA._BIN_HD_DATA._COMPUTE_BINNED_OUTPUTS.WRITE_BINNED_MATRICES.fork_square_002um
2025-10-21 21:39:57 [runtime] (complete)        ID.F08549.SPATIAL_RNA_COUNTER_CS.SPATIAL_RNA_COUNTER.SPATIAL_POST_MATRIX_COMPUTATION.BIN_HD_DATA._BIN_HD_DATA._COMPUTE_BINNED_OUTPUTS.WRITE_BINNED_MATRICES.fork_square_008um
2025-10-21 21:39:57 [runtime] (complete)        ID.F08549.SPATIAL_RNA_COUNTER_CS.SPATIAL_RNA_COUNTER.SPATIAL_POST_MATRIX_COMPUTATION.BIN_HD_DATA._BIN_HD_DATA._COMPUTE_BINNED_OUTPUTS.WRITE_BINNED_MATRICES.fork_square_016um
2025-10-21 21:39:58 [runtime] (ready)           ID.F08549.SPATIAL_RNA_COUNTER_CS.SPATIAL_RNA_COUNTER.SPATIAL_POST_MATRIX_COMPUTATION.BIN_HD_DATA._BIN_HD_DATA._COMPUTE_BINNED_OUTPUTS.DISABLE_SECONDARY_ANALYSIS.fork_square_002um
2025-10-21 21:39:58 [runtime] (run:local)       ID.F08549.SPATIAL_RNA_COUNTER_CS.SPATIAL_RNA_COUNTER.SPATIAL_POST_MATRIX_COMPUTATION.BIN_HD_DATA._BIN_HD_DATA._COMPUTE_BINNED_OUTPUTS.DISABLE_SECONDARY_ANALYSIS.fork_square_002um.chnk0.main
2025-10-21 21:39:58 [runtime] (ready)           ID.F08549.SPATIAL_RNA_COUNTER_CS.SPATIAL_RNA_COUNTER.SPATIAL_POST_MATRIX_COMPUTATION.BIN_HD_DATA._BIN_HD_DATA._COMPUTE_BINNED_OUTPUTS.DISABLE_SECONDARY_ANALYSIS.fork_square_008um
2025-10-21 21:39:58 [runtime] (run:local)       ID.F08549.SPATIAL_RNA_COUNTER_CS.SPATIAL_RNA_COUNTER.SPATIAL_POST_MATRIX_COMPUTATION.BIN_HD_DATA._BIN_HD_DATA._COMPUTE_BINNED_OUTPUTS.DISABLE_SECONDARY_ANALYSIS.fork_square_008um.chnk0.main
2025-10-21 21:39:58 [runtime] (ready)           ID.F08549.SPATIAL_RNA_COUNTER_CS.SPATIAL_RNA_COUNTER.SPATIAL_POST_MATRIX_COMPUTATION.BIN_HD_DATA._BIN_HD_DATA._COMPUTE_BINNED_OUTPUTS.DISABLE_SECONDARY_ANALYSIS.fork_square_016um
2025-10-21 21:39:58 [runtime] (run:local)       ID.F08549.SPATIAL_RNA_COUNTER_CS.SPATIAL_RNA_COUNTER.SPATIAL_POST_MATRIX_COMPUTATION.BIN_HD_DATA._BIN_HD_DATA._COMPUTE_BINNED_OUTPUTS.DISABLE_SECONDARY_ANALYSIS.fork_square_016um.chnk0.main
2025-10-21 21:40:02 [runtime] (chunks_complete) ID.F08549.SPATIAL_RNA_COUNTER_CS.SPATIAL_RNA_COUNTER.SPATIAL_POST_MATRIX_COMPUTATION.CHECK_CORRECTION_FACTOR
2025-10-21 21:40:03 [runtime] (chunks_complete) ID.F08549.SPATIAL_RNA_COUNTER_CS.SPATIAL_RNA_COUNTER.SPATIAL_POST_MATRIX_COMPUTATION.DISABLE_SECONDARY_ANALYSIS
2025-10-21 21:40:03 [runtime] (chunks_complete) ID.F08549.SPATIAL_RNA_COUNTER_CS.SPATIAL_RNA_COUNTER.SPATIAL_POST_MATRIX_COMPUTATION.BIN_HD_DATA._BIN_HD_DATA._COMPUTE_BINNED_OUTPUTS.DISABLE_SECONDARY_ANALYSIS.fork_square_002um
2025-10-21 21:40:03 [runtime] (ready)           ID.F08549.SPATIAL_RNA_COUNTER_CS.SPATIAL_RNA_COUNTER.SPATIAL_POST_MATRIX_COMPUTATION.SPATIAL_RNA_ANALYZER.ANALYZER_PREFLIGHT
2025-10-21 21:40:03 [runtime] (run:local)       ID.F08549.SPATIAL_RNA_COUNTER_CS.SPATIAL_RNA_COUNTER.SPATIAL_POST_MATRIX_COMPUTATION.SPATIAL_RNA_ANALYZER.ANALYZER_PREFLIGHT.fork0.chnk0.main
2025-10-21 21:40:03 [runtime] (complete)        ID.F08549.SPATIAL_RNA_COUNTER_CS.SPATIAL_RNA_COUNTER.SPATIAL_POST_MATRIX_COMPUTATION.BIN_HD_DATA._BIN_HD_DATA._COMPUTE_BINNED_OUTPUTS.DISABLE_SECONDARY_ANALYSIS.fork_square_002um
2025-10-21 21:40:03 [runtime] (chunks_complete) ID.F08549.SPATIAL_RNA_COUNTER_CS.SPATIAL_RNA_COUNTER.SPATIAL_POST_MATRIX_COMPUTATION.BIN_HD_DATA._BIN_HD_DATA._COMPUTE_BINNED_OUTPUTS.DISABLE_SECONDARY_ANALYSIS.fork_square_008um
2025-10-21 21:40:04 [runtime] (chunks_complete) ID.F08549.SPATIAL_RNA_COUNTER_CS.SPATIAL_RNA_COUNTER.SPATIAL_POST_MATRIX_COMPUTATION.BIN_HD_DATA._BIN_HD_DATA._COMPUTE_BINNED_OUTPUTS.DISABLE_SECONDARY_ANALYSIS.fork_square_016um
2025-10-21 21:40:04 [runtime] (ready)           ID.F08549.SPATIAL_RNA_COUNTER_CS.SPATIAL_RNA_COUNTER.SPATIAL_POST_MATRIX_COMPUTATION.BIN_HD_DATA._BIN_HD_DATA._COMPUTE_BINNED_OUTPUTS.SPATIAL_BINNED_RNA_ANALYZER.ANALYZER_PREFLIGHT.fork_square_002um
2025-10-21 21:40:04 [runtime] (run:local)       ID.F08549.SPATIAL_RNA_COUNTER_CS.SPATIAL_RNA_COUNTER.SPATIAL_POST_MATRIX_COMPUTATION.BIN_HD_DATA._BIN_HD_DATA._COMPUTE_BINNED_OUTPUTS.SPATIAL_BINNED_RNA_ANALYZER.ANALYZER_PREFLIGHT.fork_square_002um.chnk0.main
2025-10-21 21:40:04 [runtime] (ready)           ID.F08549.SPATIAL_RNA_COUNTER_CS.SPATIAL_RNA_COUNTER.SPATIAL_POST_MATRIX_COMPUTATION.BIN_HD_DATA._BIN_HD_DATA._COMPUTE_BINNED_OUTPUTS.SPATIAL_BINNED_RNA_ANALYZER.ANALYZER_PREFLIGHT.fork_square_008um
2025-10-21 21:40:04 [runtime] (run:local)       ID.F08549.SPATIAL_RNA_COUNTER_CS.SPATIAL_RNA_COUNTER.SPATIAL_POST_MATRIX_COMPUTATION.BIN_HD_DATA._BIN_HD_DATA._COMPUTE_BINNED_OUTPUTS.SPATIAL_BINNED_RNA_ANALYZER.ANALYZER_PREFLIGHT.fork_square_008um.chnk0.main
2025-10-21 21:40:04 [runtime] (ready)           ID.F08549.SPATIAL_RNA_COUNTER_CS.SPATIAL_RNA_COUNTER.SPATIAL_POST_MATRIX_COMPUTATION.BIN_HD_DATA._BIN_HD_DATA._COMPUTE_BINNED_OUTPUTS.SPATIAL_BINNED_RNA_ANALYZER.ANALYZER_PREFLIGHT.fork_square_016um
2025-10-21 21:40:04 [runtime] (run:local)       ID.F08549.SPATIAL_RNA_COUNTER_CS.SPATIAL_RNA_COUNTER.SPATIAL_POST_MATRIX_COMPUTATION.BIN_HD_DATA._BIN_HD_DATA._COMPUTE_BINNED_OUTPUTS.SPATIAL_BINNED_RNA_ANALYZER.ANALYZER_PREFLIGHT.fork_square_016um.chnk0.main
2025-10-21 21:40:05 [runtime] (chunks_complete) ID.F08549.SPATIAL_RNA_COUNTER_CS.SPATIAL_RNA_COUNTER.SPATIAL_POST_MATRIX_COMPUTATION.SPATIAL_RNA_ANALYZER.ANALYZER_PREFLIGHT
2025-10-21 21:40:05 [runtime] (ready)           ID.F08549.SPATIAL_RNA_COUNTER_CS.SPATIAL_RNA_COUNTER.SPATIAL_POST_MATRIX_COMPUTATION.SPATIAL_RNA_ANALYZER.PREPROCESS_MATRIX
2025-10-21 21:40:05 [runtime] (run:local)       ID.F08549.SPATIAL_RNA_COUNTER_CS.SPATIAL_RNA_COUNTER.SPATIAL_POST_MATRIX_COMPUTATION.SPATIAL_RNA_ANALYZER.PREPROCESS_MATRIX.fork0.split
2025-10-21 21:40:05 [runtime] (chunks_complete) ID.F08549.SPATIAL_RNA_COUNTER_CS.SPATIAL_RNA_COUNTER.SPATIAL_POST_MATRIX_COMPUTATION.BIN_HD_DATA._BIN_HD_DATA._COMPUTE_BINNED_OUTPUTS.SPATIAL_BINNED_RNA_ANALYZER.ANALYZER_PREFLIGHT.fork_square_002um
2025-10-21 21:40:06 [runtime] (complete)        ID.F08549.SPATIAL_RNA_COUNTER_CS.SPATIAL_RNA_COUNTER.SPATIAL_POST_MATRIX_COMPUTATION.BIN_HD_DATA._BIN_HD_DATA._COMPUTE_BINNED_OUTPUTS.SPATIAL_BINNED_RNA_ANALYZER.ANALYZER_PREFLIGHT.fork_square_002um
2025-10-21 21:40:06 [runtime] (chunks_complete) ID.F08549.SPATIAL_RNA_COUNTER_CS.SPATIAL_RNA_COUNTER.SPATIAL_POST_MATRIX_COMPUTATION.BIN_HD_DATA._BIN_HD_DATA._COMPUTE_BINNED_OUTPUTS.SPATIAL_BINNED_RNA_ANALYZER.ANALYZER_PREFLIGHT.fork_square_008um
2025-10-21 21:40:06 [runtime] (complete)        ID.F08549.SPATIAL_RNA_COUNTER_CS.SPATIAL_RNA_COUNTER.SPATIAL_POST_MATRIX_COMPUTATION.BIN_HD_DATA._BIN_HD_DATA._COMPUTE_BINNED_OUTPUTS.SPATIAL_BINNED_RNA_ANALYZER.ANALYZER_PREFLIGHT.fork_square_002um
2025-10-21 21:40:06 [runtime] (complete)        ID.F08549.SPATIAL_RNA_COUNTER_CS.SPATIAL_RNA_COUNTER.SPATIAL_POST_MATRIX_COMPUTATION.BIN_HD_DATA._BIN_HD_DATA._COMPUTE_BINNED_OUTPUTS.SPATIAL_BINNED_RNA_ANALYZER.ANALYZER_PREFLIGHT.fork_square_008um
2025-10-21 21:40:06 [runtime] (chunks_complete) ID.F08549.SPATIAL_RNA_COUNTER_CS.SPATIAL_RNA_COUNTER.SPATIAL_POST_MATRIX_COMPUTATION.BIN_HD_DATA._BIN_HD_DATA._COMPUTE_BINNED_OUTPUTS.SPATIAL_BINNED_RNA_ANALYZER.ANALYZER_PREFLIGHT.fork_square_016um
2025-10-21 21:40:06 [runtime] (ready)           ID.F08549.SPATIAL_RNA_COUNTER_CS.SPATIAL_RNA_COUNTER.SPATIAL_POST_MATRIX_COMPUTATION.BIN_HD_DATA._BIN_HD_DATA._COMPUTE_BINNED_OUTPUTS.SPATIAL_BINNED_RNA_ANALYZER.PREPROCESS_MATRIX.fork_square_002um
2025-10-21 21:40:06 [runtime] (run:local)       ID.F08549.SPATIAL_RNA_COUNTER_CS.SPATIAL_RNA_COUNTER.SPATIAL_POST_MATRIX_COMPUTATION.BIN_HD_DATA._BIN_HD_DATA._COMPUTE_BINNED_OUTPUTS.SPATIAL_BINNED_RNA_ANALYZER.PREPROCESS_MATRIX.fork_square_002um.split
2025-10-21 21:40:06 [runtime] (ready)           ID.F08549.SPATIAL_RNA_COUNTER_CS.SPATIAL_RNA_COUNTER.SPATIAL_POST_MATRIX_COMPUTATION.BIN_HD_DATA._BIN_HD_DATA._COMPUTE_BINNED_OUTPUTS.SPATIAL_BINNED_RNA_ANALYZER.PREPROCESS_MATRIX.fork_square_008um
2025-10-21 21:40:06 [runtime] (run:local)       ID.F08549.SPATIAL_RNA_COUNTER_CS.SPATIAL_RNA_COUNTER.SPATIAL_POST_MATRIX_COMPUTATION.BIN_HD_DATA._BIN_HD_DATA._COMPUTE_BINNED_OUTPUTS.SPATIAL_BINNED_RNA_ANALYZER.PREPROCESS_MATRIX.fork_square_008um.split
2025-10-21 21:40:06 [runtime] (ready)           ID.F08549.SPATIAL_RNA_COUNTER_CS.SPATIAL_RNA_COUNTER.SPATIAL_POST_MATRIX_COMPUTATION.BIN_HD_DATA._BIN_HD_DATA._COMPUTE_BINNED_OUTPUTS.SPATIAL_BINNED_RNA_ANALYZER.PREPROCESS_MATRIX.fork_square_016um
2025-10-21 21:40:06 [runtime] (run:local)       ID.F08549.SPATIAL_RNA_COUNTER_CS.SPATIAL_RNA_COUNTER.SPATIAL_POST_MATRIX_COMPUTATION.BIN_HD_DATA._BIN_HD_DATA._COMPUTE_BINNED_OUTPUTS.SPATIAL_BINNED_RNA_ANALYZER.PREPROCESS_MATRIX.fork_square_016um.split
2025-10-21 21:40:08 [runtime] (split_complete)  ID.F08549.SPATIAL_RNA_COUNTER_CS.SPATIAL_RNA_COUNTER.SPATIAL_POST_MATRIX_COMPUTATION.SPATIAL_RNA_ANALYZER.PREPROCESS_MATRIX
2025-10-21 21:40:08 [runtime] (run:local)       ID.F08549.SPATIAL_RNA_COUNTER_CS.SPATIAL_RNA_COUNTER.SPATIAL_POST_MATRIX_COMPUTATION.SPATIAL_RNA_ANALYZER.PREPROCESS_MATRIX.fork0.join
2025-10-21 21:40:08 [runtime] (split_complete)  ID.F08549.SPATIAL_RNA_COUNTER_CS.SPATIAL_RNA_COUNTER.SPATIAL_POST_MATRIX_COMPUTATION.BIN_HD_DATA._BIN_HD_DATA._COMPUTE_BINNED_OUTPUTS.SPATIAL_BINNED_RNA_ANALYZER.PREPROCESS_MATRIX.fork_square_016um
2025-10-21 21:40:08 [runtime] (run:local)       ID.F08549.SPATIAL_RNA_COUNTER_CS.SPATIAL_RNA_COUNTER.SPATIAL_POST_MATRIX_COMPUTATION.BIN_HD_DATA._BIN_HD_DATA._COMPUTE_BINNED_OUTPUTS.SPATIAL_BINNED_RNA_ANALYZER.PREPROCESS_MATRIX.fork_square_016um.join
2025-10-21 21:40:08 [runtime] (split_complete)  ID.F08549.SPATIAL_RNA_COUNTER_CS.SPATIAL_RNA_COUNTER.SPATIAL_POST_MATRIX_COMPUTATION.BIN_HD_DATA._BIN_HD_DATA._COMPUTE_BINNED_OUTPUTS.SPATIAL_BINNED_RNA_ANALYZER.PREPROCESS_MATRIX.fork_square_002um
2025-10-21 21:40:08 [runtime] (run:local)       ID.F08549.SPATIAL_RNA_COUNTER_CS.SPATIAL_RNA_COUNTER.SPATIAL_POST_MATRIX_COMPUTATION.BIN_HD_DATA._BIN_HD_DATA._COMPUTE_BINNED_OUTPUTS.SPATIAL_BINNED_RNA_ANALYZER.PREPROCESS_MATRIX.fork_square_002um.join
2025-10-21 21:40:08 [runtime] (split_complete)  ID.F08549.SPATIAL_RNA_COUNTER_CS.SPATIAL_RNA_COUNTER.SPATIAL_POST_MATRIX_COMPUTATION.BIN_HD_DATA._BIN_HD_DATA._COMPUTE_BINNED_OUTPUTS.SPATIAL_BINNED_RNA_ANALYZER.PREPROCESS_MATRIX.fork_square_008um
2025-10-21 21:40:08 [runtime] (run:local)       ID.F08549.SPATIAL_RNA_COUNTER_CS.SPATIAL_RNA_COUNTER.SPATIAL_POST_MATRIX_COMPUTATION.BIN_HD_DATA._BIN_HD_DATA._COMPUTE_BINNED_OUTPUTS.SPATIAL_BINNED_RNA_ANALYZER.PREPROCESS_MATRIX.fork_square_008um.join
2025-10-21 21:40:10 [runtime] (split_complete)  ID.F08549.SPATIAL_RNA_COUNTER_CS.SPATIAL_RNA_COUNTER.SPATIAL_POST_MATRIX_COMPUTATION.RUN_SPATIAL_ENRICHMENT
2025-10-21 21:40:10 [runtime] (run:local)       ID.F08549.SPATIAL_RNA_COUNTER_CS.SPATIAL_RNA_COUNTER.SPATIAL_POST_MATRIX_COMPUTATION.RUN_SPATIAL_ENRICHMENT.fork0.join
2025-10-21 21:40:10 [runtime] (join_complete)   ID.F08549.SPATIAL_RNA_COUNTER_CS.SPATIAL_RNA_COUNTER.SPATIAL_POST_MATRIX_COMPUTATION.SPATIAL_RNA_ANALYZER.PREPROCESS_MATRIX
2025-10-21 21:40:10 [runtime] (ready)           ID.F08549.SPATIAL_RNA_COUNTER_CS.SPATIAL_RNA_COUNTER.SPATIAL_POST_MATRIX_COMPUTATION.SPATIAL_RNA_ANALYZER._ANTIBODY_ANALYZER.SUMMARIZE_ANTIBODY_ANALYSIS
2025-10-21 21:40:11 [runtime] (ready)           ID.F08549.SPATIAL_RNA_COUNTER_CS.SPATIAL_RNA_COUNTER.SPATIAL_POST_MATRIX_COMPUTATION.SPATIAL_RNA_ANALYZER.RUN_MULTIGENOME_ANALYSIS
2025-10-21 21:40:11 [runtime] (ready)           ID.F08549.SPATIAL_RNA_COUNTER_CS.SPATIAL_RNA_COUNTER.SPATIAL_POST_MATRIX_COMPUTATION.SPATIAL_RNA_ANALYZER._ANTIGEN_ANALYZER.CALL_ANTIBODIES
2025-10-21 21:40:11 [runtime] (ready)           ID.F08549.SPATIAL_RNA_COUNTER_CS.SPATIAL_RNA_COUNTER.SPATIAL_POST_MATRIX_COMPUTATION.SPATIAL_RNA_ANALYZER._ANTIGEN_ANALYZER.SUMMARIZE_ANTIBODY_ANALYSIS
2025-10-21 21:40:11 [runtime] (ready)           ID.F08549.SPATIAL_RNA_COUNTER_CS.SPATIAL_RNA_COUNTER.SPATIAL_POST_MATRIX_COMPUTATION.SPATIAL_RNA_ANALYZER._ANTIBODY_ANALYZER.CALL_ANTIBODIES
2025-10-21 21:40:11 [runtime] (ready)           ID.F08549.SPATIAL_RNA_COUNTER_CS.SPATIAL_RNA_COUNTER.SPATIAL_POST_MATRIX_COMPUTATION.SPATIAL_RNA_ANALYZER.RUN_BATCH_CORRECTION_PCA.PCA_PREP
2025-10-21 21:40:11 [runtime] (join_complete)   ID.F08549.SPATIAL_RNA_COUNTER_CS.SPATIAL_RNA_COUNTER.SPATIAL_POST_MATRIX_COMPUTATION.BIN_HD_DATA._BIN_HD_DATA._COMPUTE_BINNED_OUTPUTS.SPATIAL_BINNED_RNA_ANALYZER.PREPROCESS_MATRIX.fork_square_002um
2025-10-21 21:40:11 [runtime] (complete)        ID.F08549.SPATIAL_RNA_COUNTER_CS.SPATIAL_RNA_COUNTER.SPATIAL_POST_MATRIX_COMPUTATION.BIN_HD_DATA._BIN_HD_DATA._COMPUTE_BINNED_OUTPUTS.SPATIAL_BINNED_RNA_ANALYZER.PREPROCESS_MATRIX.fork_square_002um
2025-10-21 21:40:11 [runtime] (complete)        ID.F08549.SPATIAL_RNA_COUNTER_CS.SPATIAL_RNA_COUNTER.SPATIAL_POST_MATRIX_COMPUTATION.BIN_HD_DATA._BIN_HD_DATA._COMPUTE_BINNED_OUTPUTS.SPATIAL_BINNED_RNA_ANALYZER.PREPROCESS_MATRIX.fork_square_002um
2025-10-21 21:40:11 [runtime] (ready)           ID.F08549.SPATIAL_RNA_COUNTER_CS.SPATIAL_RNA_COUNTER.SPATIAL_POST_MATRIX_COMPUTATION.SPATIAL_RNA_ANALYZER.RUN_BATCH_CORRECTION_PCA.RUN_PCA2
2025-10-21 21:40:11 [runtime] (complete)        ID.F08549.SPATIAL_RNA_COUNTER_CS.SPATIAL_RNA_COUNTER.SPATIAL_POST_MATRIX_COMPUTATION.BIN_HD_DATA._BIN_HD_DATA._COMPUTE_BINNED_OUTPUTS.SPATIAL_BINNED_RNA_ANALYZER.PREPROCESS_MATRIX.fork_square_002um
2025-10-21 21:40:11 [runtime] (complete)        ID.F08549.SPATIAL_RNA_COUNTER_CS.SPATIAL_RNA_COUNTER.SPATIAL_POST_MATRIX_COMPUTATION.BIN_HD_DATA._BIN_HD_DATA._COMPUTE_BINNED_OUTPUTS.SPATIAL_BINNED_RNA_ANALYZER.PREPROCESS_MATRIX.fork_square_002um
2025-10-21 21:40:11 [runtime] (ready)           ID.F08549.SPATIAL_RNA_COUNTER_CS.SPATIAL_RNA_COUNTER.SPATIAL_POST_MATRIX_COMPUTATION.SPATIAL_RNA_ANALYZER.RUN_BATCH_CORRECTION_PCA.POST_PCA
2025-10-21 21:40:11 [runtime] (complete)        ID.F08549.SPATIAL_RNA_COUNTER_CS.SPATIAL_RNA_COUNTER.SPATIAL_POST_MATRIX_COMPUTATION.BIN_HD_DATA._BIN_HD_DATA._COMPUTE_BINNED_OUTPUTS.SPATIAL_BINNED_RNA_ANALYZER.PREPROCESS_MATRIX.fork_square_002um
2025-10-21 21:40:11 [runtime] (ready)           ID.F08549.SPATIAL_RNA_COUNTER_CS.SPATIAL_RNA_COUNTER.SPATIAL_POST_MATRIX_COMPUTATION.SPATIAL_RNA_ANALYZER.CORRECT_CHEMISTRY_BATCH
2025-10-21 21:40:11 [runtime] (complete)        ID.F08549.SPATIAL_RNA_COUNTER_CS.SPATIAL_RNA_COUNTER.SPATIAL_POST_MATRIX_COMPUTATION.BIN_HD_DATA._BIN_HD_DATA._COMPUTE_BINNED_OUTPUTS.SPATIAL_BINNED_RNA_ANALYZER.PREPROCESS_MATRIX.fork_square_002um
2025-10-21 21:40:11 [runtime] (ready)           ID.F08549.SPATIAL_RNA_COUNTER_CS.SPATIAL_RNA_COUNTER.SPATIAL_POST_MATRIX_COMPUTATION.SPATIAL_RNA_ANALYZER.RUN_PCA
2025-10-21 21:40:11 [runtime] (complete)        ID.F08549.SPATIAL_RNA_COUNTER_CS.SPATIAL_RNA_COUNTER.SPATIAL_POST_MATRIX_COMPUTATION.BIN_HD_DATA._BIN_HD_DATA._COMPUTE_BINNED_OUTPUTS.SPATIAL_BINNED_RNA_ANALYZER.PREPROCESS_MATRIX.fork_square_002um
2025-10-21 21:40:11 [runtime] (ready)           ID.F08549.SPATIAL_RNA_COUNTER_CS.SPATIAL_RNA_COUNTER.SPATIAL_POST_MATRIX_COMPUTATION.SPATIAL_RNA_ANALYZER.RUN_TSNE
2025-10-21 21:40:11 [runtime] (complete)        ID.F08549.SPATIAL_RNA_COUNTER_CS.SPATIAL_RNA_COUNTER.SPATIAL_POST_MATRIX_COMPUTATION.BIN_HD_DATA._BIN_HD_DATA._COMPUTE_BINNED_OUTPUTS.SPATIAL_BINNED_RNA_ANALYZER.PREPROCESS_MATRIX.fork_square_002um
2025-10-21 21:40:11 [runtime] (ready)           ID.F08549.SPATIAL_RNA_COUNTER_CS.SPATIAL_RNA_COUNTER.SPATIAL_POST_MATRIX_COMPUTATION.SPATIAL_RNA_ANALYZER.RUN_UMAP
2025-10-21 21:40:11 [runtime] (ready)           ID.F08549.SPATIAL_RNA_COUNTER_CS.SPATIAL_RNA_COUNTER.SPATIAL_POST_MATRIX_COMPUTATION.SPATIAL_RNA_ANALYZER.RUN_GRAPH_CLUSTERING
2025-10-21 21:40:11 [runtime] (complete)        ID.F08549.SPATIAL_RNA_COUNTER_CS.SPATIAL_RNA_COUNTER.SPATIAL_POST_MATRIX_COMPUTATION.BIN_HD_DATA._BIN_HD_DATA._COMPUTE_BINNED_OUTPUTS.SPATIAL_BINNED_RNA_ANALYZER.PREPROCESS_MATRIX.fork_square_002um
2025-10-21 21:40:11 [runtime] (ready)           ID.F08549.SPATIAL_RNA_COUNTER_CS.SPATIAL_RNA_COUNTER.SPATIAL_POST_MATRIX_COMPUTATION.SPATIAL_RNA_ANALYZER.RUN_KMEANS
2025-10-21 21:40:11 [runtime] (ready)           ID.F08549.SPATIAL_RNA_COUNTER_CS.SPATIAL_RNA_COUNTER.SPATIAL_POST_MATRIX_COMPUTATION.SPATIAL_RNA_ANALYZER.RUN_HIERARCHICAL_CLUSTERING
2025-10-21 21:40:11 [runtime] (complete)        ID.F08549.SPATIAL_RNA_COUNTER_CS.SPATIAL_RNA_COUNTER.SPATIAL_POST_MATRIX_COMPUTATION.BIN_HD_DATA._BIN_HD_DATA._COMPUTE_BINNED_OUTPUTS.SPATIAL_BINNED_RNA_ANALYZER.PREPROCESS_MATRIX.fork_square_002um
2025-10-21 21:40:11 [runtime] (complete)        ID.F08549.SPATIAL_RNA_COUNTER_CS.SPATIAL_RNA_COUNTER.SPATIAL_POST_MATRIX_COMPUTATION.BIN_HD_DATA._BIN_HD_DATA._COMPUTE_BINNED_OUTPUTS.SPATIAL_BINNED_RNA_ANALYZER.PREPROCESS_MATRIX.fork_square_002um
2025-10-21 21:40:11 [runtime] (complete)        ID.F08549.SPATIAL_RNA_COUNTER_CS.SPATIAL_RNA_COUNTER.SPATIAL_POST_MATRIX_COMPUTATION.BIN_HD_DATA._BIN_HD_DATA._COMPUTE_BINNED_OUTPUTS.SPATIAL_BINNED_RNA_ANALYZER.PREPROCESS_MATRIX.fork_square_002um
2025-10-21 21:40:11 [runtime] (ready)           ID.F08549.SPATIAL_RNA_COUNTER_CS.SPATIAL_RNA_COUNTER.SPATIAL_POST_MATRIX_COMPUTATION.SPATIAL_RNA_ANALYZER.COMBINE_CLUSTERING
2025-10-21 21:40:11 [runtime] (ready)           ID.F08549.SPATIAL_RNA_COUNTER_CS.SPATIAL_RNA_COUNTER.SPATIAL_POST_MATRIX_COMPUTATION.SPATIAL_RNA_ANALYZER.RUN_DIFFERENTIAL_EXPRESSION
2025-10-21 21:40:11 [runtime] (complete)        ID.F08549.SPATIAL_RNA_COUNTER_CS.SPATIAL_RNA_COUNTER.SPATIAL_POST_MATRIX_COMPUTATION.BIN_HD_DATA._BIN_HD_DATA._COMPUTE_BINNED_OUTPUTS.SPATIAL_BINNED_RNA_ANALYZER.PREPROCESS_MATRIX.fork_square_002um
2025-10-21 21:40:11 [runtime] (complete)        ID.F08549.SPATIAL_RNA_COUNTER_CS.SPATIAL_RNA_COUNTER.SPATIAL_POST_MATRIX_COMPUTATION.BIN_HD_DATA._BIN_HD_DATA._COMPUTE_BINNED_OUTPUTS.SPATIAL_BINNED_RNA_ANALYZER.PREPROCESS_MATRIX.fork_square_002um
2025-10-21 21:40:11 [runtime] (ready)           ID.F08549.SPATIAL_RNA_COUNTER_CS.SPATIAL_RNA_COUNTER.SPATIAL_POST_MATRIX_COMPUTATION.SPATIAL_RNA_ANALYZER.SUMMARIZE_ANALYSIS
2025-10-21 21:40:11 [runtime] (complete)        ID.F08549.SPATIAL_RNA_COUNTER_CS.SPATIAL_RNA_COUNTER.SPATIAL_POST_MATRIX_COMPUTATION.BIN_HD_DATA._BIN_HD_DATA._COMPUTE_BINNED_OUTPUTS.SPATIAL_BINNED_RNA_ANALYZER.PREPROCESS_MATRIX.fork_square_002um
2025-10-21 21:40:11 [runtime] (ready)           ID.F08549.SPATIAL_RNA_COUNTER_CS.SPATIAL_RNA_COUNTER.SPATIAL_POST_MATRIX_COMPUTATION.DECONVOLVE_SPOTS
2025-10-21 21:40:11 [runtime] (complete)        ID.F08549.SPATIAL_RNA_COUNTER_CS.SPATIAL_RNA_COUNTER.SPATIAL_POST_MATRIX_COMPUTATION.BIN_HD_DATA._BIN_HD_DATA._COMPUTE_BINNED_OUTPUTS.SPATIAL_BINNED_RNA_ANALYZER.PREPROCESS_MATRIX.fork_square_002um
2025-10-21 21:40:11 [runtime] (complete)        ID.F08549.SPATIAL_RNA_COUNTER_CS.SPATIAL_RNA_COUNTER.SPATIAL_POST_MATRIX_COMPUTATION.BIN_HD_DATA._BIN_HD_DATA._COMPUTE_BINNED_OUTPUTS.SPATIAL_BINNED_RNA_ANALYZER.PREPROCESS_MATRIX.fork_square_002um
2025-10-21 21:40:13 [runtime] (complete)        ID.F08549.SPATIAL_RNA_COUNTER_CS.SPATIAL_RNA_COUNTER.SPATIAL_POST_MATRIX_COMPUTATION.BIN_HD_DATA._BIN_HD_DATA._COMPUTE_BINNED_OUTPUTS.SPATIAL_BINNED_RNA_ANALYZER.PREPROCESS_MATRIX.fork_square_002um
2025-10-21 21:40:13 [runtime] (join_complete)   ID.F08549.SPATIAL_RNA_COUNTER_CS.SPATIAL_RNA_COUNTER.SPATIAL_POST_MATRIX_COMPUTATION.RUN_SPATIAL_ENRICHMENT
2025-10-21 21:40:13 [runtime] (complete)        ID.F08549.SPATIAL_RNA_COUNTER_CS.SPATIAL_RNA_COUNTER.SPATIAL_POST_MATRIX_COMPUTATION.BIN_HD_DATA._BIN_HD_DATA._COMPUTE_BINNED_OUTPUTS.SPATIAL_BINNED_RNA_ANALYZER.PREPROCESS_MATRIX.fork_square_002um
2025-10-21 21:40:13 [runtime] (complete)        ID.F08549.SPATIAL_RNA_COUNTER_CS.SPATIAL_RNA_COUNTER.SPATIAL_POST_MATRIX_COMPUTATION.BIN_HD_DATA._BIN_HD_DATA._COMPUTE_BINNED_OUTPUTS.SPATIAL_BINNED_RNA_ANALYZER.PREPROCESS_MATRIX.fork_square_002um
2025-10-21 21:40:13 [runtime] (ready)           ID.F08549.SPATIAL_RNA_COUNTER_CS.SPATIAL_RNA_COUNTER.SPATIAL_POST_MATRIX_COMPUTATION.SPATIAL_FOLDER_COLLECTOR
2025-10-21 21:40:13 [runtime] (run:local)       ID.F08549.SPATIAL_RNA_COUNTER_CS.SPATIAL_RNA_COUNTER.SPATIAL_POST_MATRIX_COMPUTATION.SPATIAL_FOLDER_COLLECTOR.fork0.chnk0.main
2025-10-21 21:40:14 [runtime] (chunks_complete) ID.F08549.SPATIAL_RNA_COUNTER_CS.SPATIAL_RNA_COUNTER.SPATIAL_POST_MATRIX_COMPUTATION.SPATIAL_FOLDER_COLLECTOR
2025-10-21 21:40:14 [runtime] (complete)        ID.F08549.SPATIAL_RNA_COUNTER_CS.SPATIAL_RNA_COUNTER.SPATIAL_POST_MATRIX_COMPUTATION.BIN_HD_DATA._BIN_HD_DATA._COMPUTE_BINNED_OUTPUTS.SPATIAL_BINNED_RNA_ANALYZER.PREPROCESS_MATRIX.fork_square_002um
2025-10-21 21:40:14 [runtime] (complete)        ID.F08549.SPATIAL_RNA_COUNTER_CS.SPATIAL_RNA_COUNTER.SPATIAL_POST_MATRIX_COMPUTATION.BIN_HD_DATA._BIN_HD_DATA._COMPUTE_BINNED_OUTPUTS.SPATIAL_BINNED_RNA_ANALYZER.PREPROCESS_MATRIX.fork_square_002um
2025-10-21 21:40:14 [runtime] (join_complete)   ID.F08549.SPATIAL_RNA_COUNTER_CS.SPATIAL_RNA_COUNTER.SPATIAL_POST_MATRIX_COMPUTATION.BIN_HD_DATA._BIN_HD_DATA._COMPUTE_BINNED_OUTPUTS.SPATIAL_BINNED_RNA_ANALYZER.PREPROCESS_MATRIX.fork_square_016um
2025-10-21 21:40:14 [runtime] (ready)           ID.F08549.SPATIAL_RNA_COUNTER_CS.SPATIAL_RNA_COUNTER.SPATIAL_POST_MATRIX_COMPUTATION.HD_WEBSUMMARY_BUILDER.CREATE_HD_WEBSUMMARY_IMAGE
2025-10-21 21:40:14 [runtime] (run:local)       ID.F08549.SPATIAL_RNA_COUNTER_CS.SPATIAL_RNA_COUNTER.SPATIAL_POST_MATRIX_COMPUTATION.HD_WEBSUMMARY_BUILDER.CREATE_HD_WEBSUMMARY_IMAGE.fork0.chnk0.main
2025-10-21 21:40:15 [runtime] (complete)        ID.F08549.SPATIAL_RNA_COUNTER_CS.SPATIAL_RNA_COUNTER.SPATIAL_POST_MATRIX_COMPUTATION.BIN_HD_DATA._BIN_HD_DATA._COMPUTE_BINNED_OUTPUTS.SPATIAL_BINNED_RNA_ANALYZER.PREPROCESS_MATRIX.fork_square_002um
2025-10-21 21:40:15 [runtime] (join_complete)   ID.F08549.SPATIAL_RNA_COUNTER_CS.SPATIAL_RNA_COUNTER.SPATIAL_POST_MATRIX_COMPUTATION.BIN_HD_DATA._BIN_HD_DATA._COMPUTE_BINNED_OUTPUTS.SPATIAL_BINNED_RNA_ANALYZER.PREPROCESS_MATRIX.fork_square_008um
2025-10-21 21:40:15 [runtime] (complete)        ID.F08549.SPATIAL_RNA_COUNTER_CS.SPATIAL_RNA_COUNTER.SPATIAL_POST_MATRIX_COMPUTATION.BIN_HD_DATA._BIN_HD_DATA._COMPUTE_BINNED_OUTPUTS.SPATIAL_BINNED_RNA_ANALYZER.PREPROCESS_MATRIX.fork_square_016um
2025-10-21 21:40:16 [runtime] (ready)           ID.F08549.SPATIAL_RNA_COUNTER_CS.SPATIAL_RNA_COUNTER.SPATIAL_POST_MATRIX_COMPUTATION.BIN_HD_DATA._BIN_HD_DATA._COMPUTE_BINNED_OUTPUTS.SPATIAL_BINNED_RNA_ANALYZER.RUN_BATCH_CORRECTION_PCA.PCA_PREP.fork_square_002um
2025-10-21 21:40:16 [runtime] (ready)           ID.F08549.SPATIAL_RNA_COUNTER_CS.SPATIAL_RNA_COUNTER.SPATIAL_POST_MATRIX_COMPUTATION.BIN_HD_DATA._BIN_HD_DATA._COMPUTE_BINNED_OUTPUTS.SPATIAL_BINNED_RNA_ANALYZER.RUN_BATCH_CORRECTION_PCA.PCA_PREP.fork_square_008um
2025-10-21 21:40:16 [runtime] (ready)           ID.F08549.SPATIAL_RNA_COUNTER_CS.SPATIAL_RNA_COUNTER.SPATIAL_POST_MATRIX_COMPUTATION.BIN_HD_DATA._BIN_HD_DATA._COMPUTE_BINNED_OUTPUTS.SPATIAL_BINNED_RNA_ANALYZER.RUN_BATCH_CORRECTION_PCA.PCA_PREP.fork_square_016um
2025-10-21 21:40:16 [runtime] (ready)           ID.F08549.SPATIAL_RNA_COUNTER_CS.SPATIAL_RNA_COUNTER.SPATIAL_POST_MATRIX_COMPUTATION.BIN_HD_DATA._BIN_HD_DATA._COMPUTE_BINNED_OUTPUTS.SPATIAL_BINNED_RNA_ANALYZER.RUN_MULTIGENOME_ANALYSIS.fork_square_002um
2025-10-21 21:40:16 [runtime] (ready)           ID.F08549.SPATIAL_RNA_COUNTER_CS.SPATIAL_RNA_COUNTER.SPATIAL_POST_MATRIX_COMPUTATION.BIN_HD_DATA._BIN_HD_DATA._COMPUTE_BINNED_OUTPUTS.SPATIAL_BINNED_RNA_ANALYZER.RUN_MULTIGENOME_ANALYSIS.fork_square_008um
2025-10-21 21:40:16 [runtime] (ready)           ID.F08549.SPATIAL_RNA_COUNTER_CS.SPATIAL_RNA_COUNTER.SPATIAL_POST_MATRIX_COMPUTATION.BIN_HD_DATA._BIN_HD_DATA._COMPUTE_BINNED_OUTPUTS.SPATIAL_BINNED_RNA_ANALYZER.RUN_MULTIGENOME_ANALYSIS.fork_square_016um
2025-10-21 21:40:16 [runtime] (ready)           ID.F08549.SPATIAL_RNA_COUNTER_CS.SPATIAL_RNA_COUNTER.SPATIAL_POST_MATRIX_COMPUTATION.BIN_HD_DATA._BIN_HD_DATA._COMPUTE_BINNED_OUTPUTS.SPATIAL_BINNED_RNA_ANALYZER._ANTIGEN_ANALYZER.SUMMARIZE_ANTIBODY_ANALYSIS.fork_square_002um
2025-10-21 21:40:16 [runtime] (ready)           ID.F08549.SPATIAL_RNA_COUNTER_CS.SPATIAL_RNA_COUNTER.SPATIAL_POST_MATRIX_COMPUTATION.BIN_HD_DATA._BIN_HD_DATA._COMPUTE_BINNED_OUTPUTS.SPATIAL_BINNED_RNA_ANALYZER._ANTIGEN_ANALYZER.SUMMARIZE_ANTIBODY_ANALYSIS.fork_square_008um
2025-10-21 21:40:16 [runtime] (ready)           ID.F08549.SPATIAL_RNA_COUNTER_CS.SPATIAL_RNA_COUNTER.SPATIAL_POST_MATRIX_COMPUTATION.BIN_HD_DATA._BIN_HD_DATA._COMPUTE_BINNED_OUTPUTS.SPATIAL_BINNED_RNA_ANALYZER._ANTIGEN_ANALYZER.SUMMARIZE_ANTIBODY_ANALYSIS.fork_square_016um
2025-10-21 21:40:16 [runtime] (ready)           ID.F08549.SPATIAL_RNA_COUNTER_CS.SPATIAL_RNA_COUNTER.SPATIAL_POST_MATRIX_COMPUTATION.BIN_HD_DATA._BIN_HD_DATA._COMPUTE_BINNED_OUTPUTS.SPATIAL_BINNED_RNA_ANALYZER._ANTIBODY_ANALYZER.CALL_ANTIBODIES.fork_square_002um
2025-10-21 21:40:16 [runtime] (ready)           ID.F08549.SPATIAL_RNA_COUNTER_CS.SPATIAL_RNA_COUNTER.SPATIAL_POST_MATRIX_COMPUTATION.BIN_HD_DATA._BIN_HD_DATA._COMPUTE_BINNED_OUTPUTS.SPATIAL_BINNED_RNA_ANALYZER._ANTIBODY_ANALYZER.CALL_ANTIBODIES.fork_square_008um
2025-10-21 21:40:16 [runtime] (ready)           ID.F08549.SPATIAL_RNA_COUNTER_CS.SPATIAL_RNA_COUNTER.SPATIAL_POST_MATRIX_COMPUTATION.BIN_HD_DATA._BIN_HD_DATA._COMPUTE_BINNED_OUTPUTS.SPATIAL_BINNED_RNA_ANALYZER._ANTIBODY_ANALYZER.CALL_ANTIBODIES.fork_square_016um
2025-10-21 21:40:16 [runtime] (ready)           ID.F08549.SPATIAL_RNA_COUNTER_CS.SPATIAL_RNA_COUNTER.SPATIAL_POST_MATRIX_COMPUTATION.BIN_HD_DATA._BIN_HD_DATA._COMPUTE_BINNED_OUTPUTS.SPATIAL_BINNED_RNA_ANALYZER._ANTIBODY_ANALYZER.SUMMARIZE_ANTIBODY_ANALYSIS.fork_square_002um
2025-10-21 21:40:16 [runtime] (ready)           ID.F08549.SPATIAL_RNA_COUNTER_CS.SPATIAL_RNA_COUNTER.SPATIAL_POST_MATRIX_COMPUTATION.BIN_HD_DATA._BIN_HD_DATA._COMPUTE_BINNED_OUTPUTS.SPATIAL_BINNED_RNA_ANALYZER._ANTIBODY_ANALYZER.SUMMARIZE_ANTIBODY_ANALYSIS.fork_square_008um
2025-10-21 21:40:16 [runtime] (ready)           ID.F08549.SPATIAL_RNA_COUNTER_CS.SPATIAL_RNA_COUNTER.SPATIAL_POST_MATRIX_COMPUTATION.BIN_HD_DATA._BIN_HD_DATA._COMPUTE_BINNED_OUTPUTS.SPATIAL_BINNED_RNA_ANALYZER._ANTIBODY_ANALYZER.SUMMARIZE_ANTIBODY_ANALYSIS.fork_square_016um
2025-10-21 21:40:16 [runtime] (ready)           ID.F08549.SPATIAL_RNA_COUNTER_CS.SPATIAL_RNA_COUNTER.SPATIAL_POST_MATRIX_COMPUTATION.BIN_HD_DATA._BIN_HD_DATA._COMPUTE_BINNED_OUTPUTS.SPATIAL_BINNED_RNA_ANALYZER._ANTIGEN_ANALYZER.CALL_ANTIBODIES.fork_square_002um
2025-10-21 21:40:16 [runtime] (ready)           ID.F08549.SPATIAL_RNA_COUNTER_CS.SPATIAL_RNA_COUNTER.SPATIAL_POST_MATRIX_COMPUTATION.BIN_HD_DATA._BIN_HD_DATA._COMPUTE_BINNED_OUTPUTS.SPATIAL_BINNED_RNA_ANALYZER._ANTIGEN_ANALYZER.CALL_ANTIBODIES.fork_square_008um
2025-10-21 21:40:16 [runtime] (ready)           ID.F08549.SPATIAL_RNA_COUNTER_CS.SPATIAL_RNA_COUNTER.SPATIAL_POST_MATRIX_COMPUTATION.BIN_HD_DATA._BIN_HD_DATA._COMPUTE_BINNED_OUTPUTS.SPATIAL_BINNED_RNA_ANALYZER._ANTIGEN_ANALYZER.CALL_ANTIBODIES.fork_square_016um
2025-10-21 21:40:16 [runtime] (ready)           ID.F08549.SPATIAL_RNA_COUNTER_CS.SPATIAL_RNA_COUNTER.SPATIAL_POST_MATRIX_COMPUTATION.BIN_HD_DATA._BIN_HD_DATA._COMPUTE_BINNED_OUTPUTS.SPATIAL_BINNED_RNA_ANALYZER.RUN_BATCH_CORRECTION_PCA.RUN_PCA2.fork_square_002um
2025-10-21 21:40:16 [runtime] (ready)           ID.F08549.SPATIAL_RNA_COUNTER_CS.SPATIAL_RNA_COUNTER.SPATIAL_POST_MATRIX_COMPUTATION.BIN_HD_DATA._BIN_HD_DATA._COMPUTE_BINNED_OUTPUTS.SPATIAL_BINNED_RNA_ANALYZER.RUN_BATCH_CORRECTION_PCA.RUN_PCA2.fork_square_008um
2025-10-21 21:40:16 [runtime] (ready)           ID.F08549.SPATIAL_RNA_COUNTER_CS.SPATIAL_RNA_COUNTER.SPATIAL_POST_MATRIX_COMPUTATION.BIN_HD_DATA._BIN_HD_DATA._COMPUTE_BINNED_OUTPUTS.SPATIAL_BINNED_RNA_ANALYZER.RUN_BATCH_CORRECTION_PCA.RUN_PCA2.fork_square_016um
2025-10-21 21:40:16 [runtime] (ready)           ID.F08549.SPATIAL_RNA_COUNTER_CS.SPATIAL_RNA_COUNTER.SPATIAL_POST_MATRIX_COMPUTATION.BIN_HD_DATA._BIN_HD_DATA._COMPUTE_BINNED_OUTPUTS.SPATIAL_BINNED_RNA_ANALYZER.RUN_BATCH_CORRECTION_PCA.POST_PCA.fork_square_002um
2025-10-21 21:40:16 [runtime] (ready)           ID.F08549.SPATIAL_RNA_COUNTER_CS.SPATIAL_RNA_COUNTER.SPATIAL_POST_MATRIX_COMPUTATION.BIN_HD_DATA._BIN_HD_DATA._COMPUTE_BINNED_OUTPUTS.SPATIAL_BINNED_RNA_ANALYZER.RUN_BATCH_CORRECTION_PCA.POST_PCA.fork_square_008um
2025-10-21 21:40:16 [runtime] (ready)           ID.F08549.SPATIAL_RNA_COUNTER_CS.SPATIAL_RNA_COUNTER.SPATIAL_POST_MATRIX_COMPUTATION.BIN_HD_DATA._BIN_HD_DATA._COMPUTE_BINNED_OUTPUTS.SPATIAL_BINNED_RNA_ANALYZER.RUN_BATCH_CORRECTION_PCA.POST_PCA.fork_square_016um
2025-10-21 21:40:16 [runtime] (chunks_complete) ID.F08549.SPATIAL_RNA_COUNTER_CS.SPATIAL_RNA_COUNTER.SPATIAL_POST_MATRIX_COMPUTATION.HD_WEBSUMMARY_BUILDER.CREATE_HD_WEBSUMMARY_IMAGE
2025-10-21 21:40:16 [runtime] (ready)           ID.F08549.SPATIAL_RNA_COUNTER_CS.SPATIAL_RNA_COUNTER.SPATIAL_POST_MATRIX_COMPUTATION.BIN_HD_DATA._BIN_HD_DATA._COMPUTE_BINNED_OUTPUTS.SPATIAL_BINNED_RNA_ANALYZER.CORRECT_CHEMISTRY_BATCH.fork_square_002um
2025-10-21 21:40:16 [runtime] (ready)           ID.F08549.SPATIAL_RNA_COUNTER_CS.SPATIAL_RNA_COUNTER.SPATIAL_POST_MATRIX_COMPUTATION.BIN_HD_DATA._BIN_HD_DATA._COMPUTE_BINNED_OUTPUTS.SPATIAL_BINNED_RNA_ANALYZER.CORRECT_CHEMISTRY_BATCH.fork_square_008um
2025-10-21 21:40:16 [runtime] (ready)           ID.F08549.SPATIAL_RNA_COUNTER_CS.SPATIAL_RNA_COUNTER.SPATIAL_POST_MATRIX_COMPUTATION.BIN_HD_DATA._BIN_HD_DATA._COMPUTE_BINNED_OUTPUTS.SPATIAL_BINNED_RNA_ANALYZER.CORRECT_CHEMISTRY_BATCH.fork_square_016um
2025-10-21 21:40:16 [runtime] (ready)           ID.F08549.SPATIAL_RNA_COUNTER_CS.SPATIAL_RNA_COUNTER.SPATIAL_POST_MATRIX_COMPUTATION.BIN_HD_DATA._BIN_HD_DATA._COMPUTE_BINNED_OUTPUTS.SPATIAL_BINNED_RNA_ANALYZER.RUN_PCA.fork_square_002um
2025-10-21 21:40:16 [runtime] (ready)           ID.F08549.SPATIAL_RNA_COUNTER_CS.SPATIAL_RNA_COUNTER.SPATIAL_POST_MATRIX_COMPUTATION.BIN_HD_DATA._BIN_HD_DATA._COMPUTE_BINNED_OUTPUTS.SPATIAL_BINNED_RNA_ANALYZER.RUN_PCA.fork_square_008um
2025-10-21 21:40:16 [runtime] (run:local)       ID.F08549.SPATIAL_RNA_COUNTER_CS.SPATIAL_RNA_COUNTER.SPATIAL_POST_MATRIX_COMPUTATION.BIN_HD_DATA._BIN_HD_DATA._COMPUTE_BINNED_OUTPUTS.SPATIAL_BINNED_RNA_ANALYZER.RUN_PCA.fork_square_008um.split
2025-10-21 21:40:16 [runtime] (ready)           ID.F08549.SPATIAL_RNA_COUNTER_CS.SPATIAL_RNA_COUNTER.SPATIAL_POST_MATRIX_COMPUTATION.BIN_HD_DATA._BIN_HD_DATA._COMPUTE_BINNED_OUTPUTS.SPATIAL_BINNED_RNA_ANALYZER.RUN_PCA.fork_square_016um
2025-10-21 21:40:16 [runtime] (run:local)       ID.F08549.SPATIAL_RNA_COUNTER_CS.SPATIAL_RNA_COUNTER.SPATIAL_POST_MATRIX_COMPUTATION.BIN_HD_DATA._BIN_HD_DATA._COMPUTE_BINNED_OUTPUTS.SPATIAL_BINNED_RNA_ANALYZER.RUN_PCA.fork_square_016um.split
2025-10-21 21:40:17 [runtime] (split_complete)  ID.F08549.SPATIAL_RNA_COUNTER_CS.SPATIAL_RNA_COUNTER.SPATIAL_POST_MATRIX_COMPUTATION.BIN_HD_DATA._BIN_HD_DATA._COMPUTE_BINNED_OUTPUTS.SPATIAL_BINNED_RNA_ANALYZER.RUN_PCA.fork_square_008um
2025-10-21 21:40:17 [runtime] (run:local)       ID.F08549.SPATIAL_RNA_COUNTER_CS.SPATIAL_RNA_COUNTER.SPATIAL_POST_MATRIX_COMPUTATION.BIN_HD_DATA._BIN_HD_DATA._COMPUTE_BINNED_OUTPUTS.SPATIAL_BINNED_RNA_ANALYZER.RUN_PCA.fork_square_008um.chnk0.main
2025-10-21 21:40:17 [runtime] (split_complete)  ID.F08549.SPATIAL_RNA_COUNTER_CS.SPATIAL_RNA_COUNTER.SPATIAL_POST_MATRIX_COMPUTATION.BIN_HD_DATA._BIN_HD_DATA._COMPUTE_BINNED_OUTPUTS.SPATIAL_BINNED_RNA_ANALYZER.RUN_PCA.fork_square_016um
2025-10-21 21:40:17 [runtime] (run:local)       ID.F08549.SPATIAL_RNA_COUNTER_CS.SPATIAL_RNA_COUNTER.SPATIAL_POST_MATRIX_COMPUTATION.BIN_HD_DATA._BIN_HD_DATA._COMPUTE_BINNED_OUTPUTS.SPATIAL_BINNED_RNA_ANALYZER.RUN_PCA.fork_square_016um.chnk0.main
2025-10-21 21:40:32 [runtime] (chunks_complete) ID.F08549.SPATIAL_RNA_COUNTER_CS.SPATIAL_RNA_COUNTER.SPATIAL_POST_MATRIX_COMPUTATION.BIN_HD_DATA._BIN_HD_DATA._COMPUTE_BINNED_OUTPUTS.SPATIAL_BINNED_RNA_ANALYZER.RUN_PCA.fork_square_016um
2025-10-21 21:40:32 [runtime] (run:local)       ID.F08549.SPATIAL_RNA_COUNTER_CS.SPATIAL_RNA_COUNTER.SPATIAL_POST_MATRIX_COMPUTATION.BIN_HD_DATA._BIN_HD_DATA._COMPUTE_BINNED_OUTPUTS.SPATIAL_BINNED_RNA_ANALYZER.RUN_PCA.fork_square_016um.join
2025-10-21 21:40:33 [runtime] (join_complete)   ID.F08549.SPATIAL_RNA_COUNTER_CS.SPATIAL_RNA_COUNTER.SPATIAL_POST_MATRIX_COMPUTATION.BIN_HD_DATA._BIN_HD_DATA._COMPUTE_BINNED_OUTPUTS.SPATIAL_BINNED_RNA_ANALYZER.RUN_PCA.fork_square_016um
2025-10-21 21:40:36 [runtime] (complete)        ID.F08549.SPATIAL_RNA_COUNTER_CS.SPATIAL_RNA_COUNTER.SPATIAL_POST_MATRIX_COMPUTATION.BIN_HD_DATA._BIN_HD_DATA._COMPUTE_BINNED_OUTPUTS.SPATIAL_BINNED_RNA_ANALYZER.RUN_PCA.fork_square_016um
2025-10-21 21:40:39 [runtime] (complete)        ID.F08549.SPATIAL_RNA_COUNTER_CS.SPATIAL_RNA_COUNTER.SPATIAL_POST_MATRIX_COMPUTATION.BIN_HD_DATA._BIN_HD_DATA._COMPUTE_BINNED_OUTPUTS.SPATIAL_BINNED_RNA_ANALYZER.RUN_PCA.fork_square_016um
2025-10-21 21:40:42 [runtime] (complete)        ID.F08549.SPATIAL_RNA_COUNTER_CS.SPATIAL_RNA_COUNTER.SPATIAL_POST_MATRIX_COMPUTATION.BIN_HD_DATA._BIN_HD_DATA._COMPUTE_BINNED_OUTPUTS.SPATIAL_BINNED_RNA_ANALYZER.RUN_PCA.fork_square_016um
2025-10-21 21:40:45 [runtime] (complete)        ID.F08549.SPATIAL_RNA_COUNTER_CS.SPATIAL_RNA_COUNTER.SPATIAL_POST_MATRIX_COMPUTATION.BIN_HD_DATA._BIN_HD_DATA._COMPUTE_BINNED_OUTPUTS.SPATIAL_BINNED_RNA_ANALYZER.RUN_PCA.fork_square_016um
2025-10-21 21:40:46 [runtime] (complete)        ID.F08549.SPATIAL_RNA_COUNTER_CS.SPATIAL_RNA_COUNTER.SPATIAL_POST_MATRIX_COMPUTATION.BIN_HD_DATA._BIN_HD_DATA._COMPUTE_BINNED_OUTPUTS.SPATIAL_BINNED_RNA_ANALYZER.RUN_PCA.fork_square_016um
2025-10-21 21:40:46 [runtime] (chunks_complete) ID.F08549.SPATIAL_RNA_COUNTER_CS.SPATIAL_RNA_COUNTER.SPATIAL_POST_MATRIX_COMPUTATION._POST_MATRIX_COMPUTATION.COLLATE_PROBE_METRICS
2025-10-21 21:40:46 [runtime] (complete)        ID.F08549.SPATIAL_RNA_COUNTER_CS.SPATIAL_RNA_COUNTER.SPATIAL_POST_MATRIX_COMPUTATION.BIN_HD_DATA._BIN_HD_DATA._COMPUTE_BINNED_OUTPUTS.SPATIAL_BINNED_RNA_ANALYZER.RUN_PCA.fork_square_016um
2025-10-21 21:40:46 [runtime] (ready)           ID.F08549.SPATIAL_RNA_COUNTER_CS.SPATIAL_RNA_COUNTER.SPATIAL_POST_MATRIX_COMPUTATION._POST_MATRIX_COMPUTATION._CELLS_REPORTER.WRITE_MOLECULE_INFO
2025-10-21 21:40:46 [runtime] (run:local)       ID.F08549.SPATIAL_RNA_COUNTER_CS.SPATIAL_RNA_COUNTER.SPATIAL_POST_MATRIX_COMPUTATION._POST_MATRIX_COMPUTATION._CELLS_REPORTER.WRITE_MOLECULE_INFO.fork0.split
2025-10-21 21:40:46 [runtime] (complete)        ID.F08549.SPATIAL_RNA_COUNTER_CS.SPATIAL_RNA_COUNTER.SPATIAL_POST_MATRIX_COMPUTATION.BIN_HD_DATA._BIN_HD_DATA._COMPUTE_BINNED_OUTPUTS.SPATIAL_BINNED_RNA_ANALYZER.RUN_PCA.fork_square_016um
2025-10-21 21:40:46 [runtime] (chunks_complete) ID.F08549.SPATIAL_RNA_COUNTER_CS.SPATIAL_RNA_COUNTER.SPATIAL_POST_MATRIX_COMPUTATION.BIN_HD_DATA._BIN_HD_DATA._COMPUTE_BINNED_OUTPUTS.SPATIAL_BINNED_RNA_ANALYZER.RUN_PCA.fork_square_008um
2025-10-21 21:40:46 [runtime] (run:local)       ID.F08549.SPATIAL_RNA_COUNTER_CS.SPATIAL_RNA_COUNTER.SPATIAL_POST_MATRIX_COMPUTATION.BIN_HD_DATA._BIN_HD_DATA._COMPUTE_BINNED_OUTPUTS.SPATIAL_BINNED_RNA_ANALYZER.RUN_PCA.fork_square_008um.join
2025-10-21 21:40:46 [runtime] (complete)        ID.F08549.SPATIAL_RNA_COUNTER_CS.SPATIAL_RNA_COUNTER.SPATIAL_POST_MATRIX_COMPUTATION.BIN_HD_DATA._BIN_HD_DATA._COMPUTE_BINNED_OUTPUTS.SPATIAL_BINNED_RNA_ANALYZER.RUN_PCA.fork_square_016um
2025-10-21 21:40:46 [runtime] (ready)           ID.F08549.SPATIAL_RNA_COUNTER_CS.SPATIAL_RNA_COUNTER.SPATIAL_POST_MATRIX_COMPUTATION.BIN_HD_DATA._BIN_HD_DATA._COMPUTE_BINNED_OUTPUTS.PICK_PROBE_BC_MATRIX.fork_square_002um
2025-10-21 21:40:46 [runtime] (run:local)       ID.F08549.SPATIAL_RNA_COUNTER_CS.SPATIAL_RNA_COUNTER.SPATIAL_POST_MATRIX_COMPUTATION.BIN_HD_DATA._BIN_HD_DATA._COMPUTE_BINNED_OUTPUTS.PICK_PROBE_BC_MATRIX.fork_square_002um.chnk0.main
2025-10-21 21:40:46 [runtime] (ready)           ID.F08549.SPATIAL_RNA_COUNTER_CS.SPATIAL_RNA_COUNTER.SPATIAL_POST_MATRIX_COMPUTATION.BIN_HD_DATA._BIN_HD_DATA._COMPUTE_BINNED_OUTPUTS.PICK_PROBE_BC_MATRIX.fork_square_008um
2025-10-21 21:40:46 [runtime] (run:local)       ID.F08549.SPATIAL_RNA_COUNTER_CS.SPATIAL_RNA_COUNTER.SPATIAL_POST_MATRIX_COMPUTATION.BIN_HD_DATA._BIN_HD_DATA._COMPUTE_BINNED_OUTPUTS.PICK_PROBE_BC_MATRIX.fork_square_008um.chnk0.main
2025-10-21 21:40:46 [runtime] (ready)           ID.F08549.SPATIAL_RNA_COUNTER_CS.SPATIAL_RNA_COUNTER.SPATIAL_POST_MATRIX_COMPUTATION.BIN_HD_DATA._BIN_HD_DATA._COMPUTE_BINNED_OUTPUTS.PICK_PROBE_BC_MATRIX.fork_square_016um
2025-10-21 21:40:46 [runtime] (run:local)       ID.F08549.SPATIAL_RNA_COUNTER_CS.SPATIAL_RNA_COUNTER.SPATIAL_POST_MATRIX_COMPUTATION.BIN_HD_DATA._BIN_HD_DATA._COMPUTE_BINNED_OUTPUTS.PICK_PROBE_BC_MATRIX.fork_square_016um.chnk0.main
2025-10-21 21:40:47 [runtime] (complete)        ID.F08549.SPATIAL_RNA_COUNTER_CS.SPATIAL_RNA_COUNTER.SPATIAL_POST_MATRIX_COMPUTATION.BIN_HD_DATA._BIN_HD_DATA._COMPUTE_BINNED_OUTPUTS.SPATIAL_BINNED_RNA_ANALYZER.RUN_PCA.fork_square_016um
2025-10-21 21:40:47 [runtime] (split_complete)  ID.F08549.SPATIAL_RNA_COUNTER_CS.SPATIAL_RNA_COUNTER.SPATIAL_POST_MATRIX_COMPUTATION._POST_MATRIX_COMPUTATION._CELLS_REPORTER.WRITE_MOLECULE_INFO
2025-10-21 21:40:47 [runtime] (run:local)       ID.F08549.SPATIAL_RNA_COUNTER_CS.SPATIAL_RNA_COUNTER.SPATIAL_POST_MATRIX_COMPUTATION._POST_MATRIX_COMPUTATION._CELLS_REPORTER.WRITE_MOLECULE_INFO.fork0.join
2025-10-21 21:40:49 [runtime] (complete)        ID.F08549.SPATIAL_RNA_COUNTER_CS.SPATIAL_RNA_COUNTER.SPATIAL_POST_MATRIX_COMPUTATION.BIN_HD_DATA._BIN_HD_DATA._COMPUTE_BINNED_OUTPUTS.SPATIAL_BINNED_RNA_ANALYZER.RUN_PCA.fork_square_016um
2025-10-21 21:40:49 [runtime] (chunks_complete) ID.F08549.SPATIAL_RNA_COUNTER_CS.SPATIAL_RNA_COUNTER.SPATIAL_POST_MATRIX_COMPUTATION.BIN_HD_DATA._BIN_HD_DATA._COMPUTE_BINNED_OUTPUTS.PICK_PROBE_BC_MATRIX.fork_square_002um
2025-10-21 21:40:49 [runtime] (chunks_complete) ID.F08549.SPATIAL_RNA_COUNTER_CS.SPATIAL_RNA_COUNTER.SPATIAL_POST_MATRIX_COMPUTATION.BIN_HD_DATA._BIN_HD_DATA._COMPUTE_BINNED_OUTPUTS.PICK_PROBE_BC_MATRIX.fork_square_008um
2025-10-21 21:40:49 [runtime] (join_complete)   ID.F08549.SPATIAL_RNA_COUNTER_CS.SPATIAL_RNA_COUNTER.SPATIAL_POST_MATRIX_COMPUTATION.BIN_HD_DATA._BIN_HD_DATA._COMPUTE_BINNED_OUTPUTS.SPATIAL_BINNED_RNA_ANALYZER.RUN_PCA.fork_square_008um
2025-10-21 21:40:49 [runtime] (complete)        ID.F08549.SPATIAL_RNA_COUNTER_CS.SPATIAL_RNA_COUNTER.SPATIAL_POST_MATRIX_COMPUTATION.BIN_HD_DATA._BIN_HD_DATA._COMPUTE_BINNED_OUTPUTS.SPATIAL_BINNED_RNA_ANALYZER.RUN_PCA.fork_square_016um
2025-10-21 21:40:49 [runtime] (complete)        ID.F08549.SPATIAL_RNA_COUNTER_CS.SPATIAL_RNA_COUNTER.SPATIAL_POST_MATRIX_COMPUTATION.BIN_HD_DATA._BIN_HD_DATA._COMPUTE_BINNED_OUTPUTS.PICK_PROBE_BC_MATRIX.fork_square_002um
2025-10-21 21:40:49 [runtime] (complete)        ID.F08549.SPATIAL_RNA_COUNTER_CS.SPATIAL_RNA_COUNTER.SPATIAL_POST_MATRIX_COMPUTATION.BIN_HD_DATA._BIN_HD_DATA._COMPUTE_BINNED_OUTPUTS.PICK_PROBE_BC_MATRIX.fork_square_008um
2025-10-21 21:40:49 [runtime] (chunks_complete) ID.F08549.SPATIAL_RNA_COUNTER_CS.SPATIAL_RNA_COUNTER.SPATIAL_POST_MATRIX_COMPUTATION.BIN_HD_DATA._BIN_HD_DATA._COMPUTE_BINNED_OUTPUTS.PICK_PROBE_BC_MATRIX.fork_square_016um
2025-10-21 21:40:49 [runtime] (ready)           ID.F08549.SPATIAL_RNA_COUNTER_CS.SPATIAL_RNA_COUNTER.SPATIAL_POST_MATRIX_COMPUTATION.BIN_HD_DATA._BIN_HD_DATA._COMPUTE_BINNED_OUTPUTS.SPATIAL_BINNED_RNA_ANALYZER.RUN_GRAPH_CLUSTERING.fork_square_002um
2025-10-21 21:40:49 [runtime] (ready)           ID.F08549.SPATIAL_RNA_COUNTER_CS.SPATIAL_RNA_COUNTER.SPATIAL_POST_MATRIX_COMPUTATION.BIN_HD_DATA._BIN_HD_DATA._COMPUTE_BINNED_OUTPUTS.SPATIAL_BINNED_RNA_ANALYZER.RUN_GRAPH_CLUSTERING.fork_square_008um
2025-10-21 21:40:49 [runtime] (run:local)       ID.F08549.SPATIAL_RNA_COUNTER_CS.SPATIAL_RNA_COUNTER.SPATIAL_POST_MATRIX_COMPUTATION.BIN_HD_DATA._BIN_HD_DATA._COMPUTE_BINNED_OUTPUTS.SPATIAL_BINNED_RNA_ANALYZER.RUN_GRAPH_CLUSTERING.fork_square_008um.split
2025-10-21 21:40:49 [runtime] (ready)           ID.F08549.SPATIAL_RNA_COUNTER_CS.SPATIAL_RNA_COUNTER.SPATIAL_POST_MATRIX_COMPUTATION.BIN_HD_DATA._BIN_HD_DATA._COMPUTE_BINNED_OUTPUTS.SPATIAL_BINNED_RNA_ANALYZER.RUN_GRAPH_CLUSTERING.fork_square_016um
2025-10-21 21:40:49 [runtime] (run:local)       ID.F08549.SPATIAL_RNA_COUNTER_CS.SPATIAL_RNA_COUNTER.SPATIAL_POST_MATRIX_COMPUTATION.BIN_HD_DATA._BIN_HD_DATA._COMPUTE_BINNED_OUTPUTS.SPATIAL_BINNED_RNA_ANALYZER.RUN_GRAPH_CLUSTERING.fork_square_016um.split
2025-10-21 21:40:49 [runtime] (ready)           ID.F08549.SPATIAL_RNA_COUNTER_CS.SPATIAL_RNA_COUNTER.SPATIAL_POST_MATRIX_COMPUTATION.BIN_HD_DATA._BIN_HD_DATA._COMPUTE_BINNED_OUTPUTS.SPATIAL_BINNED_RNA_ANALYZER.RUN_KMEANS.fork_square_002um
2025-10-21 21:40:49 [runtime] (ready)           ID.F08549.SPATIAL_RNA_COUNTER_CS.SPATIAL_RNA_COUNTER.SPATIAL_POST_MATRIX_COMPUTATION.BIN_HD_DATA._BIN_HD_DATA._COMPUTE_BINNED_OUTPUTS.SPATIAL_BINNED_RNA_ANALYZER.RUN_KMEANS.fork_square_008um
2025-10-21 21:40:49 [runtime] (run:local)       ID.F08549.SPATIAL_RNA_COUNTER_CS.SPATIAL_RNA_COUNTER.SPATIAL_POST_MATRIX_COMPUTATION.BIN_HD_DATA._BIN_HD_DATA._COMPUTE_BINNED_OUTPUTS.SPATIAL_BINNED_RNA_ANALYZER.RUN_KMEANS.fork_square_008um.split
2025-10-21 21:40:49 [runtime] (ready)           ID.F08549.SPATIAL_RNA_COUNTER_CS.SPATIAL_RNA_COUNTER.SPATIAL_POST_MATRIX_COMPUTATION.BIN_HD_DATA._BIN_HD_DATA._COMPUTE_BINNED_OUTPUTS.SPATIAL_BINNED_RNA_ANALYZER.RUN_KMEANS.fork_square_016um
2025-10-21 21:40:49 [runtime] (run:local)       ID.F08549.SPATIAL_RNA_COUNTER_CS.SPATIAL_RNA_COUNTER.SPATIAL_POST_MATRIX_COMPUTATION.BIN_HD_DATA._BIN_HD_DATA._COMPUTE_BINNED_OUTPUTS.SPATIAL_BINNED_RNA_ANALYZER.RUN_KMEANS.fork_square_016um.split
2025-10-21 21:40:49 [runtime] (ready)           ID.F08549.SPATIAL_RNA_COUNTER_CS.SPATIAL_RNA_COUNTER.SPATIAL_POST_MATRIX_COMPUTATION.BIN_HD_DATA._BIN_HD_DATA._COMPUTE_BINNED_OUTPUTS.SPATIAL_BINNED_RNA_ANALYZER.RUN_UMAP.fork_square_002um
2025-10-21 21:40:49 [runtime] (ready)           ID.F08549.SPATIAL_RNA_COUNTER_CS.SPATIAL_RNA_COUNTER.SPATIAL_POST_MATRIX_COMPUTATION.BIN_HD_DATA._BIN_HD_DATA._COMPUTE_BINNED_OUTPUTS.SPATIAL_BINNED_RNA_ANALYZER.RUN_UMAP.fork_square_008um
2025-10-21 21:40:49 [runtime] (run:local)       ID.F08549.SPATIAL_RNA_COUNTER_CS.SPATIAL_RNA_COUNTER.SPATIAL_POST_MATRIX_COMPUTATION.BIN_HD_DATA._BIN_HD_DATA._COMPUTE_BINNED_OUTPUTS.SPATIAL_BINNED_RNA_ANALYZER.RUN_UMAP.fork_square_008um.split
2025-10-21 21:40:49 [runtime] (ready)           ID.F08549.SPATIAL_RNA_COUNTER_CS.SPATIAL_RNA_COUNTER.SPATIAL_POST_MATRIX_COMPUTATION.BIN_HD_DATA._BIN_HD_DATA._COMPUTE_BINNED_OUTPUTS.SPATIAL_BINNED_RNA_ANALYZER.RUN_UMAP.fork_square_016um
2025-10-21 21:40:49 [runtime] (run:local)       ID.F08549.SPATIAL_RNA_COUNTER_CS.SPATIAL_RNA_COUNTER.SPATIAL_POST_MATRIX_COMPUTATION.BIN_HD_DATA._BIN_HD_DATA._COMPUTE_BINNED_OUTPUTS.SPATIAL_BINNED_RNA_ANALYZER.RUN_UMAP.fork_square_016um.split
2025-10-21 21:40:49 [runtime] (ready)           ID.F08549.SPATIAL_RNA_COUNTER_CS.SPATIAL_RNA_COUNTER.SPATIAL_POST_MATRIX_COMPUTATION.BIN_HD_DATA._BIN_HD_DATA._COMPUTE_BINNED_OUTPUTS.SPATIAL_BINNED_RNA_ANALYZER.RUN_TSNE.fork_square_002um
2025-10-21 21:40:49 [runtime] (ready)           ID.F08549.SPATIAL_RNA_COUNTER_CS.SPATIAL_RNA_COUNTER.SPATIAL_POST_MATRIX_COMPUTATION.BIN_HD_DATA._BIN_HD_DATA._COMPUTE_BINNED_OUTPUTS.SPATIAL_BINNED_RNA_ANALYZER.RUN_TSNE.fork_square_008um
2025-10-21 21:40:49 [runtime] (ready)           ID.F08549.SPATIAL_RNA_COUNTER_CS.SPATIAL_RNA_COUNTER.SPATIAL_POST_MATRIX_COMPUTATION.BIN_HD_DATA._BIN_HD_DATA._COMPUTE_BINNED_OUTPUTS.SPATIAL_BINNED_RNA_ANALYZER.RUN_TSNE.fork_square_016um
2025-10-21 21:40:50 [runtime] (split_complete)  ID.F08549.SPATIAL_RNA_COUNTER_CS.SPATIAL_RNA_COUNTER.SPATIAL_POST_MATRIX_COMPUTATION.BIN_HD_DATA._BIN_HD_DATA._COMPUTE_BINNED_OUTPUTS.SPATIAL_BINNED_RNA_ANALYZER.RUN_GRAPH_CLUSTERING.fork_square_008um
2025-10-21 21:40:50 [runtime] (run:local)       ID.F08549.SPATIAL_RNA_COUNTER_CS.SPATIAL_RNA_COUNTER.SPATIAL_POST_MATRIX_COMPUTATION.BIN_HD_DATA._BIN_HD_DATA._COMPUTE_BINNED_OUTPUTS.SPATIAL_BINNED_RNA_ANALYZER.RUN_GRAPH_CLUSTERING.fork_square_008um.chnk0.main
2025-10-21 21:40:50 [runtime] (split_complete)  ID.F08549.SPATIAL_RNA_COUNTER_CS.SPATIAL_RNA_COUNTER.SPATIAL_POST_MATRIX_COMPUTATION.BIN_HD_DATA._BIN_HD_DATA._COMPUTE_BINNED_OUTPUTS.SPATIAL_BINNED_RNA_ANALYZER.RUN_GRAPH_CLUSTERING.fork_square_016um
2025-10-21 21:40:50 [runtime] (run:local)       ID.F08549.SPATIAL_RNA_COUNTER_CS.SPATIAL_RNA_COUNTER.SPATIAL_POST_MATRIX_COMPUTATION.BIN_HD_DATA._BIN_HD_DATA._COMPUTE_BINNED_OUTPUTS.SPATIAL_BINNED_RNA_ANALYZER.RUN_GRAPH_CLUSTERING.fork_square_016um.chnk0.main
2025-10-21 21:40:50 [runtime] (split_complete)  ID.F08549.SPATIAL_RNA_COUNTER_CS.SPATIAL_RNA_COUNTER.SPATIAL_POST_MATRIX_COMPUTATION.BIN_HD_DATA._BIN_HD_DATA._COMPUTE_BINNED_OUTPUTS.SPATIAL_BINNED_RNA_ANALYZER.RUN_UMAP.fork_square_008um
2025-10-21 21:40:50 [runtime] (run:local)       ID.F08549.SPATIAL_RNA_COUNTER_CS.SPATIAL_RNA_COUNTER.SPATIAL_POST_MATRIX_COMPUTATION.BIN_HD_DATA._BIN_HD_DATA._COMPUTE_BINNED_OUTPUTS.SPATIAL_BINNED_RNA_ANALYZER.RUN_UMAP.fork_square_008um.chnk0.main
2025-10-21 21:40:50 [runtime] (split_complete)  ID.F08549.SPATIAL_RNA_COUNTER_CS.SPATIAL_RNA_COUNTER.SPATIAL_POST_MATRIX_COMPUTATION.BIN_HD_DATA._BIN_HD_DATA._COMPUTE_BINNED_OUTPUTS.SPATIAL_BINNED_RNA_ANALYZER.RUN_UMAP.fork_square_016um
2025-10-21 21:40:50 [runtime] (run:local)       ID.F08549.SPATIAL_RNA_COUNTER_CS.SPATIAL_RNA_COUNTER.SPATIAL_POST_MATRIX_COMPUTATION.BIN_HD_DATA._BIN_HD_DATA._COMPUTE_BINNED_OUTPUTS.SPATIAL_BINNED_RNA_ANALYZER.RUN_UMAP.fork_square_016um.chnk0.main
2025-10-21 21:40:56 [runtime] (split_complete)  ID.F08549.SPATIAL_RNA_COUNTER_CS.SPATIAL_RNA_COUNTER.SPATIAL_POST_MATRIX_COMPUTATION.BIN_HD_DATA._BIN_HD_DATA._COMPUTE_BINNED_OUTPUTS.SPATIAL_BINNED_RNA_ANALYZER.RUN_KMEANS.fork_square_008um
2025-10-21 21:40:56 [runtime] (run:local)       ID.F08549.SPATIAL_RNA_COUNTER_CS.SPATIAL_RNA_COUNTER.SPATIAL_POST_MATRIX_COMPUTATION.BIN_HD_DATA._BIN_HD_DATA._COMPUTE_BINNED_OUTPUTS.SPATIAL_BINNED_RNA_ANALYZER.RUN_KMEANS.fork_square_008um.chnk0.main
2025-10-21 21:40:56 [runtime] (run:local)       ID.F08549.SPATIAL_RNA_COUNTER_CS.SPATIAL_RNA_COUNTER.SPATIAL_POST_MATRIX_COMPUTATION.BIN_HD_DATA._BIN_HD_DATA._COMPUTE_BINNED_OUTPUTS.SPATIAL_BINNED_RNA_ANALYZER.RUN_KMEANS.fork_square_008um.chnk1.main
2025-10-21 21:40:56 [runtime] (run:local)       ID.F08549.SPATIAL_RNA_COUNTER_CS.SPATIAL_RNA_COUNTER.SPATIAL_POST_MATRIX_COMPUTATION.BIN_HD_DATA._BIN_HD_DATA._COMPUTE_BINNED_OUTPUTS.SPATIAL_BINNED_RNA_ANALYZER.RUN_KMEANS.fork_square_008um.chnk2.main
2025-10-21 21:40:56 [runtime] (run:local)       ID.F08549.SPATIAL_RNA_COUNTER_CS.SPATIAL_RNA_COUNTER.SPATIAL_POST_MATRIX_COMPUTATION.BIN_HD_DATA._BIN_HD_DATA._COMPUTE_BINNED_OUTPUTS.SPATIAL_BINNED_RNA_ANALYZER.RUN_KMEANS.fork_square_008um.chnk3.main
2025-10-21 21:40:56 [runtime] (run:local)       ID.F08549.SPATIAL_RNA_COUNTER_CS.SPATIAL_RNA_COUNTER.SPATIAL_POST_MATRIX_COMPUTATION.BIN_HD_DATA._BIN_HD_DATA._COMPUTE_BINNED_OUTPUTS.SPATIAL_BINNED_RNA_ANALYZER.RUN_KMEANS.fork_square_008um.chnk4.main
2025-10-21 21:40:56 [runtime] (run:local)       ID.F08549.SPATIAL_RNA_COUNTER_CS.SPATIAL_RNA_COUNTER.SPATIAL_POST_MATRIX_COMPUTATION.BIN_HD_DATA._BIN_HD_DATA._COMPUTE_BINNED_OUTPUTS.SPATIAL_BINNED_RNA_ANALYZER.RUN_KMEANS.fork_square_008um.chnk5.main
2025-10-21 21:40:56 [runtime] (run:local)       ID.F08549.SPATIAL_RNA_COUNTER_CS.SPATIAL_RNA_COUNTER.SPATIAL_POST_MATRIX_COMPUTATION.BIN_HD_DATA._BIN_HD_DATA._COMPUTE_BINNED_OUTPUTS.SPATIAL_BINNED_RNA_ANALYZER.RUN_KMEANS.fork_square_008um.chnk6.main
2025-10-21 21:40:56 [runtime] (run:local)       ID.F08549.SPATIAL_RNA_COUNTER_CS.SPATIAL_RNA_COUNTER.SPATIAL_POST_MATRIX_COMPUTATION.BIN_HD_DATA._BIN_HD_DATA._COMPUTE_BINNED_OUTPUTS.SPATIAL_BINNED_RNA_ANALYZER.RUN_KMEANS.fork_square_008um.chnk7.main
2025-10-21 21:40:56 [runtime] (run:local)       ID.F08549.SPATIAL_RNA_COUNTER_CS.SPATIAL_RNA_COUNTER.SPATIAL_POST_MATRIX_COMPUTATION.BIN_HD_DATA._BIN_HD_DATA._COMPUTE_BINNED_OUTPUTS.SPATIAL_BINNED_RNA_ANALYZER.RUN_KMEANS.fork_square_008um.chnk8.main
2025-10-21 21:40:56 [runtime] (split_complete)  ID.F08549.SPATIAL_RNA_COUNTER_CS.SPATIAL_RNA_COUNTER.SPATIAL_POST_MATRIX_COMPUTATION.BIN_HD_DATA._BIN_HD_DATA._COMPUTE_BINNED_OUTPUTS.SPATIAL_BINNED_RNA_ANALYZER.RUN_KMEANS.fork_square_016um
2025-10-21 21:40:56 [runtime] (run:local)       ID.F08549.SPATIAL_RNA_COUNTER_CS.SPATIAL_RNA_COUNTER.SPATIAL_POST_MATRIX_COMPUTATION.BIN_HD_DATA._BIN_HD_DATA._COMPUTE_BINNED_OUTPUTS.SPATIAL_BINNED_RNA_ANALYZER.RUN_KMEANS.fork_square_016um.chnk0.main
2025-10-21 21:40:56 [runtime] (run:local)       ID.F08549.SPATIAL_RNA_COUNTER_CS.SPATIAL_RNA_COUNTER.SPATIAL_POST_MATRIX_COMPUTATION.BIN_HD_DATA._BIN_HD_DATA._COMPUTE_BINNED_OUTPUTS.SPATIAL_BINNED_RNA_ANALYZER.RUN_KMEANS.fork_square_016um.chnk1.main
2025-10-21 21:40:56 [runtime] (run:local)       ID.F08549.SPATIAL_RNA_COUNTER_CS.SPATIAL_RNA_COUNTER.SPATIAL_POST_MATRIX_COMPUTATION.BIN_HD_DATA._BIN_HD_DATA._COMPUTE_BINNED_OUTPUTS.SPATIAL_BINNED_RNA_ANALYZER.RUN_KMEANS.fork_square_016um.chnk2.main
2025-10-21 21:40:56 [runtime] (run:local)       ID.F08549.SPATIAL_RNA_COUNTER_CS.SPATIAL_RNA_COUNTER.SPATIAL_POST_MATRIX_COMPUTATION.BIN_HD_DATA._BIN_HD_DATA._COMPUTE_BINNED_OUTPUTS.SPATIAL_BINNED_RNA_ANALYZER.RUN_KMEANS.fork_square_016um.chnk3.main
2025-10-21 21:40:57 [runtime] (run:local)       ID.F08549.SPATIAL_RNA_COUNTER_CS.SPATIAL_RNA_COUNTER.SPATIAL_POST_MATRIX_COMPUTATION.BIN_HD_DATA._BIN_HD_DATA._COMPUTE_BINNED_OUTPUTS.SPATIAL_BINNED_RNA_ANALYZER.RUN_KMEANS.fork_square_016um.chnk4.main
2025-10-21 21:40:57 [runtime] (run:local)       ID.F08549.SPATIAL_RNA_COUNTER_CS.SPATIAL_RNA_COUNTER.SPATIAL_POST_MATRIX_COMPUTATION.BIN_HD_DATA._BIN_HD_DATA._COMPUTE_BINNED_OUTPUTS.SPATIAL_BINNED_RNA_ANALYZER.RUN_KMEANS.fork_square_016um.chnk5.main
2025-10-21 21:40:57 [runtime] (run:local)       ID.F08549.SPATIAL_RNA_COUNTER_CS.SPATIAL_RNA_COUNTER.SPATIAL_POST_MATRIX_COMPUTATION.BIN_HD_DATA._BIN_HD_DATA._COMPUTE_BINNED_OUTPUTS.SPATIAL_BINNED_RNA_ANALYZER.RUN_KMEANS.fork_square_016um.chnk6.main
2025-10-21 21:40:57 [runtime] (run:local)       ID.F08549.SPATIAL_RNA_COUNTER_CS.SPATIAL_RNA_COUNTER.SPATIAL_POST_MATRIX_COMPUTATION.BIN_HD_DATA._BIN_HD_DATA._COMPUTE_BINNED_OUTPUTS.SPATIAL_BINNED_RNA_ANALYZER.RUN_KMEANS.fork_square_016um.chnk7.main
2025-10-21 21:40:57 [runtime] (run:local)       ID.F08549.SPATIAL_RNA_COUNTER_CS.SPATIAL_RNA_COUNTER.SPATIAL_POST_MATRIX_COMPUTATION.BIN_HD_DATA._BIN_HD_DATA._COMPUTE_BINNED_OUTPUTS.SPATIAL_BINNED_RNA_ANALYZER.RUN_KMEANS.fork_square_016um.chnk8.main
2025-10-21 21:41:24 [runtime] (join_complete)   ID.F08549.SPATIAL_RNA_COUNTER_CS.SPATIAL_RNA_COUNTER.SPATIAL_POST_MATRIX_COMPUTATION._POST_MATRIX_COMPUTATION._CELLS_REPORTER.WRITE_MOLECULE_INFO
2025-10-21 21:41:25 [runtime] (ready)           ID.F08549.SPATIAL_RNA_COUNTER_CS.SPATIAL_RNA_COUNTER.SPATIAL_POST_MATRIX_COMPUTATION._POST_MATRIX_COMPUTATION._CELLS_REPORTER.SUBSAMPLE_READS
2025-10-21 21:41:25 [runtime] (ready)           ID.F08549.SPATIAL_RNA_COUNTER_CS.SPATIAL_RNA_COUNTER.SPATIAL_POST_MATRIX_COMPUTATION._TARGETED_ANALYZER._RUN_GDNA_ANALYSIS.GET_GDNA_METRICS
2025-10-21 21:41:25 [runtime] (run:local)       ID.F08549.SPATIAL_RNA_COUNTER_CS.SPATIAL_RNA_COUNTER.SPATIAL_POST_MATRIX_COMPUTATION._TARGETED_ANALYZER._RUN_GDNA_ANALYSIS.GET_GDNA_METRICS.fork0.chnk0.main
2025-10-21 21:41:25 [runtime] (ready)           ID.F08549.SPATIAL_RNA_COUNTER_CS.SPATIAL_RNA_COUNTER.SPATIAL_POST_MATRIX_COMPUTATION._POST_MATRIX_COMPUTATION._ASSIGN_TAGS.CALL_TAGS_JIBES
2025-10-21 21:41:25 [runtime] (ready)           ID.F08549.SPATIAL_RNA_COUNTER_CS.SPATIAL_RNA_COUNTER.SPATIAL_POST_MATRIX_COMPUTATION._TARGETED_ANALYZER.SUBSAMPLE_ON_TARGET_READS
2025-10-21 21:41:25 [runtime] (ready)           ID.F08549.SPATIAL_RNA_COUNTER_CS.SPATIAL_RNA_COUNTER.SPATIAL_POST_MATRIX_COMPUTATION._POST_MATRIX_COMPUTATION._CELLS_REPORTER.SUMMARIZE_BASIC_REPORTS
2025-10-21 21:41:25 [runtime] (run:local)       ID.F08549.SPATIAL_RNA_COUNTER_CS.SPATIAL_RNA_COUNTER.SPATIAL_POST_MATRIX_COMPUTATION._POST_MATRIX_COMPUTATION._CELLS_REPORTER.SUMMARIZE_BASIC_REPORTS.fork0.split
2025-10-21 21:41:25 [runtime] (ready)           ID.F08549.SPATIAL_RNA_COUNTER_CS.SPATIAL_RNA_COUNTER.SPATIAL_POST_MATRIX_COMPUTATION.BIN_HD_DATA._BIN_HD_DATA._COMPUTE_BINNED_OUTPUTS.COMPUTE_SUBSAMPLED_BIN_METRICS.fork_square_002um
2025-10-21 21:41:25 [runtime] (run:local)       ID.F08549.SPATIAL_RNA_COUNTER_CS.SPATIAL_RNA_COUNTER.SPATIAL_POST_MATRIX_COMPUTATION.BIN_HD_DATA._BIN_HD_DATA._COMPUTE_BINNED_OUTPUTS.COMPUTE_SUBSAMPLED_BIN_METRICS.fork_square_002um.chnk0.main
2025-10-21 21:41:25 [runtime] (ready)           ID.F08549.SPATIAL_RNA_COUNTER_CS.SPATIAL_RNA_COUNTER.SPATIAL_POST_MATRIX_COMPUTATION.BIN_HD_DATA._BIN_HD_DATA._COMPUTE_BINNED_OUTPUTS.COMPUTE_SUBSAMPLED_BIN_METRICS.fork_square_008um
2025-10-21 21:41:25 [runtime] (run:local)       ID.F08549.SPATIAL_RNA_COUNTER_CS.SPATIAL_RNA_COUNTER.SPATIAL_POST_MATRIX_COMPUTATION.BIN_HD_DATA._BIN_HD_DATA._COMPUTE_BINNED_OUTPUTS.COMPUTE_SUBSAMPLED_BIN_METRICS.fork_square_008um.chnk0.main
2025-10-21 21:41:25 [runtime] (ready)           ID.F08549.SPATIAL_RNA_COUNTER_CS.SPATIAL_RNA_COUNTER.SPATIAL_POST_MATRIX_COMPUTATION.BIN_HD_DATA._BIN_HD_DATA._COMPUTE_BINNED_OUTPUTS.COMPUTE_SUBSAMPLED_BIN_METRICS.fork_square_016um
2025-10-21 21:41:25 [runtime] (run:local)       ID.F08549.SPATIAL_RNA_COUNTER_CS.SPATIAL_RNA_COUNTER.SPATIAL_POST_MATRIX_COMPUTATION.BIN_HD_DATA._BIN_HD_DATA._COMPUTE_BINNED_OUTPUTS.COMPUTE_SUBSAMPLED_BIN_METRICS.fork_square_016um.chnk0.main
2025-10-21 21:41:25 [runtime] (ready)           ID.F08549.SPATIAL_RNA_COUNTER_CS.SPATIAL_RNA_COUNTER.SPATIAL_POST_MATRIX_COMPUTATION._POST_MATRIX_COMPUTATION._ASSIGN_TAGS.DETERMINE_SAMPLE_ASSIGNMENTS
2025-10-21 21:41:25 [runtime] (ready)           ID.F08549.SPATIAL_RNA_COUNTER_CS.SPATIAL_RNA_COUNTER.SPATIAL_POST_MATRIX_COMPUTATION._POST_MATRIX_COMPUTATION.MULTI_WRITE_PER_SAMPLE_BAM
2025-10-21 21:41:25 [runtime] (ready)           ID.F08549.SPATIAL_RNA_COUNTER_CS.SPATIAL_RNA_COUNTER.SPATIAL_POST_MATRIX_COMPUTATION._POST_MATRIX_COMPUTATION.DEMUX_PROBE_BC_MATRIX
2025-10-21 21:41:25 [runtime] (ready)           ID.F08549.SPATIAL_RNA_COUNTER_CS.SPATIAL_RNA_COUNTER.SPATIAL_POST_MATRIX_COMPUTATION._POST_MATRIX_COMPUTATION.MULTI_WRITE_PER_SAMPLE_MOLECULE_INFO
2025-10-21 21:41:25 [runtime] (ready)           ID.F08549.SPATIAL_RNA_COUNTER_CS.SPATIAL_RNA_COUNTER.SPATIAL_POST_MATRIX_COMPUTATION._POST_MATRIX_COMPUTATION.MULTI_COLLATE_PER_SAMPLE_METRICS
2025-10-21 21:41:25 [runtime] (ready)           ID.F08549.SPATIAL_RNA_COUNTER_CS.SPATIAL_RNA_COUNTER.SPATIAL_POST_MATRIX_COMPUTATION._POST_MATRIX_COMPUTATION._ASSIGN_TAGS.COMPUTE_EXTRA_MULTIPLEXING_METRICS
2025-10-21 21:41:25 [runtime] (ready)           ID.F08549.SPATIAL_RNA_COUNTER_CS.SPATIAL_RNA_COUNTER.SPATIAL_POST_MATRIX_COMPUTATION._POST_MATRIX_COMPUTATION.MULTI_WRITE_PER_SAMPLE_MATRICES
2025-10-21 21:41:25 [runtime] (ready)           ID.F08549.SPATIAL_RNA_COUNTER_CS.SPATIAL_RNA_COUNTER.SPATIAL_POST_MATRIX_COMPUTATION._POST_MATRIX_COMPUTATION._ASSIGN_TAGS.MERGE_METRICS
2025-10-21 21:45:11 [runtime] (chunks_complete) ID.F08549.SPATIAL_RNA_COUNTER_CS.SPATIAL_RNA_COUNTER.SPATIAL_POST_MATRIX_COMPUTATION.BIN_HD_DATA._BIN_HD_DATA._COMPUTE_BINNED_OUTPUTS.SPATIAL_BINNED_RNA_ANALYZER.RUN_GRAPH_CLUSTERING.fork_square_016um
2025-10-21 21:45:11 [runtime] (run:local)       ID.F08549.SPATIAL_RNA_COUNTER_CS.SPATIAL_RNA_COUNTER.SPATIAL_POST_MATRIX_COMPUTATION.BIN_HD_DATA._BIN_HD_DATA._COMPUTE_BINNED_OUTPUTS.SPATIAL_BINNED_RNA_ANALYZER.RUN_GRAPH_CLUSTERING.fork_square_016um.join
2025-10-21 21:46:51 [runtime] (update)          ID.F08549.SPATIAL_RNA_COUNTER_CS.SPATIAL_RNA_COUNTER.SPATIAL_POST_MATRIX_COMPUTATION.BIN_HD_DATA._BIN_HD_DATA._COMPUTE_BINNED_OUTPUTS.SPATIAL_BINNED_RNA_ANALYZER.RUN_GRAPH_CLUSTERING.fork_square_008um chunks_running
2025-10-21 21:52:52 [runtime] (update)          ID.F08549.SPATIAL_RNA_COUNTER_CS.SPATIAL_RNA_COUNTER.SPATIAL_POST_MATRIX_COMPUTATION.BIN_HD_DATA._BIN_HD_DATA._COMPUTE_BINNED_OUTPUTS.SPATIAL_BINNED_RNA_ANALYZER.RUN_GRAPH_CLUSTERING.fork_square_008um chunks_running
2025-10-21 21:58:54 [runtime] (update)          ID.F08549.SPATIAL_RNA_COUNTER_CS.SPATIAL_RNA_COUNTER.SPATIAL_POST_MATRIX_COMPUTATION.BIN_HD_DATA._BIN_HD_DATA._COMPUTE_BINNED_OUTPUTS.SPATIAL_BINNED_RNA_ANALYZER.RUN_GRAPH_CLUSTERING.fork_square_008um chunks_running
2025-10-21 22:01:22 [runtime] (chunks_complete) ID.F08549.SPATIAL_RNA_COUNTER_CS.SPATIAL_RNA_COUNTER.SPATIAL_POST_MATRIX_COMPUTATION.BIN_HD_DATA._BIN_HD_DATA._COMPUTE_BINNED_OUTPUTS.SPATIAL_BINNED_RNA_ANALYZER.RUN_GRAPH_CLUSTERING.fork_square_008um
2025-10-21 22:01:22 [runtime] (run:local)       ID.F08549.SPATIAL_RNA_COUNTER_CS.SPATIAL_RNA_COUNTER.SPATIAL_POST_MATRIX_COMPUTATION.BIN_HD_DATA._BIN_HD_DATA._COMPUTE_BINNED_OUTPUTS.SPATIAL_BINNED_RNA_ANALYZER.RUN_GRAPH_CLUSTERING.fork_square_008um.join
2025-10-21 22:01:25 [runtime] (update)          ID.F08549.SPATIAL_RNA_COUNTER_CS.SPATIAL_RNA_COUNTER.SPATIAL_POST_MATRIX_COMPUTATION.BIN_HD_DATA._BIN_HD_DATA._COMPUTE_BINNED_OUTPUTS.SPATIAL_BINNED_RNA_ANALYZER.RUN_UMAP.fork_square_008um chunks_running
2025-10-21 22:07:24 [runtime] (update)          ID.F08549.SPATIAL_RNA_COUNTER_CS.SPATIAL_RNA_COUNTER.SPATIAL_POST_MATRIX_COMPUTATION.BIN_HD_DATA._BIN_HD_DATA._COMPUTE_BINNED_OUTPUTS.SPATIAL_BINNED_RNA_ANALYZER.RUN_UMAP.fork_square_008um chunks_running
2025-10-21 22:13:25 [runtime] (update)          ID.F08549.SPATIAL_RNA_COUNTER_CS.SPATIAL_RNA_COUNTER.SPATIAL_POST_MATRIX_COMPUTATION.BIN_HD_DATA._BIN_HD_DATA._COMPUTE_BINNED_OUTPUTS.SPATIAL_BINNED_RNA_ANALYZER.RUN_UMAP.fork_square_008um chunks_running
2025-10-21 22:19:24 [runtime] (update)          ID.F08549.SPATIAL_RNA_COUNTER_CS.SPATIAL_RNA_COUNTER.SPATIAL_POST_MATRIX_COMPUTATION.BIN_HD_DATA._BIN_HD_DATA._COMPUTE_BINNED_OUTPUTS.SPATIAL_BINNED_RNA_ANALYZER.RUN_UMAP.fork_square_008um chunks_running
2025-10-21 22:25:25 [runtime] (update)          ID.F08549.SPATIAL_RNA_COUNTER_CS.SPATIAL_RNA_COUNTER.SPATIAL_POST_MATRIX_COMPUTATION.BIN_HD_DATA._BIN_HD_DATA._COMPUTE_BINNED_OUTPUTS.SPATIAL_BINNED_RNA_ANALYZER.RUN_UMAP.fork_square_008um chunks_running
2025-10-21 22:31:26 [runtime] (update)          ID.F08549.SPATIAL_RNA_COUNTER_CS.SPATIAL_RNA_COUNTER.SPATIAL_POST_MATRIX_COMPUTATION.BIN_HD_DATA._BIN_HD_DATA._COMPUTE_BINNED_OUTPUTS.SPATIAL_BINNED_RNA_ANALYZER.RUN_UMAP.fork_square_008um chunks_running
2025-10-21 22:33:27 [runtime] (chunks_complete) ID.F08549.SPATIAL_RNA_COUNTER_CS.SPATIAL_RNA_COUNTER.SPATIAL_POST_MATRIX_COMPUTATION.BIN_HD_DATA._BIN_HD_DATA._COMPUTE_BINNED_OUTPUTS.SPATIAL_BINNED_RNA_ANALYZER.RUN_UMAP.fork_square_008um
2025-10-21 22:33:27 [runtime] (run:local)       ID.F08549.SPATIAL_RNA_COUNTER_CS.SPATIAL_RNA_COUNTER.SPATIAL_POST_MATRIX_COMPUTATION.BIN_HD_DATA._BIN_HD_DATA._COMPUTE_BINNED_OUTPUTS.SPATIAL_BINNED_RNA_ANALYZER.RUN_UMAP.fork_square_008um.join
2025-10-21 22:33:30 [runtime] (update)          ID.F08549.SPATIAL_RNA_COUNTER_CS.SPATIAL_RNA_COUNTER.SPATIAL_POST_MATRIX_COMPUTATION.BIN_HD_DATA._BIN_HD_DATA._COMPUTE_BINNED_OUTPUTS.SPATIAL_BINNED_RNA_ANALYZER.RUN_UMAP.fork_square_016um chunks_running
2025-10-21 22:33:30 [runtime] (update)          ID.F08549.SPATIAL_RNA_COUNTER_CS.SPATIAL_RNA_COUNTER.SPATIAL_POST_MATRIX_COMPUTATION.BIN_HD_DATA._BIN_HD_DATA._COMPUTE_BINNED_OUTPUTS.SPATIAL_BINNED_RNA_ANALYZER.RUN_KMEANS.fork_square_008um chunks running (0/9 completed)
2025-10-21 22:34:13 [runtime] (update)          ID.F08549.SPATIAL_RNA_COUNTER_CS.SPATIAL_RNA_COUNTER.SPATIAL_POST_MATRIX_COMPUTATION.BIN_HD_DATA._BIN_HD_DATA._COMPUTE_BINNED_OUTPUTS.SPATIAL_BINNED_RNA_ANALYZER.RUN_KMEANS.fork_square_016um chunks running (0/9 completed)
2025-10-21 22:34:13 [runtime] (chunks_complete) ID.F08549.SPATIAL_RNA_COUNTER_CS.SPATIAL_RNA_COUNTER.SPATIAL_POST_MATRIX_COMPUTATION.BIN_HD_DATA._BIN_HD_DATA._COMPUTE_BINNED_OUTPUTS.SPATIAL_BINNED_RNA_ANALYZER.RUN_KMEANS.fork_square_008um
2025-10-21 22:34:13 [runtime] (run:local)       ID.F08549.SPATIAL_RNA_COUNTER_CS.SPATIAL_RNA_COUNTER.SPATIAL_POST_MATRIX_COMPUTATION.BIN_HD_DATA._BIN_HD_DATA._COMPUTE_BINNED_OUTPUTS.SPATIAL_BINNED_RNA_ANALYZER.RUN_KMEANS.fork_square_008um.join
2025-10-21 22:34:26 [runtime] (update)          ID.F08549.SPATIAL_RNA_COUNTER_CS.SPATIAL_RNA_COUNTER.SPATIAL_POST_MATRIX_COMPUTATION._TARGETED_ANALYZER._RUN_GDNA_ANALYSIS.GET_GDNA_METRICS.fork0 chunks_running
2025-10-21 22:34:26 [runtime] (update)          ID.F08549.SPATIAL_RNA_COUNTER_CS.SPATIAL_RNA_COUNTER.SPATIAL_POST_MATRIX_COMPUTATION._POST_MATRIX_COMPUTATION._CELLS_REPORTER.SUMMARIZE_BASIC_REPORTS.fork0 split_running
2025-10-21 22:34:26 [runtime] (chunks_complete) ID.F08549.SPATIAL_RNA_COUNTER_CS.SPATIAL_RNA_COUNTER.SPATIAL_POST_MATRIX_COMPUTATION.BIN_HD_DATA._BIN_HD_DATA._COMPUTE_BINNED_OUTPUTS.SPATIAL_BINNED_RNA_ANALYZER.RUN_KMEANS.fork_square_016um
2025-10-21 22:34:26 [runtime] (run:local)       ID.F08549.SPATIAL_RNA_COUNTER_CS.SPATIAL_RNA_COUNTER.SPATIAL_POST_MATRIX_COMPUTATION.BIN_HD_DATA._BIN_HD_DATA._COMPUTE_BINNED_OUTPUTS.SPATIAL_BINNED_RNA_ANALYZER.RUN_KMEANS.fork_square_016um.join
2025-10-21 22:34:29 [runtime] (update)          ID.F08549.SPATIAL_RNA_COUNTER_CS.SPATIAL_RNA_COUNTER.SPATIAL_POST_MATRIX_COMPUTATION.BIN_HD_DATA._BIN_HD_DATA._COMPUTE_BINNED_OUTPUTS.COMPUTE_SUBSAMPLED_BIN_METRICS.fork_square_002um chunks_running
2025-10-21 22:34:29 [runtime] (split_complete)  ID.F08549.SPATIAL_RNA_COUNTER_CS.SPATIAL_RNA_COUNTER.SPATIAL_POST_MATRIX_COMPUTATION._POST_MATRIX_COMPUTATION._CELLS_REPORTER.SUMMARIZE_BASIC_REPORTS
2025-10-21 22:34:29 [runtime] (run:local)       ID.F08549.SPATIAL_RNA_COUNTER_CS.SPATIAL_RNA_COUNTER.SPATIAL_POST_MATRIX_COMPUTATION._POST_MATRIX_COMPUTATION._CELLS_REPORTER.SUMMARIZE_BASIC_REPORTS.fork0.join
2025-10-21 22:34:32 [runtime] (update)          ID.F08549.SPATIAL_RNA_COUNTER_CS.SPATIAL_RNA_COUNTER.SPATIAL_POST_MATRIX_COMPUTATION.BIN_HD_DATA._BIN_HD_DATA._COMPUTE_BINNED_OUTPUTS.COMPUTE_SUBSAMPLED_BIN_METRICS.fork_square_008um chunks_running
2025-10-21 22:34:33 [runtime] (chunks_complete) ID.F08549.SPATIAL_RNA_COUNTER_CS.SPATIAL_RNA_COUNTER.SPATIAL_POST_MATRIX_COMPUTATION._TARGETED_ANALYZER._RUN_GDNA_ANALYSIS.GET_GDNA_METRICS
2025-10-21 22:34:33 [runtime] (update)          ID.F08549.SPATIAL_RNA_COUNTER_CS.SPATIAL_RNA_COUNTER.SPATIAL_POST_MATRIX_COMPUTATION.BIN_HD_DATA._BIN_HD_DATA._COMPUTE_BINNED_OUTPUTS.COMPUTE_SUBSAMPLED_BIN_METRICS.fork_square_016um chunks_running
2025-10-21 22:34:33 [runtime] (ready)           ID.F08549.SPATIAL_RNA_COUNTER_CS.SPATIAL_RNA_COUNTER.SPATIAL_POST_MATRIX_COMPUTATION._TARGETED_ANALYZER._RUN_GDNA_ANALYSIS.GET_GDNA_PLOT
2025-10-21 22:34:33 [runtime] (run:local)       ID.F08549.SPATIAL_RNA_COUNTER_CS.SPATIAL_RNA_COUNTER.SPATIAL_POST_MATRIX_COMPUTATION._TARGETED_ANALYZER._RUN_GDNA_ANALYSIS.GET_GDNA_PLOT.fork0.chnk0.main
2025-10-21 22:35:05 [runtime] (chunks_complete) ID.F08549.SPATIAL_RNA_COUNTER_CS.SPATIAL_RNA_COUNTER.SPATIAL_POST_MATRIX_COMPUTATION.BIN_HD_DATA._BIN_HD_DATA._COMPUTE_BINNED_OUTPUTS.COMPUTE_SUBSAMPLED_BIN_METRICS.fork_square_008um
2025-10-21 22:35:05 [runtime] (join_complete)   ID.F08549.SPATIAL_RNA_COUNTER_CS.SPATIAL_RNA_COUNTER.SPATIAL_POST_MATRIX_COMPUTATION.BIN_HD_DATA._BIN_HD_DATA._COMPUTE_BINNED_OUTPUTS.SPATIAL_BINNED_RNA_ANALYZER.RUN_GRAPH_CLUSTERING.fork_square_016um
2025-10-21 22:35:05 [runtime] (complete)        ID.F08549.SPATIAL_RNA_COUNTER_CS.SPATIAL_RNA_COUNTER.SPATIAL_POST_MATRIX_COMPUTATION.BIN_HD_DATA._BIN_HD_DATA._COMPUTE_BINNED_OUTPUTS.COMPUTE_SUBSAMPLED_BIN_METRICS.fork_square_008um
2025-10-21 22:35:06 [runtime] (join_complete)   ID.F08549.SPATIAL_RNA_COUNTER_CS.SPATIAL_RNA_COUNTER.SPATIAL_POST_MATRIX_COMPUTATION.BIN_HD_DATA._BIN_HD_DATA._COMPUTE_BINNED_OUTPUTS.SPATIAL_BINNED_RNA_ANALYZER.RUN_GRAPH_CLUSTERING.fork_square_008um
2025-10-21 22:35:06 [runtime] (complete)        ID.F08549.SPATIAL_RNA_COUNTER_CS.SPATIAL_RNA_COUNTER.SPATIAL_POST_MATRIX_COMPUTATION.BIN_HD_DATA._BIN_HD_DATA._COMPUTE_BINNED_OUTPUTS.SPATIAL_BINNED_RNA_ANALYZER.RUN_GRAPH_CLUSTERING.fork_square_016um
2025-10-21 22:35:06 [runtime] (complete)        ID.F08549.SPATIAL_RNA_COUNTER_CS.SPATIAL_RNA_COUNTER.SPATIAL_POST_MATRIX_COMPUTATION.BIN_HD_DATA._BIN_HD_DATA._COMPUTE_BINNED_OUTPUTS.COMPUTE_SUBSAMPLED_BIN_METRICS.fork_square_008um
2025-10-21 22:35:06 [runtime] (complete)        ID.F08549.SPATIAL_RNA_COUNTER_CS.SPATIAL_RNA_COUNTER.SPATIAL_POST_MATRIX_COMPUTATION.BIN_HD_DATA._BIN_HD_DATA._COMPUTE_BINNED_OUTPUTS.COMPUTE_SUBSAMPLED_BIN_METRICS.fork_square_008um
2025-10-21 22:35:06 [runtime] (complete)        ID.F08549.SPATIAL_RNA_COUNTER_CS.SPATIAL_RNA_COUNTER.SPATIAL_POST_MATRIX_COMPUTATION.BIN_HD_DATA._BIN_HD_DATA._COMPUTE_BINNED_OUTPUTS.COMPUTE_SUBSAMPLED_BIN_METRICS.fork_square_008um
2025-10-21 22:35:06 [runtime] (ready)           ID.F08549.SPATIAL_RNA_COUNTER_CS.SPATIAL_RNA_COUNTER.SPATIAL_POST_MATRIX_COMPUTATION.BIN_HD_DATA._BIN_HD_DATA._COMPUTE_BINNED_OUTPUTS.SPATIAL_BINNED_RNA_ANALYZER.RUN_HIERARCHICAL_CLUSTERING.fork_square_002um
2025-10-21 22:35:06 [runtime] (ready)           ID.F08549.SPATIAL_RNA_COUNTER_CS.SPATIAL_RNA_COUNTER.SPATIAL_POST_MATRIX_COMPUTATION.BIN_HD_DATA._BIN_HD_DATA._COMPUTE_BINNED_OUTPUTS.SPATIAL_BINNED_RNA_ANALYZER.RUN_HIERARCHICAL_CLUSTERING.fork_square_008um
2025-10-21 22:35:06 [runtime] (ready)           ID.F08549.SPATIAL_RNA_COUNTER_CS.SPATIAL_RNA_COUNTER.SPATIAL_POST_MATRIX_COMPUTATION.BIN_HD_DATA._BIN_HD_DATA._COMPUTE_BINNED_OUTPUTS.SPATIAL_BINNED_RNA_ANALYZER.RUN_HIERARCHICAL_CLUSTERING.fork_square_016um
2025-10-21 22:35:06 [runtime] (complete)        ID.F08549.SPATIAL_RNA_COUNTER_CS.SPATIAL_RNA_COUNTER.SPATIAL_POST_MATRIX_COMPUTATION.BIN_HD_DATA._BIN_HD_DATA._COMPUTE_BINNED_OUTPUTS.COMPUTE_SUBSAMPLED_BIN_METRICS.fork_square_008um
2025-10-21 22:35:06 [runtime] (complete)        ID.F08549.SPATIAL_RNA_COUNTER_CS.SPATIAL_RNA_COUNTER.SPATIAL_POST_MATRIX_COMPUTATION.BIN_HD_DATA._BIN_HD_DATA._COMPUTE_BINNED_OUTPUTS.COMPUTE_SUBSAMPLED_BIN_METRICS.fork_square_008um
2025-10-21 22:35:07 [runtime] (complete)        ID.F08549.SPATIAL_RNA_COUNTER_CS.SPATIAL_RNA_COUNTER.SPATIAL_POST_MATRIX_COMPUTATION.BIN_HD_DATA._BIN_HD_DATA._COMPUTE_BINNED_OUTPUTS.COMPUTE_SUBSAMPLED_BIN_METRICS.fork_square_008um
2025-10-21 22:35:07 [runtime] (join_complete)   ID.F08549.SPATIAL_RNA_COUNTER_CS.SPATIAL_RNA_COUNTER.SPATIAL_POST_MATRIX_COMPUTATION.BIN_HD_DATA._BIN_HD_DATA._COMPUTE_BINNED_OUTPUTS.SPATIAL_BINNED_RNA_ANALYZER.RUN_UMAP.fork_square_008um
2025-10-21 22:35:09 [runtime] (chunks_complete) ID.F08549.SPATIAL_RNA_COUNTER_CS.SPATIAL_RNA_COUNTER.SPATIAL_POST_MATRIX_COMPUTATION.BIN_HD_DATA._BIN_HD_DATA._COMPUTE_BINNED_OUTPUTS.COMPUTE_SUBSAMPLED_BIN_METRICS.fork_square_002um
2025-10-21 22:35:09 [runtime] (complete)        ID.F08549.SPATIAL_RNA_COUNTER_CS.SPATIAL_RNA_COUNTER.SPATIAL_POST_MATRIX_COMPUTATION.BIN_HD_DATA._BIN_HD_DATA._COMPUTE_BINNED_OUTPUTS.COMPUTE_SUBSAMPLED_BIN_METRICS.fork_square_008um
2025-10-21 22:35:09 [runtime] (complete)        ID.F08549.SPATIAL_RNA_COUNTER_CS.SPATIAL_RNA_COUNTER.SPATIAL_POST_MATRIX_COMPUTATION.BIN_HD_DATA._BIN_HD_DATA._COMPUTE_BINNED_OUTPUTS.SPATIAL_BINNED_RNA_ANALYZER.RUN_UMAP.fork_square_008um
2025-10-21 22:35:09 [runtime] (complete)        ID.F08549.SPATIAL_RNA_COUNTER_CS.SPATIAL_RNA_COUNTER.SPATIAL_POST_MATRIX_COMPUTATION.BIN_HD_DATA._BIN_HD_DATA._COMPUTE_BINNED_OUTPUTS.COMPUTE_SUBSAMPLED_BIN_METRICS.fork_square_002um
2025-10-21 22:35:09 [runtime] (complete)        ID.F08549.SPATIAL_RNA_COUNTER_CS.SPATIAL_RNA_COUNTER.SPATIAL_POST_MATRIX_COMPUTATION.BIN_HD_DATA._BIN_HD_DATA._COMPUTE_BINNED_OUTPUTS.COMPUTE_SUBSAMPLED_BIN_METRICS.fork_square_008um
2025-10-21 22:35:09 [runtime] (chunks_complete) ID.F08549.SPATIAL_RNA_COUNTER_CS.SPATIAL_RNA_COUNTER.SPATIAL_POST_MATRIX_COMPUTATION.BIN_HD_DATA._BIN_HD_DATA._COMPUTE_BINNED_OUTPUTS.COMPUTE_SUBSAMPLED_BIN_METRICS.fork_square_016um
2025-10-21 22:35:09 [runtime] (complete)        ID.F08549.SPATIAL_RNA_COUNTER_CS.SPATIAL_RNA_COUNTER.SPATIAL_POST_MATRIX_COMPUTATION.BIN_HD_DATA._BIN_HD_DATA._COMPUTE_BINNED_OUTPUTS.SPATIAL_BINNED_RNA_ANALYZER.RUN_UMAP.fork_square_008um
2025-10-21 22:35:09 [runtime] (complete)        ID.F08549.SPATIAL_RNA_COUNTER_CS.SPATIAL_RNA_COUNTER.SPATIAL_POST_MATRIX_COMPUTATION.BIN_HD_DATA._BIN_HD_DATA._COMPUTE_BINNED_OUTPUTS.SPATIAL_BINNED_RNA_ANALYZER.RUN_UMAP.fork_square_008um
2025-10-21 22:35:09 [runtime] (complete)        ID.F08549.SPATIAL_RNA_COUNTER_CS.SPATIAL_RNA_COUNTER.SPATIAL_POST_MATRIX_COMPUTATION.BIN_HD_DATA._BIN_HD_DATA._COMPUTE_BINNED_OUTPUTS.SPATIAL_BINNED_RNA_ANALYZER.RUN_UMAP.fork_square_008um
2025-10-21 22:35:09 [runtime] (ready)           ID.F08549.SPATIAL_RNA_COUNTER_CS.SPATIAL_RNA_COUNTER.SPATIAL_POST_MATRIX_COMPUTATION.BIN_HD_DATA._BIN_HD_DATA._COMPUTE_BINNED_OUTPUTS.RECEIVE_SUBSAMPLED_METRICS.fork_square_002um
2025-10-21 22:35:09 [runtime] (run:local)       ID.F08549.SPATIAL_RNA_COUNTER_CS.SPATIAL_RNA_COUNTER.SPATIAL_POST_MATRIX_COMPUTATION.BIN_HD_DATA._BIN_HD_DATA._COMPUTE_BINNED_OUTPUTS.RECEIVE_SUBSAMPLED_METRICS.fork_square_002um.chnk0.main
2025-10-21 22:35:09 [runtime] (ready)           ID.F08549.SPATIAL_RNA_COUNTER_CS.SPATIAL_RNA_COUNTER.SPATIAL_POST_MATRIX_COMPUTATION.BIN_HD_DATA._BIN_HD_DATA._COMPUTE_BINNED_OUTPUTS.RECEIVE_SUBSAMPLED_METRICS.fork_square_008um
2025-10-21 22:35:09 [runtime] (run:local)       ID.F08549.SPATIAL_RNA_COUNTER_CS.SPATIAL_RNA_COUNTER.SPATIAL_POST_MATRIX_COMPUTATION.BIN_HD_DATA._BIN_HD_DATA._COMPUTE_BINNED_OUTPUTS.RECEIVE_SUBSAMPLED_METRICS.fork_square_008um.chnk0.main
2025-10-21 22:35:09 [runtime] (ready)           ID.F08549.SPATIAL_RNA_COUNTER_CS.SPATIAL_RNA_COUNTER.SPATIAL_POST_MATRIX_COMPUTATION.BIN_HD_DATA._BIN_HD_DATA._COMPUTE_BINNED_OUTPUTS.RECEIVE_SUBSAMPLED_METRICS.fork_square_016um
2025-10-21 22:35:09 [runtime] (run:local)       ID.F08549.SPATIAL_RNA_COUNTER_CS.SPATIAL_RNA_COUNTER.SPATIAL_POST_MATRIX_COMPUTATION.BIN_HD_DATA._BIN_HD_DATA._COMPUTE_BINNED_OUTPUTS.RECEIVE_SUBSAMPLED_METRICS.fork_square_016um.chnk0.main
2025-10-21 22:35:09 [runtime] (complete)        ID.F08549.SPATIAL_RNA_COUNTER_CS.SPATIAL_RNA_COUNTER.SPATIAL_POST_MATRIX_COMPUTATION.BIN_HD_DATA._BIN_HD_DATA._COMPUTE_BINNED_OUTPUTS.SPATIAL_BINNED_RNA_ANALYZER.RUN_UMAP.fork_square_008um
2025-10-21 22:35:12 [runtime] (complete)        ID.F08549.SPATIAL_RNA_COUNTER_CS.SPATIAL_RNA_COUNTER.SPATIAL_POST_MATRIX_COMPUTATION.BIN_HD_DATA._BIN_HD_DATA._COMPUTE_BINNED_OUTPUTS.SPATIAL_BINNED_RNA_ANALYZER.RUN_UMAP.fork_square_008um
2025-10-21 22:35:15 [runtime] (complete)        ID.F08549.SPATIAL_RNA_COUNTER_CS.SPATIAL_RNA_COUNTER.SPATIAL_POST_MATRIX_COMPUTATION.BIN_HD_DATA._BIN_HD_DATA._COMPUTE_BINNED_OUTPUTS.SPATIAL_BINNED_RNA_ANALYZER.RUN_UMAP.fork_square_008um
2025-10-21 22:35:18 [runtime] (complete)        ID.F08549.SPATIAL_RNA_COUNTER_CS.SPATIAL_RNA_COUNTER.SPATIAL_POST_MATRIX_COMPUTATION.BIN_HD_DATA._BIN_HD_DATA._COMPUTE_BINNED_OUTPUTS.SPATIAL_BINNED_RNA_ANALYZER.RUN_UMAP.fork_square_008um
2025-10-21 22:35:21 [runtime] (complete)        ID.F08549.SPATIAL_RNA_COUNTER_CS.SPATIAL_RNA_COUNTER.SPATIAL_POST_MATRIX_COMPUTATION.BIN_HD_DATA._BIN_HD_DATA._COMPUTE_BINNED_OUTPUTS.SPATIAL_BINNED_RNA_ANALYZER.RUN_UMAP.fork_square_008um
2025-10-21 22:35:24 [runtime] (complete)        ID.F08549.SPATIAL_RNA_COUNTER_CS.SPATIAL_RNA_COUNTER.SPATIAL_POST_MATRIX_COMPUTATION.BIN_HD_DATA._BIN_HD_DATA._COMPUTE_BINNED_OUTPUTS.SPATIAL_BINNED_RNA_ANALYZER.RUN_UMAP.fork_square_008um
2025-10-21 22:35:28 [runtime] (complete)        ID.F08549.SPATIAL_RNA_COUNTER_CS.SPATIAL_RNA_COUNTER.SPATIAL_POST_MATRIX_COMPUTATION.BIN_HD_DATA._BIN_HD_DATA._COMPUTE_BINNED_OUTPUTS.SPATIAL_BINNED_RNA_ANALYZER.RUN_UMAP.fork_square_008um
2025-10-21 22:35:31 [runtime] (complete)        ID.F08549.SPATIAL_RNA_COUNTER_CS.SPATIAL_RNA_COUNTER.SPATIAL_POST_MATRIX_COMPUTATION.BIN_HD_DATA._BIN_HD_DATA._COMPUTE_BINNED_OUTPUTS.SPATIAL_BINNED_RNA_ANALYZER.RUN_UMAP.fork_square_008um
2025-10-21 22:35:31 [runtime] (join_complete)   ID.F08549.SPATIAL_RNA_COUNTER_CS.SPATIAL_RNA_COUNTER.SPATIAL_POST_MATRIX_COMPUTATION.BIN_HD_DATA._BIN_HD_DATA._COMPUTE_BINNED_OUTPUTS.SPATIAL_BINNED_RNA_ANALYZER.RUN_KMEANS.fork_square_016um
2025-10-21 22:35:31 [runtime] (complete)        ID.F08549.SPATIAL_RNA_COUNTER_CS.SPATIAL_RNA_COUNTER.SPATIAL_POST_MATRIX_COMPUTATION.BIN_HD_DATA._BIN_HD_DATA._COMPUTE_BINNED_OUTPUTS.SPATIAL_BINNED_RNA_ANALYZER.RUN_UMAP.fork_square_008um
2025-10-21 22:35:31 [runtime] (join_complete)   ID.F08549.SPATIAL_RNA_COUNTER_CS.SPATIAL_RNA_COUNTER.SPATIAL_POST_MATRIX_COMPUTATION.BIN_HD_DATA._BIN_HD_DATA._COMPUTE_BINNED_OUTPUTS.SPATIAL_BINNED_RNA_ANALYZER.RUN_KMEANS.fork_square_008um
2025-10-21 22:35:31 [runtime] (complete)        ID.F08549.SPATIAL_RNA_COUNTER_CS.SPATIAL_RNA_COUNTER.SPATIAL_POST_MATRIX_COMPUTATION.BIN_HD_DATA._BIN_HD_DATA._COMPUTE_BINNED_OUTPUTS.SPATIAL_BINNED_RNA_ANALYZER.RUN_KMEANS.fork_square_016um
2025-10-21 22:35:31 [runtime] (complete)        ID.F08549.SPATIAL_RNA_COUNTER_CS.SPATIAL_RNA_COUNTER.SPATIAL_POST_MATRIX_COMPUTATION.BIN_HD_DATA._BIN_HD_DATA._COMPUTE_BINNED_OUTPUTS.SPATIAL_BINNED_RNA_ANALYZER.RUN_UMAP.fork_square_008um
2025-10-21 22:35:31 [runtime] (complete)        ID.F08549.SPATIAL_RNA_COUNTER_CS.SPATIAL_RNA_COUNTER.SPATIAL_POST_MATRIX_COMPUTATION.BIN_HD_DATA._BIN_HD_DATA._COMPUTE_BINNED_OUTPUTS.SPATIAL_BINNED_RNA_ANALYZER.RUN_UMAP.fork_square_008um
2025-10-21 22:35:31 [runtime] (complete)        ID.F08549.SPATIAL_RNA_COUNTER_CS.SPATIAL_RNA_COUNTER.SPATIAL_POST_MATRIX_COMPUTATION.BIN_HD_DATA._BIN_HD_DATA._COMPUTE_BINNED_OUTPUTS.SPATIAL_BINNED_RNA_ANALYZER.RUN_UMAP.fork_square_008um
2025-10-21 22:35:31 [runtime] (ready)           ID.F08549.SPATIAL_RNA_COUNTER_CS.SPATIAL_RNA_COUNTER.SPATIAL_POST_MATRIX_COMPUTATION.BIN_HD_DATA._BIN_HD_DATA._COMPUTE_BINNED_OUTPUTS.SPATIAL_BINNED_RNA_ANALYZER.COMBINE_CLUSTERING.fork_square_002um
2025-10-21 22:35:31 [runtime] (ready)           ID.F08549.SPATIAL_RNA_COUNTER_CS.SPATIAL_RNA_COUNTER.SPATIAL_POST_MATRIX_COMPUTATION.BIN_HD_DATA._BIN_HD_DATA._COMPUTE_BINNED_OUTPUTS.SPATIAL_BINNED_RNA_ANALYZER.COMBINE_CLUSTERING.fork_square_008um
2025-10-21 22:35:31 [runtime] (run:local)       ID.F08549.SPATIAL_RNA_COUNTER_CS.SPATIAL_RNA_COUNTER.SPATIAL_POST_MATRIX_COMPUTATION.BIN_HD_DATA._BIN_HD_DATA._COMPUTE_BINNED_OUTPUTS.SPATIAL_BINNED_RNA_ANALYZER.COMBINE_CLUSTERING.fork_square_008um.chnk0.main
2025-10-21 22:35:31 [runtime] (ready)           ID.F08549.SPATIAL_RNA_COUNTER_CS.SPATIAL_RNA_COUNTER.SPATIAL_POST_MATRIX_COMPUTATION.BIN_HD_DATA._BIN_HD_DATA._COMPUTE_BINNED_OUTPUTS.SPATIAL_BINNED_RNA_ANALYZER.COMBINE_CLUSTERING.fork_square_016um
2025-10-21 22:35:32 [runtime] (run:local)       ID.F08549.SPATIAL_RNA_COUNTER_CS.SPATIAL_RNA_COUNTER.SPATIAL_POST_MATRIX_COMPUTATION.BIN_HD_DATA._BIN_HD_DATA._COMPUTE_BINNED_OUTPUTS.SPATIAL_BINNED_RNA_ANALYZER.COMBINE_CLUSTERING.fork_square_016um.chnk0.main
2025-10-21 22:35:32 [runtime] (complete)        ID.F08549.SPATIAL_RNA_COUNTER_CS.SPATIAL_RNA_COUNTER.SPATIAL_POST_MATRIX_COMPUTATION.BIN_HD_DATA._BIN_HD_DATA._COMPUTE_BINNED_OUTPUTS.SPATIAL_BINNED_RNA_ANALYZER.RUN_UMAP.fork_square_008um
2025-10-21 22:35:32 [runtime] (complete)        ID.F08549.SPATIAL_RNA_COUNTER_CS.SPATIAL_RNA_COUNTER.SPATIAL_POST_MATRIX_COMPUTATION.BIN_HD_DATA._BIN_HD_DATA._COMPUTE_BINNED_OUTPUTS.SPATIAL_BINNED_RNA_ANALYZER.RUN_UMAP.fork_square_008um
2025-10-21 22:35:32 [runtime] (chunks_complete) ID.F08549.SPATIAL_RNA_COUNTER_CS.SPATIAL_RNA_COUNTER.SPATIAL_POST_MATRIX_COMPUTATION._TARGETED_ANALYZER._RUN_GDNA_ANALYSIS.GET_GDNA_PLOT
2025-10-21 22:35:32 [runtime] (complete)        ID.F08549.SPATIAL_RNA_COUNTER_CS.SPATIAL_RNA_COUNTER.SPATIAL_POST_MATRIX_COMPUTATION.BIN_HD_DATA._BIN_HD_DATA._COMPUTE_BINNED_OUTPUTS.SPATIAL_BINNED_RNA_ANALYZER.RUN_UMAP.fork_square_008um
2025-10-21 22:35:32 [runtime] (complete)        ID.F08549.SPATIAL_RNA_COUNTER_CS.SPATIAL_RNA_COUNTER.SPATIAL_POST_MATRIX_COMPUTATION.BIN_HD_DATA._BIN_HD_DATA._COMPUTE_BINNED_OUTPUTS.SPATIAL_BINNED_RNA_ANALYZER.RUN_UMAP.fork_square_008um
2025-10-21 22:35:32 [runtime] (ready)           ID.F08549.SPATIAL_RNA_COUNTER_CS.SPATIAL_RNA_COUNTER.SPATIAL_POST_MATRIX_COMPUTATION._TARGETED_ANALYZER._RUN_GDNA_ANALYSIS.MERGE_METRICS
2025-10-21 22:35:32 [runtime] (run:local)       ID.F08549.SPATIAL_RNA_COUNTER_CS.SPATIAL_RNA_COUNTER.SPATIAL_POST_MATRIX_COMPUTATION._TARGETED_ANALYZER._RUN_GDNA_ANALYSIS.MERGE_METRICS.fork0.chnk0.main
2025-10-21 22:35:35 [runtime] (complete)        ID.F08549.SPATIAL_RNA_COUNTER_CS.SPATIAL_RNA_COUNTER.SPATIAL_POST_MATRIX_COMPUTATION.BIN_HD_DATA._BIN_HD_DATA._COMPUTE_BINNED_OUTPUTS.SPATIAL_BINNED_RNA_ANALYZER.RUN_UMAP.fork_square_008um
2025-10-21 22:35:37 [runtime] (chunks_complete) ID.F08549.SPATIAL_RNA_COUNTER_CS.SPATIAL_RNA_COUNTER.SPATIAL_POST_MATRIX_COMPUTATION.BIN_HD_DATA._BIN_HD_DATA._COMPUTE_BINNED_OUTPUTS.RECEIVE_SUBSAMPLED_METRICS.fork_square_002um
2025-10-21 22:35:37 [runtime] (chunks_complete) ID.F08549.SPATIAL_RNA_COUNTER_CS.SPATIAL_RNA_COUNTER.SPATIAL_POST_MATRIX_COMPUTATION.BIN_HD_DATA._BIN_HD_DATA._COMPUTE_BINNED_OUTPUTS.RECEIVE_SUBSAMPLED_METRICS.fork_square_008um
2025-10-21 22:35:37 [runtime] (complete)        ID.F08549.SPATIAL_RNA_COUNTER_CS.SPATIAL_RNA_COUNTER.SPATIAL_POST_MATRIX_COMPUTATION.BIN_HD_DATA._BIN_HD_DATA._COMPUTE_BINNED_OUTPUTS.SPATIAL_BINNED_RNA_ANALYZER.RUN_UMAP.fork_square_008um
2025-10-21 22:35:39 [runtime] (chunks_complete) ID.F08549.SPATIAL_RNA_COUNTER_CS.SPATIAL_RNA_COUNTER.SPATIAL_POST_MATRIX_COMPUTATION.BIN_HD_DATA._BIN_HD_DATA._COMPUTE_BINNED_OUTPUTS.SPATIAL_BINNED_RNA_ANALYZER.COMBINE_CLUSTERING.fork_square_008um
2025-10-21 22:35:39 [runtime] (complete)        ID.F08549.SPATIAL_RNA_COUNTER_CS.SPATIAL_RNA_COUNTER.SPATIAL_POST_MATRIX_COMPUTATION.BIN_HD_DATA._BIN_HD_DATA._COMPUTE_BINNED_OUTPUTS.RECEIVE_SUBSAMPLED_METRICS.fork_square_002um
2025-10-21 22:35:39 [runtime] (complete)        ID.F08549.SPATIAL_RNA_COUNTER_CS.SPATIAL_RNA_COUNTER.SPATIAL_POST_MATRIX_COMPUTATION.BIN_HD_DATA._BIN_HD_DATA._COMPUTE_BINNED_OUTPUTS.RECEIVE_SUBSAMPLED_METRICS.fork_square_008um
2025-10-21 22:35:39 [runtime] (complete)        ID.F08549.SPATIAL_RNA_COUNTER_CS.SPATIAL_RNA_COUNTER.SPATIAL_POST_MATRIX_COMPUTATION.BIN_HD_DATA._BIN_HD_DATA._COMPUTE_BINNED_OUTPUTS.SPATIAL_BINNED_RNA_ANALYZER.RUN_UMAP.fork_square_008um
2025-10-21 22:35:40 [runtime] (complete)        ID.F08549.SPATIAL_RNA_COUNTER_CS.SPATIAL_RNA_COUNTER.SPATIAL_POST_MATRIX_COMPUTATION.BIN_HD_DATA._BIN_HD_DATA._COMPUTE_BINNED_OUTPUTS.SPATIAL_BINNED_RNA_ANALYZER.COMBINE_CLUSTERING.fork_square_008um
2025-10-21 22:35:40 [runtime] (complete)        ID.F08549.SPATIAL_RNA_COUNTER_CS.SPATIAL_RNA_COUNTER.SPATIAL_POST_MATRIX_COMPUTATION.BIN_HD_DATA._BIN_HD_DATA._COMPUTE_BINNED_OUTPUTS.RECEIVE_SUBSAMPLED_METRICS.fork_square_002um
2025-10-21 22:35:40 [runtime] (complete)        ID.F08549.SPATIAL_RNA_COUNTER_CS.SPATIAL_RNA_COUNTER.SPATIAL_POST_MATRIX_COMPUTATION.BIN_HD_DATA._BIN_HD_DATA._COMPUTE_BINNED_OUTPUTS.RECEIVE_SUBSAMPLED_METRICS.fork_square_008um
2025-10-21 22:35:40 [runtime] (chunks_complete) ID.F08549.SPATIAL_RNA_COUNTER_CS.SPATIAL_RNA_COUNTER.SPATIAL_POST_MATRIX_COMPUTATION.BIN_HD_DATA._BIN_HD_DATA._COMPUTE_BINNED_OUTPUTS.RECEIVE_SUBSAMPLED_METRICS.fork_square_016um
2025-10-21 22:35:40 [runtime] (complete)        ID.F08549.SPATIAL_RNA_COUNTER_CS.SPATIAL_RNA_COUNTER.SPATIAL_POST_MATRIX_COMPUTATION.BIN_HD_DATA._BIN_HD_DATA._COMPUTE_BINNED_OUTPUTS.SPATIAL_BINNED_RNA_ANALYZER.RUN_UMAP.fork_square_008um
2025-10-21 22:35:40 [runtime] (ready)           ID.F08549.SPATIAL_RNA_COUNTER_CS.SPATIAL_RNA_COUNTER.SPATIAL_POST_MATRIX_COMPUTATION.HD_WEBSUMMARY_BUILDER.PICK_SATURATION_PLOT
2025-10-21 22:35:41 [runtime] (run:local)       ID.F08549.SPATIAL_RNA_COUNTER_CS.SPATIAL_RNA_COUNTER.SPATIAL_POST_MATRIX_COMPUTATION.HD_WEBSUMMARY_BUILDER.PICK_SATURATION_PLOT.fork0.chnk0.main
2025-10-21 22:35:41 [runtime] (complete)        ID.F08549.SPATIAL_RNA_COUNTER_CS.SPATIAL_RNA_COUNTER.SPATIAL_POST_MATRIX_COMPUTATION.BIN_HD_DATA._BIN_HD_DATA._COMPUTE_BINNED_OUTPUTS.SPATIAL_BINNED_RNA_ANALYZER.COMBINE_CLUSTERING.fork_square_008um
2025-10-21 22:35:41 [runtime] (chunks_complete) ID.F08549.SPATIAL_RNA_COUNTER_CS.SPATIAL_RNA_COUNTER.SPATIAL_POST_MATRIX_COMPUTATION.BIN_HD_DATA._BIN_HD_DATA._COMPUTE_BINNED_OUTPUTS.SPATIAL_BINNED_RNA_ANALYZER.COMBINE_CLUSTERING.fork_square_016um
2025-10-21 22:35:41 [runtime] (complete)        ID.F08549.SPATIAL_RNA_COUNTER_CS.SPATIAL_RNA_COUNTER.SPATIAL_POST_MATRIX_COMPUTATION.BIN_HD_DATA._BIN_HD_DATA._COMPUTE_BINNED_OUTPUTS.SPATIAL_BINNED_RNA_ANALYZER.RUN_UMAP.fork_square_008um
2025-10-21 22:35:41 [runtime] (chunks_complete) ID.F08549.SPATIAL_RNA_COUNTER_CS.SPATIAL_RNA_COUNTER.SPATIAL_POST_MATRIX_COMPUTATION._TARGETED_ANALYZER._RUN_GDNA_ANALYSIS.MERGE_METRICS
2025-10-21 22:35:41 [runtime] (complete)        ID.F08549.SPATIAL_RNA_COUNTER_CS.SPATIAL_RNA_COUNTER.SPATIAL_POST_MATRIX_COMPUTATION.BIN_HD_DATA._BIN_HD_DATA._COMPUTE_BINNED_OUTPUTS.SPATIAL_BINNED_RNA_ANALYZER.RUN_UMAP.fork_square_008um
2025-10-21 22:35:41 [runtime] (complete)        ID.F08549.SPATIAL_RNA_COUNTER_CS.SPATIAL_RNA_COUNTER.SPATIAL_POST_MATRIX_COMPUTATION.BIN_HD_DATA._BIN_HD_DATA._COMPUTE_BINNED_OUTPUTS.SPATIAL_BINNED_RNA_ANALYZER.RUN_UMAP.fork_square_008um
2025-10-21 22:35:41 [runtime] (complete)        ID.F08549.SPATIAL_RNA_COUNTER_CS.SPATIAL_RNA_COUNTER.SPATIAL_POST_MATRIX_COMPUTATION.BIN_HD_DATA._BIN_HD_DATA._COMPUTE_BINNED_OUTPUTS.SPATIAL_BINNED_RNA_ANALYZER.RUN_UMAP.fork_square_008um
2025-10-21 22:35:41 [runtime] (ready)           ID.F08549.SPATIAL_RNA_COUNTER_CS.SPATIAL_RNA_COUNTER.SPATIAL_POST_MATRIX_COMPUTATION.BIN_HD_DATA._BIN_HD_DATA._COMPUTE_BINNED_OUTPUTS.SPATIAL_BINNED_RNA_ANALYZER.RUN_DIFFERENTIAL_EXPRESSION.fork_square_002um
2025-10-21 22:35:41 [runtime] (ready)           ID.F08549.SPATIAL_RNA_COUNTER_CS.SPATIAL_RNA_COUNTER.SPATIAL_POST_MATRIX_COMPUTATION.BIN_HD_DATA._BIN_HD_DATA._COMPUTE_BINNED_OUTPUTS.SPATIAL_BINNED_RNA_ANALYZER.RUN_DIFFERENTIAL_EXPRESSION.fork_square_008um
2025-10-21 22:35:41 [runtime] (run:local)       ID.F08549.SPATIAL_RNA_COUNTER_CS.SPATIAL_RNA_COUNTER.SPATIAL_POST_MATRIX_COMPUTATION.BIN_HD_DATA._BIN_HD_DATA._COMPUTE_BINNED_OUTPUTS.SPATIAL_BINNED_RNA_ANALYZER.RUN_DIFFERENTIAL_EXPRESSION.fork_square_008um.split
2025-10-21 22:35:41 [runtime] (ready)           ID.F08549.SPATIAL_RNA_COUNTER_CS.SPATIAL_RNA_COUNTER.SPATIAL_POST_MATRIX_COMPUTATION.BIN_HD_DATA._BIN_HD_DATA._COMPUTE_BINNED_OUTPUTS.SPATIAL_BINNED_RNA_ANALYZER.RUN_DIFFERENTIAL_EXPRESSION.fork_square_016um
2025-10-21 22:35:41 [runtime] (run:local)       ID.F08549.SPATIAL_RNA_COUNTER_CS.SPATIAL_RNA_COUNTER.SPATIAL_POST_MATRIX_COMPUTATION.BIN_HD_DATA._BIN_HD_DATA._COMPUTE_BINNED_OUTPUTS.SPATIAL_BINNED_RNA_ANALYZER.RUN_DIFFERENTIAL_EXPRESSION.fork_square_016um.split
2025-10-21 22:35:42 [runtime] (split_complete)  ID.F08549.SPATIAL_RNA_COUNTER_CS.SPATIAL_RNA_COUNTER.SPATIAL_POST_MATRIX_COMPUTATION.BIN_HD_DATA._BIN_HD_DATA._COMPUTE_BINNED_OUTPUTS.SPATIAL_BINNED_RNA_ANALYZER.RUN_DIFFERENTIAL_EXPRESSION.fork_square_008um
2025-10-21 22:35:42 [runtime] (run:local)       ID.F08549.SPATIAL_RNA_COUNTER_CS.SPATIAL_RNA_COUNTER.SPATIAL_POST_MATRIX_COMPUTATION.BIN_HD_DATA._BIN_HD_DATA._COMPUTE_BINNED_OUTPUTS.SPATIAL_BINNED_RNA_ANALYZER.RUN_DIFFERENTIAL_EXPRESSION.fork_square_008um.chnk00.main
2025-10-21 22:35:42 [runtime] (run:local)       ID.F08549.SPATIAL_RNA_COUNTER_CS.SPATIAL_RNA_COUNTER.SPATIAL_POST_MATRIX_COMPUTATION.BIN_HD_DATA._BIN_HD_DATA._COMPUTE_BINNED_OUTPUTS.SPATIAL_BINNED_RNA_ANALYZER.RUN_DIFFERENTIAL_EXPRESSION.fork_square_008um.chnk01.main
2025-10-21 22:35:42 [runtime] (run:local)       ID.F08549.SPATIAL_RNA_COUNTER_CS.SPATIAL_RNA_COUNTER.SPATIAL_POST_MATRIX_COMPUTATION.BIN_HD_DATA._BIN_HD_DATA._COMPUTE_BINNED_OUTPUTS.SPATIAL_BINNED_RNA_ANALYZER.RUN_DIFFERENTIAL_EXPRESSION.fork_square_008um.chnk02.main
2025-10-21 22:35:42 [runtime] (run:local)       ID.F08549.SPATIAL_RNA_COUNTER_CS.SPATIAL_RNA_COUNTER.SPATIAL_POST_MATRIX_COMPUTATION.BIN_HD_DATA._BIN_HD_DATA._COMPUTE_BINNED_OUTPUTS.SPATIAL_BINNED_RNA_ANALYZER.RUN_DIFFERENTIAL_EXPRESSION.fork_square_008um.chnk03.main
2025-10-21 22:35:43 [runtime] (run:local)       ID.F08549.SPATIAL_RNA_COUNTER_CS.SPATIAL_RNA_COUNTER.SPATIAL_POST_MATRIX_COMPUTATION.BIN_HD_DATA._BIN_HD_DATA._COMPUTE_BINNED_OUTPUTS.SPATIAL_BINNED_RNA_ANALYZER.RUN_DIFFERENTIAL_EXPRESSION.fork_square_008um.chnk04.main
2025-10-21 22:35:43 [runtime] (run:local)       ID.F08549.SPATIAL_RNA_COUNTER_CS.SPATIAL_RNA_COUNTER.SPATIAL_POST_MATRIX_COMPUTATION.BIN_HD_DATA._BIN_HD_DATA._COMPUTE_BINNED_OUTPUTS.SPATIAL_BINNED_RNA_ANALYZER.RUN_DIFFERENTIAL_EXPRESSION.fork_square_008um.chnk05.main
2025-10-21 22:35:43 [runtime] (run:local)       ID.F08549.SPATIAL_RNA_COUNTER_CS.SPATIAL_RNA_COUNTER.SPATIAL_POST_MATRIX_COMPUTATION.BIN_HD_DATA._BIN_HD_DATA._COMPUTE_BINNED_OUTPUTS.SPATIAL_BINNED_RNA_ANALYZER.RUN_DIFFERENTIAL_EXPRESSION.fork_square_008um.chnk06.main
2025-10-21 22:35:43 [runtime] (run:local)       ID.F08549.SPATIAL_RNA_COUNTER_CS.SPATIAL_RNA_COUNTER.SPATIAL_POST_MATRIX_COMPUTATION.BIN_HD_DATA._BIN_HD_DATA._COMPUTE_BINNED_OUTPUTS.SPATIAL_BINNED_RNA_ANALYZER.RUN_DIFFERENTIAL_EXPRESSION.fork_square_008um.chnk07.main
2025-10-21 22:35:43 [runtime] (run:local)       ID.F08549.SPATIAL_RNA_COUNTER_CS.SPATIAL_RNA_COUNTER.SPATIAL_POST_MATRIX_COMPUTATION.BIN_HD_DATA._BIN_HD_DATA._COMPUTE_BINNED_OUTPUTS.SPATIAL_BINNED_RNA_ANALYZER.RUN_DIFFERENTIAL_EXPRESSION.fork_square_008um.chnk08.main
2025-10-21 22:35:43 [runtime] (run:local)       ID.F08549.SPATIAL_RNA_COUNTER_CS.SPATIAL_RNA_COUNTER.SPATIAL_POST_MATRIX_COMPUTATION.BIN_HD_DATA._BIN_HD_DATA._COMPUTE_BINNED_OUTPUTS.SPATIAL_BINNED_RNA_ANALYZER.RUN_DIFFERENTIAL_EXPRESSION.fork_square_008um.chnk09.main
2025-10-21 22:35:43 [runtime] (run:local)       ID.F08549.SPATIAL_RNA_COUNTER_CS.SPATIAL_RNA_COUNTER.SPATIAL_POST_MATRIX_COMPUTATION.BIN_HD_DATA._BIN_HD_DATA._COMPUTE_BINNED_OUTPUTS.SPATIAL_BINNED_RNA_ANALYZER.RUN_DIFFERENTIAL_EXPRESSION.fork_square_008um.chnk10.main
2025-10-21 22:35:43 [runtime] (run:local)       ID.F08549.SPATIAL_RNA_COUNTER_CS.SPATIAL_RNA_COUNTER.SPATIAL_POST_MATRIX_COMPUTATION.BIN_HD_DATA._BIN_HD_DATA._COMPUTE_BINNED_OUTPUTS.SPATIAL_BINNED_RNA_ANALYZER.RUN_DIFFERENTIAL_EXPRESSION.fork_square_008um.chnk11.main
2025-10-21 22:35:43 [runtime] (complete)        ID.F08549.SPATIAL_RNA_COUNTER_CS.SPATIAL_RNA_COUNTER.SPATIAL_POST_MATRIX_COMPUTATION.BIN_HD_DATA._BIN_HD_DATA._COMPUTE_BINNED_OUTPUTS.SPATIAL_BINNED_RNA_ANALYZER.RUN_UMAP.fork_square_008um
2025-10-21 22:35:43 [runtime] (split_complete)  ID.F08549.SPATIAL_RNA_COUNTER_CS.SPATIAL_RNA_COUNTER.SPATIAL_POST_MATRIX_COMPUTATION.BIN_HD_DATA._BIN_HD_DATA._COMPUTE_BINNED_OUTPUTS.SPATIAL_BINNED_RNA_ANALYZER.RUN_DIFFERENTIAL_EXPRESSION.fork_square_016um
2025-10-21 22:35:43 [runtime] (run:local)       ID.F08549.SPATIAL_RNA_COUNTER_CS.SPATIAL_RNA_COUNTER.SPATIAL_POST_MATRIX_COMPUTATION.BIN_HD_DATA._BIN_HD_DATA._COMPUTE_BINNED_OUTPUTS.SPATIAL_BINNED_RNA_ANALYZER.RUN_DIFFERENTIAL_EXPRESSION.fork_square_016um.chnk0.main
2025-10-21 22:35:43 [runtime] (run:local)       ID.F08549.SPATIAL_RNA_COUNTER_CS.SPATIAL_RNA_COUNTER.SPATIAL_POST_MATRIX_COMPUTATION.BIN_HD_DATA._BIN_HD_DATA._COMPUTE_BINNED_OUTPUTS.SPATIAL_BINNED_RNA_ANALYZER.RUN_DIFFERENTIAL_EXPRESSION.fork_square_016um.chnk1.main
2025-10-21 22:35:43 [runtime] (run:local)       ID.F08549.SPATIAL_RNA_COUNTER_CS.SPATIAL_RNA_COUNTER.SPATIAL_POST_MATRIX_COMPUTATION.BIN_HD_DATA._BIN_HD_DATA._COMPUTE_BINNED_OUTPUTS.SPATIAL_BINNED_RNA_ANALYZER.RUN_DIFFERENTIAL_EXPRESSION.fork_square_016um.chnk2.main
2025-10-21 22:35:43 [runtime] (run:local)       ID.F08549.SPATIAL_RNA_COUNTER_CS.SPATIAL_RNA_COUNTER.SPATIAL_POST_MATRIX_COMPUTATION.BIN_HD_DATA._BIN_HD_DATA._COMPUTE_BINNED_OUTPUTS.SPATIAL_BINNED_RNA_ANALYZER.RUN_DIFFERENTIAL_EXPRESSION.fork_square_016um.chnk3.main
2025-10-21 22:35:43 [runtime] (run:local)       ID.F08549.SPATIAL_RNA_COUNTER_CS.SPATIAL_RNA_COUNTER.SPATIAL_POST_MATRIX_COMPUTATION.BIN_HD_DATA._BIN_HD_DATA._COMPUTE_BINNED_OUTPUTS.SPATIAL_BINNED_RNA_ANALYZER.RUN_DIFFERENTIAL_EXPRESSION.fork_square_016um.chnk4.main
2025-10-21 22:35:43 [runtime] (run:local)       ID.F08549.SPATIAL_RNA_COUNTER_CS.SPATIAL_RNA_COUNTER.SPATIAL_POST_MATRIX_COMPUTATION.BIN_HD_DATA._BIN_HD_DATA._COMPUTE_BINNED_OUTPUTS.SPATIAL_BINNED_RNA_ANALYZER.RUN_DIFFERENTIAL_EXPRESSION.fork_square_016um.chnk5.main
2025-10-21 22:35:43 [runtime] (run:local)       ID.F08549.SPATIAL_RNA_COUNTER_CS.SPATIAL_RNA_COUNTER.SPATIAL_POST_MATRIX_COMPUTATION.BIN_HD_DATA._BIN_HD_DATA._COMPUTE_BINNED_OUTPUTS.SPATIAL_BINNED_RNA_ANALYZER.RUN_DIFFERENTIAL_EXPRESSION.fork_square_016um.chnk6.main
2025-10-21 22:35:43 [runtime] (run:local)       ID.F08549.SPATIAL_RNA_COUNTER_CS.SPATIAL_RNA_COUNTER.SPATIAL_POST_MATRIX_COMPUTATION.BIN_HD_DATA._BIN_HD_DATA._COMPUTE_BINNED_OUTPUTS.SPATIAL_BINNED_RNA_ANALYZER.RUN_DIFFERENTIAL_EXPRESSION.fork_square_016um.chnk7.main
2025-10-21 22:35:43 [runtime] (run:local)       ID.F08549.SPATIAL_RNA_COUNTER_CS.SPATIAL_RNA_COUNTER.SPATIAL_POST_MATRIX_COMPUTATION.BIN_HD_DATA._BIN_HD_DATA._COMPUTE_BINNED_OUTPUTS.SPATIAL_BINNED_RNA_ANALYZER.RUN_DIFFERENTIAL_EXPRESSION.fork_square_016um.chnk8.main
2025-10-21 22:35:43 [runtime] (complete)        ID.F08549.SPATIAL_RNA_COUNTER_CS.SPATIAL_RNA_COUNTER.SPATIAL_POST_MATRIX_COMPUTATION.BIN_HD_DATA._BIN_HD_DATA._COMPUTE_BINNED_OUTPUTS.SPATIAL_BINNED_RNA_ANALYZER.RUN_UMAP.fork_square_008um
2025-10-21 22:35:43 [runtime] (chunks_complete) ID.F08549.SPATIAL_RNA_COUNTER_CS.SPATIAL_RNA_COUNTER.SPATIAL_POST_MATRIX_COMPUTATION.HD_WEBSUMMARY_BUILDER.PICK_SATURATION_PLOT
2025-10-21 22:35:43 [runtime] (complete)        ID.F08549.SPATIAL_RNA_COUNTER_CS.SPATIAL_RNA_COUNTER.SPATIAL_POST_MATRIX_COMPUTATION.BIN_HD_DATA._BIN_HD_DATA._COMPUTE_BINNED_OUTPUTS.SPATIAL_BINNED_RNA_ANALYZER.RUN_UMAP.fork_square_008um
2025-10-21 22:35:43 [runtime] (complete)        ID.F08549.SPATIAL_RNA_COUNTER_CS.SPATIAL_RNA_COUNTER.SPATIAL_POST_MATRIX_COMPUTATION.BIN_HD_DATA._BIN_HD_DATA._COMPUTE_BINNED_OUTPUTS.SPATIAL_BINNED_RNA_ANALYZER.RUN_UMAP.fork_square_008um
2025-10-21 22:35:46 [runtime] (complete)        ID.F08549.SPATIAL_RNA_COUNTER_CS.SPATIAL_RNA_COUNTER.SPATIAL_POST_MATRIX_COMPUTATION.BIN_HD_DATA._BIN_HD_DATA._COMPUTE_BINNED_OUTPUTS.SPATIAL_BINNED_RNA_ANALYZER.RUN_UMAP.fork_square_008um
2025-10-21 22:35:49 [runtime] (complete)        ID.F08549.SPATIAL_RNA_COUNTER_CS.SPATIAL_RNA_COUNTER.SPATIAL_POST_MATRIX_COMPUTATION.BIN_HD_DATA._BIN_HD_DATA._COMPUTE_BINNED_OUTPUTS.SPATIAL_BINNED_RNA_ANALYZER.RUN_UMAP.fork_square_008um
2025-10-21 22:35:53 [runtime] (complete)        ID.F08549.SPATIAL_RNA_COUNTER_CS.SPATIAL_RNA_COUNTER.SPATIAL_POST_MATRIX_COMPUTATION.BIN_HD_DATA._BIN_HD_DATA._COMPUTE_BINNED_OUTPUTS.SPATIAL_BINNED_RNA_ANALYZER.RUN_UMAP.fork_square_008um
2025-10-21 22:35:56 [runtime] (complete)        ID.F08549.SPATIAL_RNA_COUNTER_CS.SPATIAL_RNA_COUNTER.SPATIAL_POST_MATRIX_COMPUTATION.BIN_HD_DATA._BIN_HD_DATA._COMPUTE_BINNED_OUTPUTS.SPATIAL_BINNED_RNA_ANALYZER.RUN_UMAP.fork_square_008um
2025-10-21 22:35:59 [runtime] (complete)        ID.F08549.SPATIAL_RNA_COUNTER_CS.SPATIAL_RNA_COUNTER.SPATIAL_POST_MATRIX_COMPUTATION.BIN_HD_DATA._BIN_HD_DATA._COMPUTE_BINNED_OUTPUTS.SPATIAL_BINNED_RNA_ANALYZER.RUN_UMAP.fork_square_008um
2025-10-21 22:36:02 [runtime] (complete)        ID.F08549.SPATIAL_RNA_COUNTER_CS.SPATIAL_RNA_COUNTER.SPATIAL_POST_MATRIX_COMPUTATION.BIN_HD_DATA._BIN_HD_DATA._COMPUTE_BINNED_OUTPUTS.SPATIAL_BINNED_RNA_ANALYZER.RUN_UMAP.fork_square_008um
2025-10-21 22:36:05 [runtime] (complete)        ID.F08549.SPATIAL_RNA_COUNTER_CS.SPATIAL_RNA_COUNTER.SPATIAL_POST_MATRIX_COMPUTATION.BIN_HD_DATA._BIN_HD_DATA._COMPUTE_BINNED_OUTPUTS.SPATIAL_BINNED_RNA_ANALYZER.RUN_UMAP.fork_square_008um
2025-10-21 22:36:08 [runtime] (complete)        ID.F08549.SPATIAL_RNA_COUNTER_CS.SPATIAL_RNA_COUNTER.SPATIAL_POST_MATRIX_COMPUTATION.BIN_HD_DATA._BIN_HD_DATA._COMPUTE_BINNED_OUTPUTS.SPATIAL_BINNED_RNA_ANALYZER.RUN_UMAP.fork_square_008um
2025-10-21 22:36:11 [runtime] (complete)        ID.F08549.SPATIAL_RNA_COUNTER_CS.SPATIAL_RNA_COUNTER.SPATIAL_POST_MATRIX_COMPUTATION.BIN_HD_DATA._BIN_HD_DATA._COMPUTE_BINNED_OUTPUTS.SPATIAL_BINNED_RNA_ANALYZER.RUN_UMAP.fork_square_008um
2025-10-21 22:36:14 [runtime] (complete)        ID.F08549.SPATIAL_RNA_COUNTER_CS.SPATIAL_RNA_COUNTER.SPATIAL_POST_MATRIX_COMPUTATION.BIN_HD_DATA._BIN_HD_DATA._COMPUTE_BINNED_OUTPUTS.SPATIAL_BINNED_RNA_ANALYZER.RUN_UMAP.fork_square_008um
2025-10-21 22:36:17 [runtime] (complete)        ID.F08549.SPATIAL_RNA_COUNTER_CS.SPATIAL_RNA_COUNTER.SPATIAL_POST_MATRIX_COMPUTATION.BIN_HD_DATA._BIN_HD_DATA._COMPUTE_BINNED_OUTPUTS.SPATIAL_BINNED_RNA_ANALYZER.RUN_UMAP.fork_square_008um
2025-10-21 22:36:20 [runtime] (complete)        ID.F08549.SPATIAL_RNA_COUNTER_CS.SPATIAL_RNA_COUNTER.SPATIAL_POST_MATRIX_COMPUTATION.BIN_HD_DATA._BIN_HD_DATA._COMPUTE_BINNED_OUTPUTS.SPATIAL_BINNED_RNA_ANALYZER.RUN_UMAP.fork_square_008um
2025-10-21 22:36:23 [runtime] (complete)        ID.F08549.SPATIAL_RNA_COUNTER_CS.SPATIAL_RNA_COUNTER.SPATIAL_POST_MATRIX_COMPUTATION.BIN_HD_DATA._BIN_HD_DATA._COMPUTE_BINNED_OUTPUTS.SPATIAL_BINNED_RNA_ANALYZER.RUN_UMAP.fork_square_008um
2025-10-21 22:36:26 [runtime] (complete)        ID.F08549.SPATIAL_RNA_COUNTER_CS.SPATIAL_RNA_COUNTER.SPATIAL_POST_MATRIX_COMPUTATION.BIN_HD_DATA._BIN_HD_DATA._COMPUTE_BINNED_OUTPUTS.SPATIAL_BINNED_RNA_ANALYZER.RUN_UMAP.fork_square_008um
2025-10-21 22:36:29 [runtime] (complete)        ID.F08549.SPATIAL_RNA_COUNTER_CS.SPATIAL_RNA_COUNTER.SPATIAL_POST_MATRIX_COMPUTATION.BIN_HD_DATA._BIN_HD_DATA._COMPUTE_BINNED_OUTPUTS.SPATIAL_BINNED_RNA_ANALYZER.RUN_UMAP.fork_square_008um
2025-10-21 22:36:32 [runtime] (complete)        ID.F08549.SPATIAL_RNA_COUNTER_CS.SPATIAL_RNA_COUNTER.SPATIAL_POST_MATRIX_COMPUTATION.BIN_HD_DATA._BIN_HD_DATA._COMPUTE_BINNED_OUTPUTS.SPATIAL_BINNED_RNA_ANALYZER.RUN_UMAP.fork_square_008um
2025-10-21 22:36:35 [runtime] (complete)        ID.F08549.SPATIAL_RNA_COUNTER_CS.SPATIAL_RNA_COUNTER.SPATIAL_POST_MATRIX_COMPUTATION.BIN_HD_DATA._BIN_HD_DATA._COMPUTE_BINNED_OUTPUTS.SPATIAL_BINNED_RNA_ANALYZER.RUN_UMAP.fork_square_008um
2025-10-21 22:36:38 [runtime] (complete)        ID.F08549.SPATIAL_RNA_COUNTER_CS.SPATIAL_RNA_COUNTER.SPATIAL_POST_MATRIX_COMPUTATION.BIN_HD_DATA._BIN_HD_DATA._COMPUTE_BINNED_OUTPUTS.SPATIAL_BINNED_RNA_ANALYZER.RUN_UMAP.fork_square_008um
2025-10-21 22:36:41 [runtime] (complete)        ID.F08549.SPATIAL_RNA_COUNTER_CS.SPATIAL_RNA_COUNTER.SPATIAL_POST_MATRIX_COMPUTATION.BIN_HD_DATA._BIN_HD_DATA._COMPUTE_BINNED_OUTPUTS.SPATIAL_BINNED_RNA_ANALYZER.RUN_UMAP.fork_square_008um
2025-10-21 22:36:44 [runtime] (complete)        ID.F08549.SPATIAL_RNA_COUNTER_CS.SPATIAL_RNA_COUNTER.SPATIAL_POST_MATRIX_COMPUTATION.BIN_HD_DATA._BIN_HD_DATA._COMPUTE_BINNED_OUTPUTS.SPATIAL_BINNED_RNA_ANALYZER.RUN_UMAP.fork_square_008um
2025-10-21 22:36:47 [runtime] (complete)        ID.F08549.SPATIAL_RNA_COUNTER_CS.SPATIAL_RNA_COUNTER.SPATIAL_POST_MATRIX_COMPUTATION.BIN_HD_DATA._BIN_HD_DATA._COMPUTE_BINNED_OUTPUTS.SPATIAL_BINNED_RNA_ANALYZER.RUN_UMAP.fork_square_008um
2025-10-21 22:36:50 [runtime] (complete)        ID.F08549.SPATIAL_RNA_COUNTER_CS.SPATIAL_RNA_COUNTER.SPATIAL_POST_MATRIX_COMPUTATION.BIN_HD_DATA._BIN_HD_DATA._COMPUTE_BINNED_OUTPUTS.SPATIAL_BINNED_RNA_ANALYZER.RUN_UMAP.fork_square_008um
2025-10-21 22:36:53 [runtime] (complete)        ID.F08549.SPATIAL_RNA_COUNTER_CS.SPATIAL_RNA_COUNTER.SPATIAL_POST_MATRIX_COMPUTATION.BIN_HD_DATA._BIN_HD_DATA._COMPUTE_BINNED_OUTPUTS.SPATIAL_BINNED_RNA_ANALYZER.RUN_UMAP.fork_square_008um
2025-10-21 22:36:56 [runtime] (complete)        ID.F08549.SPATIAL_RNA_COUNTER_CS.SPATIAL_RNA_COUNTER.SPATIAL_POST_MATRIX_COMPUTATION.BIN_HD_DATA._BIN_HD_DATA._COMPUTE_BINNED_OUTPUTS.SPATIAL_BINNED_RNA_ANALYZER.RUN_UMAP.fork_square_008um
2025-10-21 22:36:59 [runtime] (complete)        ID.F08549.SPATIAL_RNA_COUNTER_CS.SPATIAL_RNA_COUNTER.SPATIAL_POST_MATRIX_COMPUTATION.BIN_HD_DATA._BIN_HD_DATA._COMPUTE_BINNED_OUTPUTS.SPATIAL_BINNED_RNA_ANALYZER.RUN_UMAP.fork_square_008um
2025-10-21 22:37:02 [runtime] (complete)        ID.F08549.SPATIAL_RNA_COUNTER_CS.SPATIAL_RNA_COUNTER.SPATIAL_POST_MATRIX_COMPUTATION.BIN_HD_DATA._BIN_HD_DATA._COMPUTE_BINNED_OUTPUTS.SPATIAL_BINNED_RNA_ANALYZER.RUN_UMAP.fork_square_008um
2025-10-21 22:37:05 [runtime] (complete)        ID.F08549.SPATIAL_RNA_COUNTER_CS.SPATIAL_RNA_COUNTER.SPATIAL_POST_MATRIX_COMPUTATION.BIN_HD_DATA._BIN_HD_DATA._COMPUTE_BINNED_OUTPUTS.SPATIAL_BINNED_RNA_ANALYZER.RUN_UMAP.fork_square_008um
2025-10-21 22:37:08 [runtime] (complete)        ID.F08549.SPATIAL_RNA_COUNTER_CS.SPATIAL_RNA_COUNTER.SPATIAL_POST_MATRIX_COMPUTATION.BIN_HD_DATA._BIN_HD_DATA._COMPUTE_BINNED_OUTPUTS.SPATIAL_BINNED_RNA_ANALYZER.RUN_UMAP.fork_square_008um
2025-10-21 22:37:09 [runtime] (join_complete)   ID.F08549.SPATIAL_RNA_COUNTER_CS.SPATIAL_RNA_COUNTER.SPATIAL_POST_MATRIX_COMPUTATION._POST_MATRIX_COMPUTATION._CELLS_REPORTER.SUMMARIZE_BASIC_REPORTS
2025-10-21 22:37:10 [runtime] (complete)        ID.F08549.SPATIAL_RNA_COUNTER_CS.SPATIAL_RNA_COUNTER.SPATIAL_POST_MATRIX_COMPUTATION.BIN_HD_DATA._BIN_HD_DATA._COMPUTE_BINNED_OUTPUTS.SPATIAL_BINNED_RNA_ANALYZER.RUN_UMAP.fork_square_008um
2025-10-21 22:37:10 [runtime] (ready)           ID.F08549.SPATIAL_RNA_COUNTER_CS.SPATIAL_RNA_COUNTER.SPATIAL_POST_MATRIX_COMPUTATION._POST_MATRIX_COMPUTATION.MERGE_METRICS
2025-10-21 22:37:10 [runtime] (run:local)       ID.F08549.SPATIAL_RNA_COUNTER_CS.SPATIAL_RNA_COUNTER.SPATIAL_POST_MATRIX_COMPUTATION._POST_MATRIX_COMPUTATION.MERGE_METRICS.fork0.chnk0.main
2025-10-21 22:37:17 [runtime] (complete)        ID.F08549.SPATIAL_RNA_COUNTER_CS.SPATIAL_RNA_COUNTER.SPATIAL_POST_MATRIX_COMPUTATION.BIN_HD_DATA._BIN_HD_DATA._COMPUTE_BINNED_OUTPUTS.SPATIAL_BINNED_RNA_ANALYZER.RUN_UMAP.fork_square_008um
2025-10-21 22:37:17 [runtime] (complete)        ID.F08549.SPATIAL_RNA_COUNTER_CS.SPATIAL_RNA_COUNTER.SPATIAL_POST_MATRIX_COMPUTATION.BIN_HD_DATA._BIN_HD_DATA._COMPUTE_BINNED_OUTPUTS.SPATIAL_BINNED_RNA_ANALYZER.RUN_UMAP.fork_square_008um
2025-10-21 22:37:20 [runtime] (complete)        ID.F08549.SPATIAL_RNA_COUNTER_CS.SPATIAL_RNA_COUNTER.SPATIAL_POST_MATRIX_COMPUTATION.BIN_HD_DATA._BIN_HD_DATA._COMPUTE_BINNED_OUTPUTS.SPATIAL_BINNED_RNA_ANALYZER.RUN_UMAP.fork_square_008um
2025-10-21 22:37:23 [runtime] (complete)        ID.F08549.SPATIAL_RNA_COUNTER_CS.SPATIAL_RNA_COUNTER.SPATIAL_POST_MATRIX_COMPUTATION.BIN_HD_DATA._BIN_HD_DATA._COMPUTE_BINNED_OUTPUTS.SPATIAL_BINNED_RNA_ANALYZER.RUN_UMAP.fork_square_008um
2025-10-21 22:37:26 [runtime] (complete)        ID.F08549.SPATIAL_RNA_COUNTER_CS.SPATIAL_RNA_COUNTER.SPATIAL_POST_MATRIX_COMPUTATION.BIN_HD_DATA._BIN_HD_DATA._COMPUTE_BINNED_OUTPUTS.SPATIAL_BINNED_RNA_ANALYZER.RUN_UMAP.fork_square_008um
2025-10-21 22:37:29 [runtime] (complete)        ID.F08549.SPATIAL_RNA_COUNTER_CS.SPATIAL_RNA_COUNTER.SPATIAL_POST_MATRIX_COMPUTATION.BIN_HD_DATA._BIN_HD_DATA._COMPUTE_BINNED_OUTPUTS.SPATIAL_BINNED_RNA_ANALYZER.RUN_UMAP.fork_square_008um
2025-10-21 22:37:32 [runtime] (complete)        ID.F08549.SPATIAL_RNA_COUNTER_CS.SPATIAL_RNA_COUNTER.SPATIAL_POST_MATRIX_COMPUTATION.BIN_HD_DATA._BIN_HD_DATA._COMPUTE_BINNED_OUTPUTS.SPATIAL_BINNED_RNA_ANALYZER.RUN_UMAP.fork_square_008um
2025-10-21 22:37:35 [runtime] (complete)        ID.F08549.SPATIAL_RNA_COUNTER_CS.SPATIAL_RNA_COUNTER.SPATIAL_POST_MATRIX_COMPUTATION.BIN_HD_DATA._BIN_HD_DATA._COMPUTE_BINNED_OUTPUTS.SPATIAL_BINNED_RNA_ANALYZER.RUN_UMAP.fork_square_008um
2025-10-21 22:37:38 [runtime] (complete)        ID.F08549.SPATIAL_RNA_COUNTER_CS.SPATIAL_RNA_COUNTER.SPATIAL_POST_MATRIX_COMPUTATION.BIN_HD_DATA._BIN_HD_DATA._COMPUTE_BINNED_OUTPUTS.SPATIAL_BINNED_RNA_ANALYZER.RUN_UMAP.fork_square_008um
2025-10-21 22:37:41 [runtime] (complete)        ID.F08549.SPATIAL_RNA_COUNTER_CS.SPATIAL_RNA_COUNTER.SPATIAL_POST_MATRIX_COMPUTATION.BIN_HD_DATA._BIN_HD_DATA._COMPUTE_BINNED_OUTPUTS.SPATIAL_BINNED_RNA_ANALYZER.RUN_UMAP.fork_square_008um
2025-10-21 22:37:44 [runtime] (complete)        ID.F08549.SPATIAL_RNA_COUNTER_CS.SPATIAL_RNA_COUNTER.SPATIAL_POST_MATRIX_COMPUTATION.BIN_HD_DATA._BIN_HD_DATA._COMPUTE_BINNED_OUTPUTS.SPATIAL_BINNED_RNA_ANALYZER.RUN_UMAP.fork_square_008um
2025-10-21 22:37:47 [runtime] (complete)        ID.F08549.SPATIAL_RNA_COUNTER_CS.SPATIAL_RNA_COUNTER.SPATIAL_POST_MATRIX_COMPUTATION.BIN_HD_DATA._BIN_HD_DATA._COMPUTE_BINNED_OUTPUTS.SPATIAL_BINNED_RNA_ANALYZER.RUN_UMAP.fork_square_008um
2025-10-21 22:37:50 [runtime] (complete)        ID.F08549.SPATIAL_RNA_COUNTER_CS.SPATIAL_RNA_COUNTER.SPATIAL_POST_MATRIX_COMPUTATION.BIN_HD_DATA._BIN_HD_DATA._COMPUTE_BINNED_OUTPUTS.SPATIAL_BINNED_RNA_ANALYZER.RUN_UMAP.fork_square_008um
2025-10-21 22:37:53 [runtime] (complete)        ID.F08549.SPATIAL_RNA_COUNTER_CS.SPATIAL_RNA_COUNTER.SPATIAL_POST_MATRIX_COMPUTATION.BIN_HD_DATA._BIN_HD_DATA._COMPUTE_BINNED_OUTPUTS.SPATIAL_BINNED_RNA_ANALYZER.RUN_UMAP.fork_square_008um
2025-10-21 22:37:56 [runtime] (complete)        ID.F08549.SPATIAL_RNA_COUNTER_CS.SPATIAL_RNA_COUNTER.SPATIAL_POST_MATRIX_COMPUTATION.BIN_HD_DATA._BIN_HD_DATA._COMPUTE_BINNED_OUTPUTS.SPATIAL_BINNED_RNA_ANALYZER.RUN_UMAP.fork_square_008um
2025-10-21 22:37:59 [runtime] (complete)        ID.F08549.SPATIAL_RNA_COUNTER_CS.SPATIAL_RNA_COUNTER.SPATIAL_POST_MATRIX_COMPUTATION.BIN_HD_DATA._BIN_HD_DATA._COMPUTE_BINNED_OUTPUTS.SPATIAL_BINNED_RNA_ANALYZER.RUN_UMAP.fork_square_008um
2025-10-21 22:38:02 [runtime] (complete)        ID.F08549.SPATIAL_RNA_COUNTER_CS.SPATIAL_RNA_COUNTER.SPATIAL_POST_MATRIX_COMPUTATION.BIN_HD_DATA._BIN_HD_DATA._COMPUTE_BINNED_OUTPUTS.SPATIAL_BINNED_RNA_ANALYZER.RUN_UMAP.fork_square_008um
2025-10-21 22:38:06 [runtime] (complete)        ID.F08549.SPATIAL_RNA_COUNTER_CS.SPATIAL_RNA_COUNTER.SPATIAL_POST_MATRIX_COMPUTATION.BIN_HD_DATA._BIN_HD_DATA._COMPUTE_BINNED_OUTPUTS.SPATIAL_BINNED_RNA_ANALYZER.RUN_UMAP.fork_square_008um
2025-10-21 22:38:09 [runtime] (complete)        ID.F08549.SPATIAL_RNA_COUNTER_CS.SPATIAL_RNA_COUNTER.SPATIAL_POST_MATRIX_COMPUTATION.BIN_HD_DATA._BIN_HD_DATA._COMPUTE_BINNED_OUTPUTS.SPATIAL_BINNED_RNA_ANALYZER.RUN_UMAP.fork_square_008um
2025-10-21 22:38:12 [runtime] (complete)        ID.F08549.SPATIAL_RNA_COUNTER_CS.SPATIAL_RNA_COUNTER.SPATIAL_POST_MATRIX_COMPUTATION.BIN_HD_DATA._BIN_HD_DATA._COMPUTE_BINNED_OUTPUTS.SPATIAL_BINNED_RNA_ANALYZER.RUN_UMAP.fork_square_008um
2025-10-21 22:38:15 [runtime] (complete)        ID.F08549.SPATIAL_RNA_COUNTER_CS.SPATIAL_RNA_COUNTER.SPATIAL_POST_MATRIX_COMPUTATION.BIN_HD_DATA._BIN_HD_DATA._COMPUTE_BINNED_OUTPUTS.SPATIAL_BINNED_RNA_ANALYZER.RUN_UMAP.fork_square_008um
2025-10-21 22:38:18 [runtime] (complete)        ID.F08549.SPATIAL_RNA_COUNTER_CS.SPATIAL_RNA_COUNTER.SPATIAL_POST_MATRIX_COMPUTATION.BIN_HD_DATA._BIN_HD_DATA._COMPUTE_BINNED_OUTPUTS.SPATIAL_BINNED_RNA_ANALYZER.RUN_UMAP.fork_square_008um
2025-10-21 22:38:21 [runtime] (complete)        ID.F08549.SPATIAL_RNA_COUNTER_CS.SPATIAL_RNA_COUNTER.SPATIAL_POST_MATRIX_COMPUTATION.BIN_HD_DATA._BIN_HD_DATA._COMPUTE_BINNED_OUTPUTS.SPATIAL_BINNED_RNA_ANALYZER.RUN_UMAP.fork_square_008um
2025-10-21 22:38:24 [runtime] (complete)        ID.F08549.SPATIAL_RNA_COUNTER_CS.SPATIAL_RNA_COUNTER.SPATIAL_POST_MATRIX_COMPUTATION.BIN_HD_DATA._BIN_HD_DATA._COMPUTE_BINNED_OUTPUTS.SPATIAL_BINNED_RNA_ANALYZER.RUN_UMAP.fork_square_008um
2025-10-21 22:38:27 [runtime] (complete)        ID.F08549.SPATIAL_RNA_COUNTER_CS.SPATIAL_RNA_COUNTER.SPATIAL_POST_MATRIX_COMPUTATION.BIN_HD_DATA._BIN_HD_DATA._COMPUTE_BINNED_OUTPUTS.SPATIAL_BINNED_RNA_ANALYZER.RUN_UMAP.fork_square_008um
2025-10-21 22:38:30 [runtime] (complete)        ID.F08549.SPATIAL_RNA_COUNTER_CS.SPATIAL_RNA_COUNTER.SPATIAL_POST_MATRIX_COMPUTATION.BIN_HD_DATA._BIN_HD_DATA._COMPUTE_BINNED_OUTPUTS.SPATIAL_BINNED_RNA_ANALYZER.RUN_UMAP.fork_square_008um
2025-10-21 22:38:33 [runtime] (complete)        ID.F08549.SPATIAL_RNA_COUNTER_CS.SPATIAL_RNA_COUNTER.SPATIAL_POST_MATRIX_COMPUTATION.BIN_HD_DATA._BIN_HD_DATA._COMPUTE_BINNED_OUTPUTS.SPATIAL_BINNED_RNA_ANALYZER.RUN_UMAP.fork_square_008um
2025-10-21 22:38:36 [runtime] (complete)        ID.F08549.SPATIAL_RNA_COUNTER_CS.SPATIAL_RNA_COUNTER.SPATIAL_POST_MATRIX_COMPUTATION.BIN_HD_DATA._BIN_HD_DATA._COMPUTE_BINNED_OUTPUTS.SPATIAL_BINNED_RNA_ANALYZER.RUN_UMAP.fork_square_008um
2025-10-21 22:38:39 [runtime] (complete)        ID.F08549.SPATIAL_RNA_COUNTER_CS.SPATIAL_RNA_COUNTER.SPATIAL_POST_MATRIX_COMPUTATION.BIN_HD_DATA._BIN_HD_DATA._COMPUTE_BINNED_OUTPUTS.SPATIAL_BINNED_RNA_ANALYZER.RUN_UMAP.fork_square_008um
2025-10-21 22:38:42 [runtime] (complete)        ID.F08549.SPATIAL_RNA_COUNTER_CS.SPATIAL_RNA_COUNTER.SPATIAL_POST_MATRIX_COMPUTATION.BIN_HD_DATA._BIN_HD_DATA._COMPUTE_BINNED_OUTPUTS.SPATIAL_BINNED_RNA_ANALYZER.RUN_UMAP.fork_square_008um
2025-10-21 22:38:45 [runtime] (complete)        ID.F08549.SPATIAL_RNA_COUNTER_CS.SPATIAL_RNA_COUNTER.SPATIAL_POST_MATRIX_COMPUTATION.BIN_HD_DATA._BIN_HD_DATA._COMPUTE_BINNED_OUTPUTS.SPATIAL_BINNED_RNA_ANALYZER.RUN_UMAP.fork_square_008um
2025-10-21 22:38:48 [runtime] (complete)        ID.F08549.SPATIAL_RNA_COUNTER_CS.SPATIAL_RNA_COUNTER.SPATIAL_POST_MATRIX_COMPUTATION.BIN_HD_DATA._BIN_HD_DATA._COMPUTE_BINNED_OUTPUTS.SPATIAL_BINNED_RNA_ANALYZER.RUN_UMAP.fork_square_008um
2025-10-21 22:38:51 [runtime] (complete)        ID.F08549.SPATIAL_RNA_COUNTER_CS.SPATIAL_RNA_COUNTER.SPATIAL_POST_MATRIX_COMPUTATION.BIN_HD_DATA._BIN_HD_DATA._COMPUTE_BINNED_OUTPUTS.SPATIAL_BINNED_RNA_ANALYZER.RUN_UMAP.fork_square_008um
2025-10-21 22:38:54 [runtime] (complete)        ID.F08549.SPATIAL_RNA_COUNTER_CS.SPATIAL_RNA_COUNTER.SPATIAL_POST_MATRIX_COMPUTATION.BIN_HD_DATA._BIN_HD_DATA._COMPUTE_BINNED_OUTPUTS.SPATIAL_BINNED_RNA_ANALYZER.RUN_UMAP.fork_square_008um
2025-10-21 22:38:57 [runtime] (complete)        ID.F08549.SPATIAL_RNA_COUNTER_CS.SPATIAL_RNA_COUNTER.SPATIAL_POST_MATRIX_COMPUTATION.BIN_HD_DATA._BIN_HD_DATA._COMPUTE_BINNED_OUTPUTS.SPATIAL_BINNED_RNA_ANALYZER.RUN_UMAP.fork_square_008um
2025-10-21 22:39:00 [runtime] (complete)        ID.F08549.SPATIAL_RNA_COUNTER_CS.SPATIAL_RNA_COUNTER.SPATIAL_POST_MATRIX_COMPUTATION.BIN_HD_DATA._BIN_HD_DATA._COMPUTE_BINNED_OUTPUTS.SPATIAL_BINNED_RNA_ANALYZER.RUN_UMAP.fork_square_008um
2025-10-21 22:39:03 [runtime] (complete)        ID.F08549.SPATIAL_RNA_COUNTER_CS.SPATIAL_RNA_COUNTER.SPATIAL_POST_MATRIX_COMPUTATION.BIN_HD_DATA._BIN_HD_DATA._COMPUTE_BINNED_OUTPUTS.SPATIAL_BINNED_RNA_ANALYZER.RUN_UMAP.fork_square_008um
2025-10-21 22:39:06 [runtime] (complete)        ID.F08549.SPATIAL_RNA_COUNTER_CS.SPATIAL_RNA_COUNTER.SPATIAL_POST_MATRIX_COMPUTATION.BIN_HD_DATA._BIN_HD_DATA._COMPUTE_BINNED_OUTPUTS.SPATIAL_BINNED_RNA_ANALYZER.RUN_UMAP.fork_square_008um
2025-10-21 22:39:09 [runtime] (complete)        ID.F08549.SPATIAL_RNA_COUNTER_CS.SPATIAL_RNA_COUNTER.SPATIAL_POST_MATRIX_COMPUTATION.BIN_HD_DATA._BIN_HD_DATA._COMPUTE_BINNED_OUTPUTS.SPATIAL_BINNED_RNA_ANALYZER.RUN_UMAP.fork_square_008um
2025-10-21 22:39:12 [runtime] (complete)        ID.F08549.SPATIAL_RNA_COUNTER_CS.SPATIAL_RNA_COUNTER.SPATIAL_POST_MATRIX_COMPUTATION.BIN_HD_DATA._BIN_HD_DATA._COMPUTE_BINNED_OUTPUTS.SPATIAL_BINNED_RNA_ANALYZER.RUN_UMAP.fork_square_008um
2025-10-21 22:39:15 [runtime] (complete)        ID.F08549.SPATIAL_RNA_COUNTER_CS.SPATIAL_RNA_COUNTER.SPATIAL_POST_MATRIX_COMPUTATION.BIN_HD_DATA._BIN_HD_DATA._COMPUTE_BINNED_OUTPUTS.SPATIAL_BINNED_RNA_ANALYZER.RUN_UMAP.fork_square_008um
2025-10-21 22:39:18 [runtime] (complete)        ID.F08549.SPATIAL_RNA_COUNTER_CS.SPATIAL_RNA_COUNTER.SPATIAL_POST_MATRIX_COMPUTATION.BIN_HD_DATA._BIN_HD_DATA._COMPUTE_BINNED_OUTPUTS.SPATIAL_BINNED_RNA_ANALYZER.RUN_UMAP.fork_square_008um
2025-10-21 22:39:21 [runtime] (complete)        ID.F08549.SPATIAL_RNA_COUNTER_CS.SPATIAL_RNA_COUNTER.SPATIAL_POST_MATRIX_COMPUTATION.BIN_HD_DATA._BIN_HD_DATA._COMPUTE_BINNED_OUTPUTS.SPATIAL_BINNED_RNA_ANALYZER.RUN_UMAP.fork_square_008um
2025-10-21 22:39:24 [runtime] (complete)        ID.F08549.SPATIAL_RNA_COUNTER_CS.SPATIAL_RNA_COUNTER.SPATIAL_POST_MATRIX_COMPUTATION.BIN_HD_DATA._BIN_HD_DATA._COMPUTE_BINNED_OUTPUTS.SPATIAL_BINNED_RNA_ANALYZER.RUN_UMAP.fork_square_008um
2025-10-21 22:39:27 [runtime] (complete)        ID.F08549.SPATIAL_RNA_COUNTER_CS.SPATIAL_RNA_COUNTER.SPATIAL_POST_MATRIX_COMPUTATION.BIN_HD_DATA._BIN_HD_DATA._COMPUTE_BINNED_OUTPUTS.SPATIAL_BINNED_RNA_ANALYZER.RUN_UMAP.fork_square_008um
2025-10-21 22:39:30 [runtime] (update)          ID.F08549.SPATIAL_RNA_COUNTER_CS.SPATIAL_RNA_COUNTER.SPATIAL_POST_MATRIX_COMPUTATION.BIN_HD_DATA._BIN_HD_DATA._COMPUTE_BINNED_OUTPUTS.SPATIAL_BINNED_RNA_ANALYZER.RUN_UMAP.fork_square_016um chunks_running
2025-10-21 22:39:30 [runtime] (complete)        ID.F08549.SPATIAL_RNA_COUNTER_CS.SPATIAL_RNA_COUNTER.SPATIAL_POST_MATRIX_COMPUTATION.BIN_HD_DATA._BIN_HD_DATA._COMPUTE_BINNED_OUTPUTS.SPATIAL_BINNED_RNA_ANALYZER.RUN_UMAP.fork_square_008um
2025-10-21 22:39:33 [runtime] (complete)        ID.F08549.SPATIAL_RNA_COUNTER_CS.SPATIAL_RNA_COUNTER.SPATIAL_POST_MATRIX_COMPUTATION.BIN_HD_DATA._BIN_HD_DATA._COMPUTE_BINNED_OUTPUTS.SPATIAL_BINNED_RNA_ANALYZER.RUN_UMAP.fork_square_008um
2025-10-21 22:39:36 [runtime] (complete)        ID.F08549.SPATIAL_RNA_COUNTER_CS.SPATIAL_RNA_COUNTER.SPATIAL_POST_MATRIX_COMPUTATION.BIN_HD_DATA._BIN_HD_DATA._COMPUTE_BINNED_OUTPUTS.SPATIAL_BINNED_RNA_ANALYZER.RUN_UMAP.fork_square_008um
2025-10-21 22:39:39 [runtime] (complete)        ID.F08549.SPATIAL_RNA_COUNTER_CS.SPATIAL_RNA_COUNTER.SPATIAL_POST_MATRIX_COMPUTATION.BIN_HD_DATA._BIN_HD_DATA._COMPUTE_BINNED_OUTPUTS.SPATIAL_BINNED_RNA_ANALYZER.RUN_UMAP.fork_square_008um
2025-10-21 22:39:42 [runtime] (complete)        ID.F08549.SPATIAL_RNA_COUNTER_CS.SPATIAL_RNA_COUNTER.SPATIAL_POST_MATRIX_COMPUTATION.BIN_HD_DATA._BIN_HD_DATA._COMPUTE_BINNED_OUTPUTS.SPATIAL_BINNED_RNA_ANALYZER.RUN_UMAP.fork_square_008um
2025-10-21 22:39:45 [runtime] (complete)        ID.F08549.SPATIAL_RNA_COUNTER_CS.SPATIAL_RNA_COUNTER.SPATIAL_POST_MATRIX_COMPUTATION.BIN_HD_DATA._BIN_HD_DATA._COMPUTE_BINNED_OUTPUTS.SPATIAL_BINNED_RNA_ANALYZER.RUN_UMAP.fork_square_008um
2025-10-21 22:39:48 [runtime] (complete)        ID.F08549.SPATIAL_RNA_COUNTER_CS.SPATIAL_RNA_COUNTER.SPATIAL_POST_MATRIX_COMPUTATION.BIN_HD_DATA._BIN_HD_DATA._COMPUTE_BINNED_OUTPUTS.SPATIAL_BINNED_RNA_ANALYZER.RUN_UMAP.fork_square_008um
2025-10-21 22:39:51 [runtime] (complete)        ID.F08549.SPATIAL_RNA_COUNTER_CS.SPATIAL_RNA_COUNTER.SPATIAL_POST_MATRIX_COMPUTATION.BIN_HD_DATA._BIN_HD_DATA._COMPUTE_BINNED_OUTPUTS.SPATIAL_BINNED_RNA_ANALYZER.RUN_UMAP.fork_square_008um
2025-10-21 22:39:54 [runtime] (complete)        ID.F08549.SPATIAL_RNA_COUNTER_CS.SPATIAL_RNA_COUNTER.SPATIAL_POST_MATRIX_COMPUTATION.BIN_HD_DATA._BIN_HD_DATA._COMPUTE_BINNED_OUTPUTS.SPATIAL_BINNED_RNA_ANALYZER.RUN_UMAP.fork_square_008um
2025-10-21 22:39:57 [runtime] (complete)        ID.F08549.SPATIAL_RNA_COUNTER_CS.SPATIAL_RNA_COUNTER.SPATIAL_POST_MATRIX_COMPUTATION.BIN_HD_DATA._BIN_HD_DATA._COMPUTE_BINNED_OUTPUTS.SPATIAL_BINNED_RNA_ANALYZER.RUN_UMAP.fork_square_008um
2025-10-21 22:40:00 [runtime] (complete)        ID.F08549.SPATIAL_RNA_COUNTER_CS.SPATIAL_RNA_COUNTER.SPATIAL_POST_MATRIX_COMPUTATION.BIN_HD_DATA._BIN_HD_DATA._COMPUTE_BINNED_OUTPUTS.SPATIAL_BINNED_RNA_ANALYZER.RUN_UMAP.fork_square_008um
2025-10-21 22:40:03 [runtime] (complete)        ID.F08549.SPATIAL_RNA_COUNTER_CS.SPATIAL_RNA_COUNTER.SPATIAL_POST_MATRIX_COMPUTATION.BIN_HD_DATA._BIN_HD_DATA._COMPUTE_BINNED_OUTPUTS.SPATIAL_BINNED_RNA_ANALYZER.RUN_UMAP.fork_square_008um
2025-10-21 22:40:06 [runtime] (complete)        ID.F08549.SPATIAL_RNA_COUNTER_CS.SPATIAL_RNA_COUNTER.SPATIAL_POST_MATRIX_COMPUTATION.BIN_HD_DATA._BIN_HD_DATA._COMPUTE_BINNED_OUTPUTS.SPATIAL_BINNED_RNA_ANALYZER.RUN_UMAP.fork_square_008um
2025-10-21 22:40:09 [runtime] (complete)        ID.F08549.SPATIAL_RNA_COUNTER_CS.SPATIAL_RNA_COUNTER.SPATIAL_POST_MATRIX_COMPUTATION.BIN_HD_DATA._BIN_HD_DATA._COMPUTE_BINNED_OUTPUTS.SPATIAL_BINNED_RNA_ANALYZER.RUN_UMAP.fork_square_008um
2025-10-21 22:40:12 [runtime] (complete)        ID.F08549.SPATIAL_RNA_COUNTER_CS.SPATIAL_RNA_COUNTER.SPATIAL_POST_MATRIX_COMPUTATION.BIN_HD_DATA._BIN_HD_DATA._COMPUTE_BINNED_OUTPUTS.SPATIAL_BINNED_RNA_ANALYZER.RUN_UMAP.fork_square_008um
2025-10-21 22:40:15 [runtime] (complete)        ID.F08549.SPATIAL_RNA_COUNTER_CS.SPATIAL_RNA_COUNTER.SPATIAL_POST_MATRIX_COMPUTATION.BIN_HD_DATA._BIN_HD_DATA._COMPUTE_BINNED_OUTPUTS.SPATIAL_BINNED_RNA_ANALYZER.RUN_UMAP.fork_square_008um
2025-10-21 22:40:18 [runtime] (complete)        ID.F08549.SPATIAL_RNA_COUNTER_CS.SPATIAL_RNA_COUNTER.SPATIAL_POST_MATRIX_COMPUTATION.BIN_HD_DATA._BIN_HD_DATA._COMPUTE_BINNED_OUTPUTS.SPATIAL_BINNED_RNA_ANALYZER.RUN_UMAP.fork_square_008um
2025-10-21 22:40:21 [runtime] (complete)        ID.F08549.SPATIAL_RNA_COUNTER_CS.SPATIAL_RNA_COUNTER.SPATIAL_POST_MATRIX_COMPUTATION.BIN_HD_DATA._BIN_HD_DATA._COMPUTE_BINNED_OUTPUTS.SPATIAL_BINNED_RNA_ANALYZER.RUN_UMAP.fork_square_008um
2025-10-21 22:40:24 [runtime] (complete)        ID.F08549.SPATIAL_RNA_COUNTER_CS.SPATIAL_RNA_COUNTER.SPATIAL_POST_MATRIX_COMPUTATION.BIN_HD_DATA._BIN_HD_DATA._COMPUTE_BINNED_OUTPUTS.SPATIAL_BINNED_RNA_ANALYZER.RUN_UMAP.fork_square_008um
2025-10-21 22:40:27 [runtime] (complete)        ID.F08549.SPATIAL_RNA_COUNTER_CS.SPATIAL_RNA_COUNTER.SPATIAL_POST_MATRIX_COMPUTATION.BIN_HD_DATA._BIN_HD_DATA._COMPUTE_BINNED_OUTPUTS.SPATIAL_BINNED_RNA_ANALYZER.RUN_UMAP.fork_square_008um
2025-10-21 22:40:30 [runtime] (complete)        ID.F08549.SPATIAL_RNA_COUNTER_CS.SPATIAL_RNA_COUNTER.SPATIAL_POST_MATRIX_COMPUTATION.BIN_HD_DATA._BIN_HD_DATA._COMPUTE_BINNED_OUTPUTS.SPATIAL_BINNED_RNA_ANALYZER.RUN_UMAP.fork_square_008um
2025-10-21 22:40:33 [runtime] (complete)        ID.F08549.SPATIAL_RNA_COUNTER_CS.SPATIAL_RNA_COUNTER.SPATIAL_POST_MATRIX_COMPUTATION.BIN_HD_DATA._BIN_HD_DATA._COMPUTE_BINNED_OUTPUTS.SPATIAL_BINNED_RNA_ANALYZER.RUN_UMAP.fork_square_008um
2025-10-21 22:40:36 [runtime] (complete)        ID.F08549.SPATIAL_RNA_COUNTER_CS.SPATIAL_RNA_COUNTER.SPATIAL_POST_MATRIX_COMPUTATION.BIN_HD_DATA._BIN_HD_DATA._COMPUTE_BINNED_OUTPUTS.SPATIAL_BINNED_RNA_ANALYZER.RUN_UMAP.fork_square_008um
2025-10-21 22:40:39 [runtime] (complete)        ID.F08549.SPATIAL_RNA_COUNTER_CS.SPATIAL_RNA_COUNTER.SPATIAL_POST_MATRIX_COMPUTATION.BIN_HD_DATA._BIN_HD_DATA._COMPUTE_BINNED_OUTPUTS.SPATIAL_BINNED_RNA_ANALYZER.RUN_UMAP.fork_square_008um
2025-10-21 22:40:42 [runtime] (complete)        ID.F08549.SPATIAL_RNA_COUNTER_CS.SPATIAL_RNA_COUNTER.SPATIAL_POST_MATRIX_COMPUTATION.BIN_HD_DATA._BIN_HD_DATA._COMPUTE_BINNED_OUTPUTS.SPATIAL_BINNED_RNA_ANALYZER.RUN_UMAP.fork_square_008um
2025-10-21 22:40:45 [runtime] (complete)        ID.F08549.SPATIAL_RNA_COUNTER_CS.SPATIAL_RNA_COUNTER.SPATIAL_POST_MATRIX_COMPUTATION.BIN_HD_DATA._BIN_HD_DATA._COMPUTE_BINNED_OUTPUTS.SPATIAL_BINNED_RNA_ANALYZER.RUN_UMAP.fork_square_008um
2025-10-21 22:40:48 [runtime] (complete)        ID.F08549.SPATIAL_RNA_COUNTER_CS.SPATIAL_RNA_COUNTER.SPATIAL_POST_MATRIX_COMPUTATION.BIN_HD_DATA._BIN_HD_DATA._COMPUTE_BINNED_OUTPUTS.SPATIAL_BINNED_RNA_ANALYZER.RUN_UMAP.fork_square_008um
2025-10-21 22:40:51 [runtime] (complete)        ID.F08549.SPATIAL_RNA_COUNTER_CS.SPATIAL_RNA_COUNTER.SPATIAL_POST_MATRIX_COMPUTATION.BIN_HD_DATA._BIN_HD_DATA._COMPUTE_BINNED_OUTPUTS.SPATIAL_BINNED_RNA_ANALYZER.RUN_UMAP.fork_square_008um
2025-10-21 22:40:54 [runtime] (complete)        ID.F08549.SPATIAL_RNA_COUNTER_CS.SPATIAL_RNA_COUNTER.SPATIAL_POST_MATRIX_COMPUTATION.BIN_HD_DATA._BIN_HD_DATA._COMPUTE_BINNED_OUTPUTS.SPATIAL_BINNED_RNA_ANALYZER.RUN_UMAP.fork_square_008um
2025-10-21 22:40:57 [runtime] (complete)        ID.F08549.SPATIAL_RNA_COUNTER_CS.SPATIAL_RNA_COUNTER.SPATIAL_POST_MATRIX_COMPUTATION.BIN_HD_DATA._BIN_HD_DATA._COMPUTE_BINNED_OUTPUTS.SPATIAL_BINNED_RNA_ANALYZER.RUN_UMAP.fork_square_008um
2025-10-21 22:41:00 [runtime] (complete)        ID.F08549.SPATIAL_RNA_COUNTER_CS.SPATIAL_RNA_COUNTER.SPATIAL_POST_MATRIX_COMPUTATION.BIN_HD_DATA._BIN_HD_DATA._COMPUTE_BINNED_OUTPUTS.SPATIAL_BINNED_RNA_ANALYZER.RUN_UMAP.fork_square_008um
2025-10-21 22:41:03 [runtime] (complete)        ID.F08549.SPATIAL_RNA_COUNTER_CS.SPATIAL_RNA_COUNTER.SPATIAL_POST_MATRIX_COMPUTATION.BIN_HD_DATA._BIN_HD_DATA._COMPUTE_BINNED_OUTPUTS.SPATIAL_BINNED_RNA_ANALYZER.RUN_UMAP.fork_square_008um
2025-10-21 22:41:04 [runtime] (complete)        ID.F08549.SPATIAL_RNA_COUNTER_CS.SPATIAL_RNA_COUNTER.SPATIAL_POST_MATRIX_COMPUTATION.BIN_HD_DATA._BIN_HD_DATA._COMPUTE_BINNED_OUTPUTS.SPATIAL_BINNED_RNA_ANALYZER.RUN_UMAP.fork_square_008um
2025-10-21 22:41:04 [runtime] (chunks_complete) ID.F08549.SPATIAL_RNA_COUNTER_CS.SPATIAL_RNA_COUNTER.SPATIAL_POST_MATRIX_COMPUTATION.BIN_HD_DATA._BIN_HD_DATA._COMPUTE_BINNED_OUTPUTS.SPATIAL_BINNED_RNA_ANALYZER.RUN_UMAP.fork_square_016um
2025-10-21 22:41:04 [runtime] (run:local)       ID.F08549.SPATIAL_RNA_COUNTER_CS.SPATIAL_RNA_COUNTER.SPATIAL_POST_MATRIX_COMPUTATION.BIN_HD_DATA._BIN_HD_DATA._COMPUTE_BINNED_OUTPUTS.SPATIAL_BINNED_RNA_ANALYZER.RUN_UMAP.fork_square_016um.join
2025-10-21 22:41:07 [runtime] (update)          ID.F08549.SPATIAL_RNA_COUNTER_CS.SPATIAL_RNA_COUNTER.SPATIAL_POST_MATRIX_COMPUTATION.BIN_HD_DATA._BIN_HD_DATA._COMPUTE_BINNED_OUTPUTS.SPATIAL_BINNED_RNA_ANALYZER.RUN_DIFFERENTIAL_EXPRESSION.fork_square_008um chunks running (0/12 completed)
2025-10-21 22:41:07 [runtime] (complete)        ID.F08549.SPATIAL_RNA_COUNTER_CS.SPATIAL_RNA_COUNTER.SPATIAL_POST_MATRIX_COMPUTATION.BIN_HD_DATA._BIN_HD_DATA._COMPUTE_BINNED_OUTPUTS.SPATIAL_BINNED_RNA_ANALYZER.RUN_UMAP.fork_square_008um
2025-10-21 22:41:10 [runtime] (complete)        ID.F08549.SPATIAL_RNA_COUNTER_CS.SPATIAL_RNA_COUNTER.SPATIAL_POST_MATRIX_COMPUTATION.BIN_HD_DATA._BIN_HD_DATA._COMPUTE_BINNED_OUTPUTS.SPATIAL_BINNED_RNA_ANALYZER.RUN_UMAP.fork_square_008um
2025-10-21 22:41:13 [runtime] (complete)        ID.F08549.SPATIAL_RNA_COUNTER_CS.SPATIAL_RNA_COUNTER.SPATIAL_POST_MATRIX_COMPUTATION.BIN_HD_DATA._BIN_HD_DATA._COMPUTE_BINNED_OUTPUTS.SPATIAL_BINNED_RNA_ANALYZER.RUN_UMAP.fork_square_008um
2025-10-21 22:41:17 [runtime] (complete)        ID.F08549.SPATIAL_RNA_COUNTER_CS.SPATIAL_RNA_COUNTER.SPATIAL_POST_MATRIX_COMPUTATION.BIN_HD_DATA._BIN_HD_DATA._COMPUTE_BINNED_OUTPUTS.SPATIAL_BINNED_RNA_ANALYZER.RUN_UMAP.fork_square_008um
2025-10-21 22:41:20 [runtime] (complete)        ID.F08549.SPATIAL_RNA_COUNTER_CS.SPATIAL_RNA_COUNTER.SPATIAL_POST_MATRIX_COMPUTATION.BIN_HD_DATA._BIN_HD_DATA._COMPUTE_BINNED_OUTPUTS.SPATIAL_BINNED_RNA_ANALYZER.RUN_UMAP.fork_square_008um
2025-10-21 22:41:23 [runtime] (complete)        ID.F08549.SPATIAL_RNA_COUNTER_CS.SPATIAL_RNA_COUNTER.SPATIAL_POST_MATRIX_COMPUTATION.BIN_HD_DATA._BIN_HD_DATA._COMPUTE_BINNED_OUTPUTS.SPATIAL_BINNED_RNA_ANALYZER.RUN_UMAP.fork_square_008um
2025-10-21 22:41:24 [runtime] (complete)        ID.F08549.SPATIAL_RNA_COUNTER_CS.SPATIAL_RNA_COUNTER.SPATIAL_POST_MATRIX_COMPUTATION.BIN_HD_DATA._BIN_HD_DATA._COMPUTE_BINNED_OUTPUTS.SPATIAL_BINNED_RNA_ANALYZER.RUN_UMAP.fork_square_008um
2025-10-21 22:41:27 [runtime] (complete)        ID.F08549.SPATIAL_RNA_COUNTER_CS.SPATIAL_RNA_COUNTER.SPATIAL_POST_MATRIX_COMPUTATION.BIN_HD_DATA._BIN_HD_DATA._COMPUTE_BINNED_OUTPUTS.SPATIAL_BINNED_RNA_ANALYZER.RUN_UMAP.fork_square_008um
2025-10-21 22:41:30 [runtime] (complete)        ID.F08549.SPATIAL_RNA_COUNTER_CS.SPATIAL_RNA_COUNTER.SPATIAL_POST_MATRIX_COMPUTATION.BIN_HD_DATA._BIN_HD_DATA._COMPUTE_BINNED_OUTPUTS.SPATIAL_BINNED_RNA_ANALYZER.RUN_UMAP.fork_square_008um
2025-10-21 22:41:33 [runtime] (complete)        ID.F08549.SPATIAL_RNA_COUNTER_CS.SPATIAL_RNA_COUNTER.SPATIAL_POST_MATRIX_COMPUTATION.BIN_HD_DATA._BIN_HD_DATA._COMPUTE_BINNED_OUTPUTS.SPATIAL_BINNED_RNA_ANALYZER.RUN_UMAP.fork_square_008um
2025-10-21 22:41:36 [runtime] (complete)        ID.F08549.SPATIAL_RNA_COUNTER_CS.SPATIAL_RNA_COUNTER.SPATIAL_POST_MATRIX_COMPUTATION.BIN_HD_DATA._BIN_HD_DATA._COMPUTE_BINNED_OUTPUTS.SPATIAL_BINNED_RNA_ANALYZER.RUN_UMAP.fork_square_008um
2025-10-21 22:41:39 [runtime] (complete)        ID.F08549.SPATIAL_RNA_COUNTER_CS.SPATIAL_RNA_COUNTER.SPATIAL_POST_MATRIX_COMPUTATION.BIN_HD_DATA._BIN_HD_DATA._COMPUTE_BINNED_OUTPUTS.SPATIAL_BINNED_RNA_ANALYZER.RUN_UMAP.fork_square_008um
2025-10-21 22:41:42 [runtime] (complete)        ID.F08549.SPATIAL_RNA_COUNTER_CS.SPATIAL_RNA_COUNTER.SPATIAL_POST_MATRIX_COMPUTATION.BIN_HD_DATA._BIN_HD_DATA._COMPUTE_BINNED_OUTPUTS.SPATIAL_BINNED_RNA_ANALYZER.RUN_UMAP.fork_square_008um
2025-10-21 22:41:45 [runtime] (complete)        ID.F08549.SPATIAL_RNA_COUNTER_CS.SPATIAL_RNA_COUNTER.SPATIAL_POST_MATRIX_COMPUTATION.BIN_HD_DATA._BIN_HD_DATA._COMPUTE_BINNED_OUTPUTS.SPATIAL_BINNED_RNA_ANALYZER.RUN_UMAP.fork_square_008um
2025-10-21 22:41:48 [runtime] (complete)        ID.F08549.SPATIAL_RNA_COUNTER_CS.SPATIAL_RNA_COUNTER.SPATIAL_POST_MATRIX_COMPUTATION.BIN_HD_DATA._BIN_HD_DATA._COMPUTE_BINNED_OUTPUTS.SPATIAL_BINNED_RNA_ANALYZER.RUN_UMAP.fork_square_008um
2025-10-21 22:41:51 [runtime] (complete)        ID.F08549.SPATIAL_RNA_COUNTER_CS.SPATIAL_RNA_COUNTER.SPATIAL_POST_MATRIX_COMPUTATION.BIN_HD_DATA._BIN_HD_DATA._COMPUTE_BINNED_OUTPUTS.SPATIAL_BINNED_RNA_ANALYZER.RUN_UMAP.fork_square_008um
2025-10-21 22:41:54 [runtime] (complete)        ID.F08549.SPATIAL_RNA_COUNTER_CS.SPATIAL_RNA_COUNTER.SPATIAL_POST_MATRIX_COMPUTATION.BIN_HD_DATA._BIN_HD_DATA._COMPUTE_BINNED_OUTPUTS.SPATIAL_BINNED_RNA_ANALYZER.RUN_UMAP.fork_square_008um
2025-10-21 22:41:57 [runtime] (complete)        ID.F08549.SPATIAL_RNA_COUNTER_CS.SPATIAL_RNA_COUNTER.SPATIAL_POST_MATRIX_COMPUTATION.BIN_HD_DATA._BIN_HD_DATA._COMPUTE_BINNED_OUTPUTS.SPATIAL_BINNED_RNA_ANALYZER.RUN_UMAP.fork_square_008um
2025-10-21 22:42:00 [runtime] (complete)        ID.F08549.SPATIAL_RNA_COUNTER_CS.SPATIAL_RNA_COUNTER.SPATIAL_POST_MATRIX_COMPUTATION.BIN_HD_DATA._BIN_HD_DATA._COMPUTE_BINNED_OUTPUTS.SPATIAL_BINNED_RNA_ANALYZER.RUN_UMAP.fork_square_008um
2025-10-21 22:42:03 [runtime] (complete)        ID.F08549.SPATIAL_RNA_COUNTER_CS.SPATIAL_RNA_COUNTER.SPATIAL_POST_MATRIX_COMPUTATION.BIN_HD_DATA._BIN_HD_DATA._COMPUTE_BINNED_OUTPUTS.SPATIAL_BINNED_RNA_ANALYZER.RUN_UMAP.fork_square_008um
2025-10-21 22:42:06 [runtime] (complete)        ID.F08549.SPATIAL_RNA_COUNTER_CS.SPATIAL_RNA_COUNTER.SPATIAL_POST_MATRIX_COMPUTATION.BIN_HD_DATA._BIN_HD_DATA._COMPUTE_BINNED_OUTPUTS.SPATIAL_BINNED_RNA_ANALYZER.RUN_UMAP.fork_square_008um
2025-10-21 22:42:09 [runtime] (complete)        ID.F08549.SPATIAL_RNA_COUNTER_CS.SPATIAL_RNA_COUNTER.SPATIAL_POST_MATRIX_COMPUTATION.BIN_HD_DATA._BIN_HD_DATA._COMPUTE_BINNED_OUTPUTS.SPATIAL_BINNED_RNA_ANALYZER.RUN_UMAP.fork_square_008um
2025-10-21 22:42:12 [runtime] (complete)        ID.F08549.SPATIAL_RNA_COUNTER_CS.SPATIAL_RNA_COUNTER.SPATIAL_POST_MATRIX_COMPUTATION.BIN_HD_DATA._BIN_HD_DATA._COMPUTE_BINNED_OUTPUTS.SPATIAL_BINNED_RNA_ANALYZER.RUN_UMAP.fork_square_008um
2025-10-21 22:42:15 [runtime] (complete)        ID.F08549.SPATIAL_RNA_COUNTER_CS.SPATIAL_RNA_COUNTER.SPATIAL_POST_MATRIX_COMPUTATION.BIN_HD_DATA._BIN_HD_DATA._COMPUTE_BINNED_OUTPUTS.SPATIAL_BINNED_RNA_ANALYZER.RUN_UMAP.fork_square_008um
2025-10-21 22:42:18 [runtime] (complete)        ID.F08549.SPATIAL_RNA_COUNTER_CS.SPATIAL_RNA_COUNTER.SPATIAL_POST_MATRIX_COMPUTATION.BIN_HD_DATA._BIN_HD_DATA._COMPUTE_BINNED_OUTPUTS.SPATIAL_BINNED_RNA_ANALYZER.RUN_UMAP.fork_square_008um
2025-10-21 22:42:21 [runtime] (complete)        ID.F08549.SPATIAL_RNA_COUNTER_CS.SPATIAL_RNA_COUNTER.SPATIAL_POST_MATRIX_COMPUTATION.BIN_HD_DATA._BIN_HD_DATA._COMPUTE_BINNED_OUTPUTS.SPATIAL_BINNED_RNA_ANALYZER.RUN_UMAP.fork_square_008um
2025-10-21 22:42:24 [runtime] (complete)        ID.F08549.SPATIAL_RNA_COUNTER_CS.SPATIAL_RNA_COUNTER.SPATIAL_POST_MATRIX_COMPUTATION.BIN_HD_DATA._BIN_HD_DATA._COMPUTE_BINNED_OUTPUTS.SPATIAL_BINNED_RNA_ANALYZER.RUN_UMAP.fork_square_008um
2025-10-21 22:42:27 [runtime] (complete)        ID.F08549.SPATIAL_RNA_COUNTER_CS.SPATIAL_RNA_COUNTER.SPATIAL_POST_MATRIX_COMPUTATION.BIN_HD_DATA._BIN_HD_DATA._COMPUTE_BINNED_OUTPUTS.SPATIAL_BINNED_RNA_ANALYZER.RUN_UMAP.fork_square_008um
2025-10-21 22:42:30 [runtime] (complete)        ID.F08549.SPATIAL_RNA_COUNTER_CS.SPATIAL_RNA_COUNTER.SPATIAL_POST_MATRIX_COMPUTATION.BIN_HD_DATA._BIN_HD_DATA._COMPUTE_BINNED_OUTPUTS.SPATIAL_BINNED_RNA_ANALYZER.RUN_UMAP.fork_square_008um
2025-10-21 22:42:33 [runtime] (complete)        ID.F08549.SPATIAL_RNA_COUNTER_CS.SPATIAL_RNA_COUNTER.SPATIAL_POST_MATRIX_COMPUTATION.BIN_HD_DATA._BIN_HD_DATA._COMPUTE_BINNED_OUTPUTS.SPATIAL_BINNED_RNA_ANALYZER.RUN_UMAP.fork_square_008um
2025-10-21 22:42:36 [runtime] (complete)        ID.F08549.SPATIAL_RNA_COUNTER_CS.SPATIAL_RNA_COUNTER.SPATIAL_POST_MATRIX_COMPUTATION.BIN_HD_DATA._BIN_HD_DATA._COMPUTE_BINNED_OUTPUTS.SPATIAL_BINNED_RNA_ANALYZER.RUN_UMAP.fork_square_008um
2025-10-21 22:42:39 [runtime] (complete)        ID.F08549.SPATIAL_RNA_COUNTER_CS.SPATIAL_RNA_COUNTER.SPATIAL_POST_MATRIX_COMPUTATION.BIN_HD_DATA._BIN_HD_DATA._COMPUTE_BINNED_OUTPUTS.SPATIAL_BINNED_RNA_ANALYZER.RUN_UMAP.fork_square_008um
2025-10-21 22:42:42 [runtime] (complete)        ID.F08549.SPATIAL_RNA_COUNTER_CS.SPATIAL_RNA_COUNTER.SPATIAL_POST_MATRIX_COMPUTATION.BIN_HD_DATA._BIN_HD_DATA._COMPUTE_BINNED_OUTPUTS.SPATIAL_BINNED_RNA_ANALYZER.RUN_UMAP.fork_square_008um
2025-10-21 22:42:45 [runtime] (complete)        ID.F08549.SPATIAL_RNA_COUNTER_CS.SPATIAL_RNA_COUNTER.SPATIAL_POST_MATRIX_COMPUTATION.BIN_HD_DATA._BIN_HD_DATA._COMPUTE_BINNED_OUTPUTS.SPATIAL_BINNED_RNA_ANALYZER.RUN_UMAP.fork_square_008um
2025-10-21 22:42:48 [runtime] (complete)        ID.F08549.SPATIAL_RNA_COUNTER_CS.SPATIAL_RNA_COUNTER.SPATIAL_POST_MATRIX_COMPUTATION.BIN_HD_DATA._BIN_HD_DATA._COMPUTE_BINNED_OUTPUTS.SPATIAL_BINNED_RNA_ANALYZER.RUN_UMAP.fork_square_008um
2025-10-21 22:42:51 [runtime] (complete)        ID.F08549.SPATIAL_RNA_COUNTER_CS.SPATIAL_RNA_COUNTER.SPATIAL_POST_MATRIX_COMPUTATION.BIN_HD_DATA._BIN_HD_DATA._COMPUTE_BINNED_OUTPUTS.SPATIAL_BINNED_RNA_ANALYZER.RUN_UMAP.fork_square_008um
2025-10-21 22:42:54 [runtime] (complete)        ID.F08549.SPATIAL_RNA_COUNTER_CS.SPATIAL_RNA_COUNTER.SPATIAL_POST_MATRIX_COMPUTATION.BIN_HD_DATA._BIN_HD_DATA._COMPUTE_BINNED_OUTPUTS.SPATIAL_BINNED_RNA_ANALYZER.RUN_UMAP.fork_square_008um
2025-10-21 22:42:57 [runtime] (complete)        ID.F08549.SPATIAL_RNA_COUNTER_CS.SPATIAL_RNA_COUNTER.SPATIAL_POST_MATRIX_COMPUTATION.BIN_HD_DATA._BIN_HD_DATA._COMPUTE_BINNED_OUTPUTS.SPATIAL_BINNED_RNA_ANALYZER.RUN_UMAP.fork_square_008um
2025-10-21 22:43:00 [runtime] (complete)        ID.F08549.SPATIAL_RNA_COUNTER_CS.SPATIAL_RNA_COUNTER.SPATIAL_POST_MATRIX_COMPUTATION.BIN_HD_DATA._BIN_HD_DATA._COMPUTE_BINNED_OUTPUTS.SPATIAL_BINNED_RNA_ANALYZER.RUN_UMAP.fork_square_008um
2025-10-21 22:43:03 [runtime] (complete)        ID.F08549.SPATIAL_RNA_COUNTER_CS.SPATIAL_RNA_COUNTER.SPATIAL_POST_MATRIX_COMPUTATION.BIN_HD_DATA._BIN_HD_DATA._COMPUTE_BINNED_OUTPUTS.SPATIAL_BINNED_RNA_ANALYZER.RUN_UMAP.fork_square_008um
2025-10-21 22:43:06 [runtime] (complete)        ID.F08549.SPATIAL_RNA_COUNTER_CS.SPATIAL_RNA_COUNTER.SPATIAL_POST_MATRIX_COMPUTATION.BIN_HD_DATA._BIN_HD_DATA._COMPUTE_BINNED_OUTPUTS.SPATIAL_BINNED_RNA_ANALYZER.RUN_UMAP.fork_square_008um
2025-10-21 22:43:09 [runtime] (complete)        ID.F08549.SPATIAL_RNA_COUNTER_CS.SPATIAL_RNA_COUNTER.SPATIAL_POST_MATRIX_COMPUTATION.BIN_HD_DATA._BIN_HD_DATA._COMPUTE_BINNED_OUTPUTS.SPATIAL_BINNED_RNA_ANALYZER.RUN_UMAP.fork_square_008um
2025-10-21 22:43:12 [runtime] (complete)        ID.F08549.SPATIAL_RNA_COUNTER_CS.SPATIAL_RNA_COUNTER.SPATIAL_POST_MATRIX_COMPUTATION.BIN_HD_DATA._BIN_HD_DATA._COMPUTE_BINNED_OUTPUTS.SPATIAL_BINNED_RNA_ANALYZER.RUN_UMAP.fork_square_008um
2025-10-21 22:43:15 [runtime] (complete)        ID.F08549.SPATIAL_RNA_COUNTER_CS.SPATIAL_RNA_COUNTER.SPATIAL_POST_MATRIX_COMPUTATION.BIN_HD_DATA._BIN_HD_DATA._COMPUTE_BINNED_OUTPUTS.SPATIAL_BINNED_RNA_ANALYZER.RUN_UMAP.fork_square_008um
2025-10-21 22:43:18 [runtime] (complete)        ID.F08549.SPATIAL_RNA_COUNTER_CS.SPATIAL_RNA_COUNTER.SPATIAL_POST_MATRIX_COMPUTATION.BIN_HD_DATA._BIN_HD_DATA._COMPUTE_BINNED_OUTPUTS.SPATIAL_BINNED_RNA_ANALYZER.RUN_UMAP.fork_square_008um
2025-10-21 22:43:21 [runtime] (complete)        ID.F08549.SPATIAL_RNA_COUNTER_CS.SPATIAL_RNA_COUNTER.SPATIAL_POST_MATRIX_COMPUTATION.BIN_HD_DATA._BIN_HD_DATA._COMPUTE_BINNED_OUTPUTS.SPATIAL_BINNED_RNA_ANALYZER.RUN_UMAP.fork_square_008um
2025-10-21 22:43:24 [runtime] (complete)        ID.F08549.SPATIAL_RNA_COUNTER_CS.SPATIAL_RNA_COUNTER.SPATIAL_POST_MATRIX_COMPUTATION.BIN_HD_DATA._BIN_HD_DATA._COMPUTE_BINNED_OUTPUTS.SPATIAL_BINNED_RNA_ANALYZER.RUN_UMAP.fork_square_008um
2025-10-21 22:43:27 [runtime] (complete)        ID.F08549.SPATIAL_RNA_COUNTER_CS.SPATIAL_RNA_COUNTER.SPATIAL_POST_MATRIX_COMPUTATION.BIN_HD_DATA._BIN_HD_DATA._COMPUTE_BINNED_OUTPUTS.SPATIAL_BINNED_RNA_ANALYZER.RUN_UMAP.fork_square_008um
2025-10-21 22:43:30 [runtime] (complete)        ID.F08549.SPATIAL_RNA_COUNTER_CS.SPATIAL_RNA_COUNTER.SPATIAL_POST_MATRIX_COMPUTATION.BIN_HD_DATA._BIN_HD_DATA._COMPUTE_BINNED_OUTPUTS.SPATIAL_BINNED_RNA_ANALYZER.RUN_UMAP.fork_square_008um
2025-10-21 22:43:33 [runtime] (complete)        ID.F08549.SPATIAL_RNA_COUNTER_CS.SPATIAL_RNA_COUNTER.SPATIAL_POST_MATRIX_COMPUTATION.BIN_HD_DATA._BIN_HD_DATA._COMPUTE_BINNED_OUTPUTS.SPATIAL_BINNED_RNA_ANALYZER.RUN_UMAP.fork_square_008um
2025-10-21 22:43:36 [runtime] (complete)        ID.F08549.SPATIAL_RNA_COUNTER_CS.SPATIAL_RNA_COUNTER.SPATIAL_POST_MATRIX_COMPUTATION.BIN_HD_DATA._BIN_HD_DATA._COMPUTE_BINNED_OUTPUTS.SPATIAL_BINNED_RNA_ANALYZER.RUN_UMAP.fork_square_008um
2025-10-21 22:43:39 [runtime] (complete)        ID.F08549.SPATIAL_RNA_COUNTER_CS.SPATIAL_RNA_COUNTER.SPATIAL_POST_MATRIX_COMPUTATION.BIN_HD_DATA._BIN_HD_DATA._COMPUTE_BINNED_OUTPUTS.SPATIAL_BINNED_RNA_ANALYZER.RUN_UMAP.fork_square_008um
2025-10-21 22:43:42 [runtime] (complete)        ID.F08549.SPATIAL_RNA_COUNTER_CS.SPATIAL_RNA_COUNTER.SPATIAL_POST_MATRIX_COMPUTATION.BIN_HD_DATA._BIN_HD_DATA._COMPUTE_BINNED_OUTPUTS.SPATIAL_BINNED_RNA_ANALYZER.RUN_UMAP.fork_square_008um
2025-10-21 22:43:45 [runtime] (complete)        ID.F08549.SPATIAL_RNA_COUNTER_CS.SPATIAL_RNA_COUNTER.SPATIAL_POST_MATRIX_COMPUTATION.BIN_HD_DATA._BIN_HD_DATA._COMPUTE_BINNED_OUTPUTS.SPATIAL_BINNED_RNA_ANALYZER.RUN_UMAP.fork_square_008um
2025-10-21 22:43:48 [runtime] (complete)        ID.F08549.SPATIAL_RNA_COUNTER_CS.SPATIAL_RNA_COUNTER.SPATIAL_POST_MATRIX_COMPUTATION.BIN_HD_DATA._BIN_HD_DATA._COMPUTE_BINNED_OUTPUTS.SPATIAL_BINNED_RNA_ANALYZER.RUN_UMAP.fork_square_008um
2025-10-21 22:43:51 [runtime] (complete)        ID.F08549.SPATIAL_RNA_COUNTER_CS.SPATIAL_RNA_COUNTER.SPATIAL_POST_MATRIX_COMPUTATION.BIN_HD_DATA._BIN_HD_DATA._COMPUTE_BINNED_OUTPUTS.SPATIAL_BINNED_RNA_ANALYZER.RUN_UMAP.fork_square_008um
2025-10-21 22:43:54 [runtime] (complete)        ID.F08549.SPATIAL_RNA_COUNTER_CS.SPATIAL_RNA_COUNTER.SPATIAL_POST_MATRIX_COMPUTATION.BIN_HD_DATA._BIN_HD_DATA._COMPUTE_BINNED_OUTPUTS.SPATIAL_BINNED_RNA_ANALYZER.RUN_UMAP.fork_square_008um
2025-10-21 22:43:57 [runtime] (complete)        ID.F08549.SPATIAL_RNA_COUNTER_CS.SPATIAL_RNA_COUNTER.SPATIAL_POST_MATRIX_COMPUTATION.BIN_HD_DATA._BIN_HD_DATA._COMPUTE_BINNED_OUTPUTS.SPATIAL_BINNED_RNA_ANALYZER.RUN_UMAP.fork_square_008um
2025-10-21 22:44:00 [runtime] (complete)        ID.F08549.SPATIAL_RNA_COUNTER_CS.SPATIAL_RNA_COUNTER.SPATIAL_POST_MATRIX_COMPUTATION.BIN_HD_DATA._BIN_HD_DATA._COMPUTE_BINNED_OUTPUTS.SPATIAL_BINNED_RNA_ANALYZER.RUN_UMAP.fork_square_008um
2025-10-21 22:44:03 [runtime] (complete)        ID.F08549.SPATIAL_RNA_COUNTER_CS.SPATIAL_RNA_COUNTER.SPATIAL_POST_MATRIX_COMPUTATION.BIN_HD_DATA._BIN_HD_DATA._COMPUTE_BINNED_OUTPUTS.SPATIAL_BINNED_RNA_ANALYZER.RUN_UMAP.fork_square_008um
2025-10-21 22:44:06 [runtime] (complete)        ID.F08549.SPATIAL_RNA_COUNTER_CS.SPATIAL_RNA_COUNTER.SPATIAL_POST_MATRIX_COMPUTATION.BIN_HD_DATA._BIN_HD_DATA._COMPUTE_BINNED_OUTPUTS.SPATIAL_BINNED_RNA_ANALYZER.RUN_UMAP.fork_square_008um
2025-10-21 22:44:09 [runtime] (complete)        ID.F08549.SPATIAL_RNA_COUNTER_CS.SPATIAL_RNA_COUNTER.SPATIAL_POST_MATRIX_COMPUTATION.BIN_HD_DATA._BIN_HD_DATA._COMPUTE_BINNED_OUTPUTS.SPATIAL_BINNED_RNA_ANALYZER.RUN_UMAP.fork_square_008um
2025-10-21 22:44:12 [runtime] (complete)        ID.F08549.SPATIAL_RNA_COUNTER_CS.SPATIAL_RNA_COUNTER.SPATIAL_POST_MATRIX_COMPUTATION.BIN_HD_DATA._BIN_HD_DATA._COMPUTE_BINNED_OUTPUTS.SPATIAL_BINNED_RNA_ANALYZER.RUN_UMAP.fork_square_008um
2025-10-21 22:44:15 [runtime] (complete)        ID.F08549.SPATIAL_RNA_COUNTER_CS.SPATIAL_RNA_COUNTER.SPATIAL_POST_MATRIX_COMPUTATION.BIN_HD_DATA._BIN_HD_DATA._COMPUTE_BINNED_OUTPUTS.SPATIAL_BINNED_RNA_ANALYZER.RUN_UMAP.fork_square_008um
2025-10-21 22:44:18 [runtime] (complete)        ID.F08549.SPATIAL_RNA_COUNTER_CS.SPATIAL_RNA_COUNTER.SPATIAL_POST_MATRIX_COMPUTATION.BIN_HD_DATA._BIN_HD_DATA._COMPUTE_BINNED_OUTPUTS.SPATIAL_BINNED_RNA_ANALYZER.RUN_UMAP.fork_square_008um
2025-10-21 22:44:21 [runtime] (complete)        ID.F08549.SPATIAL_RNA_COUNTER_CS.SPATIAL_RNA_COUNTER.SPATIAL_POST_MATRIX_COMPUTATION.BIN_HD_DATA._BIN_HD_DATA._COMPUTE_BINNED_OUTPUTS.SPATIAL_BINNED_RNA_ANALYZER.RUN_UMAP.fork_square_008um
2025-10-21 22:44:24 [runtime] (complete)        ID.F08549.SPATIAL_RNA_COUNTER_CS.SPATIAL_RNA_COUNTER.SPATIAL_POST_MATRIX_COMPUTATION.BIN_HD_DATA._BIN_HD_DATA._COMPUTE_BINNED_OUTPUTS.SPATIAL_BINNED_RNA_ANALYZER.RUN_UMAP.fork_square_008um
2025-10-21 22:44:27 [runtime] (complete)        ID.F08549.SPATIAL_RNA_COUNTER_CS.SPATIAL_RNA_COUNTER.SPATIAL_POST_MATRIX_COMPUTATION.BIN_HD_DATA._BIN_HD_DATA._COMPUTE_BINNED_OUTPUTS.SPATIAL_BINNED_RNA_ANALYZER.RUN_UMAP.fork_square_008um
2025-10-21 22:44:30 [runtime] (complete)        ID.F08549.SPATIAL_RNA_COUNTER_CS.SPATIAL_RNA_COUNTER.SPATIAL_POST_MATRIX_COMPUTATION.BIN_HD_DATA._BIN_HD_DATA._COMPUTE_BINNED_OUTPUTS.SPATIAL_BINNED_RNA_ANALYZER.RUN_UMAP.fork_square_008um
2025-10-21 22:44:33 [runtime] (complete)        ID.F08549.SPATIAL_RNA_COUNTER_CS.SPATIAL_RNA_COUNTER.SPATIAL_POST_MATRIX_COMPUTATION.BIN_HD_DATA._BIN_HD_DATA._COMPUTE_BINNED_OUTPUTS.SPATIAL_BINNED_RNA_ANALYZER.RUN_UMAP.fork_square_008um
2025-10-21 22:44:36 [runtime] (complete)        ID.F08549.SPATIAL_RNA_COUNTER_CS.SPATIAL_RNA_COUNTER.SPATIAL_POST_MATRIX_COMPUTATION.BIN_HD_DATA._BIN_HD_DATA._COMPUTE_BINNED_OUTPUTS.SPATIAL_BINNED_RNA_ANALYZER.RUN_UMAP.fork_square_008um
2025-10-21 22:44:39 [runtime] (complete)        ID.F08549.SPATIAL_RNA_COUNTER_CS.SPATIAL_RNA_COUNTER.SPATIAL_POST_MATRIX_COMPUTATION.BIN_HD_DATA._BIN_HD_DATA._COMPUTE_BINNED_OUTPUTS.SPATIAL_BINNED_RNA_ANALYZER.RUN_UMAP.fork_square_008um
2025-10-21 22:44:42 [runtime] (complete)        ID.F08549.SPATIAL_RNA_COUNTER_CS.SPATIAL_RNA_COUNTER.SPATIAL_POST_MATRIX_COMPUTATION.BIN_HD_DATA._BIN_HD_DATA._COMPUTE_BINNED_OUTPUTS.SPATIAL_BINNED_RNA_ANALYZER.RUN_UMAP.fork_square_008um
2025-10-21 22:44:45 [runtime] (complete)        ID.F08549.SPATIAL_RNA_COUNTER_CS.SPATIAL_RNA_COUNTER.SPATIAL_POST_MATRIX_COMPUTATION.BIN_HD_DATA._BIN_HD_DATA._COMPUTE_BINNED_OUTPUTS.SPATIAL_BINNED_RNA_ANALYZER.RUN_UMAP.fork_square_008um
2025-10-21 22:44:48 [runtime] (complete)        ID.F08549.SPATIAL_RNA_COUNTER_CS.SPATIAL_RNA_COUNTER.SPATIAL_POST_MATRIX_COMPUTATION.BIN_HD_DATA._BIN_HD_DATA._COMPUTE_BINNED_OUTPUTS.SPATIAL_BINNED_RNA_ANALYZER.RUN_UMAP.fork_square_008um
2025-10-21 22:44:51 [runtime] (complete)        ID.F08549.SPATIAL_RNA_COUNTER_CS.SPATIAL_RNA_COUNTER.SPATIAL_POST_MATRIX_COMPUTATION.BIN_HD_DATA._BIN_HD_DATA._COMPUTE_BINNED_OUTPUTS.SPATIAL_BINNED_RNA_ANALYZER.RUN_UMAP.fork_square_008um
2025-10-21 22:44:51 [runtime] (complete)        ID.F08549.SPATIAL_RNA_COUNTER_CS.SPATIAL_RNA_COUNTER.SPATIAL_POST_MATRIX_COMPUTATION.BIN_HD_DATA._BIN_HD_DATA._COMPUTE_BINNED_OUTPUTS.SPATIAL_BINNED_RNA_ANALYZER.RUN_UMAP.fork_square_008um
2025-10-21 22:44:54 [runtime] (complete)        ID.F08549.SPATIAL_RNA_COUNTER_CS.SPATIAL_RNA_COUNTER.SPATIAL_POST_MATRIX_COMPUTATION.BIN_HD_DATA._BIN_HD_DATA._COMPUTE_BINNED_OUTPUTS.SPATIAL_BINNED_RNA_ANALYZER.RUN_UMAP.fork_square_008um
2025-10-21 22:44:55 [runtime] (complete)        ID.F08549.SPATIAL_RNA_COUNTER_CS.SPATIAL_RNA_COUNTER.SPATIAL_POST_MATRIX_COMPUTATION.BIN_HD_DATA._BIN_HD_DATA._COMPUTE_BINNED_OUTPUTS.SPATIAL_BINNED_RNA_ANALYZER.RUN_UMAP.fork_square_008um
2025-10-21 22:44:58 [runtime] (update)          ID.F08549.SPATIAL_RNA_COUNTER_CS.SPATIAL_RNA_COUNTER.SPATIAL_POST_MATRIX_COMPUTATION.BIN_HD_DATA._BIN_HD_DATA._COMPUTE_BINNED_OUTPUTS.SPATIAL_BINNED_RNA_ANALYZER.RUN_DIFFERENTIAL_EXPRESSION.fork_square_016um chunks running (0/9 completed)
2025-10-21 22:44:58 [runtime] (complete)        ID.F08549.SPATIAL_RNA_COUNTER_CS.SPATIAL_RNA_COUNTER.SPATIAL_POST_MATRIX_COMPUTATION.BIN_HD_DATA._BIN_HD_DATA._COMPUTE_BINNED_OUTPUTS.SPATIAL_BINNED_RNA_ANALYZER.RUN_UMAP.fork_square_008um
2025-10-21 22:45:01 [runtime] (complete)        ID.F08549.SPATIAL_RNA_COUNTER_CS.SPATIAL_RNA_COUNTER.SPATIAL_POST_MATRIX_COMPUTATION.BIN_HD_DATA._BIN_HD_DATA._COMPUTE_BINNED_OUTPUTS.SPATIAL_BINNED_RNA_ANALYZER.RUN_UMAP.fork_square_008um
2025-10-21 22:45:04 [runtime] (complete)        ID.F08549.SPATIAL_RNA_COUNTER_CS.SPATIAL_RNA_COUNTER.SPATIAL_POST_MATRIX_COMPUTATION.BIN_HD_DATA._BIN_HD_DATA._COMPUTE_BINNED_OUTPUTS.SPATIAL_BINNED_RNA_ANALYZER.RUN_UMAP.fork_square_008um
2025-10-21 22:45:07 [runtime] (complete)        ID.F08549.SPATIAL_RNA_COUNTER_CS.SPATIAL_RNA_COUNTER.SPATIAL_POST_MATRIX_COMPUTATION.BIN_HD_DATA._BIN_HD_DATA._COMPUTE_BINNED_OUTPUTS.SPATIAL_BINNED_RNA_ANALYZER.RUN_UMAP.fork_square_008um
2025-10-21 22:45:09 [runtime] (complete)        ID.F08549.SPATIAL_RNA_COUNTER_CS.SPATIAL_RNA_COUNTER.SPATIAL_POST_MATRIX_COMPUTATION.BIN_HD_DATA._BIN_HD_DATA._COMPUTE_BINNED_OUTPUTS.SPATIAL_BINNED_RNA_ANALYZER.RUN_UMAP.fork_square_008um
2025-10-21 22:45:12 [runtime] (complete)        ID.F08549.SPATIAL_RNA_COUNTER_CS.SPATIAL_RNA_COUNTER.SPATIAL_POST_MATRIX_COMPUTATION.BIN_HD_DATA._BIN_HD_DATA._COMPUTE_BINNED_OUTPUTS.SPATIAL_BINNED_RNA_ANALYZER.RUN_UMAP.fork_square_008um
2025-10-21 22:45:15 [runtime] (complete)        ID.F08549.SPATIAL_RNA_COUNTER_CS.SPATIAL_RNA_COUNTER.SPATIAL_POST_MATRIX_COMPUTATION.BIN_HD_DATA._BIN_HD_DATA._COMPUTE_BINNED_OUTPUTS.SPATIAL_BINNED_RNA_ANALYZER.RUN_UMAP.fork_square_008um
2025-10-21 22:45:18 [runtime] (complete)        ID.F08549.SPATIAL_RNA_COUNTER_CS.SPATIAL_RNA_COUNTER.SPATIAL_POST_MATRIX_COMPUTATION.BIN_HD_DATA._BIN_HD_DATA._COMPUTE_BINNED_OUTPUTS.SPATIAL_BINNED_RNA_ANALYZER.RUN_UMAP.fork_square_008um
2025-10-21 22:45:21 [runtime] (complete)        ID.F08549.SPATIAL_RNA_COUNTER_CS.SPATIAL_RNA_COUNTER.SPATIAL_POST_MATRIX_COMPUTATION.BIN_HD_DATA._BIN_HD_DATA._COMPUTE_BINNED_OUTPUTS.SPATIAL_BINNED_RNA_ANALYZER.RUN_UMAP.fork_square_008um
2025-10-21 22:45:24 [runtime] (complete)        ID.F08549.SPATIAL_RNA_COUNTER_CS.SPATIAL_RNA_COUNTER.SPATIAL_POST_MATRIX_COMPUTATION.BIN_HD_DATA._BIN_HD_DATA._COMPUTE_BINNED_OUTPUTS.SPATIAL_BINNED_RNA_ANALYZER.RUN_UMAP.fork_square_008um
2025-10-21 22:45:27 [runtime] (complete)        ID.F08549.SPATIAL_RNA_COUNTER_CS.SPATIAL_RNA_COUNTER.SPATIAL_POST_MATRIX_COMPUTATION.BIN_HD_DATA._BIN_HD_DATA._COMPUTE_BINNED_OUTPUTS.SPATIAL_BINNED_RNA_ANALYZER.RUN_UMAP.fork_square_008um
2025-10-21 22:45:30 [runtime] (complete)        ID.F08549.SPATIAL_RNA_COUNTER_CS.SPATIAL_RNA_COUNTER.SPATIAL_POST_MATRIX_COMPUTATION.BIN_HD_DATA._BIN_HD_DATA._COMPUTE_BINNED_OUTPUTS.SPATIAL_BINNED_RNA_ANALYZER.RUN_UMAP.fork_square_008um
2025-10-21 22:45:30 [runtime] (complete)        ID.F08549.SPATIAL_RNA_COUNTER_CS.SPATIAL_RNA_COUNTER.SPATIAL_POST_MATRIX_COMPUTATION.BIN_HD_DATA._BIN_HD_DATA._COMPUTE_BINNED_OUTPUTS.SPATIAL_BINNED_RNA_ANALYZER.RUN_UMAP.fork_square_008um
2025-10-21 22:45:33 [runtime] (complete)        ID.F08549.SPATIAL_RNA_COUNTER_CS.SPATIAL_RNA_COUNTER.SPATIAL_POST_MATRIX_COMPUTATION.BIN_HD_DATA._BIN_HD_DATA._COMPUTE_BINNED_OUTPUTS.SPATIAL_BINNED_RNA_ANALYZER.RUN_UMAP.fork_square_008um
2025-10-21 22:45:36 [runtime] (complete)        ID.F08549.SPATIAL_RNA_COUNTER_CS.SPATIAL_RNA_COUNTER.SPATIAL_POST_MATRIX_COMPUTATION.BIN_HD_DATA._BIN_HD_DATA._COMPUTE_BINNED_OUTPUTS.SPATIAL_BINNED_RNA_ANALYZER.RUN_UMAP.fork_square_008um
2025-10-21 22:45:39 [runtime] (complete)        ID.F08549.SPATIAL_RNA_COUNTER_CS.SPATIAL_RNA_COUNTER.SPATIAL_POST_MATRIX_COMPUTATION.BIN_HD_DATA._BIN_HD_DATA._COMPUTE_BINNED_OUTPUTS.SPATIAL_BINNED_RNA_ANALYZER.RUN_UMAP.fork_square_008um
2025-10-21 22:45:39 [runtime] (complete)        ID.F08549.SPATIAL_RNA_COUNTER_CS.SPATIAL_RNA_COUNTER.SPATIAL_POST_MATRIX_COMPUTATION.BIN_HD_DATA._BIN_HD_DATA._COMPUTE_BINNED_OUTPUTS.SPATIAL_BINNED_RNA_ANALYZER.RUN_UMAP.fork_square_008um
2025-10-21 22:45:40 [runtime] (complete)        ID.F08549.SPATIAL_RNA_COUNTER_CS.SPATIAL_RNA_COUNTER.SPATIAL_POST_MATRIX_COMPUTATION.BIN_HD_DATA._BIN_HD_DATA._COMPUTE_BINNED_OUTPUTS.SPATIAL_BINNED_RNA_ANALYZER.RUN_UMAP.fork_square_008um
2025-10-21 22:45:43 [runtime] (complete)        ID.F08549.SPATIAL_RNA_COUNTER_CS.SPATIAL_RNA_COUNTER.SPATIAL_POST_MATRIX_COMPUTATION.BIN_HD_DATA._BIN_HD_DATA._COMPUTE_BINNED_OUTPUTS.SPATIAL_BINNED_RNA_ANALYZER.RUN_UMAP.fork_square_008um
2025-10-21 22:45:46 [runtime] (complete)        ID.F08549.SPATIAL_RNA_COUNTER_CS.SPATIAL_RNA_COUNTER.SPATIAL_POST_MATRIX_COMPUTATION.BIN_HD_DATA._BIN_HD_DATA._COMPUTE_BINNED_OUTPUTS.SPATIAL_BINNED_RNA_ANALYZER.RUN_UMAP.fork_square_008um
2025-10-21 22:45:49 [runtime] (complete)        ID.F08549.SPATIAL_RNA_COUNTER_CS.SPATIAL_RNA_COUNTER.SPATIAL_POST_MATRIX_COMPUTATION.BIN_HD_DATA._BIN_HD_DATA._COMPUTE_BINNED_OUTPUTS.SPATIAL_BINNED_RNA_ANALYZER.RUN_UMAP.fork_square_008um
2025-10-21 22:45:52 [runtime] (complete)        ID.F08549.SPATIAL_RNA_COUNTER_CS.SPATIAL_RNA_COUNTER.SPATIAL_POST_MATRIX_COMPUTATION.BIN_HD_DATA._BIN_HD_DATA._COMPUTE_BINNED_OUTPUTS.SPATIAL_BINNED_RNA_ANALYZER.RUN_UMAP.fork_square_008um
2025-10-21 22:45:55 [runtime] (complete)        ID.F08549.SPATIAL_RNA_COUNTER_CS.SPATIAL_RNA_COUNTER.SPATIAL_POST_MATRIX_COMPUTATION.BIN_HD_DATA._BIN_HD_DATA._COMPUTE_BINNED_OUTPUTS.SPATIAL_BINNED_RNA_ANALYZER.RUN_UMAP.fork_square_008um
2025-10-21 22:45:58 [runtime] (complete)        ID.F08549.SPATIAL_RNA_COUNTER_CS.SPATIAL_RNA_COUNTER.SPATIAL_POST_MATRIX_COMPUTATION.BIN_HD_DATA._BIN_HD_DATA._COMPUTE_BINNED_OUTPUTS.SPATIAL_BINNED_RNA_ANALYZER.RUN_UMAP.fork_square_008um
2025-10-21 22:46:01 [runtime] (complete)        ID.F08549.SPATIAL_RNA_COUNTER_CS.SPATIAL_RNA_COUNTER.SPATIAL_POST_MATRIX_COMPUTATION.BIN_HD_DATA._BIN_HD_DATA._COMPUTE_BINNED_OUTPUTS.SPATIAL_BINNED_RNA_ANALYZER.RUN_UMAP.fork_square_008um
2025-10-21 22:46:04 [runtime] (complete)        ID.F08549.SPATIAL_RNA_COUNTER_CS.SPATIAL_RNA_COUNTER.SPATIAL_POST_MATRIX_COMPUTATION.BIN_HD_DATA._BIN_HD_DATA._COMPUTE_BINNED_OUTPUTS.SPATIAL_BINNED_RNA_ANALYZER.RUN_UMAP.fork_square_008um
2025-10-21 22:46:05 [runtime] (complete)        ID.F08549.SPATIAL_RNA_COUNTER_CS.SPATIAL_RNA_COUNTER.SPATIAL_POST_MATRIX_COMPUTATION.BIN_HD_DATA._BIN_HD_DATA._COMPUTE_BINNED_OUTPUTS.SPATIAL_BINNED_RNA_ANALYZER.RUN_UMAP.fork_square_008um
2025-10-21 22:46:08 [runtime] (complete)        ID.F08549.SPATIAL_RNA_COUNTER_CS.SPATIAL_RNA_COUNTER.SPATIAL_POST_MATRIX_COMPUTATION.BIN_HD_DATA._BIN_HD_DATA._COMPUTE_BINNED_OUTPUTS.SPATIAL_BINNED_RNA_ANALYZER.RUN_UMAP.fork_square_008um
2025-10-21 22:46:11 [runtime] (complete)        ID.F08549.SPATIAL_RNA_COUNTER_CS.SPATIAL_RNA_COUNTER.SPATIAL_POST_MATRIX_COMPUTATION.BIN_HD_DATA._BIN_HD_DATA._COMPUTE_BINNED_OUTPUTS.SPATIAL_BINNED_RNA_ANALYZER.RUN_UMAP.fork_square_008um
2025-10-21 22:46:14 [runtime] (complete)        ID.F08549.SPATIAL_RNA_COUNTER_CS.SPATIAL_RNA_COUNTER.SPATIAL_POST_MATRIX_COMPUTATION.BIN_HD_DATA._BIN_HD_DATA._COMPUTE_BINNED_OUTPUTS.SPATIAL_BINNED_RNA_ANALYZER.RUN_UMAP.fork_square_008um
2025-10-21 22:46:17 [runtime] (complete)        ID.F08549.SPATIAL_RNA_COUNTER_CS.SPATIAL_RNA_COUNTER.SPATIAL_POST_MATRIX_COMPUTATION.BIN_HD_DATA._BIN_HD_DATA._COMPUTE_BINNED_OUTPUTS.SPATIAL_BINNED_RNA_ANALYZER.RUN_UMAP.fork_square_008um
2025-10-21 22:46:20 [runtime] (complete)        ID.F08549.SPATIAL_RNA_COUNTER_CS.SPATIAL_RNA_COUNTER.SPATIAL_POST_MATRIX_COMPUTATION.BIN_HD_DATA._BIN_HD_DATA._COMPUTE_BINNED_OUTPUTS.SPATIAL_BINNED_RNA_ANALYZER.RUN_UMAP.fork_square_008um
2025-10-21 22:46:23 [runtime] (complete)        ID.F08549.SPATIAL_RNA_COUNTER_CS.SPATIAL_RNA_COUNTER.SPATIAL_POST_MATRIX_COMPUTATION.BIN_HD_DATA._BIN_HD_DATA._COMPUTE_BINNED_OUTPUTS.SPATIAL_BINNED_RNA_ANALYZER.RUN_UMAP.fork_square_008um
2025-10-21 22:46:26 [runtime] (complete)        ID.F08549.SPATIAL_RNA_COUNTER_CS.SPATIAL_RNA_COUNTER.SPATIAL_POST_MATRIX_COMPUTATION.BIN_HD_DATA._BIN_HD_DATA._COMPUTE_BINNED_OUTPUTS.SPATIAL_BINNED_RNA_ANALYZER.RUN_UMAP.fork_square_008um
2025-10-21 22:46:29 [runtime] (complete)        ID.F08549.SPATIAL_RNA_COUNTER_CS.SPATIAL_RNA_COUNTER.SPATIAL_POST_MATRIX_COMPUTATION.BIN_HD_DATA._BIN_HD_DATA._COMPUTE_BINNED_OUTPUTS.SPATIAL_BINNED_RNA_ANALYZER.RUN_UMAP.fork_square_008um
2025-10-21 22:46:32 [runtime] (complete)        ID.F08549.SPATIAL_RNA_COUNTER_CS.SPATIAL_RNA_COUNTER.SPATIAL_POST_MATRIX_COMPUTATION.BIN_HD_DATA._BIN_HD_DATA._COMPUTE_BINNED_OUTPUTS.SPATIAL_BINNED_RNA_ANALYZER.RUN_UMAP.fork_square_008um
2025-10-21 22:46:35 [runtime] (complete)        ID.F08549.SPATIAL_RNA_COUNTER_CS.SPATIAL_RNA_COUNTER.SPATIAL_POST_MATRIX_COMPUTATION.BIN_HD_DATA._BIN_HD_DATA._COMPUTE_BINNED_OUTPUTS.SPATIAL_BINNED_RNA_ANALYZER.RUN_UMAP.fork_square_008um
2025-10-21 22:46:38 [runtime] (complete)        ID.F08549.SPATIAL_RNA_COUNTER_CS.SPATIAL_RNA_COUNTER.SPATIAL_POST_MATRIX_COMPUTATION.BIN_HD_DATA._BIN_HD_DATA._COMPUTE_BINNED_OUTPUTS.SPATIAL_BINNED_RNA_ANALYZER.RUN_UMAP.fork_square_008um
2025-10-21 22:46:41 [runtime] (complete)        ID.F08549.SPATIAL_RNA_COUNTER_CS.SPATIAL_RNA_COUNTER.SPATIAL_POST_MATRIX_COMPUTATION.BIN_HD_DATA._BIN_HD_DATA._COMPUTE_BINNED_OUTPUTS.SPATIAL_BINNED_RNA_ANALYZER.RUN_UMAP.fork_square_008um
2025-10-21 22:46:44 [runtime] (complete)        ID.F08549.SPATIAL_RNA_COUNTER_CS.SPATIAL_RNA_COUNTER.SPATIAL_POST_MATRIX_COMPUTATION.BIN_HD_DATA._BIN_HD_DATA._COMPUTE_BINNED_OUTPUTS.SPATIAL_BINNED_RNA_ANALYZER.RUN_UMAP.fork_square_008um
2025-10-21 22:46:47 [runtime] (complete)        ID.F08549.SPATIAL_RNA_COUNTER_CS.SPATIAL_RNA_COUNTER.SPATIAL_POST_MATRIX_COMPUTATION.BIN_HD_DATA._BIN_HD_DATA._COMPUTE_BINNED_OUTPUTS.SPATIAL_BINNED_RNA_ANALYZER.RUN_UMAP.fork_square_008um
2025-10-21 22:46:50 [runtime] (complete)        ID.F08549.SPATIAL_RNA_COUNTER_CS.SPATIAL_RNA_COUNTER.SPATIAL_POST_MATRIX_COMPUTATION.BIN_HD_DATA._BIN_HD_DATA._COMPUTE_BINNED_OUTPUTS.SPATIAL_BINNED_RNA_ANALYZER.RUN_UMAP.fork_square_008um
2025-10-21 22:46:53 [runtime] (update)          ID.F08549.SPATIAL_RNA_COUNTER_CS.SPATIAL_RNA_COUNTER.SPATIAL_POST_MATRIX_COMPUTATION.BIN_HD_DATA._BIN_HD_DATA._COMPUTE_BINNED_OUTPUTS.SPATIAL_BINNED_RNA_ANALYZER.RUN_DIFFERENTIAL_EXPRESSION.fork_square_008um chunks running (11/12 completed)
2025-10-21 22:46:53 [runtime] (complete)        ID.F08549.SPATIAL_RNA_COUNTER_CS.SPATIAL_RNA_COUNTER.SPATIAL_POST_MATRIX_COMPUTATION.BIN_HD_DATA._BIN_HD_DATA._COMPUTE_BINNED_OUTPUTS.SPATIAL_BINNED_RNA_ANALYZER.RUN_UMAP.fork_square_008um
2025-10-21 22:46:56 [runtime] (complete)        ID.F08549.SPATIAL_RNA_COUNTER_CS.SPATIAL_RNA_COUNTER.SPATIAL_POST_MATRIX_COMPUTATION.BIN_HD_DATA._BIN_HD_DATA._COMPUTE_BINNED_OUTPUTS.SPATIAL_BINNED_RNA_ANALYZER.RUN_UMAP.fork_square_008um
2025-10-21 22:47:00 [runtime] (complete)        ID.F08549.SPATIAL_RNA_COUNTER_CS.SPATIAL_RNA_COUNTER.SPATIAL_POST_MATRIX_COMPUTATION.BIN_HD_DATA._BIN_HD_DATA._COMPUTE_BINNED_OUTPUTS.SPATIAL_BINNED_RNA_ANALYZER.RUN_UMAP.fork_square_008um
2025-10-21 22:47:03 [runtime] (complete)        ID.F08549.SPATIAL_RNA_COUNTER_CS.SPATIAL_RNA_COUNTER.SPATIAL_POST_MATRIX_COMPUTATION.BIN_HD_DATA._BIN_HD_DATA._COMPUTE_BINNED_OUTPUTS.SPATIAL_BINNED_RNA_ANALYZER.RUN_UMAP.fork_square_008um
2025-10-21 22:47:06 [runtime] (complete)        ID.F08549.SPATIAL_RNA_COUNTER_CS.SPATIAL_RNA_COUNTER.SPATIAL_POST_MATRIX_COMPUTATION.BIN_HD_DATA._BIN_HD_DATA._COMPUTE_BINNED_OUTPUTS.SPATIAL_BINNED_RNA_ANALYZER.RUN_UMAP.fork_square_008um
2025-10-21 22:47:09 [runtime] (complete)        ID.F08549.SPATIAL_RNA_COUNTER_CS.SPATIAL_RNA_COUNTER.SPATIAL_POST_MATRIX_COMPUTATION.BIN_HD_DATA._BIN_HD_DATA._COMPUTE_BINNED_OUTPUTS.SPATIAL_BINNED_RNA_ANALYZER.RUN_UMAP.fork_square_008um
2025-10-21 22:47:09 [runtime] (complete)        ID.F08549.SPATIAL_RNA_COUNTER_CS.SPATIAL_RNA_COUNTER.SPATIAL_POST_MATRIX_COMPUTATION.BIN_HD_DATA._BIN_HD_DATA._COMPUTE_BINNED_OUTPUTS.SPATIAL_BINNED_RNA_ANALYZER.RUN_UMAP.fork_square_008um
2025-10-21 22:47:12 [runtime] (complete)        ID.F08549.SPATIAL_RNA_COUNTER_CS.SPATIAL_RNA_COUNTER.SPATIAL_POST_MATRIX_COMPUTATION.BIN_HD_DATA._BIN_HD_DATA._COMPUTE_BINNED_OUTPUTS.SPATIAL_BINNED_RNA_ANALYZER.RUN_UMAP.fork_square_008um
2025-10-21 22:47:15 [runtime] (complete)        ID.F08549.SPATIAL_RNA_COUNTER_CS.SPATIAL_RNA_COUNTER.SPATIAL_POST_MATRIX_COMPUTATION.BIN_HD_DATA._BIN_HD_DATA._COMPUTE_BINNED_OUTPUTS.SPATIAL_BINNED_RNA_ANALYZER.RUN_UMAP.fork_square_008um
2025-10-21 22:47:16 [runtime] (complete)        ID.F08549.SPATIAL_RNA_COUNTER_CS.SPATIAL_RNA_COUNTER.SPATIAL_POST_MATRIX_COMPUTATION.BIN_HD_DATA._BIN_HD_DATA._COMPUTE_BINNED_OUTPUTS.SPATIAL_BINNED_RNA_ANALYZER.RUN_UMAP.fork_square_008um
2025-10-21 22:47:17 [runtime] (complete)        ID.F08549.SPATIAL_RNA_COUNTER_CS.SPATIAL_RNA_COUNTER.SPATIAL_POST_MATRIX_COMPUTATION.BIN_HD_DATA._BIN_HD_DATA._COMPUTE_BINNED_OUTPUTS.SPATIAL_BINNED_RNA_ANALYZER.RUN_UMAP.fork_square_008um
2025-10-21 22:47:18 [runtime] (complete)        ID.F08549.SPATIAL_RNA_COUNTER_CS.SPATIAL_RNA_COUNTER.SPATIAL_POST_MATRIX_COMPUTATION.BIN_HD_DATA._BIN_HD_DATA._COMPUTE_BINNED_OUTPUTS.SPATIAL_BINNED_RNA_ANALYZER.RUN_UMAP.fork_square_008um
2025-10-21 22:47:18 [runtime] (chunks_complete) ID.F08549.SPATIAL_RNA_COUNTER_CS.SPATIAL_RNA_COUNTER.SPATIAL_POST_MATRIX_COMPUTATION._POST_MATRIX_COMPUTATION.MERGE_METRICS
2025-10-21 22:47:18 [runtime] (update)          ID.F08549.SPATIAL_RNA_COUNTER_CS.SPATIAL_RNA_COUNTER.SPATIAL_POST_MATRIX_COMPUTATION.BIN_HD_DATA._BIN_HD_DATA._COMPUTE_BINNED_OUTPUTS.SPATIAL_BINNED_RNA_ANALYZER.RUN_UMAP.fork_square_016um join_running
2025-10-21 22:47:18 [runtime] (complete)        ID.F08549.SPATIAL_RNA_COUNTER_CS.SPATIAL_RNA_COUNTER.SPATIAL_POST_MATRIX_COMPUTATION.BIN_HD_DATA._BIN_HD_DATA._COMPUTE_BINNED_OUTPUTS.SPATIAL_BINNED_RNA_ANALYZER.RUN_UMAP.fork_square_008um
2025-10-21 22:47:18 [runtime] (ready)           ID.F08549.SPATIAL_RNA_COUNTER_CS.SPATIAL_RNA_COUNTER.SPATIAL_POST_MATRIX_COMPUTATION._TARGETED_ANALYZER.CALCULATE_TARGETED_METRICS
2025-10-21 22:47:18 [runtime] (run:local)       ID.F08549.SPATIAL_RNA_COUNTER_CS.SPATIAL_RNA_COUNTER.SPATIAL_POST_MATRIX_COMPUTATION._TARGETED_ANALYZER.CALCULATE_TARGETED_METRICS.fork0.split
2025-10-21 22:47:18 [runtime] (complete)        ID.F08549.SPATIAL_RNA_COUNTER_CS.SPATIAL_RNA_COUNTER.SPATIAL_POST_MATRIX_COMPUTATION.BIN_HD_DATA._BIN_HD_DATA._COMPUTE_BINNED_OUTPUTS.SPATIAL_BINNED_RNA_ANALYZER.RUN_UMAP.fork_square_008um
2025-10-21 22:47:18 [runtime] (join_complete)   ID.F08549.SPATIAL_RNA_COUNTER_CS.SPATIAL_RNA_COUNTER.SPATIAL_POST_MATRIX_COMPUTATION.BIN_HD_DATA._BIN_HD_DATA._COMPUTE_BINNED_OUTPUTS.SPATIAL_BINNED_RNA_ANALYZER.RUN_UMAP.fork_square_016um
2025-10-21 22:47:18 [runtime] (ready)           ID.F08549.SPATIAL_RNA_COUNTER_CS.SPATIAL_RNA_COUNTER.SPATIAL_POST_MATRIX_COMPUTATION.BIN_HD_DATA._BIN_HD_DATA._COMPUTE_BINNED_OUTPUTS.COMPUTE_BIN_METRICS.fork_square_002um
2025-10-21 22:47:18 [runtime] (run:local)       ID.F08549.SPATIAL_RNA_COUNTER_CS.SPATIAL_RNA_COUNTER.SPATIAL_POST_MATRIX_COMPUTATION.BIN_HD_DATA._BIN_HD_DATA._COMPUTE_BINNED_OUTPUTS.COMPUTE_BIN_METRICS.fork_square_002um.split
2025-10-21 22:47:18 [runtime] (ready)           ID.F08549.SPATIAL_RNA_COUNTER_CS.SPATIAL_RNA_COUNTER.SPATIAL_POST_MATRIX_COMPUTATION.BIN_HD_DATA._BIN_HD_DATA._COMPUTE_BINNED_OUTPUTS.COMPUTE_BIN_METRICS.fork_square_008um
2025-10-21 22:47:18 [runtime] (run:local)       ID.F08549.SPATIAL_RNA_COUNTER_CS.SPATIAL_RNA_COUNTER.SPATIAL_POST_MATRIX_COMPUTATION.BIN_HD_DATA._BIN_HD_DATA._COMPUTE_BINNED_OUTPUTS.COMPUTE_BIN_METRICS.fork_square_008um.split
2025-10-21 22:47:18 [runtime] (ready)           ID.F08549.SPATIAL_RNA_COUNTER_CS.SPATIAL_RNA_COUNTER.SPATIAL_POST_MATRIX_COMPUTATION.BIN_HD_DATA._BIN_HD_DATA._COMPUTE_BINNED_OUTPUTS.COMPUTE_BIN_METRICS.fork_square_016um
2025-10-21 22:47:18 [runtime] (run:local)       ID.F08549.SPATIAL_RNA_COUNTER_CS.SPATIAL_RNA_COUNTER.SPATIAL_POST_MATRIX_COMPUTATION.BIN_HD_DATA._BIN_HD_DATA._COMPUTE_BINNED_OUTPUTS.COMPUTE_BIN_METRICS.fork_square_016um.split
2025-10-21 22:47:19 [runtime] (split_complete)  ID.F08549.SPATIAL_RNA_COUNTER_CS.SPATIAL_RNA_COUNTER.SPATIAL_POST_MATRIX_COMPUTATION.BIN_HD_DATA._BIN_HD_DATA._COMPUTE_BINNED_OUTPUTS.COMPUTE_BIN_METRICS.fork_square_002um
2025-10-21 22:47:19 [runtime] (run:local)       ID.F08549.SPATIAL_RNA_COUNTER_CS.SPATIAL_RNA_COUNTER.SPATIAL_POST_MATRIX_COMPUTATION.BIN_HD_DATA._BIN_HD_DATA._COMPUTE_BINNED_OUTPUTS.COMPUTE_BIN_METRICS.fork_square_002um.join
2025-10-21 22:47:19 [runtime] (split_complete)  ID.F08549.SPATIAL_RNA_COUNTER_CS.SPATIAL_RNA_COUNTER.SPATIAL_POST_MATRIX_COMPUTATION.BIN_HD_DATA._BIN_HD_DATA._COMPUTE_BINNED_OUTPUTS.COMPUTE_BIN_METRICS.fork_square_008um
2025-10-21 22:47:19 [runtime] (run:local)       ID.F08549.SPATIAL_RNA_COUNTER_CS.SPATIAL_RNA_COUNTER.SPATIAL_POST_MATRIX_COMPUTATION.BIN_HD_DATA._BIN_HD_DATA._COMPUTE_BINNED_OUTPUTS.COMPUTE_BIN_METRICS.fork_square_008um.join
2025-10-21 22:47:19 [runtime] (split_complete)  ID.F08549.SPATIAL_RNA_COUNTER_CS.SPATIAL_RNA_COUNTER.SPATIAL_POST_MATRIX_COMPUTATION.BIN_HD_DATA._BIN_HD_DATA._COMPUTE_BINNED_OUTPUTS.COMPUTE_BIN_METRICS.fork_square_016um
2025-10-21 22:47:19 [runtime] (run:local)       ID.F08549.SPATIAL_RNA_COUNTER_CS.SPATIAL_RNA_COUNTER.SPATIAL_POST_MATRIX_COMPUTATION.BIN_HD_DATA._BIN_HD_DATA._COMPUTE_BINNED_OUTPUTS.COMPUTE_BIN_METRICS.fork_square_016um.join
2025-10-21 22:47:22 [runtime] (split_complete)  ID.F08549.SPATIAL_RNA_COUNTER_CS.SPATIAL_RNA_COUNTER.SPATIAL_POST_MATRIX_COMPUTATION._TARGETED_ANALYZER.CALCULATE_TARGETED_METRICS
2025-10-21 22:47:22 [runtime] (run:local)       ID.F08549.SPATIAL_RNA_COUNTER_CS.SPATIAL_RNA_COUNTER.SPATIAL_POST_MATRIX_COMPUTATION._TARGETED_ANALYZER.CALCULATE_TARGETED_METRICS.fork0.join
2025-10-21 22:47:24 [runtime] (join_complete)   ID.F08549.SPATIAL_RNA_COUNTER_CS.SPATIAL_RNA_COUNTER.SPATIAL_POST_MATRIX_COMPUTATION.BIN_HD_DATA._BIN_HD_DATA._COMPUTE_BINNED_OUTPUTS.COMPUTE_BIN_METRICS.fork_square_008um
2025-10-21 22:47:24 [runtime] (complete)        ID.F08549.SPATIAL_RNA_COUNTER_CS.SPATIAL_RNA_COUNTER.SPATIAL_POST_MATRIX_COMPUTATION.BIN_HD_DATA._BIN_HD_DATA._COMPUTE_BINNED_OUTPUTS.COMPUTE_BIN_METRICS.fork_square_008um
2025-10-21 22:47:24 [runtime] (join_complete)   ID.F08549.SPATIAL_RNA_COUNTER_CS.SPATIAL_RNA_COUNTER.SPATIAL_POST_MATRIX_COMPUTATION.BIN_HD_DATA._BIN_HD_DATA._COMPUTE_BINNED_OUTPUTS.COMPUTE_BIN_METRICS.fork_square_002um
2025-10-21 22:47:24 [runtime] (complete)        ID.F08549.SPATIAL_RNA_COUNTER_CS.SPATIAL_RNA_COUNTER.SPATIAL_POST_MATRIX_COMPUTATION.BIN_HD_DATA._BIN_HD_DATA._COMPUTE_BINNED_OUTPUTS.COMPUTE_BIN_METRICS.fork_square_008um
2025-10-21 22:47:25 [runtime] (complete)        ID.F08549.SPATIAL_RNA_COUNTER_CS.SPATIAL_RNA_COUNTER.SPATIAL_POST_MATRIX_COMPUTATION.BIN_HD_DATA._BIN_HD_DATA._COMPUTE_BINNED_OUTPUTS.COMPUTE_BIN_METRICS.fork_square_002um
2025-10-21 22:47:25 [runtime] (complete)        ID.F08549.SPATIAL_RNA_COUNTER_CS.SPATIAL_RNA_COUNTER.SPATIAL_POST_MATRIX_COMPUTATION.BIN_HD_DATA._BIN_HD_DATA._COMPUTE_BINNED_OUTPUTS.COMPUTE_BIN_METRICS.fork_square_008um
2025-10-21 22:47:25 [runtime] (join_complete)   ID.F08549.SPATIAL_RNA_COUNTER_CS.SPATIAL_RNA_COUNTER.SPATIAL_POST_MATRIX_COMPUTATION.BIN_HD_DATA._BIN_HD_DATA._COMPUTE_BINNED_OUTPUTS.COMPUTE_BIN_METRICS.fork_square_016um
2025-10-21 22:47:25 [runtime] (ready)           ID.F08549.SPATIAL_RNA_COUNTER_CS.SPATIAL_RNA_COUNTER.SPATIAL_POST_MATRIX_COMPUTATION.BIN_HD_DATA._BIN_HD_DATA.MERGE_BIN_METRICS
2025-10-21 22:47:25 [runtime] (run:local)       ID.F08549.SPATIAL_RNA_COUNTER_CS.SPATIAL_RNA_COUNTER.SPATIAL_POST_MATRIX_COMPUTATION.BIN_HD_DATA._BIN_HD_DATA.MERGE_BIN_METRICS.fork0.chnk0.main
2025-10-21 22:47:25 [runtime] (chunks_complete) ID.F08549.SPATIAL_RNA_COUNTER_CS.SPATIAL_RNA_COUNTER.SPATIAL_POST_MATRIX_COMPUTATION.BIN_HD_DATA._BIN_HD_DATA.MERGE_BIN_METRICS
2025-10-21 22:47:54 [runtime] (chunks_complete) ID.F08549.SPATIAL_RNA_COUNTER_CS.SPATIAL_RNA_COUNTER.SPATIAL_POST_MATRIX_COMPUTATION.BIN_HD_DATA._BIN_HD_DATA._COMPUTE_BINNED_OUTPUTS.SPATIAL_BINNED_RNA_ANALYZER.RUN_DIFFERENTIAL_EXPRESSION.fork_square_008um
2025-10-21 22:47:54 [runtime] (run:local)       ID.F08549.SPATIAL_RNA_COUNTER_CS.SPATIAL_RNA_COUNTER.SPATIAL_POST_MATRIX_COMPUTATION.BIN_HD_DATA._BIN_HD_DATA._COMPUTE_BINNED_OUTPUTS.SPATIAL_BINNED_RNA_ANALYZER.RUN_DIFFERENTIAL_EXPRESSION.fork_square_008um.join
2025-10-21 22:47:58 [runtime] (join_complete)   ID.F08549.SPATIAL_RNA_COUNTER_CS.SPATIAL_RNA_COUNTER.SPATIAL_POST_MATRIX_COMPUTATION.BIN_HD_DATA._BIN_HD_DATA._COMPUTE_BINNED_OUTPUTS.SPATIAL_BINNED_RNA_ANALYZER.RUN_DIFFERENTIAL_EXPRESSION.fork_square_008um
2025-10-21 22:48:01 [runtime] (complete)        ID.F08549.SPATIAL_RNA_COUNTER_CS.SPATIAL_RNA_COUNTER.SPATIAL_POST_MATRIX_COMPUTATION.BIN_HD_DATA._BIN_HD_DATA._COMPUTE_BINNED_OUTPUTS.SPATIAL_BINNED_RNA_ANALYZER.RUN_DIFFERENTIAL_EXPRESSION.fork_square_008um
2025-10-21 22:48:04 [runtime] (complete)        ID.F08549.SPATIAL_RNA_COUNTER_CS.SPATIAL_RNA_COUNTER.SPATIAL_POST_MATRIX_COMPUTATION.BIN_HD_DATA._BIN_HD_DATA._COMPUTE_BINNED_OUTPUTS.SPATIAL_BINNED_RNA_ANALYZER.RUN_DIFFERENTIAL_EXPRESSION.fork_square_008um
2025-10-21 22:48:07 [runtime] (complete)        ID.F08549.SPATIAL_RNA_COUNTER_CS.SPATIAL_RNA_COUNTER.SPATIAL_POST_MATRIX_COMPUTATION.BIN_HD_DATA._BIN_HD_DATA._COMPUTE_BINNED_OUTPUTS.SPATIAL_BINNED_RNA_ANALYZER.RUN_DIFFERENTIAL_EXPRESSION.fork_square_008um
2025-10-21 22:48:10 [runtime] (complete)        ID.F08549.SPATIAL_RNA_COUNTER_CS.SPATIAL_RNA_COUNTER.SPATIAL_POST_MATRIX_COMPUTATION.BIN_HD_DATA._BIN_HD_DATA._COMPUTE_BINNED_OUTPUTS.SPATIAL_BINNED_RNA_ANALYZER.RUN_DIFFERENTIAL_EXPRESSION.fork_square_008um
2025-10-21 22:48:13 [runtime] (complete)        ID.F08549.SPATIAL_RNA_COUNTER_CS.SPATIAL_RNA_COUNTER.SPATIAL_POST_MATRIX_COMPUTATION.BIN_HD_DATA._BIN_HD_DATA._COMPUTE_BINNED_OUTPUTS.SPATIAL_BINNED_RNA_ANALYZER.RUN_DIFFERENTIAL_EXPRESSION.fork_square_008um
2025-10-21 22:48:16 [runtime] (complete)        ID.F08549.SPATIAL_RNA_COUNTER_CS.SPATIAL_RNA_COUNTER.SPATIAL_POST_MATRIX_COMPUTATION.BIN_HD_DATA._BIN_HD_DATA._COMPUTE_BINNED_OUTPUTS.SPATIAL_BINNED_RNA_ANALYZER.RUN_DIFFERENTIAL_EXPRESSION.fork_square_008um
2025-10-21 22:48:19 [runtime] (complete)        ID.F08549.SPATIAL_RNA_COUNTER_CS.SPATIAL_RNA_COUNTER.SPATIAL_POST_MATRIX_COMPUTATION.BIN_HD_DATA._BIN_HD_DATA._COMPUTE_BINNED_OUTPUTS.SPATIAL_BINNED_RNA_ANALYZER.RUN_DIFFERENTIAL_EXPRESSION.fork_square_008um
2025-10-21 22:48:22 [runtime] (complete)        ID.F08549.SPATIAL_RNA_COUNTER_CS.SPATIAL_RNA_COUNTER.SPATIAL_POST_MATRIX_COMPUTATION.BIN_HD_DATA._BIN_HD_DATA._COMPUTE_BINNED_OUTPUTS.SPATIAL_BINNED_RNA_ANALYZER.RUN_DIFFERENTIAL_EXPRESSION.fork_square_008um
2025-10-21 22:48:25 [runtime] (complete)        ID.F08549.SPATIAL_RNA_COUNTER_CS.SPATIAL_RNA_COUNTER.SPATIAL_POST_MATRIX_COMPUTATION.BIN_HD_DATA._BIN_HD_DATA._COMPUTE_BINNED_OUTPUTS.SPATIAL_BINNED_RNA_ANALYZER.RUN_DIFFERENTIAL_EXPRESSION.fork_square_008um
2025-10-21 22:48:28 [runtime] (complete)        ID.F08549.SPATIAL_RNA_COUNTER_CS.SPATIAL_RNA_COUNTER.SPATIAL_POST_MATRIX_COMPUTATION.BIN_HD_DATA._BIN_HD_DATA._COMPUTE_BINNED_OUTPUTS.SPATIAL_BINNED_RNA_ANALYZER.RUN_DIFFERENTIAL_EXPRESSION.fork_square_008um
2025-10-21 22:48:31 [runtime] (complete)        ID.F08549.SPATIAL_RNA_COUNTER_CS.SPATIAL_RNA_COUNTER.SPATIAL_POST_MATRIX_COMPUTATION.BIN_HD_DATA._BIN_HD_DATA._COMPUTE_BINNED_OUTPUTS.SPATIAL_BINNED_RNA_ANALYZER.RUN_DIFFERENTIAL_EXPRESSION.fork_square_008um
2025-10-21 22:48:34 [runtime] (complete)        ID.F08549.SPATIAL_RNA_COUNTER_CS.SPATIAL_RNA_COUNTER.SPATIAL_POST_MATRIX_COMPUTATION.BIN_HD_DATA._BIN_HD_DATA._COMPUTE_BINNED_OUTPUTS.SPATIAL_BINNED_RNA_ANALYZER.RUN_DIFFERENTIAL_EXPRESSION.fork_square_008um
2025-10-21 22:48:37 [runtime] (complete)        ID.F08549.SPATIAL_RNA_COUNTER_CS.SPATIAL_RNA_COUNTER.SPATIAL_POST_MATRIX_COMPUTATION.BIN_HD_DATA._BIN_HD_DATA._COMPUTE_BINNED_OUTPUTS.SPATIAL_BINNED_RNA_ANALYZER.RUN_DIFFERENTIAL_EXPRESSION.fork_square_008um
2025-10-21 22:48:40 [runtime] (complete)        ID.F08549.SPATIAL_RNA_COUNTER_CS.SPATIAL_RNA_COUNTER.SPATIAL_POST_MATRIX_COMPUTATION.BIN_HD_DATA._BIN_HD_DATA._COMPUTE_BINNED_OUTPUTS.SPATIAL_BINNED_RNA_ANALYZER.RUN_DIFFERENTIAL_EXPRESSION.fork_square_008um
2025-10-21 22:48:41 [runtime] (complete)        ID.F08549.SPATIAL_RNA_COUNTER_CS.SPATIAL_RNA_COUNTER.SPATIAL_POST_MATRIX_COMPUTATION.BIN_HD_DATA._BIN_HD_DATA._COMPUTE_BINNED_OUTPUTS.SPATIAL_BINNED_RNA_ANALYZER.RUN_DIFFERENTIAL_EXPRESSION.fork_square_008um
2025-10-21 22:48:41 [runtime] (chunks_complete) ID.F08549.SPATIAL_RNA_COUNTER_CS.SPATIAL_RNA_COUNTER.SPATIAL_POST_MATRIX_COMPUTATION.BIN_HD_DATA._BIN_HD_DATA._COMPUTE_BINNED_OUTPUTS.SPATIAL_BINNED_RNA_ANALYZER.RUN_DIFFERENTIAL_EXPRESSION.fork_square_016um
2025-10-21 22:48:41 [runtime] (run:local)       ID.F08549.SPATIAL_RNA_COUNTER_CS.SPATIAL_RNA_COUNTER.SPATIAL_POST_MATRIX_COMPUTATION.BIN_HD_DATA._BIN_HD_DATA._COMPUTE_BINNED_OUTPUTS.SPATIAL_BINNED_RNA_ANALYZER.RUN_DIFFERENTIAL_EXPRESSION.fork_square_016um.join
2025-10-21 22:48:44 [runtime] (complete)        ID.F08549.SPATIAL_RNA_COUNTER_CS.SPATIAL_RNA_COUNTER.SPATIAL_POST_MATRIX_COMPUTATION.BIN_HD_DATA._BIN_HD_DATA._COMPUTE_BINNED_OUTPUTS.SPATIAL_BINNED_RNA_ANALYZER.RUN_DIFFERENTIAL_EXPRESSION.fork_square_008um
2025-10-21 22:48:47 [runtime] (complete)        ID.F08549.SPATIAL_RNA_COUNTER_CS.SPATIAL_RNA_COUNTER.SPATIAL_POST_MATRIX_COMPUTATION.BIN_HD_DATA._BIN_HD_DATA._COMPUTE_BINNED_OUTPUTS.SPATIAL_BINNED_RNA_ANALYZER.RUN_DIFFERENTIAL_EXPRESSION.fork_square_008um
2025-10-21 22:48:47 [runtime] (complete)        ID.F08549.SPATIAL_RNA_COUNTER_CS.SPATIAL_RNA_COUNTER.SPATIAL_POST_MATRIX_COMPUTATION.BIN_HD_DATA._BIN_HD_DATA._COMPUTE_BINNED_OUTPUTS.SPATIAL_BINNED_RNA_ANALYZER.RUN_DIFFERENTIAL_EXPRESSION.fork_square_008um
2025-10-21 22:48:47 [runtime] (join_complete)   ID.F08549.SPATIAL_RNA_COUNTER_CS.SPATIAL_RNA_COUNTER.SPATIAL_POST_MATRIX_COMPUTATION.BIN_HD_DATA._BIN_HD_DATA._COMPUTE_BINNED_OUTPUTS.SPATIAL_BINNED_RNA_ANALYZER.RUN_DIFFERENTIAL_EXPRESSION.fork_square_016um
2025-10-21 22:48:48 [runtime] (ready)           ID.F08549.SPATIAL_RNA_COUNTER_CS.SPATIAL_RNA_COUNTER.SPATIAL_POST_MATRIX_COMPUTATION.BIN_HD_DATA._BIN_HD_DATA._COMPUTE_BINNED_OUTPUTS.SPATIAL_BINNED_RNA_ANALYZER.SUMMARIZE_ANALYSIS.fork_square_002um
2025-10-21 22:48:48 [runtime] (ready)           ID.F08549.SPATIAL_RNA_COUNTER_CS.SPATIAL_RNA_COUNTER.SPATIAL_POST_MATRIX_COMPUTATION.BIN_HD_DATA._BIN_HD_DATA._COMPUTE_BINNED_OUTPUTS.SPATIAL_BINNED_RNA_ANALYZER.SUMMARIZE_ANALYSIS.fork_square_008um
2025-10-21 22:48:48 [runtime] (run:local)       ID.F08549.SPATIAL_RNA_COUNTER_CS.SPATIAL_RNA_COUNTER.SPATIAL_POST_MATRIX_COMPUTATION.BIN_HD_DATA._BIN_HD_DATA._COMPUTE_BINNED_OUTPUTS.SPATIAL_BINNED_RNA_ANALYZER.SUMMARIZE_ANALYSIS.fork_square_008um.split
2025-10-21 22:48:48 [runtime] (ready)           ID.F08549.SPATIAL_RNA_COUNTER_CS.SPATIAL_RNA_COUNTER.SPATIAL_POST_MATRIX_COMPUTATION.BIN_HD_DATA._BIN_HD_DATA._COMPUTE_BINNED_OUTPUTS.SPATIAL_BINNED_RNA_ANALYZER.SUMMARIZE_ANALYSIS.fork_square_016um
2025-10-21 22:48:48 [runtime] (run:local)       ID.F08549.SPATIAL_RNA_COUNTER_CS.SPATIAL_RNA_COUNTER.SPATIAL_POST_MATRIX_COMPUTATION.BIN_HD_DATA._BIN_HD_DATA._COMPUTE_BINNED_OUTPUTS.SPATIAL_BINNED_RNA_ANALYZER.SUMMARIZE_ANALYSIS.fork_square_016um.split
2025-10-21 22:48:59 [runtime] (split_complete)  ID.F08549.SPATIAL_RNA_COUNTER_CS.SPATIAL_RNA_COUNTER.SPATIAL_POST_MATRIX_COMPUTATION.BIN_HD_DATA._BIN_HD_DATA._COMPUTE_BINNED_OUTPUTS.SPATIAL_BINNED_RNA_ANALYZER.SUMMARIZE_ANALYSIS.fork_square_008um
2025-10-21 22:48:59 [runtime] (run:local)       ID.F08549.SPATIAL_RNA_COUNTER_CS.SPATIAL_RNA_COUNTER.SPATIAL_POST_MATRIX_COMPUTATION.BIN_HD_DATA._BIN_HD_DATA._COMPUTE_BINNED_OUTPUTS.SPATIAL_BINNED_RNA_ANALYZER.SUMMARIZE_ANALYSIS.fork_square_008um.chnk0.main
2025-10-21 22:48:59 [runtime] (split_complete)  ID.F08549.SPATIAL_RNA_COUNTER_CS.SPATIAL_RNA_COUNTER.SPATIAL_POST_MATRIX_COMPUTATION.BIN_HD_DATA._BIN_HD_DATA._COMPUTE_BINNED_OUTPUTS.SPATIAL_BINNED_RNA_ANALYZER.SUMMARIZE_ANALYSIS.fork_square_016um
2025-10-21 22:48:59 [runtime] (run:local)       ID.F08549.SPATIAL_RNA_COUNTER_CS.SPATIAL_RNA_COUNTER.SPATIAL_POST_MATRIX_COMPUTATION.BIN_HD_DATA._BIN_HD_DATA._COMPUTE_BINNED_OUTPUTS.SPATIAL_BINNED_RNA_ANALYZER.SUMMARIZE_ANALYSIS.fork_square_016um.chnk0.main
2025-10-21 22:49:01 [runtime] (chunks_complete) ID.F08549.SPATIAL_RNA_COUNTER_CS.SPATIAL_RNA_COUNTER.SPATIAL_POST_MATRIX_COMPUTATION.BIN_HD_DATA._BIN_HD_DATA._COMPUTE_BINNED_OUTPUTS.SPATIAL_BINNED_RNA_ANALYZER.SUMMARIZE_ANALYSIS.fork_square_016um
2025-10-21 22:49:01 [runtime] (run:local)       ID.F08549.SPATIAL_RNA_COUNTER_CS.SPATIAL_RNA_COUNTER.SPATIAL_POST_MATRIX_COMPUTATION.BIN_HD_DATA._BIN_HD_DATA._COMPUTE_BINNED_OUTPUTS.SPATIAL_BINNED_RNA_ANALYZER.SUMMARIZE_ANALYSIS.fork_square_016um.join
2025-10-21 22:49:03 [runtime] (chunks_complete) ID.F08549.SPATIAL_RNA_COUNTER_CS.SPATIAL_RNA_COUNTER.SPATIAL_POST_MATRIX_COMPUTATION.BIN_HD_DATA._BIN_HD_DATA._COMPUTE_BINNED_OUTPUTS.SPATIAL_BINNED_RNA_ANALYZER.SUMMARIZE_ANALYSIS.fork_square_008um
2025-10-21 22:49:03 [runtime] (run:local)       ID.F08549.SPATIAL_RNA_COUNTER_CS.SPATIAL_RNA_COUNTER.SPATIAL_POST_MATRIX_COMPUTATION.BIN_HD_DATA._BIN_HD_DATA._COMPUTE_BINNED_OUTPUTS.SPATIAL_BINNED_RNA_ANALYZER.SUMMARIZE_ANALYSIS.fork_square_008um.join
2025-10-21 22:49:03 [runtime] (join_complete)   ID.F08549.SPATIAL_RNA_COUNTER_CS.SPATIAL_RNA_COUNTER.SPATIAL_POST_MATRIX_COMPUTATION.BIN_HD_DATA._BIN_HD_DATA._COMPUTE_BINNED_OUTPUTS.SPATIAL_BINNED_RNA_ANALYZER.SUMMARIZE_ANALYSIS.fork_square_016um
2025-10-21 22:49:04 [runtime] (join_complete)   ID.F08549.SPATIAL_RNA_COUNTER_CS.SPATIAL_RNA_COUNTER.SPATIAL_POST_MATRIX_COMPUTATION.BIN_HD_DATA._BIN_HD_DATA._COMPUTE_BINNED_OUTPUTS.SPATIAL_BINNED_RNA_ANALYZER.SUMMARIZE_ANALYSIS.fork_square_008um
2025-10-21 22:49:04 [runtime] (complete)        ID.F08549.SPATIAL_RNA_COUNTER_CS.SPATIAL_RNA_COUNTER.SPATIAL_POST_MATRIX_COMPUTATION.BIN_HD_DATA._BIN_HD_DATA._COMPUTE_BINNED_OUTPUTS.SPATIAL_BINNED_RNA_ANALYZER.SUMMARIZE_ANALYSIS.fork_square_016um
2025-10-21 22:49:05 [runtime] (ready)           ID.F08549.SPATIAL_RNA_COUNTER_CS.SPATIAL_RNA_COUNTER.SPATIAL_POST_MATRIX_COMPUTATION.BIN_HD_DATA._BIN_HD_DATA._COMPUTE_BINNED_OUTPUTS.CLOUPE_PREPROCESS.fork_square_002um
2025-10-21 22:49:05 [runtime] (run:local)       ID.F08549.SPATIAL_RNA_COUNTER_CS.SPATIAL_RNA_COUNTER.SPATIAL_POST_MATRIX_COMPUTATION.BIN_HD_DATA._BIN_HD_DATA._COMPUTE_BINNED_OUTPUTS.CLOUPE_PREPROCESS.fork_square_002um.split
2025-10-21 22:49:05 [runtime] (ready)           ID.F08549.SPATIAL_RNA_COUNTER_CS.SPATIAL_RNA_COUNTER.SPATIAL_POST_MATRIX_COMPUTATION.BIN_HD_DATA._BIN_HD_DATA._COMPUTE_BINNED_OUTPUTS.CLOUPE_PREPROCESS.fork_square_008um
2025-10-21 22:49:05 [runtime] (run:local)       ID.F08549.SPATIAL_RNA_COUNTER_CS.SPATIAL_RNA_COUNTER.SPATIAL_POST_MATRIX_COMPUTATION.BIN_HD_DATA._BIN_HD_DATA._COMPUTE_BINNED_OUTPUTS.CLOUPE_PREPROCESS.fork_square_008um.split
2025-10-21 22:49:05 [runtime] (ready)           ID.F08549.SPATIAL_RNA_COUNTER_CS.SPATIAL_RNA_COUNTER.SPATIAL_POST_MATRIX_COMPUTATION.BIN_HD_DATA._BIN_HD_DATA._COMPUTE_BINNED_OUTPUTS.CLOUPE_PREPROCESS.fork_square_016um
2025-10-21 22:49:05 [runtime] (run:local)       ID.F08549.SPATIAL_RNA_COUNTER_CS.SPATIAL_RNA_COUNTER.SPATIAL_POST_MATRIX_COMPUTATION.BIN_HD_DATA._BIN_HD_DATA._COMPUTE_BINNED_OUTPUTS.CLOUPE_PREPROCESS.fork_square_016um.split
2025-10-21 22:49:05 [runtime] (ready)           ID.F08549.SPATIAL_RNA_COUNTER_CS.SPATIAL_RNA_COUNTER.SPATIAL_POST_MATRIX_COMPUTATION.BIN_HD_DATA._BIN_HD_DATA.UPDATE_HD_FEATURE_SLICE_H5
2025-10-21 22:49:05 [runtime] (run:local)       ID.F08549.SPATIAL_RNA_COUNTER_CS.SPATIAL_RNA_COUNTER.SPATIAL_POST_MATRIX_COMPUTATION.BIN_HD_DATA._BIN_HD_DATA.UPDATE_HD_FEATURE_SLICE_H5.fork0.split
2025-10-21 22:49:07 [runtime] (split_complete)  ID.F08549.SPATIAL_RNA_COUNTER_CS.SPATIAL_RNA_COUNTER.SPATIAL_POST_MATRIX_COMPUTATION.BIN_HD_DATA._BIN_HD_DATA._COMPUTE_BINNED_OUTPUTS.CLOUPE_PREPROCESS.fork_square_016um
2025-10-21 22:49:07 [runtime] (run:local)       ID.F08549.SPATIAL_RNA_COUNTER_CS.SPATIAL_RNA_COUNTER.SPATIAL_POST_MATRIX_COMPUTATION.BIN_HD_DATA._BIN_HD_DATA._COMPUTE_BINNED_OUTPUTS.CLOUPE_PREPROCESS.fork_square_016um.join
2025-10-21 22:49:07 [runtime] (split_complete)  ID.F08549.SPATIAL_RNA_COUNTER_CS.SPATIAL_RNA_COUNTER.SPATIAL_POST_MATRIX_COMPUTATION.BIN_HD_DATA._BIN_HD_DATA._COMPUTE_BINNED_OUTPUTS.CLOUPE_PREPROCESS.fork_square_002um
2025-10-21 22:49:07 [runtime] (run:local)       ID.F08549.SPATIAL_RNA_COUNTER_CS.SPATIAL_RNA_COUNTER.SPATIAL_POST_MATRIX_COMPUTATION.BIN_HD_DATA._BIN_HD_DATA._COMPUTE_BINNED_OUTPUTS.CLOUPE_PREPROCESS.fork_square_002um.join
2025-10-21 22:49:07 [runtime] (split_complete)  ID.F08549.SPATIAL_RNA_COUNTER_CS.SPATIAL_RNA_COUNTER.SPATIAL_POST_MATRIX_COMPUTATION.BIN_HD_DATA._BIN_HD_DATA._COMPUTE_BINNED_OUTPUTS.CLOUPE_PREPROCESS.fork_square_008um
2025-10-21 22:49:07 [runtime] (run:local)       ID.F08549.SPATIAL_RNA_COUNTER_CS.SPATIAL_RNA_COUNTER.SPATIAL_POST_MATRIX_COMPUTATION.BIN_HD_DATA._BIN_HD_DATA._COMPUTE_BINNED_OUTPUTS.CLOUPE_PREPROCESS.fork_square_008um.join
2025-10-21 22:49:07 [runtime] (split_complete)  ID.F08549.SPATIAL_RNA_COUNTER_CS.SPATIAL_RNA_COUNTER.SPATIAL_POST_MATRIX_COMPUTATION.BIN_HD_DATA._BIN_HD_DATA.UPDATE_HD_FEATURE_SLICE_H5
2025-10-21 22:49:07 [runtime] (run:local)       ID.F08549.SPATIAL_RNA_COUNTER_CS.SPATIAL_RNA_COUNTER.SPATIAL_POST_MATRIX_COMPUTATION.BIN_HD_DATA._BIN_HD_DATA.UPDATE_HD_FEATURE_SLICE_H5.fork0.join
2025-10-21 22:49:08 [runtime] (join_complete)   ID.F08549.SPATIAL_RNA_COUNTER_CS.SPATIAL_RNA_COUNTER.SPATIAL_POST_MATRIX_COMPUTATION.BIN_HD_DATA._BIN_HD_DATA._COMPUTE_BINNED_OUTPUTS.CLOUPE_PREPROCESS.fork_square_016um
2025-10-21 22:49:08 [runtime] (join_complete)   ID.F08549.SPATIAL_RNA_COUNTER_CS.SPATIAL_RNA_COUNTER.SPATIAL_POST_MATRIX_COMPUTATION.BIN_HD_DATA._BIN_HD_DATA._COMPUTE_BINNED_OUTPUTS.CLOUPE_PREPROCESS.fork_square_002um
2025-10-21 22:49:08 [runtime] (complete)        ID.F08549.SPATIAL_RNA_COUNTER_CS.SPATIAL_RNA_COUNTER.SPATIAL_POST_MATRIX_COMPUTATION.BIN_HD_DATA._BIN_HD_DATA._COMPUTE_BINNED_OUTPUTS.CLOUPE_PREPROCESS.fork_square_016um
2025-10-21 22:49:12 [runtime] (complete)        ID.F08549.SPATIAL_RNA_COUNTER_CS.SPATIAL_RNA_COUNTER.SPATIAL_POST_MATRIX_COMPUTATION.BIN_HD_DATA._BIN_HD_DATA._COMPUTE_BINNED_OUTPUTS.CLOUPE_PREPROCESS.fork_square_002um
2025-10-21 22:49:12 [runtime] (complete)        ID.F08549.SPATIAL_RNA_COUNTER_CS.SPATIAL_RNA_COUNTER.SPATIAL_POST_MATRIX_COMPUTATION.BIN_HD_DATA._BIN_HD_DATA._COMPUTE_BINNED_OUTPUTS.CLOUPE_PREPROCESS.fork_square_016um
2025-10-21 22:49:15 [runtime] (complete)        ID.F08549.SPATIAL_RNA_COUNTER_CS.SPATIAL_RNA_COUNTER.SPATIAL_POST_MATRIX_COMPUTATION.BIN_HD_DATA._BIN_HD_DATA._COMPUTE_BINNED_OUTPUTS.CLOUPE_PREPROCESS.fork_square_002um
2025-10-21 22:49:15 [runtime] (complete)        ID.F08549.SPATIAL_RNA_COUNTER_CS.SPATIAL_RNA_COUNTER.SPATIAL_POST_MATRIX_COMPUTATION.BIN_HD_DATA._BIN_HD_DATA._COMPUTE_BINNED_OUTPUTS.CLOUPE_PREPROCESS.fork_square_016um
2025-10-21 22:49:18 [runtime] (complete)        ID.F08549.SPATIAL_RNA_COUNTER_CS.SPATIAL_RNA_COUNTER.SPATIAL_POST_MATRIX_COMPUTATION.BIN_HD_DATA._BIN_HD_DATA._COMPUTE_BINNED_OUTPUTS.CLOUPE_PREPROCESS.fork_square_002um
2025-10-21 22:49:18 [runtime] (complete)        ID.F08549.SPATIAL_RNA_COUNTER_CS.SPATIAL_RNA_COUNTER.SPATIAL_POST_MATRIX_COMPUTATION.BIN_HD_DATA._BIN_HD_DATA._COMPUTE_BINNED_OUTPUTS.CLOUPE_PREPROCESS.fork_square_016um
2025-10-21 22:49:21 [runtime] (complete)        ID.F08549.SPATIAL_RNA_COUNTER_CS.SPATIAL_RNA_COUNTER.SPATIAL_POST_MATRIX_COMPUTATION.BIN_HD_DATA._BIN_HD_DATA._COMPUTE_BINNED_OUTPUTS.CLOUPE_PREPROCESS.fork_square_002um
2025-10-21 22:49:21 [runtime] (complete)        ID.F08549.SPATIAL_RNA_COUNTER_CS.SPATIAL_RNA_COUNTER.SPATIAL_POST_MATRIX_COMPUTATION.BIN_HD_DATA._BIN_HD_DATA._COMPUTE_BINNED_OUTPUTS.CLOUPE_PREPROCESS.fork_square_016um
2025-10-21 22:49:24 [runtime] (complete)        ID.F08549.SPATIAL_RNA_COUNTER_CS.SPATIAL_RNA_COUNTER.SPATIAL_POST_MATRIX_COMPUTATION.BIN_HD_DATA._BIN_HD_DATA._COMPUTE_BINNED_OUTPUTS.CLOUPE_PREPROCESS.fork_square_002um
2025-10-21 22:49:24 [runtime] (complete)        ID.F08549.SPATIAL_RNA_COUNTER_CS.SPATIAL_RNA_COUNTER.SPATIAL_POST_MATRIX_COMPUTATION.BIN_HD_DATA._BIN_HD_DATA._COMPUTE_BINNED_OUTPUTS.CLOUPE_PREPROCESS.fork_square_016um
2025-10-21 22:49:27 [runtime] (complete)        ID.F08549.SPATIAL_RNA_COUNTER_CS.SPATIAL_RNA_COUNTER.SPATIAL_POST_MATRIX_COMPUTATION.BIN_HD_DATA._BIN_HD_DATA._COMPUTE_BINNED_OUTPUTS.CLOUPE_PREPROCESS.fork_square_002um
2025-10-21 22:49:27 [runtime] (complete)        ID.F08549.SPATIAL_RNA_COUNTER_CS.SPATIAL_RNA_COUNTER.SPATIAL_POST_MATRIX_COMPUTATION.BIN_HD_DATA._BIN_HD_DATA._COMPUTE_BINNED_OUTPUTS.CLOUPE_PREPROCESS.fork_square_016um
2025-10-21 22:49:30 [runtime] (complete)        ID.F08549.SPATIAL_RNA_COUNTER_CS.SPATIAL_RNA_COUNTER.SPATIAL_POST_MATRIX_COMPUTATION.BIN_HD_DATA._BIN_HD_DATA._COMPUTE_BINNED_OUTPUTS.CLOUPE_PREPROCESS.fork_square_002um
2025-10-21 22:49:30 [runtime] (complete)        ID.F08549.SPATIAL_RNA_COUNTER_CS.SPATIAL_RNA_COUNTER.SPATIAL_POST_MATRIX_COMPUTATION.BIN_HD_DATA._BIN_HD_DATA._COMPUTE_BINNED_OUTPUTS.CLOUPE_PREPROCESS.fork_square_016um
2025-10-21 22:49:33 [runtime] (complete)        ID.F08549.SPATIAL_RNA_COUNTER_CS.SPATIAL_RNA_COUNTER.SPATIAL_POST_MATRIX_COMPUTATION.BIN_HD_DATA._BIN_HD_DATA._COMPUTE_BINNED_OUTPUTS.CLOUPE_PREPROCESS.fork_square_002um
2025-10-21 22:49:33 [runtime] (complete)        ID.F08549.SPATIAL_RNA_COUNTER_CS.SPATIAL_RNA_COUNTER.SPATIAL_POST_MATRIX_COMPUTATION.BIN_HD_DATA._BIN_HD_DATA._COMPUTE_BINNED_OUTPUTS.CLOUPE_PREPROCESS.fork_square_016um
2025-10-21 22:49:36 [runtime] (complete)        ID.F08549.SPATIAL_RNA_COUNTER_CS.SPATIAL_RNA_COUNTER.SPATIAL_POST_MATRIX_COMPUTATION.BIN_HD_DATA._BIN_HD_DATA._COMPUTE_BINNED_OUTPUTS.CLOUPE_PREPROCESS.fork_square_002um
2025-10-21 22:49:36 [runtime] (complete)        ID.F08549.SPATIAL_RNA_COUNTER_CS.SPATIAL_RNA_COUNTER.SPATIAL_POST_MATRIX_COMPUTATION.BIN_HD_DATA._BIN_HD_DATA._COMPUTE_BINNED_OUTPUTS.CLOUPE_PREPROCESS.fork_square_016um
2025-10-21 22:49:39 [runtime] (complete)        ID.F08549.SPATIAL_RNA_COUNTER_CS.SPATIAL_RNA_COUNTER.SPATIAL_POST_MATRIX_COMPUTATION.BIN_HD_DATA._BIN_HD_DATA._COMPUTE_BINNED_OUTPUTS.CLOUPE_PREPROCESS.fork_square_002um
2025-10-21 22:49:39 [runtime] (complete)        ID.F08549.SPATIAL_RNA_COUNTER_CS.SPATIAL_RNA_COUNTER.SPATIAL_POST_MATRIX_COMPUTATION.BIN_HD_DATA._BIN_HD_DATA._COMPUTE_BINNED_OUTPUTS.CLOUPE_PREPROCESS.fork_square_016um
2025-10-21 22:49:40 [runtime] (join_complete)   ID.F08549.SPATIAL_RNA_COUNTER_CS.SPATIAL_RNA_COUNTER.SPATIAL_POST_MATRIX_COMPUTATION._TARGETED_ANALYZER.CALCULATE_TARGETED_METRICS
2025-10-21 22:49:40 [runtime] (complete)        ID.F08549.SPATIAL_RNA_COUNTER_CS.SPATIAL_RNA_COUNTER.SPATIAL_POST_MATRIX_COMPUTATION.BIN_HD_DATA._BIN_HD_DATA._COMPUTE_BINNED_OUTPUTS.CLOUPE_PREPROCESS.fork_square_002um
2025-10-21 22:49:40 [runtime] (complete)        ID.F08549.SPATIAL_RNA_COUNTER_CS.SPATIAL_RNA_COUNTER.SPATIAL_POST_MATRIX_COMPUTATION.BIN_HD_DATA._BIN_HD_DATA._COMPUTE_BINNED_OUTPUTS.CLOUPE_PREPROCESS.fork_square_016um
2025-10-21 22:49:40 [runtime] (ready)           ID.F08549.SPATIAL_RNA_COUNTER_CS.SPATIAL_RNA_COUNTER.SPATIAL_POST_MATRIX_COMPUTATION._TARGETED_ANALYZER.MERGE_METRICS
2025-10-21 22:49:41 [runtime] (run:local)       ID.F08549.SPATIAL_RNA_COUNTER_CS.SPATIAL_RNA_COUNTER.SPATIAL_POST_MATRIX_COMPUTATION._TARGETED_ANALYZER.MERGE_METRICS.fork0.chnk0.main
2025-10-21 22:49:41 [runtime] (complete)        ID.F08549.SPATIAL_RNA_COUNTER_CS.SPATIAL_RNA_COUNTER.SPATIAL_POST_MATRIX_COMPUTATION.BIN_HD_DATA._BIN_HD_DATA._COMPUTE_BINNED_OUTPUTS.CLOUPE_PREPROCESS.fork_square_002um
2025-10-21 22:49:41 [runtime] (complete)        ID.F08549.SPATIAL_RNA_COUNTER_CS.SPATIAL_RNA_COUNTER.SPATIAL_POST_MATRIX_COMPUTATION.BIN_HD_DATA._BIN_HD_DATA._COMPUTE_BINNED_OUTPUTS.CLOUPE_PREPROCESS.fork_square_016um
2025-10-21 22:49:41 [runtime] (chunks_complete) ID.F08549.SPATIAL_RNA_COUNTER_CS.SPATIAL_RNA_COUNTER.SPATIAL_POST_MATRIX_COMPUTATION._TARGETED_ANALYZER.MERGE_METRICS
2025-10-21 22:49:41 [runtime] (complete)        ID.F08549.SPATIAL_RNA_COUNTER_CS.SPATIAL_RNA_COUNTER.SPATIAL_POST_MATRIX_COMPUTATION.BIN_HD_DATA._BIN_HD_DATA._COMPUTE_BINNED_OUTPUTS.CLOUPE_PREPROCESS.fork_square_002um
2025-10-21 22:49:41 [runtime] (complete)        ID.F08549.SPATIAL_RNA_COUNTER_CS.SPATIAL_RNA_COUNTER.SPATIAL_POST_MATRIX_COMPUTATION.BIN_HD_DATA._BIN_HD_DATA._COMPUTE_BINNED_OUTPUTS.CLOUPE_PREPROCESS.fork_square_016um
2025-10-21 22:49:41 [runtime] (complete)        ID.F08549.SPATIAL_RNA_COUNTER_CS.SPATIAL_RNA_COUNTER.SPATIAL_POST_MATRIX_COMPUTATION.BIN_HD_DATA._BIN_HD_DATA._COMPUTE_BINNED_OUTPUTS.CLOUPE_PREPROCESS.fork_square_002um
2025-10-21 22:49:41 [runtime] (complete)        ID.F08549.SPATIAL_RNA_COUNTER_CS.SPATIAL_RNA_COUNTER.SPATIAL_POST_MATRIX_COMPUTATION.BIN_HD_DATA._BIN_HD_DATA._COMPUTE_BINNED_OUTPUTS.CLOUPE_PREPROCESS.fork_square_016um
2025-10-21 22:49:41 [runtime] (complete)        ID.F08549.SPATIAL_RNA_COUNTER_CS.SPATIAL_RNA_COUNTER.SPATIAL_POST_MATRIX_COMPUTATION.BIN_HD_DATA._BIN_HD_DATA._COMPUTE_BINNED_OUTPUTS.CLOUPE_PREPROCESS.fork_square_002um
2025-10-21 22:49:41 [runtime] (complete)        ID.F08549.SPATIAL_RNA_COUNTER_CS.SPATIAL_RNA_COUNTER.SPATIAL_POST_MATRIX_COMPUTATION.BIN_HD_DATA._BIN_HD_DATA._COMPUTE_BINNED_OUTPUTS.CLOUPE_PREPROCESS.fork_square_016um
2025-10-21 22:49:41 [runtime] (complete)        ID.F08549.SPATIAL_RNA_COUNTER_CS.SPATIAL_RNA_COUNTER.SPATIAL_POST_MATRIX_COMPUTATION.BIN_HD_DATA._BIN_HD_DATA._COMPUTE_BINNED_OUTPUTS.CLOUPE_PREPROCESS.fork_square_002um
2025-10-21 22:49:41 [runtime] (complete)        ID.F08549.SPATIAL_RNA_COUNTER_CS.SPATIAL_RNA_COUNTER.SPATIAL_POST_MATRIX_COMPUTATION.BIN_HD_DATA._BIN_HD_DATA._COMPUTE_BINNED_OUTPUTS.CLOUPE_PREPROCESS.fork_square_016um
2025-10-21 22:49:44 [runtime] (complete)        ID.F08549.SPATIAL_RNA_COUNTER_CS.SPATIAL_RNA_COUNTER.SPATIAL_POST_MATRIX_COMPUTATION.BIN_HD_DATA._BIN_HD_DATA._COMPUTE_BINNED_OUTPUTS.CLOUPE_PREPROCESS.fork_square_002um
2025-10-21 22:49:44 [runtime] (complete)        ID.F08549.SPATIAL_RNA_COUNTER_CS.SPATIAL_RNA_COUNTER.SPATIAL_POST_MATRIX_COMPUTATION.BIN_HD_DATA._BIN_HD_DATA._COMPUTE_BINNED_OUTPUTS.CLOUPE_PREPROCESS.fork_square_016um
2025-10-21 22:49:47 [runtime] (complete)        ID.F08549.SPATIAL_RNA_COUNTER_CS.SPATIAL_RNA_COUNTER.SPATIAL_POST_MATRIX_COMPUTATION.BIN_HD_DATA._BIN_HD_DATA._COMPUTE_BINNED_OUTPUTS.CLOUPE_PREPROCESS.fork_square_002um
2025-10-21 22:49:47 [runtime] (complete)        ID.F08549.SPATIAL_RNA_COUNTER_CS.SPATIAL_RNA_COUNTER.SPATIAL_POST_MATRIX_COMPUTATION.BIN_HD_DATA._BIN_HD_DATA._COMPUTE_BINNED_OUTPUTS.CLOUPE_PREPROCESS.fork_square_016um
2025-10-21 22:49:50 [runtime] (complete)        ID.F08549.SPATIAL_RNA_COUNTER_CS.SPATIAL_RNA_COUNTER.SPATIAL_POST_MATRIX_COMPUTATION.BIN_HD_DATA._BIN_HD_DATA._COMPUTE_BINNED_OUTPUTS.CLOUPE_PREPROCESS.fork_square_002um
2025-10-21 22:49:50 [runtime] (complete)        ID.F08549.SPATIAL_RNA_COUNTER_CS.SPATIAL_RNA_COUNTER.SPATIAL_POST_MATRIX_COMPUTATION.BIN_HD_DATA._BIN_HD_DATA._COMPUTE_BINNED_OUTPUTS.CLOUPE_PREPROCESS.fork_square_016um
2025-10-21 22:49:50 [runtime] (complete)        ID.F08549.SPATIAL_RNA_COUNTER_CS.SPATIAL_RNA_COUNTER.SPATIAL_POST_MATRIX_COMPUTATION.BIN_HD_DATA._BIN_HD_DATA._COMPUTE_BINNED_OUTPUTS.CLOUPE_PREPROCESS.fork_square_002um
2025-10-21 22:49:50 [runtime] (join_complete)   ID.F08549.SPATIAL_RNA_COUNTER_CS.SPATIAL_RNA_COUNTER.SPATIAL_POST_MATRIX_COMPUTATION.BIN_HD_DATA._BIN_HD_DATA._COMPUTE_BINNED_OUTPUTS.CLOUPE_PREPROCESS.fork_square_008um
2025-10-21 22:49:50 [runtime] (complete)        ID.F08549.SPATIAL_RNA_COUNTER_CS.SPATIAL_RNA_COUNTER.SPATIAL_POST_MATRIX_COMPUTATION.BIN_HD_DATA._BIN_HD_DATA._COMPUTE_BINNED_OUTPUTS.CLOUPE_PREPROCESS.fork_square_016um
2025-10-21 22:51:52 [runtime] (join_complete)   ID.F08549.SPATIAL_RNA_COUNTER_CS.SPATIAL_RNA_COUNTER.SPATIAL_POST_MATRIX_COMPUTATION.BIN_HD_DATA._BIN_HD_DATA.UPDATE_HD_FEATURE_SLICE_H5
2025-10-21 22:51:52 [runtime] (ready)           ID.F08549.SPATIAL_RNA_COUNTER_CS.SPATIAL_RNA_COUNTER.SPATIAL_POST_MATRIX_COMPUTATION.BIN_HD_DATA._BIN_HD_DATA.PICK_INPUTS_FOR_CELLSEG_LOUPE
2025-10-21 22:51:52 [runtime] (run:local)       ID.F08549.SPATIAL_RNA_COUNTER_CS.SPATIAL_RNA_COUNTER.SPATIAL_POST_MATRIX_COMPUTATION.BIN_HD_DATA._BIN_HD_DATA.PICK_INPUTS_FOR_CELLSEG_LOUPE.fork0.chnk0.main
2025-10-21 22:51:52 [runtime] (ready)           ID.F08549.SPATIAL_RNA_COUNTER_CS.SPATIAL_RNA_COUNTER.SPATIAL_POST_MATRIX_COMPUTATION.BIN_HD_DATA._BIN_HD_DATA.PROCESS_SEGMENTATIONS._PROCESS_SEGMENTATIONS.SEGMENT_TO_FEATURE_CELL_MATRIX.PREPROCESS_INSTANCE_MASK
2025-10-21 22:51:52 [runtime] (run:local)       ID.F08549.SPATIAL_RNA_COUNTER_CS.SPATIAL_RNA_COUNTER.SPATIAL_POST_MATRIX_COMPUTATION.BIN_HD_DATA._BIN_HD_DATA.PROCESS_SEGMENTATIONS._PROCESS_SEGMENTATIONS.SEGMENT_TO_FEATURE_CELL_MATRIX.PREPROCESS_INSTANCE_MASK.fork0.split
2025-10-21 22:51:53 [runtime] (split_complete)  ID.F08549.SPATIAL_RNA_COUNTER_CS.SPATIAL_RNA_COUNTER.SPATIAL_POST_MATRIX_COMPUTATION.BIN_HD_DATA._BIN_HD_DATA.PROCESS_SEGMENTATIONS._PROCESS_SEGMENTATIONS.SEGMENT_TO_FEATURE_CELL_MATRIX.PREPROCESS_INSTANCE_MASK
2025-10-21 22:51:53 [runtime] (run:local)       ID.F08549.SPATIAL_RNA_COUNTER_CS.SPATIAL_RNA_COUNTER.SPATIAL_POST_MATRIX_COMPUTATION.BIN_HD_DATA._BIN_HD_DATA.PROCESS_SEGMENTATIONS._PROCESS_SEGMENTATIONS.SEGMENT_TO_FEATURE_CELL_MATRIX.PREPROCESS_INSTANCE_MASK.fork0.join
2025-10-21 22:51:53 [runtime] (join_complete)   ID.F08549.SPATIAL_RNA_COUNTER_CS.SPATIAL_RNA_COUNTER.SPATIAL_POST_MATRIX_COMPUTATION.BIN_HD_DATA._BIN_HD_DATA.PROCESS_SEGMENTATIONS._PROCESS_SEGMENTATIONS.SEGMENT_TO_FEATURE_CELL_MATRIX.PREPROCESS_INSTANCE_MASK
2025-10-21 22:51:53 [runtime] (ready)           ID.F08549.SPATIAL_RNA_COUNTER_CS.SPATIAL_RNA_COUNTER.SPATIAL_POST_MATRIX_COMPUTATION.BIN_HD_DATA._BIN_HD_DATA.PROCESS_SEGMENTATIONS._PROCESS_SEGMENTATIONS.SEGMENT_TO_FEATURE_CELL_MATRIX.PREPROCESS_NUCLEUS_SEGMENTATION_GEOJSON
2025-10-21 22:51:53 [runtime] (run:local)       ID.F08549.SPATIAL_RNA_COUNTER_CS.SPATIAL_RNA_COUNTER.SPATIAL_POST_MATRIX_COMPUTATION.BIN_HD_DATA._BIN_HD_DATA.PROCESS_SEGMENTATIONS._PROCESS_SEGMENTATIONS.SEGMENT_TO_FEATURE_CELL_MATRIX.PREPROCESS_NUCLEUS_SEGMENTATION_GEOJSON.fork0.split
2025-10-21 22:51:54 [runtime] (split_complete)  ID.F08549.SPATIAL_RNA_COUNTER_CS.SPATIAL_RNA_COUNTER.SPATIAL_POST_MATRIX_COMPUTATION.BIN_HD_DATA._BIN_HD_DATA.PROCESS_SEGMENTATIONS._PROCESS_SEGMENTATIONS.SEGMENT_TO_FEATURE_CELL_MATRIX.PREPROCESS_NUCLEUS_SEGMENTATION_GEOJSON
2025-10-21 22:51:54 [runtime] (run:local)       ID.F08549.SPATIAL_RNA_COUNTER_CS.SPATIAL_RNA_COUNTER.SPATIAL_POST_MATRIX_COMPUTATION.BIN_HD_DATA._BIN_HD_DATA.PROCESS_SEGMENTATIONS._PROCESS_SEGMENTATIONS.SEGMENT_TO_FEATURE_CELL_MATRIX.PREPROCESS_NUCLEUS_SEGMENTATION_GEOJSON.fork0.chnk00.main
2025-10-21 22:51:54 [runtime] (run:local)       ID.F08549.SPATIAL_RNA_COUNTER_CS.SPATIAL_RNA_COUNTER.SPATIAL_POST_MATRIX_COMPUTATION.BIN_HD_DATA._BIN_HD_DATA.PROCESS_SEGMENTATIONS._PROCESS_SEGMENTATIONS.SEGMENT_TO_FEATURE_CELL_MATRIX.PREPROCESS_NUCLEUS_SEGMENTATION_GEOJSON.fork0.chnk01.main
2025-10-21 22:51:54 [runtime] (run:local)       ID.F08549.SPATIAL_RNA_COUNTER_CS.SPATIAL_RNA_COUNTER.SPATIAL_POST_MATRIX_COMPUTATION.BIN_HD_DATA._BIN_HD_DATA.PROCESS_SEGMENTATIONS._PROCESS_SEGMENTATIONS.SEGMENT_TO_FEATURE_CELL_MATRIX.PREPROCESS_NUCLEUS_SEGMENTATION_GEOJSON.fork0.chnk02.main
2025-10-21 22:51:54 [runtime] (run:local)       ID.F08549.SPATIAL_RNA_COUNTER_CS.SPATIAL_RNA_COUNTER.SPATIAL_POST_MATRIX_COMPUTATION.BIN_HD_DATA._BIN_HD_DATA.PROCESS_SEGMENTATIONS._PROCESS_SEGMENTATIONS.SEGMENT_TO_FEATURE_CELL_MATRIX.PREPROCESS_NUCLEUS_SEGMENTATION_GEOJSON.fork0.chnk03.main
2025-10-21 22:51:54 [runtime] (run:local)       ID.F08549.SPATIAL_RNA_COUNTER_CS.SPATIAL_RNA_COUNTER.SPATIAL_POST_MATRIX_COMPUTATION.BIN_HD_DATA._BIN_HD_DATA.PROCESS_SEGMENTATIONS._PROCESS_SEGMENTATIONS.SEGMENT_TO_FEATURE_CELL_MATRIX.PREPROCESS_NUCLEUS_SEGMENTATION_GEOJSON.fork0.chnk04.main
2025-10-21 22:51:54 [runtime] (run:local)       ID.F08549.SPATIAL_RNA_COUNTER_CS.SPATIAL_RNA_COUNTER.SPATIAL_POST_MATRIX_COMPUTATION.BIN_HD_DATA._BIN_HD_DATA.PROCESS_SEGMENTATIONS._PROCESS_SEGMENTATIONS.SEGMENT_TO_FEATURE_CELL_MATRIX.PREPROCESS_NUCLEUS_SEGMENTATION_GEOJSON.fork0.chnk05.main
2025-10-21 22:51:54 [runtime] (run:local)       ID.F08549.SPATIAL_RNA_COUNTER_CS.SPATIAL_RNA_COUNTER.SPATIAL_POST_MATRIX_COMPUTATION.BIN_HD_DATA._BIN_HD_DATA.PROCESS_SEGMENTATIONS._PROCESS_SEGMENTATIONS.SEGMENT_TO_FEATURE_CELL_MATRIX.PREPROCESS_NUCLEUS_SEGMENTATION_GEOJSON.fork0.chnk06.main
2025-10-21 22:51:54 [runtime] (run:local)       ID.F08549.SPATIAL_RNA_COUNTER_CS.SPATIAL_RNA_COUNTER.SPATIAL_POST_MATRIX_COMPUTATION.BIN_HD_DATA._BIN_HD_DATA.PROCESS_SEGMENTATIONS._PROCESS_SEGMENTATIONS.SEGMENT_TO_FEATURE_CELL_MATRIX.PREPROCESS_NUCLEUS_SEGMENTATION_GEOJSON.fork0.chnk07.main
2025-10-21 22:51:54 [runtime] (run:local)       ID.F08549.SPATIAL_RNA_COUNTER_CS.SPATIAL_RNA_COUNTER.SPATIAL_POST_MATRIX_COMPUTATION.BIN_HD_DATA._BIN_HD_DATA.PROCESS_SEGMENTATIONS._PROCESS_SEGMENTATIONS.SEGMENT_TO_FEATURE_CELL_MATRIX.PREPROCESS_NUCLEUS_SEGMENTATION_GEOJSON.fork0.chnk08.main
2025-10-21 22:51:54 [runtime] (run:local)       ID.F08549.SPATIAL_RNA_COUNTER_CS.SPATIAL_RNA_COUNTER.SPATIAL_POST_MATRIX_COMPUTATION.BIN_HD_DATA._BIN_HD_DATA.PROCESS_SEGMENTATIONS._PROCESS_SEGMENTATIONS.SEGMENT_TO_FEATURE_CELL_MATRIX.PREPROCESS_NUCLEUS_SEGMENTATION_GEOJSON.fork0.chnk09.main
2025-10-21 22:51:54 [runtime] (run:local)       ID.F08549.SPATIAL_RNA_COUNTER_CS.SPATIAL_RNA_COUNTER.SPATIAL_POST_MATRIX_COMPUTATION.BIN_HD_DATA._BIN_HD_DATA.PROCESS_SEGMENTATIONS._PROCESS_SEGMENTATIONS.SEGMENT_TO_FEATURE_CELL_MATRIX.PREPROCESS_NUCLEUS_SEGMENTATION_GEOJSON.fork0.chnk10.main
2025-10-21 22:51:54 [runtime] (run:local)       ID.F08549.SPATIAL_RNA_COUNTER_CS.SPATIAL_RNA_COUNTER.SPATIAL_POST_MATRIX_COMPUTATION.BIN_HD_DATA._BIN_HD_DATA.PROCESS_SEGMENTATIONS._PROCESS_SEGMENTATIONS.SEGMENT_TO_FEATURE_CELL_MATRIX.PREPROCESS_NUCLEUS_SEGMENTATION_GEOJSON.fork0.chnk11.main
2025-10-21 22:51:54 [runtime] (run:local)       ID.F08549.SPATIAL_RNA_COUNTER_CS.SPATIAL_RNA_COUNTER.SPATIAL_POST_MATRIX_COMPUTATION.BIN_HD_DATA._BIN_HD_DATA.PROCESS_SEGMENTATIONS._PROCESS_SEGMENTATIONS.SEGMENT_TO_FEATURE_CELL_MATRIX.PREPROCESS_NUCLEUS_SEGMENTATION_GEOJSON.fork0.chnk12.main
2025-10-21 22:51:54 [runtime] (run:local)       ID.F08549.SPATIAL_RNA_COUNTER_CS.SPATIAL_RNA_COUNTER.SPATIAL_POST_MATRIX_COMPUTATION.BIN_HD_DATA._BIN_HD_DATA.PROCESS_SEGMENTATIONS._PROCESS_SEGMENTATIONS.SEGMENT_TO_FEATURE_CELL_MATRIX.PREPROCESS_NUCLEUS_SEGMENTATION_GEOJSON.fork0.chnk13.main
2025-10-21 22:51:54 [runtime] (run:local)       ID.F08549.SPATIAL_RNA_COUNTER_CS.SPATIAL_RNA_COUNTER.SPATIAL_POST_MATRIX_COMPUTATION.BIN_HD_DATA._BIN_HD_DATA.PROCESS_SEGMENTATIONS._PROCESS_SEGMENTATIONS.SEGMENT_TO_FEATURE_CELL_MATRIX.PREPROCESS_NUCLEUS_SEGMENTATION_GEOJSON.fork0.chnk14.main
2025-10-21 22:51:54 [runtime] (run:local)       ID.F08549.SPATIAL_RNA_COUNTER_CS.SPATIAL_RNA_COUNTER.SPATIAL_POST_MATRIX_COMPUTATION.BIN_HD_DATA._BIN_HD_DATA.PROCESS_SEGMENTATIONS._PROCESS_SEGMENTATIONS.SEGMENT_TO_FEATURE_CELL_MATRIX.PREPROCESS_NUCLEUS_SEGMENTATION_GEOJSON.fork0.chnk15.main
2025-10-21 22:51:54 [runtime] (run:local)       ID.F08549.SPATIAL_RNA_COUNTER_CS.SPATIAL_RNA_COUNTER.SPATIAL_POST_MATRIX_COMPUTATION.BIN_HD_DATA._BIN_HD_DATA.PROCESS_SEGMENTATIONS._PROCESS_SEGMENTATIONS.SEGMENT_TO_FEATURE_CELL_MATRIX.PREPROCESS_NUCLEUS_SEGMENTATION_GEOJSON.fork0.chnk16.main
2025-10-21 22:51:54 [runtime] (run:local)       ID.F08549.SPATIAL_RNA_COUNTER_CS.SPATIAL_RNA_COUNTER.SPATIAL_POST_MATRIX_COMPUTATION.BIN_HD_DATA._BIN_HD_DATA.PROCESS_SEGMENTATIONS._PROCESS_SEGMENTATIONS.SEGMENT_TO_FEATURE_CELL_MATRIX.PREPROCESS_NUCLEUS_SEGMENTATION_GEOJSON.fork0.chnk17.main
2025-10-21 22:51:54 [runtime] (run:local)       ID.F08549.SPATIAL_RNA_COUNTER_CS.SPATIAL_RNA_COUNTER.SPATIAL_POST_MATRIX_COMPUTATION.BIN_HD_DATA._BIN_HD_DATA.PROCESS_SEGMENTATIONS._PROCESS_SEGMENTATIONS.SEGMENT_TO_FEATURE_CELL_MATRIX.PREPROCESS_NUCLEUS_SEGMENTATION_GEOJSON.fork0.chnk18.main
2025-10-21 22:51:54 [runtime] (run:local)       ID.F08549.SPATIAL_RNA_COUNTER_CS.SPATIAL_RNA_COUNTER.SPATIAL_POST_MATRIX_COMPUTATION.BIN_HD_DATA._BIN_HD_DATA.PROCESS_SEGMENTATIONS._PROCESS_SEGMENTATIONS.SEGMENT_TO_FEATURE_CELL_MATRIX.PREPROCESS_NUCLEUS_SEGMENTATION_GEOJSON.fork0.chnk19.main
2025-10-21 22:51:54 [runtime] (run:local)       ID.F08549.SPATIAL_RNA_COUNTER_CS.SPATIAL_RNA_COUNTER.SPATIAL_POST_MATRIX_COMPUTATION.BIN_HD_DATA._BIN_HD_DATA.PROCESS_SEGMENTATIONS._PROCESS_SEGMENTATIONS.SEGMENT_TO_FEATURE_CELL_MATRIX.PREPROCESS_NUCLEUS_SEGMENTATION_GEOJSON.fork0.chnk20.main
2025-10-21 22:51:54 [runtime] (run:local)       ID.F08549.SPATIAL_RNA_COUNTER_CS.SPATIAL_RNA_COUNTER.SPATIAL_POST_MATRIX_COMPUTATION.BIN_HD_DATA._BIN_HD_DATA.PROCESS_SEGMENTATIONS._PROCESS_SEGMENTATIONS.SEGMENT_TO_FEATURE_CELL_MATRIX.PREPROCESS_NUCLEUS_SEGMENTATION_GEOJSON.fork0.chnk21.main
2025-10-21 22:51:54 [runtime] (run:local)       ID.F08549.SPATIAL_RNA_COUNTER_CS.SPATIAL_RNA_COUNTER.SPATIAL_POST_MATRIX_COMPUTATION.BIN_HD_DATA._BIN_HD_DATA.PROCESS_SEGMENTATIONS._PROCESS_SEGMENTATIONS.SEGMENT_TO_FEATURE_CELL_MATRIX.PREPROCESS_NUCLEUS_SEGMENTATION_GEOJSON.fork0.chnk22.main
2025-10-21 22:51:55 [runtime] (run:local)       ID.F08549.SPATIAL_RNA_COUNTER_CS.SPATIAL_RNA_COUNTER.SPATIAL_POST_MATRIX_COMPUTATION.BIN_HD_DATA._BIN_HD_DATA.PROCESS_SEGMENTATIONS._PROCESS_SEGMENTATIONS.SEGMENT_TO_FEATURE_CELL_MATRIX.PREPROCESS_NUCLEUS_SEGMENTATION_GEOJSON.fork0.chnk23.main
2025-10-21 22:51:55 [runtime] (run:local)       ID.F08549.SPATIAL_RNA_COUNTER_CS.SPATIAL_RNA_COUNTER.SPATIAL_POST_MATRIX_COMPUTATION.BIN_HD_DATA._BIN_HD_DATA.PROCESS_SEGMENTATIONS._PROCESS_SEGMENTATIONS.SEGMENT_TO_FEATURE_CELL_MATRIX.PREPROCESS_NUCLEUS_SEGMENTATION_GEOJSON.fork0.chnk24.main
2025-10-21 22:51:55 [runtime] (run:local)       ID.F08549.SPATIAL_RNA_COUNTER_CS.SPATIAL_RNA_COUNTER.SPATIAL_POST_MATRIX_COMPUTATION.BIN_HD_DATA._BIN_HD_DATA.PROCESS_SEGMENTATIONS._PROCESS_SEGMENTATIONS.SEGMENT_TO_FEATURE_CELL_MATRIX.PREPROCESS_NUCLEUS_SEGMENTATION_GEOJSON.fork0.chnk25.main
2025-10-21 22:51:55 [runtime] (run:local)       ID.F08549.SPATIAL_RNA_COUNTER_CS.SPATIAL_RNA_COUNTER.SPATIAL_POST_MATRIX_COMPUTATION.BIN_HD_DATA._BIN_HD_DATA.PROCESS_SEGMENTATIONS._PROCESS_SEGMENTATIONS.SEGMENT_TO_FEATURE_CELL_MATRIX.PREPROCESS_NUCLEUS_SEGMENTATION_GEOJSON.fork0.chnk26.main
2025-10-21 22:51:55 [runtime] (run:local)       ID.F08549.SPATIAL_RNA_COUNTER_CS.SPATIAL_RNA_COUNTER.SPATIAL_POST_MATRIX_COMPUTATION.BIN_HD_DATA._BIN_HD_DATA.PROCESS_SEGMENTATIONS._PROCESS_SEGMENTATIONS.SEGMENT_TO_FEATURE_CELL_MATRIX.PREPROCESS_NUCLEUS_SEGMENTATION_GEOJSON.fork0.chnk27.main
2025-10-21 22:51:55 [runtime] (run:local)       ID.F08549.SPATIAL_RNA_COUNTER_CS.SPATIAL_RNA_COUNTER.SPATIAL_POST_MATRIX_COMPUTATION.BIN_HD_DATA._BIN_HD_DATA.PROCESS_SEGMENTATIONS._PROCESS_SEGMENTATIONS.SEGMENT_TO_FEATURE_CELL_MATRIX.PREPROCESS_NUCLEUS_SEGMENTATION_GEOJSON.fork0.chnk28.main
2025-10-21 22:51:55 [runtime] (run:local)       ID.F08549.SPATIAL_RNA_COUNTER_CS.SPATIAL_RNA_COUNTER.SPATIAL_POST_MATRIX_COMPUTATION.BIN_HD_DATA._BIN_HD_DATA.PROCESS_SEGMENTATIONS._PROCESS_SEGMENTATIONS.SEGMENT_TO_FEATURE_CELL_MATRIX.PREPROCESS_NUCLEUS_SEGMENTATION_GEOJSON.fork0.chnk29.main
2025-10-21 22:51:55 [runtime] (run:local)       ID.F08549.SPATIAL_RNA_COUNTER_CS.SPATIAL_RNA_COUNTER.SPATIAL_POST_MATRIX_COMPUTATION.BIN_HD_DATA._BIN_HD_DATA.PROCESS_SEGMENTATIONS._PROCESS_SEGMENTATIONS.SEGMENT_TO_FEATURE_CELL_MATRIX.PREPROCESS_NUCLEUS_SEGMENTATION_GEOJSON.fork0.chnk30.main
2025-10-21 22:51:55 [runtime] (run:local)       ID.F08549.SPATIAL_RNA_COUNTER_CS.SPATIAL_RNA_COUNTER.SPATIAL_POST_MATRIX_COMPUTATION.BIN_HD_DATA._BIN_HD_DATA.PROCESS_SEGMENTATIONS._PROCESS_SEGMENTATIONS.SEGMENT_TO_FEATURE_CELL_MATRIX.PREPROCESS_NUCLEUS_SEGMENTATION_GEOJSON.fork0.chnk31.main
2025-10-21 22:51:55 [runtime] (run:local)       ID.F08549.SPATIAL_RNA_COUNTER_CS.SPATIAL_RNA_COUNTER.SPATIAL_POST_MATRIX_COMPUTATION.BIN_HD_DATA._BIN_HD_DATA.PROCESS_SEGMENTATIONS._PROCESS_SEGMENTATIONS.SEGMENT_TO_FEATURE_CELL_MATRIX.PREPROCESS_NUCLEUS_SEGMENTATION_GEOJSON.fork0.chnk32.main
2025-10-21 22:51:55 [runtime] (run:local)       ID.F08549.SPATIAL_RNA_COUNTER_CS.SPATIAL_RNA_COUNTER.SPATIAL_POST_MATRIX_COMPUTATION.BIN_HD_DATA._BIN_HD_DATA.PROCESS_SEGMENTATIONS._PROCESS_SEGMENTATIONS.SEGMENT_TO_FEATURE_CELL_MATRIX.PREPROCESS_NUCLEUS_SEGMENTATION_GEOJSON.fork0.chnk33.main
2025-10-21 22:51:57 [runtime] (chunks_complete) ID.F08549.SPATIAL_RNA_COUNTER_CS.SPATIAL_RNA_COUNTER.SPATIAL_POST_MATRIX_COMPUTATION.BIN_HD_DATA._BIN_HD_DATA.PICK_INPUTS_FOR_CELLSEG_LOUPE
2025-10-21 22:53:29 [runtime] (chunks_complete) ID.F08549.SPATIAL_RNA_COUNTER_CS.SPATIAL_RNA_COUNTER.SPATIAL_POST_MATRIX_COMPUTATION.BIN_HD_DATA._BIN_HD_DATA.PROCESS_SEGMENTATIONS._PROCESS_SEGMENTATIONS.SEGMENT_TO_FEATURE_CELL_MATRIX.PREPROCESS_NUCLEUS_SEGMENTATION_GEOJSON
2025-10-21 22:53:29 [runtime] (run:local)       ID.F08549.SPATIAL_RNA_COUNTER_CS.SPATIAL_RNA_COUNTER.SPATIAL_POST_MATRIX_COMPUTATION.BIN_HD_DATA._BIN_HD_DATA.PROCESS_SEGMENTATIONS._PROCESS_SEGMENTATIONS.SEGMENT_TO_FEATURE_CELL_MATRIX.PREPROCESS_NUCLEUS_SEGMENTATION_GEOJSON.fork0.join
2025-10-21 22:53:36 [runtime] (join_complete)   ID.F08549.SPATIAL_RNA_COUNTER_CS.SPATIAL_RNA_COUNTER.SPATIAL_POST_MATRIX_COMPUTATION.BIN_HD_DATA._BIN_HD_DATA.PROCESS_SEGMENTATIONS._PROCESS_SEGMENTATIONS.SEGMENT_TO_FEATURE_CELL_MATRIX.PREPROCESS_NUCLEUS_SEGMENTATION_GEOJSON
2025-10-21 22:53:36 [runtime] (ready)           ID.F08549.SPATIAL_RNA_COUNTER_CS.SPATIAL_RNA_COUNTER.SPATIAL_POST_MATRIX_COMPUTATION.BIN_HD_DATA._BIN_HD_DATA.PROCESS_SEGMENTATIONS._PROCESS_SEGMENTATIONS.SEGMENT_TO_FEATURE_CELL_MATRIX.CLEAN_SPOT_MASK
2025-10-21 22:53:36 [runtime] (run:local)       ID.F08549.SPATIAL_RNA_COUNTER_CS.SPATIAL_RNA_COUNTER.SPATIAL_POST_MATRIX_COMPUTATION.BIN_HD_DATA._BIN_HD_DATA.PROCESS_SEGMENTATIONS._PROCESS_SEGMENTATIONS.SEGMENT_TO_FEATURE_CELL_MATRIX.CLEAN_SPOT_MASK.fork0.chnk0.main
2025-10-21 22:53:43 [runtime] (chunks_complete) ID.F08549.SPATIAL_RNA_COUNTER_CS.SPATIAL_RNA_COUNTER.SPATIAL_POST_MATRIX_COMPUTATION.BIN_HD_DATA._BIN_HD_DATA.PROCESS_SEGMENTATIONS._PROCESS_SEGMENTATIONS.SEGMENT_TO_FEATURE_CELL_MATRIX.CLEAN_SPOT_MASK
2025-10-21 22:53:43 [runtime] (ready)           ID.F08549.SPATIAL_RNA_COUNTER_CS.SPATIAL_RNA_COUNTER.SPATIAL_POST_MATRIX_COMPUTATION.BIN_HD_DATA._BIN_HD_DATA.PROCESS_SEGMENTATIONS._PROCESS_SEGMENTATIONS.SEGMENT_TO_FEATURE_CELL_MATRIX.ASSIGN_NUCLEI
2025-10-21 22:53:44 [runtime] (run:local)       ID.F08549.SPATIAL_RNA_COUNTER_CS.SPATIAL_RNA_COUNTER.SPATIAL_POST_MATRIX_COMPUTATION.BIN_HD_DATA._BIN_HD_DATA.PROCESS_SEGMENTATIONS._PROCESS_SEGMENTATIONS.SEGMENT_TO_FEATURE_CELL_MATRIX.ASSIGN_NUCLEI.fork0.chnk0.main
2025-10-21 22:53:44 [runtime] (ready)           ID.F08549.SPATIAL_RNA_COUNTER_CS.SPATIAL_RNA_COUNTER.SPATIAL_POST_MATRIX_COMPUTATION.BIN_HD_DATA._BIN_HD_DATA.PROCESS_SEGMENTATIONS._PROCESS_SEGMENTATIONS.SEGMENT_TO_FEATURE_CELL_MATRIX.DERASTERISE_NUCLEUS_MASK
2025-10-21 22:53:44 [runtime] (run:local)       ID.F08549.SPATIAL_RNA_COUNTER_CS.SPATIAL_RNA_COUNTER.SPATIAL_POST_MATRIX_COMPUTATION.BIN_HD_DATA._BIN_HD_DATA.PROCESS_SEGMENTATIONS._PROCESS_SEGMENTATIONS.SEGMENT_TO_FEATURE_CELL_MATRIX.DERASTERISE_NUCLEUS_MASK.fork0.split
2025-10-21 22:53:48 [runtime] (split_complete)  ID.F08549.SPATIAL_RNA_COUNTER_CS.SPATIAL_RNA_COUNTER.SPATIAL_POST_MATRIX_COMPUTATION.BIN_HD_DATA._BIN_HD_DATA.PROCESS_SEGMENTATIONS._PROCESS_SEGMENTATIONS.SEGMENT_TO_FEATURE_CELL_MATRIX.DERASTERISE_NUCLEUS_MASK
2025-10-21 22:53:48 [runtime] (run:local)       ID.F08549.SPATIAL_RNA_COUNTER_CS.SPATIAL_RNA_COUNTER.SPATIAL_POST_MATRIX_COMPUTATION.BIN_HD_DATA._BIN_HD_DATA.PROCESS_SEGMENTATIONS._PROCESS_SEGMENTATIONS.SEGMENT_TO_FEATURE_CELL_MATRIX.DERASTERISE_NUCLEUS_MASK.fork0.chnk0.main
2025-10-21 22:53:48 [runtime] (run:local)       ID.F08549.SPATIAL_RNA_COUNTER_CS.SPATIAL_RNA_COUNTER.SPATIAL_POST_MATRIX_COMPUTATION.BIN_HD_DATA._BIN_HD_DATA.PROCESS_SEGMENTATIONS._PROCESS_SEGMENTATIONS.SEGMENT_TO_FEATURE_CELL_MATRIX.DERASTERISE_NUCLEUS_MASK.fork0.chnk1.main
2025-10-21 22:53:48 [runtime] (run:local)       ID.F08549.SPATIAL_RNA_COUNTER_CS.SPATIAL_RNA_COUNTER.SPATIAL_POST_MATRIX_COMPUTATION.BIN_HD_DATA._BIN_HD_DATA.PROCESS_SEGMENTATIONS._PROCESS_SEGMENTATIONS.SEGMENT_TO_FEATURE_CELL_MATRIX.DERASTERISE_NUCLEUS_MASK.fork0.chnk2.main
2025-10-21 22:53:48 [runtime] (run:local)       ID.F08549.SPATIAL_RNA_COUNTER_CS.SPATIAL_RNA_COUNTER.SPATIAL_POST_MATRIX_COMPUTATION.BIN_HD_DATA._BIN_HD_DATA.PROCESS_SEGMENTATIONS._PROCESS_SEGMENTATIONS.SEGMENT_TO_FEATURE_CELL_MATRIX.DERASTERISE_NUCLEUS_MASK.fork0.chnk3.main
2025-10-21 22:53:48 [runtime] (run:local)       ID.F08549.SPATIAL_RNA_COUNTER_CS.SPATIAL_RNA_COUNTER.SPATIAL_POST_MATRIX_COMPUTATION.BIN_HD_DATA._BIN_HD_DATA.PROCESS_SEGMENTATIONS._PROCESS_SEGMENTATIONS.SEGMENT_TO_FEATURE_CELL_MATRIX.DERASTERISE_NUCLEUS_MASK.fork0.chnk4.main
2025-10-21 22:53:52 [runtime] (chunks_complete) ID.F08549.SPATIAL_RNA_COUNTER_CS.SPATIAL_RNA_COUNTER.SPATIAL_POST_MATRIX_COMPUTATION.BIN_HD_DATA._BIN_HD_DATA.PROCESS_SEGMENTATIONS._PROCESS_SEGMENTATIONS.SEGMENT_TO_FEATURE_CELL_MATRIX.ASSIGN_NUCLEI
2025-10-21 22:53:52 [runtime] (ready)           ID.F08549.SPATIAL_RNA_COUNTER_CS.SPATIAL_RNA_COUNTER.SPATIAL_POST_MATRIX_COMPUTATION.BIN_HD_DATA._BIN_HD_DATA.PROCESS_SEGMENTATIONS._PROCESS_SEGMENTATIONS.SEGMENT_TO_FEATURE_CELL_MATRIX.SEGMENT_COUNT_SHARDS.BIN_SPOTS_TO_CELLS
2025-10-21 22:53:52 [runtime] (run:local)       ID.F08549.SPATIAL_RNA_COUNTER_CS.SPATIAL_RNA_COUNTER.SPATIAL_POST_MATRIX_COMPUTATION.BIN_HD_DATA._BIN_HD_DATA.PROCESS_SEGMENTATIONS._PROCESS_SEGMENTATIONS.SEGMENT_TO_FEATURE_CELL_MATRIX.SEGMENT_COUNT_SHARDS.BIN_SPOTS_TO_CELLS.fork0.chnk0.main
2025-10-21 22:53:52 [runtime] (ready)           ID.F08549.SPATIAL_RNA_COUNTER_CS.SPATIAL_RNA_COUNTER.SPATIAL_POST_MATRIX_COMPUTATION.BIN_HD_DATA._BIN_HD_DATA.PROCESS_SEGMENTATIONS._PROCESS_SEGMENTATIONS.SEGMENT_TO_FEATURE_CELL_MATRIX.DERASTERISE_MASK
2025-10-21 22:53:52 [runtime] (run:local)       ID.F08549.SPATIAL_RNA_COUNTER_CS.SPATIAL_RNA_COUNTER.SPATIAL_POST_MATRIX_COMPUTATION.BIN_HD_DATA._BIN_HD_DATA.PROCESS_SEGMENTATIONS._PROCESS_SEGMENTATIONS.SEGMENT_TO_FEATURE_CELL_MATRIX.DERASTERISE_MASK.fork0.split
2025-10-21 22:53:54 [runtime] (split_complete)  ID.F08549.SPATIAL_RNA_COUNTER_CS.SPATIAL_RNA_COUNTER.SPATIAL_POST_MATRIX_COMPUTATION.BIN_HD_DATA._BIN_HD_DATA.PROCESS_SEGMENTATIONS._PROCESS_SEGMENTATIONS.SEGMENT_TO_FEATURE_CELL_MATRIX.DERASTERISE_MASK
2025-10-21 22:53:54 [runtime] (run:local)       ID.F08549.SPATIAL_RNA_COUNTER_CS.SPATIAL_RNA_COUNTER.SPATIAL_POST_MATRIX_COMPUTATION.BIN_HD_DATA._BIN_HD_DATA.PROCESS_SEGMENTATIONS._PROCESS_SEGMENTATIONS.SEGMENT_TO_FEATURE_CELL_MATRIX.DERASTERISE_MASK.fork0.chnk0.main
2025-10-21 22:53:54 [runtime] (run:local)       ID.F08549.SPATIAL_RNA_COUNTER_CS.SPATIAL_RNA_COUNTER.SPATIAL_POST_MATRIX_COMPUTATION.BIN_HD_DATA._BIN_HD_DATA.PROCESS_SEGMENTATIONS._PROCESS_SEGMENTATIONS.SEGMENT_TO_FEATURE_CELL_MATRIX.DERASTERISE_MASK.fork0.chnk1.main
2025-10-21 22:53:54 [runtime] (run:local)       ID.F08549.SPATIAL_RNA_COUNTER_CS.SPATIAL_RNA_COUNTER.SPATIAL_POST_MATRIX_COMPUTATION.BIN_HD_DATA._BIN_HD_DATA.PROCESS_SEGMENTATIONS._PROCESS_SEGMENTATIONS.SEGMENT_TO_FEATURE_CELL_MATRIX.DERASTERISE_MASK.fork0.chnk2.main
2025-10-21 22:53:54 [runtime] (run:local)       ID.F08549.SPATIAL_RNA_COUNTER_CS.SPATIAL_RNA_COUNTER.SPATIAL_POST_MATRIX_COMPUTATION.BIN_HD_DATA._BIN_HD_DATA.PROCESS_SEGMENTATIONS._PROCESS_SEGMENTATIONS.SEGMENT_TO_FEATURE_CELL_MATRIX.DERASTERISE_MASK.fork0.chnk3.main
2025-10-21 22:53:55 [runtime] (run:local)       ID.F08549.SPATIAL_RNA_COUNTER_CS.SPATIAL_RNA_COUNTER.SPATIAL_POST_MATRIX_COMPUTATION.BIN_HD_DATA._BIN_HD_DATA.PROCESS_SEGMENTATIONS._PROCESS_SEGMENTATIONS.SEGMENT_TO_FEATURE_CELL_MATRIX.DERASTERISE_MASK.fork0.chnk4.main
2025-10-21 22:53:58 [runtime] (chunks_complete) ID.F08549.SPATIAL_RNA_COUNTER_CS.SPATIAL_RNA_COUNTER.SPATIAL_POST_MATRIX_COMPUTATION.BIN_HD_DATA._BIN_HD_DATA.PROCESS_SEGMENTATIONS._PROCESS_SEGMENTATIONS.SEGMENT_TO_FEATURE_CELL_MATRIX.SEGMENT_COUNT_SHARDS.BIN_SPOTS_TO_CELLS
2025-10-21 22:53:59 [runtime] (ready)           ID.F08549.SPATIAL_RNA_COUNTER_CS.SPATIAL_RNA_COUNTER.SPATIAL_POST_MATRIX_COMPUTATION.BIN_HD_DATA._BIN_HD_DATA.PROCESS_SEGMENTATIONS._PROCESS_SEGMENTATIONS.CONSOLIDATE_DISABLE_CELL_SEGMENTATION
2025-10-21 22:53:59 [runtime] (run:local)       ID.F08549.SPATIAL_RNA_COUNTER_CS.SPATIAL_RNA_COUNTER.SPATIAL_POST_MATRIX_COMPUTATION.BIN_HD_DATA._BIN_HD_DATA.PROCESS_SEGMENTATIONS._PROCESS_SEGMENTATIONS.CONSOLIDATE_DISABLE_CELL_SEGMENTATION.fork0.chnk0.main
2025-10-21 22:53:59 [runtime] (ready)           ID.F08549.SPATIAL_RNA_COUNTER_CS.SPATIAL_RNA_COUNTER.SPATIAL_POST_MATRIX_COMPUTATION.BIN_HD_DATA._BIN_HD_DATA.PROCESS_SEGMENTATIONS._PROCESS_SEGMENTATIONS.SEGMENT_TO_FEATURE_CELL_MATRIX.SEGMENT_COUNT_SHARDS.WRITE_BINNED_H5_MATRIX
2025-10-21 22:53:59 [runtime] (run:local)       ID.F08549.SPATIAL_RNA_COUNTER_CS.SPATIAL_RNA_COUNTER.SPATIAL_POST_MATRIX_COMPUTATION.BIN_HD_DATA._BIN_HD_DATA.PROCESS_SEGMENTATIONS._PROCESS_SEGMENTATIONS.SEGMENT_TO_FEATURE_CELL_MATRIX.SEGMENT_COUNT_SHARDS.WRITE_BINNED_H5_MATRIX.fork0.chnk0.main
2025-10-21 22:53:59 [runtime] (ready)           ID.F08549.SPATIAL_RNA_COUNTER_CS.SPATIAL_RNA_COUNTER.SPATIAL_POST_MATRIX_COMPUTATION.BIN_HD_DATA._BIN_HD_DATA.PROCESS_SEGMENTATIONS.ADD_SEGMENTATION_MASKS_TO_FEATURE_SLICE
2025-10-21 22:53:59 [runtime] (run:local)       ID.F08549.SPATIAL_RNA_COUNTER_CS.SPATIAL_RNA_COUNTER.SPATIAL_POST_MATRIX_COMPUTATION.BIN_HD_DATA._BIN_HD_DATA.PROCESS_SEGMENTATIONS.ADD_SEGMENTATION_MASKS_TO_FEATURE_SLICE.fork0.chnk0.main
2025-10-21 22:53:59 [runtime] (ready)           ID.F08549.SPATIAL_RNA_COUNTER_CS.SPATIAL_RNA_COUNTER.SPATIAL_POST_MATRIX_COMPUTATION.BIN_HD_DATA._BIN_HD_DATA.PROCESS_SEGMENTATIONS.SETUP_WRITING_SPATIAL_DIRECTORY
2025-10-21 22:53:59 [runtime] (run:local)       ID.F08549.SPATIAL_RNA_COUNTER_CS.SPATIAL_RNA_COUNTER.SPATIAL_POST_MATRIX_COMPUTATION.BIN_HD_DATA._BIN_HD_DATA.PROCESS_SEGMENTATIONS.SETUP_WRITING_SPATIAL_DIRECTORY.fork0.chnk0.main
2025-10-21 22:58:56 [runtime] (update)          ID.F08549.SPATIAL_RNA_COUNTER_CS.SPATIAL_RNA_COUNTER.SPATIAL_POST_MATRIX_COMPUTATION.BIN_HD_DATA._BIN_HD_DATA.PROCESS_SEGMENTATIONS._PROCESS_SEGMENTATIONS.SEGMENT_TO_FEATURE_CELL_MATRIX.DERASTERISE_MASK.fork0 chunks running (0/5 completed)
2025-10-21 22:59:50 [runtime] (update)          ID.F08549.SPATIAL_RNA_COUNTER_CS.SPATIAL_RNA_COUNTER.SPATIAL_POST_MATRIX_COMPUTATION.BIN_HD_DATA._BIN_HD_DATA.PROCESS_SEGMENTATIONS._PROCESS_SEGMENTATIONS.SEGMENT_TO_FEATURE_CELL_MATRIX.DERASTERISE_NUCLEUS_MASK.fork0 chunks running (1/5 completed)
2025-10-21 23:00:41 [runtime] (chunks_complete) ID.F08549.SPATIAL_RNA_COUNTER_CS.SPATIAL_RNA_COUNTER.SPATIAL_POST_MATRIX_COMPUTATION.BIN_HD_DATA._BIN_HD_DATA.PROCESS_SEGMENTATIONS._PROCESS_SEGMENTATIONS.CONSOLIDATE_DISABLE_CELL_SEGMENTATION
2025-10-21 23:00:41 [runtime] (ready)           ID.F08549.SPATIAL_RNA_COUNTER_CS.SPATIAL_RNA_COUNTER.SPATIAL_POST_MATRIX_COMPUTATION.BIN_HD_DATA.CONSOLIDATE_DISABLE_CELL_SEGMENTATION
2025-10-21 23:00:41 [runtime] (run:local)       ID.F08549.SPATIAL_RNA_COUNTER_CS.SPATIAL_RNA_COUNTER.SPATIAL_POST_MATRIX_COMPUTATION.BIN_HD_DATA.CONSOLIDATE_DISABLE_CELL_SEGMENTATION.fork0.chnk0.main
2025-10-21 23:00:43 [runtime] (update)          ID.F08549.SPATIAL_RNA_COUNTER_CS.SPATIAL_RNA_COUNTER.SPATIAL_POST_MATRIX_COMPUTATION.BIN_HD_DATA._BIN_HD_DATA.PROCESS_SEGMENTATIONS._PROCESS_SEGMENTATIONS.SEGMENT_TO_FEATURE_CELL_MATRIX.SEGMENT_COUNT_SHARDS.WRITE_BINNED_H5_MATRIX.fork0 chunks_running
2025-10-21 23:00:44 [runtime] (update)          ID.F08549.SPATIAL_RNA_COUNTER_CS.SPATIAL_RNA_COUNTER.SPATIAL_POST_MATRIX_COMPUTATION.BIN_HD_DATA._BIN_HD_DATA.PROCESS_SEGMENTATIONS.ADD_SEGMENTATION_MASKS_TO_FEATURE_SLICE.fork0 chunks_running
2025-10-21 23:00:44 [runtime] (chunks_complete) ID.F08549.SPATIAL_RNA_COUNTER_CS.SPATIAL_RNA_COUNTER.SPATIAL_POST_MATRIX_COMPUTATION.BIN_HD_DATA._BIN_HD_DATA.PROCESS_SEGMENTATIONS._PROCESS_SEGMENTATIONS.SEGMENT_TO_FEATURE_CELL_MATRIX.SEGMENT_COUNT_SHARDS.WRITE_BINNED_H5_MATRIX
2025-10-21 23:00:44 [runtime] (update)          ID.F08549.SPATIAL_RNA_COUNTER_CS.SPATIAL_RNA_COUNTER.SPATIAL_POST_MATRIX_COMPUTATION.BIN_HD_DATA._BIN_HD_DATA.PROCESS_SEGMENTATIONS.SETUP_WRITING_SPATIAL_DIRECTORY.fork0 chunks_running
2025-10-21 23:00:44 [runtime] (chunks_complete) ID.F08549.SPATIAL_RNA_COUNTER_CS.SPATIAL_RNA_COUNTER.SPATIAL_POST_MATRIX_COMPUTATION.BIN_HD_DATA._BIN_HD_DATA.PROCESS_SEGMENTATIONS._PROCESS_SEGMENTATIONS.SEGMENT_TO_FEATURE_CELL_MATRIX.DERASTERISE_NUCLEUS_MASK
2025-10-21 23:00:44 [runtime] (run:local)       ID.F08549.SPATIAL_RNA_COUNTER_CS.SPATIAL_RNA_COUNTER.SPATIAL_POST_MATRIX_COMPUTATION.BIN_HD_DATA._BIN_HD_DATA.PROCESS_SEGMENTATIONS._PROCESS_SEGMENTATIONS.SEGMENT_TO_FEATURE_CELL_MATRIX.DERASTERISE_NUCLEUS_MASK.fork0.join
2025-10-21 23:00:44 [runtime] (chunks_complete) ID.F08549.SPATIAL_RNA_COUNTER_CS.SPATIAL_RNA_COUNTER.SPATIAL_POST_MATRIX_COMPUTATION.BIN_HD_DATA.CONSOLIDATE_DISABLE_CELL_SEGMENTATION
2025-10-21 23:00:44 [runtime] (ready)           ID.F08549.SPATIAL_RNA_COUNTER_CS.SPATIAL_RNA_COUNTER.SPATIAL_POST_MATRIX_COMPUTATION.BIN_HD_DATA._BIN_HD_DATA.PROCESS_SEGMENTATIONS._PROCESS_SEGMENTATIONS.SEGMENT_TO_FEATURE_CELL_MATRIX.SEGMENT_COUNT_SHARDS.WRITE_BINNED_MATRICES
2025-10-21 23:00:44 [runtime] (run:local)       ID.F08549.SPATIAL_RNA_COUNTER_CS.SPATIAL_RNA_COUNTER.SPATIAL_POST_MATRIX_COMPUTATION.BIN_HD_DATA._BIN_HD_DATA.PROCESS_SEGMENTATIONS._PROCESS_SEGMENTATIONS.SEGMENT_TO_FEATURE_CELL_MATRIX.SEGMENT_COUNT_SHARDS.WRITE_BINNED_MATRICES.fork0.split
2025-10-21 23:00:44 [runtime] (chunks_complete) ID.F08549.SPATIAL_RNA_COUNTER_CS.SPATIAL_RNA_COUNTER.SPATIAL_POST_MATRIX_COMPUTATION.BIN_HD_DATA._BIN_HD_DATA.PROCESS_SEGMENTATIONS.SETUP_WRITING_SPATIAL_DIRECTORY
2025-10-21 23:00:50 [runtime] (split_complete)  ID.F08549.SPATIAL_RNA_COUNTER_CS.SPATIAL_RNA_COUNTER.SPATIAL_POST_MATRIX_COMPUTATION.BIN_HD_DATA._BIN_HD_DATA.PROCESS_SEGMENTATIONS._PROCESS_SEGMENTATIONS.SEGMENT_TO_FEATURE_CELL_MATRIX.SEGMENT_COUNT_SHARDS.WRITE_BINNED_MATRICES
2025-10-21 23:00:50 [runtime] (run:local)       ID.F08549.SPATIAL_RNA_COUNTER_CS.SPATIAL_RNA_COUNTER.SPATIAL_POST_MATRIX_COMPUTATION.BIN_HD_DATA._BIN_HD_DATA.PROCESS_SEGMENTATIONS._PROCESS_SEGMENTATIONS.SEGMENT_TO_FEATURE_CELL_MATRIX.SEGMENT_COUNT_SHARDS.WRITE_BINNED_MATRICES.fork0.join
2025-10-21 23:00:59 [runtime] (join_complete)   ID.F08549.SPATIAL_RNA_COUNTER_CS.SPATIAL_RNA_COUNTER.SPATIAL_POST_MATRIX_COMPUTATION.BIN_HD_DATA._BIN_HD_DATA.PROCESS_SEGMENTATIONS._PROCESS_SEGMENTATIONS.SEGMENT_TO_FEATURE_CELL_MATRIX.DERASTERISE_NUCLEUS_MASK
2025-10-21 23:01:01 [runtime] (chunks_complete) ID.F08549.SPATIAL_RNA_COUNTER_CS.SPATIAL_RNA_COUNTER.SPATIAL_POST_MATRIX_COMPUTATION.BIN_HD_DATA._BIN_HD_DATA.PROCESS_SEGMENTATIONS.ADD_SEGMENTATION_MASKS_TO_FEATURE_SLICE
2025-10-21 23:01:02 [runtime] (ready)           ID.F08549.SPATIAL_RNA_COUNTER_CS.SPATIAL_RNA_COUNTER.SPATIAL_POST_MATRIX_COMPUTATION.HD_WEBSUMMARY_BUILDER.BUILD_HD_CLUSTERING_PLOT
2025-10-21 23:01:02 [runtime] (run:local)       ID.F08549.SPATIAL_RNA_COUNTER_CS.SPATIAL_RNA_COUNTER.SPATIAL_POST_MATRIX_COMPUTATION.HD_WEBSUMMARY_BUILDER.BUILD_HD_CLUSTERING_PLOT.fork0.chnk0.main
2025-10-21 23:01:02 [runtime] (ready)           ID.F08549.SPATIAL_RNA_COUNTER_CS.SPATIAL_RNA_COUNTER.SPATIAL_POST_MATRIX_COMPUTATION.BIN_HD_DATA._BIN_HD_DATA.OUTPUT_BARCODE_MAPPINGS
2025-10-21 23:01:02 [runtime] (run:local)       ID.F08549.SPATIAL_RNA_COUNTER_CS.SPATIAL_RNA_COUNTER.SPATIAL_POST_MATRIX_COMPUTATION.BIN_HD_DATA._BIN_HD_DATA.OUTPUT_BARCODE_MAPPINGS.fork0.chnk0.main
2025-10-21 23:01:02 [runtime] (join_complete)   ID.F08549.SPATIAL_RNA_COUNTER_CS.SPATIAL_RNA_COUNTER.SPATIAL_POST_MATRIX_COMPUTATION.BIN_HD_DATA._BIN_HD_DATA.PROCESS_SEGMENTATIONS._PROCESS_SEGMENTATIONS.SEGMENT_TO_FEATURE_CELL_MATRIX.SEGMENT_COUNT_SHARDS.WRITE_BINNED_MATRICES
2025-10-21 23:01:02 [runtime] (ready)           ID.F08549.SPATIAL_RNA_COUNTER_CS.SPATIAL_RNA_COUNTER.SPATIAL_POST_MATRIX_COMPUTATION.HD_WEBSUMMARY_BUILDER.BUILD_HD_END_TO_END_ALIGNMENT_INPUTS
2025-10-21 23:01:02 [runtime] (run:local)       ID.F08549.SPATIAL_RNA_COUNTER_CS.SPATIAL_RNA_COUNTER.SPATIAL_POST_MATRIX_COMPUTATION.HD_WEBSUMMARY_BUILDER.BUILD_HD_END_TO_END_ALIGNMENT_INPUTS.fork0.chnk0.main
2025-10-21 23:01:02 [runtime] (ready)           ID.F08549.SPATIAL_RNA_COUNTER_CS.SPATIAL_RNA_COUNTER.SPATIAL_POST_MATRIX_COMPUTATION.BIN_HD_DATA._BIN_HD_DATA.PROCESS_SEGMENTATIONS.GENERATE_LOUPE_SEGMENTATION_PRIMITIVES
2025-10-21 23:01:02 [runtime] (run:local)       ID.F08549.SPATIAL_RNA_COUNTER_CS.SPATIAL_RNA_COUNTER.SPATIAL_POST_MATRIX_COMPUTATION.BIN_HD_DATA._BIN_HD_DATA.PROCESS_SEGMENTATIONS.GENERATE_LOUPE_SEGMENTATION_PRIMITIVES.fork0.chnk0.main
2025-10-21 23:01:02 [runtime] (ready)           ID.F08549.SPATIAL_RNA_COUNTER_CS.SPATIAL_RNA_COUNTER.SPATIAL_POST_MATRIX_COMPUTATION.BIN_HD_DATA._BIN_HD_DATA.PROCESS_SEGMENTATIONS._PROCESS_SEGMENTATIONS.SPATIAL_CELL_RNA_ANALYZER.ANALYZER_PREFLIGHT
2025-10-21 23:01:02 [runtime] (run:local)       ID.F08549.SPATIAL_RNA_COUNTER_CS.SPATIAL_RNA_COUNTER.SPATIAL_POST_MATRIX_COMPUTATION.BIN_HD_DATA._BIN_HD_DATA.PROCESS_SEGMENTATIONS._PROCESS_SEGMENTATIONS.SPATIAL_CELL_RNA_ANALYZER.ANALYZER_PREFLIGHT.fork0.chnk0.main
2025-10-21 23:01:02 [runtime] (ready)           ID.F08549.SPATIAL_RNA_COUNTER_CS.SPATIAL_RNA_COUNTER.SPATIAL_POST_MATRIX_COMPUTATION.BIN_HD_DATA._BIN_HD_DATA.COMPUTE_SEGMENTATION_METRICS
2025-10-21 23:01:02 [runtime] (run:local)       ID.F08549.SPATIAL_RNA_COUNTER_CS.SPATIAL_RNA_COUNTER.SPATIAL_POST_MATRIX_COMPUTATION.BIN_HD_DATA._BIN_HD_DATA.COMPUTE_SEGMENTATION_METRICS.fork0.split
2025-10-21 23:01:04 [runtime] (chunks_complete) ID.F08549.SPATIAL_RNA_COUNTER_CS.SPATIAL_RNA_COUNTER.SPATIAL_POST_MATRIX_COMPUTATION.BIN_HD_DATA._BIN_HD_DATA.PROCESS_SEGMENTATIONS._PROCESS_SEGMENTATIONS.SPATIAL_CELL_RNA_ANALYZER.ANALYZER_PREFLIGHT
2025-10-21 23:01:04 [runtime] (split_complete)  ID.F08549.SPATIAL_RNA_COUNTER_CS.SPATIAL_RNA_COUNTER.SPATIAL_POST_MATRIX_COMPUTATION.BIN_HD_DATA._BIN_HD_DATA.COMPUTE_SEGMENTATION_METRICS
2025-10-21 23:01:04 [runtime] (run:local)       ID.F08549.SPATIAL_RNA_COUNTER_CS.SPATIAL_RNA_COUNTER.SPATIAL_POST_MATRIX_COMPUTATION.BIN_HD_DATA._BIN_HD_DATA.COMPUTE_SEGMENTATION_METRICS.fork0.join
2025-10-21 23:01:04 [runtime] (ready)           ID.F08549.SPATIAL_RNA_COUNTER_CS.SPATIAL_RNA_COUNTER.SPATIAL_POST_MATRIX_COMPUTATION.BIN_HD_DATA._BIN_HD_DATA.PROCESS_SEGMENTATIONS._PROCESS_SEGMENTATIONS.SPATIAL_CELL_RNA_ANALYZER.PREPROCESS_MATRIX
2025-10-21 23:01:04 [runtime] (run:local)       ID.F08549.SPATIAL_RNA_COUNTER_CS.SPATIAL_RNA_COUNTER.SPATIAL_POST_MATRIX_COMPUTATION.BIN_HD_DATA._BIN_HD_DATA.PROCESS_SEGMENTATIONS._PROCESS_SEGMENTATIONS.SPATIAL_CELL_RNA_ANALYZER.PREPROCESS_MATRIX.fork0.split
2025-10-21 23:01:07 [runtime] (split_complete)  ID.F08549.SPATIAL_RNA_COUNTER_CS.SPATIAL_RNA_COUNTER.SPATIAL_POST_MATRIX_COMPUTATION.BIN_HD_DATA._BIN_HD_DATA.PROCESS_SEGMENTATIONS._PROCESS_SEGMENTATIONS.SPATIAL_CELL_RNA_ANALYZER.PREPROCESS_MATRIX
2025-10-21 23:01:07 [runtime] (run:local)       ID.F08549.SPATIAL_RNA_COUNTER_CS.SPATIAL_RNA_COUNTER.SPATIAL_POST_MATRIX_COMPUTATION.BIN_HD_DATA._BIN_HD_DATA.PROCESS_SEGMENTATIONS._PROCESS_SEGMENTATIONS.SPATIAL_CELL_RNA_ANALYZER.PREPROCESS_MATRIX.fork0.join
2025-10-21 23:01:11 [runtime] (join_complete)   ID.F08549.SPATIAL_RNA_COUNTER_CS.SPATIAL_RNA_COUNTER.SPATIAL_POST_MATRIX_COMPUTATION.BIN_HD_DATA._BIN_HD_DATA.PROCESS_SEGMENTATIONS._PROCESS_SEGMENTATIONS.SPATIAL_CELL_RNA_ANALYZER.PREPROCESS_MATRIX
2025-10-21 23:01:11 [runtime] (ready)           ID.F08549.SPATIAL_RNA_COUNTER_CS.SPATIAL_RNA_COUNTER.SPATIAL_POST_MATRIX_COMPUTATION.BIN_HD_DATA._BIN_HD_DATA.PROCESS_SEGMENTATIONS._PROCESS_SEGMENTATIONS.SPATIAL_CELL_RNA_ANALYZER._ANTIGEN_ANALYZER.SUMMARIZE_ANTIBODY_ANALYSIS
2025-10-21 23:01:11 [runtime] (ready)           ID.F08549.SPATIAL_RNA_COUNTER_CS.SPATIAL_RNA_COUNTER.SPATIAL_POST_MATRIX_COMPUTATION.BIN_HD_DATA._BIN_HD_DATA.PROCESS_SEGMENTATIONS._PROCESS_SEGMENTATIONS.SPATIAL_CELL_RNA_ANALYZER._ANTIBODY_ANALYZER.SUMMARIZE_ANTIBODY_ANALYSIS
2025-10-21 23:01:11 [runtime] (ready)           ID.F08549.SPATIAL_RNA_COUNTER_CS.SPATIAL_RNA_COUNTER.SPATIAL_POST_MATRIX_COMPUTATION.BIN_HD_DATA._BIN_HD_DATA.PROCESS_SEGMENTATIONS._PROCESS_SEGMENTATIONS.SPATIAL_CELL_RNA_ANALYZER.RUN_MULTIGENOME_ANALYSIS
2025-10-21 23:01:11 [runtime] (ready)           ID.F08549.SPATIAL_RNA_COUNTER_CS.SPATIAL_RNA_COUNTER.SPATIAL_POST_MATRIX_COMPUTATION.BIN_HD_DATA._BIN_HD_DATA.PROCESS_SEGMENTATIONS._PROCESS_SEGMENTATIONS.SPATIAL_CELL_RNA_ANALYZER.RUN_BATCH_CORRECTION_PCA.PCA_PREP
2025-10-21 23:01:11 [runtime] (ready)           ID.F08549.SPATIAL_RNA_COUNTER_CS.SPATIAL_RNA_COUNTER.SPATIAL_POST_MATRIX_COMPUTATION.BIN_HD_DATA._BIN_HD_DATA.PROCESS_SEGMENTATIONS._PROCESS_SEGMENTATIONS.SPATIAL_CELL_RNA_ANALYZER._ANTIBODY_ANALYZER.CALL_ANTIBODIES
2025-10-21 23:01:11 [runtime] (ready)           ID.F08549.SPATIAL_RNA_COUNTER_CS.SPATIAL_RNA_COUNTER.SPATIAL_POST_MATRIX_COMPUTATION.BIN_HD_DATA._BIN_HD_DATA.PROCESS_SEGMENTATIONS._PROCESS_SEGMENTATIONS.SPATIAL_CELL_RNA_ANALYZER._ANTIGEN_ANALYZER.CALL_ANTIBODIES
2025-10-21 23:01:12 [runtime] (ready)           ID.F08549.SPATIAL_RNA_COUNTER_CS.SPATIAL_RNA_COUNTER.SPATIAL_POST_MATRIX_COMPUTATION.BIN_HD_DATA._BIN_HD_DATA.PROCESS_SEGMENTATIONS._PROCESS_SEGMENTATIONS.SPATIAL_CELL_RNA_ANALYZER.RUN_BATCH_CORRECTION_PCA.RUN_PCA2
2025-10-21 23:01:12 [runtime] (ready)           ID.F08549.SPATIAL_RNA_COUNTER_CS.SPATIAL_RNA_COUNTER.SPATIAL_POST_MATRIX_COMPUTATION.BIN_HD_DATA._BIN_HD_DATA.PROCESS_SEGMENTATIONS._PROCESS_SEGMENTATIONS.SPATIAL_CELL_RNA_ANALYZER.RUN_BATCH_CORRECTION_PCA.POST_PCA
2025-10-21 23:01:12 [runtime] (ready)           ID.F08549.SPATIAL_RNA_COUNTER_CS.SPATIAL_RNA_COUNTER.SPATIAL_POST_MATRIX_COMPUTATION.BIN_HD_DATA._BIN_HD_DATA.PROCESS_SEGMENTATIONS._PROCESS_SEGMENTATIONS.SPATIAL_CELL_RNA_ANALYZER.CORRECT_CHEMISTRY_BATCH
2025-10-21 23:01:12 [runtime] (ready)           ID.F08549.SPATIAL_RNA_COUNTER_CS.SPATIAL_RNA_COUNTER.SPATIAL_POST_MATRIX_COMPUTATION.BIN_HD_DATA._BIN_HD_DATA.PROCESS_SEGMENTATIONS._PROCESS_SEGMENTATIONS.SPATIAL_CELL_RNA_ANALYZER.RUN_PCA
2025-10-21 23:01:12 [runtime] (run:local)       ID.F08549.SPATIAL_RNA_COUNTER_CS.SPATIAL_RNA_COUNTER.SPATIAL_POST_MATRIX_COMPUTATION.BIN_HD_DATA._BIN_HD_DATA.PROCESS_SEGMENTATIONS._PROCESS_SEGMENTATIONS.SPATIAL_CELL_RNA_ANALYZER.RUN_PCA.fork0.split
2025-10-21 23:01:12 [runtime] (split_complete)  ID.F08549.SPATIAL_RNA_COUNTER_CS.SPATIAL_RNA_COUNTER.SPATIAL_POST_MATRIX_COMPUTATION.BIN_HD_DATA._BIN_HD_DATA.PROCESS_SEGMENTATIONS._PROCESS_SEGMENTATIONS.SPATIAL_CELL_RNA_ANALYZER.RUN_PCA
2025-10-21 23:01:12 [runtime] (run:local)       ID.F08549.SPATIAL_RNA_COUNTER_CS.SPATIAL_RNA_COUNTER.SPATIAL_POST_MATRIX_COMPUTATION.BIN_HD_DATA._BIN_HD_DATA.PROCESS_SEGMENTATIONS._PROCESS_SEGMENTATIONS.SPATIAL_CELL_RNA_ANALYZER.RUN_PCA.fork0.chnk0.main
2025-10-21 23:01:13 [runtime] (chunks_complete) ID.F08549.SPATIAL_RNA_COUNTER_CS.SPATIAL_RNA_COUNTER.SPATIAL_POST_MATRIX_COMPUTATION.BIN_HD_DATA._BIN_HD_DATA.PROCESS_SEGMENTATIONS.GENERATE_LOUPE_SEGMENTATION_PRIMITIVES
2025-10-21 23:01:14 [runtime] (chunks_complete) ID.F08549.SPATIAL_RNA_COUNTER_CS.SPATIAL_RNA_COUNTER.SPATIAL_POST_MATRIX_COMPUTATION.HD_WEBSUMMARY_BUILDER.BUILD_HD_CLUSTERING_PLOT
2025-10-21 23:01:19 [runtime] (chunks_complete) ID.F08549.SPATIAL_RNA_COUNTER_CS.SPATIAL_RNA_COUNTER.SPATIAL_POST_MATRIX_COMPUTATION.BIN_HD_DATA._BIN_HD_DATA.PROCESS_SEGMENTATIONS._PROCESS_SEGMENTATIONS.SPATIAL_CELL_RNA_ANALYZER.RUN_PCA
2025-10-21 23:01:19 [runtime] (run:local)       ID.F08549.SPATIAL_RNA_COUNTER_CS.SPATIAL_RNA_COUNTER.SPATIAL_POST_MATRIX_COMPUTATION.BIN_HD_DATA._BIN_HD_DATA.PROCESS_SEGMENTATIONS._PROCESS_SEGMENTATIONS.SPATIAL_CELL_RNA_ANALYZER.RUN_PCA.fork0.join
2025-10-21 23:01:20 [runtime] (join_complete)   ID.F08549.SPATIAL_RNA_COUNTER_CS.SPATIAL_RNA_COUNTER.SPATIAL_POST_MATRIX_COMPUTATION.BIN_HD_DATA._BIN_HD_DATA.PROCESS_SEGMENTATIONS._PROCESS_SEGMENTATIONS.SPATIAL_CELL_RNA_ANALYZER.RUN_PCA
2025-10-21 23:01:20 [runtime] (ready)           ID.F08549.SPATIAL_RNA_COUNTER_CS.SPATIAL_RNA_COUNTER.SPATIAL_POST_MATRIX_COMPUTATION.BIN_HD_DATA._BIN_HD_DATA.PROCESS_SEGMENTATIONS._PROCESS_SEGMENTATIONS.SPATIAL_CELL_RNA_ANALYZER.RUN_KMEANS
2025-10-21 23:01:20 [runtime] (run:local)       ID.F08549.SPATIAL_RNA_COUNTER_CS.SPATIAL_RNA_COUNTER.SPATIAL_POST_MATRIX_COMPUTATION.BIN_HD_DATA._BIN_HD_DATA.PROCESS_SEGMENTATIONS._PROCESS_SEGMENTATIONS.SPATIAL_CELL_RNA_ANALYZER.RUN_KMEANS.fork0.split
2025-10-21 23:01:20 [runtime] (ready)           ID.F08549.SPATIAL_RNA_COUNTER_CS.SPATIAL_RNA_COUNTER.SPATIAL_POST_MATRIX_COMPUTATION.BIN_HD_DATA._BIN_HD_DATA.PROCESS_SEGMENTATIONS._PROCESS_SEGMENTATIONS.SPATIAL_CELL_RNA_ANALYZER.RUN_TSNE
2025-10-21 23:01:20 [runtime] (ready)           ID.F08549.SPATIAL_RNA_COUNTER_CS.SPATIAL_RNA_COUNTER.SPATIAL_POST_MATRIX_COMPUTATION.BIN_HD_DATA._BIN_HD_DATA.PROCESS_SEGMENTATIONS._PROCESS_SEGMENTATIONS.SPATIAL_CELL_RNA_ANALYZER.RUN_GRAPH_CLUSTERING
2025-10-21 23:01:20 [runtime] (run:local)       ID.F08549.SPATIAL_RNA_COUNTER_CS.SPATIAL_RNA_COUNTER.SPATIAL_POST_MATRIX_COMPUTATION.BIN_HD_DATA._BIN_HD_DATA.PROCESS_SEGMENTATIONS._PROCESS_SEGMENTATIONS.SPATIAL_CELL_RNA_ANALYZER.RUN_GRAPH_CLUSTERING.fork0.split
2025-10-21 23:01:20 [runtime] (ready)           ID.F08549.SPATIAL_RNA_COUNTER_CS.SPATIAL_RNA_COUNTER.SPATIAL_POST_MATRIX_COMPUTATION.BIN_HD_DATA._BIN_HD_DATA.PROCESS_SEGMENTATIONS._PROCESS_SEGMENTATIONS.SPATIAL_CELL_RNA_ANALYZER.RUN_UMAP
2025-10-21 23:01:20 [runtime] (run:local)       ID.F08549.SPATIAL_RNA_COUNTER_CS.SPATIAL_RNA_COUNTER.SPATIAL_POST_MATRIX_COMPUTATION.BIN_HD_DATA._BIN_HD_DATA.PROCESS_SEGMENTATIONS._PROCESS_SEGMENTATIONS.SPATIAL_CELL_RNA_ANALYZER.RUN_UMAP.fork0.split
2025-10-21 23:01:20 [runtime] (split_complete)  ID.F08549.SPATIAL_RNA_COUNTER_CS.SPATIAL_RNA_COUNTER.SPATIAL_POST_MATRIX_COMPUTATION.BIN_HD_DATA._BIN_HD_DATA.PROCESS_SEGMENTATIONS._PROCESS_SEGMENTATIONS.SPATIAL_CELL_RNA_ANALYZER.RUN_UMAP
2025-10-21 23:01:20 [runtime] (run:local)       ID.F08549.SPATIAL_RNA_COUNTER_CS.SPATIAL_RNA_COUNTER.SPATIAL_POST_MATRIX_COMPUTATION.BIN_HD_DATA._BIN_HD_DATA.PROCESS_SEGMENTATIONS._PROCESS_SEGMENTATIONS.SPATIAL_CELL_RNA_ANALYZER.RUN_UMAP.fork0.chnk0.main
2025-10-21 23:01:20 [runtime] (split_complete)  ID.F08549.SPATIAL_RNA_COUNTER_CS.SPATIAL_RNA_COUNTER.SPATIAL_POST_MATRIX_COMPUTATION.BIN_HD_DATA._BIN_HD_DATA.PROCESS_SEGMENTATIONS._PROCESS_SEGMENTATIONS.SPATIAL_CELL_RNA_ANALYZER.RUN_GRAPH_CLUSTERING
2025-10-21 23:01:20 [runtime] (run:local)       ID.F08549.SPATIAL_RNA_COUNTER_CS.SPATIAL_RNA_COUNTER.SPATIAL_POST_MATRIX_COMPUTATION.BIN_HD_DATA._BIN_HD_DATA.PROCESS_SEGMENTATIONS._PROCESS_SEGMENTATIONS.SPATIAL_CELL_RNA_ANALYZER.RUN_GRAPH_CLUSTERING.fork0.chnk0.main
2025-10-21 23:01:23 [runtime] (split_complete)  ID.F08549.SPATIAL_RNA_COUNTER_CS.SPATIAL_RNA_COUNTER.SPATIAL_POST_MATRIX_COMPUTATION.BIN_HD_DATA._BIN_HD_DATA.PROCESS_SEGMENTATIONS._PROCESS_SEGMENTATIONS.SPATIAL_CELL_RNA_ANALYZER.RUN_KMEANS
2025-10-21 23:01:23 [runtime] (run:local)       ID.F08549.SPATIAL_RNA_COUNTER_CS.SPATIAL_RNA_COUNTER.SPATIAL_POST_MATRIX_COMPUTATION.BIN_HD_DATA._BIN_HD_DATA.PROCESS_SEGMENTATIONS._PROCESS_SEGMENTATIONS.SPATIAL_CELL_RNA_ANALYZER.RUN_KMEANS.fork0.chnk0.main
2025-10-21 23:01:23 [runtime] (run:local)       ID.F08549.SPATIAL_RNA_COUNTER_CS.SPATIAL_RNA_COUNTER.SPATIAL_POST_MATRIX_COMPUTATION.BIN_HD_DATA._BIN_HD_DATA.PROCESS_SEGMENTATIONS._PROCESS_SEGMENTATIONS.SPATIAL_CELL_RNA_ANALYZER.RUN_KMEANS.fork0.chnk1.main
2025-10-21 23:01:23 [runtime] (run:local)       ID.F08549.SPATIAL_RNA_COUNTER_CS.SPATIAL_RNA_COUNTER.SPATIAL_POST_MATRIX_COMPUTATION.BIN_HD_DATA._BIN_HD_DATA.PROCESS_SEGMENTATIONS._PROCESS_SEGMENTATIONS.SPATIAL_CELL_RNA_ANALYZER.RUN_KMEANS.fork0.chnk2.main
2025-10-21 23:01:23 [runtime] (run:local)       ID.F08549.SPATIAL_RNA_COUNTER_CS.SPATIAL_RNA_COUNTER.SPATIAL_POST_MATRIX_COMPUTATION.BIN_HD_DATA._BIN_HD_DATA.PROCESS_SEGMENTATIONS._PROCESS_SEGMENTATIONS.SPATIAL_CELL_RNA_ANALYZER.RUN_KMEANS.fork0.chnk3.main
2025-10-21 23:01:23 [runtime] (run:local)       ID.F08549.SPATIAL_RNA_COUNTER_CS.SPATIAL_RNA_COUNTER.SPATIAL_POST_MATRIX_COMPUTATION.BIN_HD_DATA._BIN_HD_DATA.PROCESS_SEGMENTATIONS._PROCESS_SEGMENTATIONS.SPATIAL_CELL_RNA_ANALYZER.RUN_KMEANS.fork0.chnk4.main
2025-10-21 23:01:23 [runtime] (run:local)       ID.F08549.SPATIAL_RNA_COUNTER_CS.SPATIAL_RNA_COUNTER.SPATIAL_POST_MATRIX_COMPUTATION.BIN_HD_DATA._BIN_HD_DATA.PROCESS_SEGMENTATIONS._PROCESS_SEGMENTATIONS.SPATIAL_CELL_RNA_ANALYZER.RUN_KMEANS.fork0.chnk5.main
2025-10-21 23:01:23 [runtime] (run:local)       ID.F08549.SPATIAL_RNA_COUNTER_CS.SPATIAL_RNA_COUNTER.SPATIAL_POST_MATRIX_COMPUTATION.BIN_HD_DATA._BIN_HD_DATA.PROCESS_SEGMENTATIONS._PROCESS_SEGMENTATIONS.SPATIAL_CELL_RNA_ANALYZER.RUN_KMEANS.fork0.chnk6.main
2025-10-21 23:01:23 [runtime] (run:local)       ID.F08549.SPATIAL_RNA_COUNTER_CS.SPATIAL_RNA_COUNTER.SPATIAL_POST_MATRIX_COMPUTATION.BIN_HD_DATA._BIN_HD_DATA.PROCESS_SEGMENTATIONS._PROCESS_SEGMENTATIONS.SPATIAL_CELL_RNA_ANALYZER.RUN_KMEANS.fork0.chnk7.main
2025-10-21 23:01:23 [runtime] (run:local)       ID.F08549.SPATIAL_RNA_COUNTER_CS.SPATIAL_RNA_COUNTER.SPATIAL_POST_MATRIX_COMPUTATION.BIN_HD_DATA._BIN_HD_DATA.PROCESS_SEGMENTATIONS._PROCESS_SEGMENTATIONS.SPATIAL_CELL_RNA_ANALYZER.RUN_KMEANS.fork0.chnk8.main
2025-10-21 23:01:29 [runtime] (chunks_complete) ID.F08549.SPATIAL_RNA_COUNTER_CS.SPATIAL_RNA_COUNTER.SPATIAL_POST_MATRIX_COMPUTATION.HD_WEBSUMMARY_BUILDER.BUILD_HD_END_TO_END_ALIGNMENT_INPUTS
2025-10-21 23:01:29 [runtime] (ready)           ID.F08549.SPATIAL_RNA_COUNTER_CS.SPATIAL_RNA_COUNTER.SPATIAL_POST_MATRIX_COMPUTATION.HD_WEBSUMMARY_BUILDER.BUILD_HD_END_TO_END_ALIGNMENT
2025-10-21 23:01:29 [runtime] (run:local)       ID.F08549.SPATIAL_RNA_COUNTER_CS.SPATIAL_RNA_COUNTER.SPATIAL_POST_MATRIX_COMPUTATION.HD_WEBSUMMARY_BUILDER.BUILD_HD_END_TO_END_ALIGNMENT.fork0.chnk0.main
2025-10-21 23:02:10 [runtime] (join_complete)   ID.F08549.SPATIAL_RNA_COUNTER_CS.SPATIAL_RNA_COUNTER.SPATIAL_POST_MATRIX_COMPUTATION.BIN_HD_DATA._BIN_HD_DATA.COMPUTE_SEGMENTATION_METRICS
2025-10-21 23:02:10 [runtime] (ready)           ID.F08549.SPATIAL_RNA_COUNTER_CS.SPATIAL_RNA_COUNTER.SPATIAL_POST_MATRIX_COMPUTATION.MERGE_METRICS
2025-10-21 23:02:10 [runtime] (run:local)       ID.F08549.SPATIAL_RNA_COUNTER_CS.SPATIAL_RNA_COUNTER.SPATIAL_POST_MATRIX_COMPUTATION.MERGE_METRICS.fork0.chnk0.main
2025-10-21 23:02:41 [runtime] (chunks_complete) ID.F08549.SPATIAL_RNA_COUNTER_CS.SPATIAL_RNA_COUNTER.SPATIAL_POST_MATRIX_COMPUTATION.BIN_HD_DATA._BIN_HD_DATA.PROCESS_SEGMENTATIONS._PROCESS_SEGMENTATIONS.SEGMENT_TO_FEATURE_CELL_MATRIX.DERASTERISE_MASK
2025-10-21 23:02:41 [runtime] (run:local)       ID.F08549.SPATIAL_RNA_COUNTER_CS.SPATIAL_RNA_COUNTER.SPATIAL_POST_MATRIX_COMPUTATION.BIN_HD_DATA._BIN_HD_DATA.PROCESS_SEGMENTATIONS._PROCESS_SEGMENTATIONS.SEGMENT_TO_FEATURE_CELL_MATRIX.DERASTERISE_MASK.fork0.join
2025-10-21 23:02:51 [runtime] (chunks_complete) ID.F08549.SPATIAL_RNA_COUNTER_CS.SPATIAL_RNA_COUNTER.SPATIAL_POST_MATRIX_COMPUTATION.BIN_HD_DATA._BIN_HD_DATA.OUTPUT_BARCODE_MAPPINGS
2025-10-21 23:03:43 [runtime] (chunks_complete) ID.F08549.SPATIAL_RNA_COUNTER_CS.SPATIAL_RNA_COUNTER.SPATIAL_POST_MATRIX_COMPUTATION.BIN_HD_DATA._BIN_HD_DATA.PROCESS_SEGMENTATIONS._PROCESS_SEGMENTATIONS.SPATIAL_CELL_RNA_ANALYZER.RUN_UMAP
2025-10-21 23:03:43 [runtime] (run:local)       ID.F08549.SPATIAL_RNA_COUNTER_CS.SPATIAL_RNA_COUNTER.SPATIAL_POST_MATRIX_COMPUTATION.BIN_HD_DATA._BIN_HD_DATA.PROCESS_SEGMENTATIONS._PROCESS_SEGMENTATIONS.SPATIAL_CELL_RNA_ANALYZER.RUN_UMAP.fork0.join
2025-10-21 23:03:50 [runtime] (chunks_complete) ID.F08549.SPATIAL_RNA_COUNTER_CS.SPATIAL_RNA_COUNTER.SPATIAL_POST_MATRIX_COMPUTATION.MERGE_METRICS
2025-10-21 23:03:51 [runtime] (ready)           ID.F08549.SPATIAL_RNA_COUNTER_CS.SPATIAL_RNA_COUNTER.SPATIAL_POST_MATRIX_COMPUTATION.SPATIAL_REPORTER
2025-10-21 23:03:51 [runtime] (run:local)       ID.F08549.SPATIAL_RNA_COUNTER_CS.SPATIAL_RNA_COUNTER.SPATIAL_POST_MATRIX_COMPUTATION.SPATIAL_REPORTER.fork0.split
2025-10-21 23:03:51 [runtime] (join_complete)   ID.F08549.SPATIAL_RNA_COUNTER_CS.SPATIAL_RNA_COUNTER.SPATIAL_POST_MATRIX_COMPUTATION.BIN_HD_DATA._BIN_HD_DATA.PROCESS_SEGMENTATIONS._PROCESS_SEGMENTATIONS.SPATIAL_CELL_RNA_ANALYZER.RUN_UMAP
2025-10-21 23:03:53 [runtime] (chunks_complete) ID.F08549.SPATIAL_RNA_COUNTER_CS.SPATIAL_RNA_COUNTER.SPATIAL_POST_MATRIX_COMPUTATION.HD_WEBSUMMARY_BUILDER.BUILD_HD_END_TO_END_ALIGNMENT
2025-10-21 23:03:53 [runtime] (chunks_complete) ID.F08549.SPATIAL_RNA_COUNTER_CS.SPATIAL_RNA_COUNTER.SPATIAL_POST_MATRIX_COMPUTATION.BIN_HD_DATA._BIN_HD_DATA.PROCESS_SEGMENTATIONS._PROCESS_SEGMENTATIONS.SPATIAL_CELL_RNA_ANALYZER.RUN_KMEANS
2025-10-21 23:03:53 [runtime] (run:local)       ID.F08549.SPATIAL_RNA_COUNTER_CS.SPATIAL_RNA_COUNTER.SPATIAL_POST_MATRIX_COMPUTATION.BIN_HD_DATA._BIN_HD_DATA.PROCESS_SEGMENTATIONS._PROCESS_SEGMENTATIONS.SPATIAL_CELL_RNA_ANALYZER.RUN_KMEANS.fork0.join
2025-10-21 23:03:56 [runtime] (join_complete)   ID.F08549.SPATIAL_RNA_COUNTER_CS.SPATIAL_RNA_COUNTER.SPATIAL_POST_MATRIX_COMPUTATION.BIN_HD_DATA._BIN_HD_DATA.PROCESS_SEGMENTATIONS._PROCESS_SEGMENTATIONS.SPATIAL_CELL_RNA_ANALYZER.RUN_KMEANS
2025-10-21 23:03:58 [runtime] (split_complete)  ID.F08549.SPATIAL_RNA_COUNTER_CS.SPATIAL_RNA_COUNTER.SPATIAL_POST_MATRIX_COMPUTATION.SPATIAL_REPORTER
2025-10-21 23:03:58 [runtime] (run:local)       ID.F08549.SPATIAL_RNA_COUNTER_CS.SPATIAL_RNA_COUNTER.SPATIAL_POST_MATRIX_COMPUTATION.SPATIAL_REPORTER.fork0.join
2025-10-21 23:04:02 [runtime] (join_complete)   ID.F08549.SPATIAL_RNA_COUNTER_CS.SPATIAL_RNA_COUNTER.SPATIAL_POST_MATRIX_COMPUTATION.BIN_HD_DATA._BIN_HD_DATA.PROCESS_SEGMENTATIONS._PROCESS_SEGMENTATIONS.SEGMENT_TO_FEATURE_CELL_MATRIX.DERASTERISE_MASK
2025-10-21 23:04:13 [runtime] (chunks_complete) ID.F08549.SPATIAL_RNA_COUNTER_CS.SPATIAL_RNA_COUNTER.SPATIAL_POST_MATRIX_COMPUTATION.BIN_HD_DATA._BIN_HD_DATA.PROCESS_SEGMENTATIONS._PROCESS_SEGMENTATIONS.SPATIAL_CELL_RNA_ANALYZER.RUN_GRAPH_CLUSTERING
2025-10-21 23:04:13 [runtime] (run:local)       ID.F08549.SPATIAL_RNA_COUNTER_CS.SPATIAL_RNA_COUNTER.SPATIAL_POST_MATRIX_COMPUTATION.BIN_HD_DATA._BIN_HD_DATA.PROCESS_SEGMENTATIONS._PROCESS_SEGMENTATIONS.SPATIAL_CELL_RNA_ANALYZER.RUN_GRAPH_CLUSTERING.fork0.join
2025-10-21 23:04:13 [runtime] (join_complete)   ID.F08549.SPATIAL_RNA_COUNTER_CS.SPATIAL_RNA_COUNTER.SPATIAL_POST_MATRIX_COMPUTATION.BIN_HD_DATA._BIN_HD_DATA.PROCESS_SEGMENTATIONS._PROCESS_SEGMENTATIONS.SPATIAL_CELL_RNA_ANALYZER.RUN_GRAPH_CLUSTERING
2025-10-21 23:04:14 [runtime] (ready)           ID.F08549.SPATIAL_RNA_COUNTER_CS.SPATIAL_RNA_COUNTER.SPATIAL_POST_MATRIX_COMPUTATION.BIN_HD_DATA._BIN_HD_DATA.PROCESS_SEGMENTATIONS._PROCESS_SEGMENTATIONS.SPATIAL_CELL_RNA_ANALYZER.RUN_HIERARCHICAL_CLUSTERING
2025-10-21 23:04:14 [runtime] (ready)           ID.F08549.SPATIAL_RNA_COUNTER_CS.SPATIAL_RNA_COUNTER.SPATIAL_POST_MATRIX_COMPUTATION.BIN_HD_DATA._BIN_HD_DATA.PROCESS_SEGMENTATIONS._PROCESS_SEGMENTATIONS.SPATIAL_CELL_RNA_ANALYZER.COMBINE_CLUSTERING
2025-10-21 23:04:14 [runtime] (run:local)       ID.F08549.SPATIAL_RNA_COUNTER_CS.SPATIAL_RNA_COUNTER.SPATIAL_POST_MATRIX_COMPUTATION.BIN_HD_DATA._BIN_HD_DATA.PROCESS_SEGMENTATIONS._PROCESS_SEGMENTATIONS.SPATIAL_CELL_RNA_ANALYZER.COMBINE_CLUSTERING.fork0.chnk0.main
2025-10-21 23:04:15 [runtime] (chunks_complete) ID.F08549.SPATIAL_RNA_COUNTER_CS.SPATIAL_RNA_COUNTER.SPATIAL_POST_MATRIX_COMPUTATION.BIN_HD_DATA._BIN_HD_DATA.PROCESS_SEGMENTATIONS._PROCESS_SEGMENTATIONS.SPATIAL_CELL_RNA_ANALYZER.COMBINE_CLUSTERING
2025-10-21 23:04:15 [runtime] (ready)           ID.F08549.SPATIAL_RNA_COUNTER_CS.SPATIAL_RNA_COUNTER.SPATIAL_POST_MATRIX_COMPUTATION.BIN_HD_DATA._BIN_HD_DATA.PROCESS_SEGMENTATIONS._PROCESS_SEGMENTATIONS.SPATIAL_CELL_RNA_ANALYZER.RUN_DIFFERENTIAL_EXPRESSION
2025-10-21 23:04:15 [runtime] (run:local)       ID.F08549.SPATIAL_RNA_COUNTER_CS.SPATIAL_RNA_COUNTER.SPATIAL_POST_MATRIX_COMPUTATION.BIN_HD_DATA._BIN_HD_DATA.PROCESS_SEGMENTATIONS._PROCESS_SEGMENTATIONS.SPATIAL_CELL_RNA_ANALYZER.RUN_DIFFERENTIAL_EXPRESSION.fork0.split
2025-10-21 23:04:15 [runtime] (split_complete)  ID.F08549.SPATIAL_RNA_COUNTER_CS.SPATIAL_RNA_COUNTER.SPATIAL_POST_MATRIX_COMPUTATION.BIN_HD_DATA._BIN_HD_DATA.PROCESS_SEGMENTATIONS._PROCESS_SEGMENTATIONS.SPATIAL_CELL_RNA_ANALYZER.RUN_DIFFERENTIAL_EXPRESSION
2025-10-21 23:04:15 [runtime] (run:local)       ID.F08549.SPATIAL_RNA_COUNTER_CS.SPATIAL_RNA_COUNTER.SPATIAL_POST_MATRIX_COMPUTATION.BIN_HD_DATA._BIN_HD_DATA.PROCESS_SEGMENTATIONS._PROCESS_SEGMENTATIONS.SPATIAL_CELL_RNA_ANALYZER.RUN_DIFFERENTIAL_EXPRESSION.fork0.chnk0.main
2025-10-21 23:04:15 [runtime] (run:local)       ID.F08549.SPATIAL_RNA_COUNTER_CS.SPATIAL_RNA_COUNTER.SPATIAL_POST_MATRIX_COMPUTATION.BIN_HD_DATA._BIN_HD_DATA.PROCESS_SEGMENTATIONS._PROCESS_SEGMENTATIONS.SPATIAL_CELL_RNA_ANALYZER.RUN_DIFFERENTIAL_EXPRESSION.fork0.chnk1.main
2025-10-21 23:04:15 [runtime] (run:local)       ID.F08549.SPATIAL_RNA_COUNTER_CS.SPATIAL_RNA_COUNTER.SPATIAL_POST_MATRIX_COMPUTATION.BIN_HD_DATA._BIN_HD_DATA.PROCESS_SEGMENTATIONS._PROCESS_SEGMENTATIONS.SPATIAL_CELL_RNA_ANALYZER.RUN_DIFFERENTIAL_EXPRESSION.fork0.chnk2.main
2025-10-21 23:04:15 [runtime] (run:local)       ID.F08549.SPATIAL_RNA_COUNTER_CS.SPATIAL_RNA_COUNTER.SPATIAL_POST_MATRIX_COMPUTATION.BIN_HD_DATA._BIN_HD_DATA.PROCESS_SEGMENTATIONS._PROCESS_SEGMENTATIONS.SPATIAL_CELL_RNA_ANALYZER.RUN_DIFFERENTIAL_EXPRESSION.fork0.chnk3.main
2025-10-21 23:04:16 [runtime] (run:local)       ID.F08549.SPATIAL_RNA_COUNTER_CS.SPATIAL_RNA_COUNTER.SPATIAL_POST_MATRIX_COMPUTATION.BIN_HD_DATA._BIN_HD_DATA.PROCESS_SEGMENTATIONS._PROCESS_SEGMENTATIONS.SPATIAL_CELL_RNA_ANALYZER.RUN_DIFFERENTIAL_EXPRESSION.fork0.chnk4.main
2025-10-21 23:04:16 [runtime] (run:local)       ID.F08549.SPATIAL_RNA_COUNTER_CS.SPATIAL_RNA_COUNTER.SPATIAL_POST_MATRIX_COMPUTATION.BIN_HD_DATA._BIN_HD_DATA.PROCESS_SEGMENTATIONS._PROCESS_SEGMENTATIONS.SPATIAL_CELL_RNA_ANALYZER.RUN_DIFFERENTIAL_EXPRESSION.fork0.chnk5.main
2025-10-21 23:04:16 [runtime] (run:local)       ID.F08549.SPATIAL_RNA_COUNTER_CS.SPATIAL_RNA_COUNTER.SPATIAL_POST_MATRIX_COMPUTATION.BIN_HD_DATA._BIN_HD_DATA.PROCESS_SEGMENTATIONS._PROCESS_SEGMENTATIONS.SPATIAL_CELL_RNA_ANALYZER.RUN_DIFFERENTIAL_EXPRESSION.fork0.chnk6.main
2025-10-21 23:04:16 [runtime] (run:local)       ID.F08549.SPATIAL_RNA_COUNTER_CS.SPATIAL_RNA_COUNTER.SPATIAL_POST_MATRIX_COMPUTATION.BIN_HD_DATA._BIN_HD_DATA.PROCESS_SEGMENTATIONS._PROCESS_SEGMENTATIONS.SPATIAL_CELL_RNA_ANALYZER.RUN_DIFFERENTIAL_EXPRESSION.fork0.chnk7.main
2025-10-21 23:04:16 [runtime] (run:local)       ID.F08549.SPATIAL_RNA_COUNTER_CS.SPATIAL_RNA_COUNTER.SPATIAL_POST_MATRIX_COMPUTATION.BIN_HD_DATA._BIN_HD_DATA.PROCESS_SEGMENTATIONS._PROCESS_SEGMENTATIONS.SPATIAL_CELL_RNA_ANALYZER.RUN_DIFFERENTIAL_EXPRESSION.fork0.chnk8.main
2025-10-21 23:04:16 [runtime] (join_complete)   ID.F08549.SPATIAL_RNA_COUNTER_CS.SPATIAL_RNA_COUNTER.SPATIAL_POST_MATRIX_COMPUTATION.SPATIAL_REPORTER
2025-10-21 23:04:16 [runtime] (ready)           ID.F08549.SPATIAL_RNA_COUNTER_CS.CLOUPE_PREPROCESS
2025-10-21 23:04:17 [runtime] (run:local)       ID.F08549.SPATIAL_RNA_COUNTER_CS.CLOUPE_PREPROCESS.fork0.split
2025-10-21 23:04:48 [runtime] (split_complete)  ID.F08549.SPATIAL_RNA_COUNTER_CS.CLOUPE_PREPROCESS
2025-10-21 23:04:48 [runtime] (run:local)       ID.F08549.SPATIAL_RNA_COUNTER_CS.CLOUPE_PREPROCESS.fork0.join
2025-10-21 23:04:49 [runtime] (join_complete)   ID.F08549.SPATIAL_RNA_COUNTER_CS.CLOUPE_PREPROCESS
2025-10-21 23:04:53 [runtime] (chunks_complete) ID.F08549.SPATIAL_RNA_COUNTER_CS.SPATIAL_RNA_COUNTER.SPATIAL_POST_MATRIX_COMPUTATION.BIN_HD_DATA._BIN_HD_DATA.PROCESS_SEGMENTATIONS._PROCESS_SEGMENTATIONS.SPATIAL_CELL_RNA_ANALYZER.RUN_DIFFERENTIAL_EXPRESSION
2025-10-21 23:04:53 [runtime] (run:local)       ID.F08549.SPATIAL_RNA_COUNTER_CS.SPATIAL_RNA_COUNTER.SPATIAL_POST_MATRIX_COMPUTATION.BIN_HD_DATA._BIN_HD_DATA.PROCESS_SEGMENTATIONS._PROCESS_SEGMENTATIONS.SPATIAL_CELL_RNA_ANALYZER.RUN_DIFFERENTIAL_EXPRESSION.fork0.join
2025-10-21 23:04:55 [runtime] (join_complete)   ID.F08549.SPATIAL_RNA_COUNTER_CS.SPATIAL_RNA_COUNTER.SPATIAL_POST_MATRIX_COMPUTATION.BIN_HD_DATA._BIN_HD_DATA.PROCESS_SEGMENTATIONS._PROCESS_SEGMENTATIONS.SPATIAL_CELL_RNA_ANALYZER.RUN_DIFFERENTIAL_EXPRESSION
2025-10-21 23:04:55 [runtime] (ready)           ID.F08549.SPATIAL_RNA_COUNTER_CS.SPATIAL_RNA_COUNTER.SPATIAL_POST_MATRIX_COMPUTATION.BIN_HD_DATA._BIN_HD_DATA.PROCESS_SEGMENTATIONS._PROCESS_SEGMENTATIONS.SPATIAL_CELL_RNA_ANALYZER.SUMMARIZE_ANALYSIS
2025-10-21 23:04:55 [runtime] (run:local)       ID.F08549.SPATIAL_RNA_COUNTER_CS.SPATIAL_RNA_COUNTER.SPATIAL_POST_MATRIX_COMPUTATION.BIN_HD_DATA._BIN_HD_DATA.PROCESS_SEGMENTATIONS._PROCESS_SEGMENTATIONS.SPATIAL_CELL_RNA_ANALYZER.SUMMARIZE_ANALYSIS.fork0.split
2025-10-21 23:04:56 [runtime] (split_complete)  ID.F08549.SPATIAL_RNA_COUNTER_CS.SPATIAL_RNA_COUNTER.SPATIAL_POST_MATRIX_COMPUTATION.BIN_HD_DATA._BIN_HD_DATA.PROCESS_SEGMENTATIONS._PROCESS_SEGMENTATIONS.SPATIAL_CELL_RNA_ANALYZER.SUMMARIZE_ANALYSIS
2025-10-21 23:04:56 [runtime] (run:local)       ID.F08549.SPATIAL_RNA_COUNTER_CS.SPATIAL_RNA_COUNTER.SPATIAL_POST_MATRIX_COMPUTATION.BIN_HD_DATA._BIN_HD_DATA.PROCESS_SEGMENTATIONS._PROCESS_SEGMENTATIONS.SPATIAL_CELL_RNA_ANALYZER.SUMMARIZE_ANALYSIS.fork0.chnk0.main
2025-10-21 23:04:58 [runtime] (chunks_complete) ID.F08549.SPATIAL_RNA_COUNTER_CS.SPATIAL_RNA_COUNTER.SPATIAL_POST_MATRIX_COMPUTATION.BIN_HD_DATA._BIN_HD_DATA.PROCESS_SEGMENTATIONS._PROCESS_SEGMENTATIONS.SPATIAL_CELL_RNA_ANALYZER.SUMMARIZE_ANALYSIS
2025-10-21 23:04:58 [runtime] (run:local)       ID.F08549.SPATIAL_RNA_COUNTER_CS.SPATIAL_RNA_COUNTER.SPATIAL_POST_MATRIX_COMPUTATION.BIN_HD_DATA._BIN_HD_DATA.PROCESS_SEGMENTATIONS._PROCESS_SEGMENTATIONS.SPATIAL_CELL_RNA_ANALYZER.SUMMARIZE_ANALYSIS.fork0.join
2025-10-21 23:05:00 [runtime] (join_complete)   ID.F08549.SPATIAL_RNA_COUNTER_CS.SPATIAL_RNA_COUNTER.SPATIAL_POST_MATRIX_COMPUTATION.BIN_HD_DATA._BIN_HD_DATA.PROCESS_SEGMENTATIONS._PROCESS_SEGMENTATIONS.SPATIAL_CELL_RNA_ANALYZER.SUMMARIZE_ANALYSIS
2025-10-21 23:05:00 [runtime] (ready)           ID.F08549.SPATIAL_RNA_COUNTER_CS.SPATIAL_RNA_COUNTER.SPATIAL_POST_MATRIX_COMPUTATION.HD_WEBSUMMARY_BUILDER.SEGMENTATION_SPATIAL_PLOTS
2025-10-21 23:05:00 [runtime] (run:local)       ID.F08549.SPATIAL_RNA_COUNTER_CS.SPATIAL_RNA_COUNTER.SPATIAL_POST_MATRIX_COMPUTATION.HD_WEBSUMMARY_BUILDER.SEGMENTATION_SPATIAL_PLOTS.fork0.chnk0.main
2025-10-21 23:05:00 [runtime] (ready)           ID.F08549.SPATIAL_RNA_COUNTER_CS.SPATIAL_RNA_COUNTER.SPATIAL_POST_MATRIX_COMPUTATION.BIN_HD_DATA._BIN_HD_DATA.PROCESS_SEGMENTATIONS.CELLSEG_CLOUPE_PREPROCESS
2025-10-21 23:05:00 [runtime] (run:local)       ID.F08549.SPATIAL_RNA_COUNTER_CS.SPATIAL_RNA_COUNTER.SPATIAL_POST_MATRIX_COMPUTATION.BIN_HD_DATA._BIN_HD_DATA.PROCESS_SEGMENTATIONS.CELLSEG_CLOUPE_PREPROCESS.fork0.split
2025-10-21 23:05:00 [runtime] (ready)           ID.F08549.SPATIAL_RNA_COUNTER_CS.SPATIAL_RNA_COUNTER.SPATIAL_POST_MATRIX_COMPUTATION.HD_WEBSUMMARY_BUILDER.SEGMENTATION_ANALYSIS_PLOTS
2025-10-21 23:05:00 [runtime] (run:local)       ID.F08549.SPATIAL_RNA_COUNTER_CS.SPATIAL_RNA_COUNTER.SPATIAL_POST_MATRIX_COMPUTATION.HD_WEBSUMMARY_BUILDER.SEGMENTATION_ANALYSIS_PLOTS.fork0.split
2025-10-21 23:05:00 [runtime] (ready)           ID.F08549.SPATIAL_RNA_COUNTER_CS.SPATIAL_RNA_COUNTER.SPATIAL_POST_MATRIX_COMPUTATION.BIN_HD_DATA._BIN_HD_DATA.PROCESS_SEGMENTATIONS._PROCESS_SEGMENTATIONS.ANNOTATE_BOUNDS_EXPANDED_GEOJSON
2025-10-21 23:05:00 [runtime] (run:local)       ID.F08549.SPATIAL_RNA_COUNTER_CS.SPATIAL_RNA_COUNTER.SPATIAL_POST_MATRIX_COMPUTATION.BIN_HD_DATA._BIN_HD_DATA.PROCESS_SEGMENTATIONS._PROCESS_SEGMENTATIONS.ANNOTATE_BOUNDS_EXPANDED_GEOJSON.fork0.split
2025-10-21 23:05:00 [runtime] (ready)           ID.F08549.SPATIAL_RNA_COUNTER_CS.SPATIAL_RNA_COUNTER.SPATIAL_POST_MATRIX_COMPUTATION.BIN_HD_DATA._BIN_HD_DATA.GET_SEGMENTED_DIFFEXP_JSON
2025-10-21 23:05:00 [runtime] (run:local)       ID.F08549.SPATIAL_RNA_COUNTER_CS.SPATIAL_RNA_COUNTER.SPATIAL_POST_MATRIX_COMPUTATION.BIN_HD_DATA._BIN_HD_DATA.GET_SEGMENTED_DIFFEXP_JSON.fork0.chnk0.main
2025-10-21 23:05:00 [runtime] (ready)           ID.F08549.SPATIAL_RNA_COUNTER_CS.SPATIAL_RNA_COUNTER.SPATIAL_POST_MATRIX_COMPUTATION.BIN_HD_DATA._BIN_HD_DATA.PROCESS_SEGMENTATIONS._PROCESS_SEGMENTATIONS.ANNOTATE_RAW_GEOJSON
2025-10-21 23:05:00 [runtime] (run:local)       ID.F08549.SPATIAL_RNA_COUNTER_CS.SPATIAL_RNA_COUNTER.SPATIAL_POST_MATRIX_COMPUTATION.BIN_HD_DATA._BIN_HD_DATA.PROCESS_SEGMENTATIONS._PROCESS_SEGMENTATIONS.ANNOTATE_RAW_GEOJSON.fork0.split
2025-10-21 23:05:01 [runtime] (split_complete)  ID.F08549.SPATIAL_RNA_COUNTER_CS.SPATIAL_RNA_COUNTER.SPATIAL_POST_MATRIX_COMPUTATION.BIN_HD_DATA._BIN_HD_DATA.PROCESS_SEGMENTATIONS._PROCESS_SEGMENTATIONS.ANNOTATE_BOUNDS_EXPANDED_GEOJSON
2025-10-21 23:05:01 [runtime] (run:local)       ID.F08549.SPATIAL_RNA_COUNTER_CS.SPATIAL_RNA_COUNTER.SPATIAL_POST_MATRIX_COMPUTATION.BIN_HD_DATA._BIN_HD_DATA.PROCESS_SEGMENTATIONS._PROCESS_SEGMENTATIONS.ANNOTATE_BOUNDS_EXPANDED_GEOJSON.fork0.join
2025-10-21 23:05:01 [runtime] (split_complete)  ID.F08549.SPATIAL_RNA_COUNTER_CS.SPATIAL_RNA_COUNTER.SPATIAL_POST_MATRIX_COMPUTATION.BIN_HD_DATA._BIN_HD_DATA.PROCESS_SEGMENTATIONS._PROCESS_SEGMENTATIONS.ANNOTATE_RAW_GEOJSON
2025-10-21 23:05:01 [runtime] (run:local)       ID.F08549.SPATIAL_RNA_COUNTER_CS.SPATIAL_RNA_COUNTER.SPATIAL_POST_MATRIX_COMPUTATION.BIN_HD_DATA._BIN_HD_DATA.PROCESS_SEGMENTATIONS._PROCESS_SEGMENTATIONS.ANNOTATE_RAW_GEOJSON.fork0.join
2025-10-21 23:05:02 [runtime] (split_complete)  ID.F08549.SPATIAL_RNA_COUNTER_CS.SPATIAL_RNA_COUNTER.SPATIAL_POST_MATRIX_COMPUTATION.BIN_HD_DATA._BIN_HD_DATA.PROCESS_SEGMENTATIONS.CELLSEG_CLOUPE_PREPROCESS
2025-10-21 23:05:02 [runtime] (run:local)       ID.F08549.SPATIAL_RNA_COUNTER_CS.SPATIAL_RNA_COUNTER.SPATIAL_POST_MATRIX_COMPUTATION.BIN_HD_DATA._BIN_HD_DATA.PROCESS_SEGMENTATIONS.CELLSEG_CLOUPE_PREPROCESS.fork0.join
2025-10-21 23:05:02 [runtime] (chunks_complete) ID.F08549.SPATIAL_RNA_COUNTER_CS.SPATIAL_RNA_COUNTER.SPATIAL_POST_MATRIX_COMPUTATION.BIN_HD_DATA._BIN_HD_DATA.GET_SEGMENTED_DIFFEXP_JSON
2025-10-21 23:05:05 [runtime] (split_complete)  ID.F08549.SPATIAL_RNA_COUNTER_CS.SPATIAL_RNA_COUNTER.SPATIAL_POST_MATRIX_COMPUTATION.HD_WEBSUMMARY_BUILDER.SEGMENTATION_ANALYSIS_PLOTS
2025-10-21 23:05:05 [runtime] (run:local)       ID.F08549.SPATIAL_RNA_COUNTER_CS.SPATIAL_RNA_COUNTER.SPATIAL_POST_MATRIX_COMPUTATION.HD_WEBSUMMARY_BUILDER.SEGMENTATION_ANALYSIS_PLOTS.fork0.join
2025-10-21 23:05:08 [runtime] (join_complete)   ID.F08549.SPATIAL_RNA_COUNTER_CS.SPATIAL_RNA_COUNTER.SPATIAL_POST_MATRIX_COMPUTATION.BIN_HD_DATA._BIN_HD_DATA.PROCESS_SEGMENTATIONS._PROCESS_SEGMENTATIONS.ANNOTATE_RAW_GEOJSON
2025-10-21 23:05:13 [runtime] (join_complete)   ID.F08549.SPATIAL_RNA_COUNTER_CS.SPATIAL_RNA_COUNTER.SPATIAL_POST_MATRIX_COMPUTATION.BIN_HD_DATA._BIN_HD_DATA.PROCESS_SEGMENTATIONS._PROCESS_SEGMENTATIONS.ANNOTATE_BOUNDS_EXPANDED_GEOJSON
2025-10-21 23:05:14 [runtime] (join_complete)   ID.F08549.SPATIAL_RNA_COUNTER_CS.SPATIAL_RNA_COUNTER.SPATIAL_POST_MATRIX_COMPUTATION.HD_WEBSUMMARY_BUILDER.SEGMENTATION_ANALYSIS_PLOTS
2025-10-21 23:05:23 [runtime] (join_complete)   ID.F08549.SPATIAL_RNA_COUNTER_CS.SPATIAL_RNA_COUNTER.SPATIAL_POST_MATRIX_COMPUTATION.BIN_HD_DATA._BIN_HD_DATA.PROCESS_SEGMENTATIONS.CELLSEG_CLOUPE_PREPROCESS
2025-10-21 23:05:44 [runtime] (chunks_complete) ID.F08549.SPATIAL_RNA_COUNTER_CS.SPATIAL_RNA_COUNTER.SPATIAL_POST_MATRIX_COMPUTATION.HD_WEBSUMMARY_BUILDER.SEGMENTATION_SPATIAL_PLOTS
2025-10-21 23:05:45 [runtime] (ready)           ID.F08549.SPATIAL_RNA_COUNTER_CS.SPATIAL_RNA_COUNTER.SPATIAL_POST_MATRIX_COMPUTATION.HD_WEBSUMMARY_BUILDER.GENERATE_HD_WEBSUMMARY_CS
2025-10-21 23:05:45 [runtime] (run:local)       ID.F08549.SPATIAL_RNA_COUNTER_CS.SPATIAL_RNA_COUNTER.SPATIAL_POST_MATRIX_COMPUTATION.HD_WEBSUMMARY_BUILDER.GENERATE_HD_WEBSUMMARY_CS.fork0.chnk0.main
2025-10-21 23:05:45 [runtime] (chunks_complete) ID.F08549.SPATIAL_RNA_COUNTER_CS.SPATIAL_RNA_COUNTER.SPATIAL_POST_MATRIX_COMPUTATION.HD_WEBSUMMARY_BUILDER.GENERATE_HD_WEBSUMMARY_CS
2025-10-21 23:05:46 [runtime] (ready)           ID.F08549.SPATIAL_RNA_COUNTER_CS.PICK_SPATIAL_COUNTER_OUTS
2025-10-21 23:05:46 [runtime] (run:local)       ID.F08549.SPATIAL_RNA_COUNTER_CS.PICK_SPATIAL_COUNTER_OUTS.fork0.chnk0.main
2025-10-21 23:05:46 [runtime] (chunks_complete) ID.F08549.SPATIAL_RNA_COUNTER_CS.PICK_SPATIAL_COUNTER_OUTS

Outputs:
- Run summary HTML:                                                         /home/janzules/spatial/second_run_output/human/F08549/outs/web_summary.html
- Outputs of spatial pipeline:
    Slide image annotated with fiducial alignment:                             /home/janzules/spatial/second_run_output/human/F08549/outs/spatial/aligned_fiducials.jpg
    Slide image annotated with detected tissue:                                /home/janzules/spatial/second_run_output/human/F08549/outs/spatial/detected_tissue_image.jpg
    Scale factors for hires and lowres images and fiducial and spot diameters: null
    Transform learned in tissue registration:                                  null
    Slide image scaled to 2000px in the largest dimension:                     /home/janzules/spatial/second_run_output/human/F08549/outs/spatial/tissue_hires_image.png
    Slide image scaled to 600px in the largest dimension:                      /home/janzules/spatial/second_run_output/human/F08549/outs/spatial/tissue_lowres_image.png
    RGB brightfield image generated by CytAssist instrument:                   /home/janzules/spatial/second_run_output/human/F08549/outs/spatial/cytassist_image.tiff
    Registration image between CytAssist image and microscope image:           /home/janzules/spatial/second_run_output/human/F08549/outs/spatial/aligned_tissue_image.jpg
    Slide position and tissue status of barcodes CSV:                          null
    Slide position and tissue status of barcodes PARQUET:                      null
    Per feature Moran's I CSV:                                                 null
    Fluorescence intensity at spot CSV:                                        null
- Run summary CSV:                                                          /home/janzules/spatial/second_run_output/human/F08549/outs/metrics_summary.csv
- BAM:                                                                      null
- BAM BAI index:                                                            null
- BAM CSI index:                                                            null
- Filtered feature-barcode matrices MEX:                                    null
- Filtered feature-barcode matrices HDF5:                                   null
- Unfiltered feature-barcode matrices MEX:                                  null
- Unfiltered feature-barcode matrices HDF5:                                 null
- Secondary analysis output CSV:                                            null
- Per-molecule read information:                                            /home/janzules/spatial/second_run_output/human/F08549/outs/molecule_info.h5
- Loupe Browser file:                                                       null
- Feature Reference:                                                        null
- Target Panel file:                                                        null
- Probe Set file:                                                           /home/janzules/spatial/second_run_output/human/F08549/outs/probe_set.csv
- Normalization factors used to normalize AB counts:                        null
- Deconvolution directory:                                                  null
- Raw probe barcode matrix:                                                 null
- Feature Slice matrix:                                                     /home/janzules/spatial/second_run_output/human/F08549/outs/feature_slice.h5
- Outputs at each bin level:                                                {
    square_002um:
      Raw probe barcode matrix:                 /home/janzules/spatial/second_run_output/human/F08549/outs/binned_outputs/square_002um/raw_probe_bc_matrix.h5
      Filtered feature-barcode matrices MEX:    /home/janzules/spatial/second_run_output/human/F08549/outs/binned_outputs/square_002um/filtered_feature_bc_matrix
      Filtered feature-barcode matrices HDF5:   /home/janzules/spatial/second_run_output/human/F08549/outs/binned_outputs/square_002um/filtered_feature_bc_matrix.h5
      Unfiltered feature-barcode matrices MEX:  /home/janzules/spatial/second_run_output/human/F08549/outs/binned_outputs/square_002um/raw_feature_bc_matrix
      Unfiltered feature-barcode matrices HDF5: /home/janzules/spatial/second_run_output/human/F08549/outs/binned_outputs/square_002um/raw_feature_bc_matrix.h5
      Secondary analysis output CSV:            null
      spatial:
        Slide image annotated with fiducial alignment:                             /home/janzules/spatial/second_run_output/human/F08549/outs/spatial/aligned_fiducials.jpg
        Slide image annotated with detected tissue:                                /home/janzules/spatial/second_run_output/human/F08549/outs/spatial/detected_tissue_image.jpg
        Scale factors for hires and lowres images and fiducial and spot diameters: /home/janzules/spatial/second_run_output/human/F08549/outs/binned_outputs/square_002um/spatial/scalefactors_json.json
        Transform learned in tissue registration:                                  null
        Slide image scaled to 2000px in the largest dimension:                     /home/janzules/spatial/second_run_output/human/F08549/outs/spatial/tissue_hires_image.png
        Slide image scaled to 600px in the largest dimension:                      /home/janzules/spatial/second_run_output/human/F08549/outs/spatial/tissue_lowres_image.png
        RGB brightfield image generated by CytAssist instrument:                   /home/janzules/spatial/second_run_output/human/F08549/outs/spatial/cytassist_image.tiff
        Registration image between CytAssist image and microscope image:           /home/janzules/spatial/second_run_output/human/F08549/outs/spatial/aligned_tissue_image.jpg
        Slide position and tissue status of barcodes CSV:                          null
        Slide position and tissue status of barcodes PARQUET:                      /home/janzules/spatial/second_run_output/human/F08549/outs/binned_outputs/square_002um/spatial/tissue_positions.parquet
        Per feature Moran's I CSV:                                                 null
        Fluorescence intensity at spot CSV:                                        null
      Loupe Browser file:                       null
    square_008um:
      Raw probe barcode matrix:                 null
      Filtered feature-barcode matrices MEX:    /home/janzules/spatial/second_run_output/human/F08549/outs/binned_outputs/square_008um/filtered_feature_bc_matrix
      Filtered feature-barcode matrices HDF5:   /home/janzules/spatial/second_run_output/human/F08549/outs/binned_outputs/square_008um/filtered_feature_bc_matrix.h5
      Unfiltered feature-barcode matrices MEX:  /home/janzules/spatial/second_run_output/human/F08549/outs/binned_outputs/square_008um/raw_feature_bc_matrix
      Unfiltered feature-barcode matrices HDF5: /home/janzules/spatial/second_run_output/human/F08549/outs/binned_outputs/square_008um/raw_feature_bc_matrix.h5
      Secondary analysis output CSV:            /home/janzules/spatial/second_run_output/human/F08549/outs/binned_outputs/square_008um/analysis
      spatial:
        Slide image annotated with fiducial alignment:                             /home/janzules/spatial/second_run_output/human/F08549/outs/spatial/aligned_fiducials.jpg
        Slide image annotated with detected tissue:                                /home/janzules/spatial/second_run_output/human/F08549/outs/spatial/detected_tissue_image.jpg
        Scale factors for hires and lowres images and fiducial and spot diameters: /home/janzules/spatial/second_run_output/human/F08549/outs/binned_outputs/square_008um/spatial/scalefactors_json.json
        Transform learned in tissue registration:                                  null
        Slide image scaled to 2000px in the largest dimension:                     /home/janzules/spatial/second_run_output/human/F08549/outs/spatial/tissue_hires_image.png
        Slide image scaled to 600px in the largest dimension:                      /home/janzules/spatial/second_run_output/human/F08549/outs/spatial/tissue_lowres_image.png
        RGB brightfield image generated by CytAssist instrument:                   /home/janzules/spatial/second_run_output/human/F08549/outs/spatial/cytassist_image.tiff
        Registration image between CytAssist image and microscope image:           /home/janzules/spatial/second_run_output/human/F08549/outs/spatial/aligned_tissue_image.jpg
        Slide position and tissue status of barcodes CSV:                          null
        Slide position and tissue status of barcodes PARQUET:                      /home/janzules/spatial/second_run_output/human/F08549/outs/binned_outputs/square_008um/spatial/tissue_positions.parquet
        Per feature Moran's I CSV:                                                 null
        Fluorescence intensity at spot CSV:                                        null
      Loupe Browser file:                       /home/janzules/spatial/second_run_output/human/F08549/outs/binned_outputs/square_008um/cloupe.cloupe
    square_016um:
      Raw probe barcode matrix:                 null
      Filtered feature-barcode matrices MEX:    /home/janzules/spatial/second_run_output/human/F08549/outs/binned_outputs/square_016um/filtered_feature_bc_matrix
      Filtered feature-barcode matrices HDF5:   /home/janzules/spatial/second_run_output/human/F08549/outs/binned_outputs/square_016um/filtered_feature_bc_matrix.h5
      Unfiltered feature-barcode matrices MEX:  /home/janzules/spatial/second_run_output/human/F08549/outs/binned_outputs/square_016um/raw_feature_bc_matrix
      Unfiltered feature-barcode matrices HDF5: /home/janzules/spatial/second_run_output/human/F08549/outs/binned_outputs/square_016um/raw_feature_bc_matrix.h5
      Secondary analysis output CSV:            /home/janzules/spatial/second_run_output/human/F08549/outs/binned_outputs/square_016um/analysis
      spatial:
        Slide image annotated with fiducial alignment:                             /home/janzules/spatial/second_run_output/human/F08549/outs/spatial/aligned_fiducials.jpg
        Slide image annotated with detected tissue:                                /home/janzules/spatial/second_run_output/human/F08549/outs/spatial/detected_tissue_image.jpg
        Scale factors for hires and lowres images and fiducial and spot diameters: /home/janzules/spatial/second_run_output/human/F08549/outs/binned_outputs/square_016um/spatial/scalefactors_json.json
        Transform learned in tissue registration:                                  null
        Slide image scaled to 2000px in the largest dimension:                     /home/janzules/spatial/second_run_output/human/F08549/outs/spatial/tissue_hires_image.png
        Slide image scaled to 600px in the largest dimension:                      /home/janzules/spatial/second_run_output/human/F08549/outs/spatial/tissue_lowres_image.png
        RGB brightfield image generated by CytAssist instrument:                   /home/janzules/spatial/second_run_output/human/F08549/outs/spatial/cytassist_image.tiff
        Registration image between CytAssist image and microscope image:           /home/janzules/spatial/second_run_output/human/F08549/outs/spatial/aligned_tissue_image.jpg
        Slide position and tissue status of barcodes CSV:                          null
        Slide position and tissue status of barcodes PARQUET:                      /home/janzules/spatial/second_run_output/human/F08549/outs/binned_outputs/square_016um/spatial/tissue_positions.parquet
        Per feature Moran's I CSV:                                                 null
        Fluorescence intensity at spot CSV:                                        null
      Loupe Browser file:                       null
  }
- Outputs of analyses on nuclear segmented cells:
    Unfiltered feature-barcode matrices HDF5:   /home/janzules/spatial/second_run_output/human/F08549/outs/segmented_outputs/raw_feature_cell_matrix.h5
    Filtered feature-barcode matrices HDF5:     /home/janzules/spatial/second_run_output/human/F08549/outs/segmented_outputs/filtered_feature_cell_matrix.h5
    Secondary analysis output CSV:              /home/janzules/spatial/second_run_output/human/F08549/outs/segmented_outputs/analysis
    raw_feature_cell_matrix:                    /home/janzules/spatial/second_run_output/human/F08549/outs/segmented_outputs/raw_feature_cell_matrix
    filtered_feature_cell_matrix:               /home/janzules/spatial/second_run_output/human/F08549/outs/segmented_outputs/filtered_feature_cell_matrix
    nucleus_segmentations:                      /home/janzules/spatial/second_run_output/human/F08549/outs/segmented_outputs/nucleus_segmentations.geojson
    cell_segmentations:                         /home/janzules/spatial/second_run_output/human/F08549/outs/segmented_outputs/cell_segmentations.geojson
    graphclust_annotated_nucleus_segmentations: /home/janzules/spatial/second_run_output/human/F08549/outs/segmented_outputs/graphclust_annotated_nucleus_segmentations.geojson
    graphclust_annotated_cell_segmentations:    /home/janzules/spatial/second_run_output/human/F08549/outs/segmented_outputs/graphclust_annotated_cell_segmentations.geojson
    cloupe:                                     /home/janzules/spatial/second_run_output/human/F08549/outs/segmented_outputs/cloupe.cloupe
    spatial:
      Slide image annotated with fiducial alignment:                             /home/janzules/spatial/second_run_output/human/F08549/outs/spatial/aligned_fiducials.jpg
      Slide image annotated with detected tissue:                                /home/janzules/spatial/second_run_output/human/F08549/outs/spatial/detected_tissue_image.jpg
      Scale factors for hires and lowres images and fiducial and spot diameters: /home/janzules/spatial/second_run_output/human/F08549/outs/segmented_outputs/spatial/scalefactors_json.json
      Transform learned in tissue registration:                                  null
      Slide image scaled to 2000px in the largest dimension:                     /home/janzules/spatial/second_run_output/human/F08549/outs/spatial/tissue_hires_image.png
      Slide image scaled to 600px in the largest dimension:                      /home/janzules/spatial/second_run_output/human/F08549/outs/spatial/tissue_lowres_image.png
      RGB brightfield image generated by CytAssist instrument:                   /home/janzules/spatial/second_run_output/human/F08549/outs/spatial/cytassist_image.tiff
      Registration image between CytAssist image and microscope image:           /home/janzules/spatial/second_run_output/human/F08549/outs/spatial/aligned_tissue_image.jpg
      Slide position and tissue status of barcodes CSV:                          null
      Slide position and tissue status of barcodes PARQUET:                      null
      Per feature Moran's I CSV:                                                 null
      Fluorescence intensity at spot CSV:                                        null
- File giving the mapping of every barcode to the bins and segmented cells: /home/janzules/spatial/second_run_output/human/F08549/outs/barcode_mappings.parquet
- Loupe Browser file (8um bin size):                                        /home/janzules/spatial/second_run_output/human/F08549/outs/binned_outputs/square_008um/cloupe.cloupe
- Loupe Browser file (custom bin size):                                     null
- Loupe Browser file (segmented cells):                                     /home/janzules/spatial/second_run_output/human/F08549/outs/segmented_outputs/cloupe.cloupe
- Name of this pipeline:                                                    SPATIAL_RNA_COUNTER_CS

Waiting 6 seconds for UI to do final refresh.
Pipestance completed successfully!

2025-10-21 23:05:55 Shutting down.
Saving pipestance info to "/home/janzules/spatial/second_run_output/human/F08549/F08549.mri.tgz"
