#====================================#
TGEN_ID=F08544
LOUPE_ALIGNMENT=/home/janzules/spatial/second_run_images/HumanVisium_2025/070925-071125 hTMA3 hTMA4/alignment/F08544.json
CYT_IMAGE=/home/janzules/spatial/second_run_images/HumanVisium_2025/070925-071125 hTMA3 hTMA4/cytassist/CAVG10409_2025-07-10_14-21-27_RL-HTMA3-4_H1-GC64VB8_D1_tma3.tif
HNE=/home/janzules/spatial/second_run_images/HumanVisium_2025/070925-071125 hTMA3 hTMA4/hne/RL-hTMA3.tif
SLIDE=H1-GC64VB8
AREA=D1
FASTQS=/home/janzules/spatial/raw_data/for_spaceranger/human/F08544

#====================================#
Martian Runtime - v4.0.14
Serving UI at http://ppxhpcnode09:42750?auth=r_NXxdUfo1Buyu6xuZyfTcFEdS5nrmId3x8-DbiNf3A

Running preflight checks (please wait)...
Checking sample info...
Checking FASTQ folder...
Checking reference...
Checking reference_path (/home/janzules/spatial/references/refdata-gex-GRCh38-2020-A) on ppxhpcnode09...
Checking read 2 length...
Checking optional arguments...
mro: v4.0.14
mrp: v4.0.14
python: Python 3.12.3
numpy: 1.26.4
scipy: 1.14.1
pysam: 0.22.1
h5py: 3.13.0
pandas: 2.2.3
STAR: 2.7.2a
samtools: samtools 1.16.1
2025-10-21 20:17:30 [runtime] (ready)           ID.F08544.SPATIAL_RNA_COUNTER_CS.SPATIAL_RNA_COUNTER_PREP.COPY_CHEMISTRY_SPEC
2025-10-21 20:17:30 [runtime] (run:local)       ID.F08544.SPATIAL_RNA_COUNTER_CS.SPATIAL_RNA_COUNTER_PREP.COPY_CHEMISTRY_SPEC.fork0.chnk0.main
2025-10-21 20:17:30 [runtime] (ready)           ID.F08544.SPATIAL_RNA_COUNTER_CS.USER_PROVIDED_SEGMENTATIONS
2025-10-21 20:17:30 [runtime] (run:local)       ID.F08544.SPATIAL_RNA_COUNTER_CS.USER_PROVIDED_SEGMENTATIONS.fork0.chnk0.main
2025-10-21 20:17:30 [runtime] (ready)           ID.F08544.SPATIAL_RNA_COUNTER_CS.SPATIAL_RNA_COUNTER.SPATIAL_POST_MATRIX_COMPUTATION.DISABLE_FEATURE_STAGES
2025-10-21 20:17:30 [runtime] (run:local)       ID.F08544.SPATIAL_RNA_COUNTER_CS.SPATIAL_RNA_COUNTER.SPATIAL_POST_MATRIX_COMPUTATION.DISABLE_FEATURE_STAGES.fork0.chnk0.main
2025-10-21 20:17:30 [runtime] (ready)           ID.F08544.SPATIAL_RNA_COUNTER_CS.SPATIAL_MATRIX_COMPUTER.WRITE_GENE_INDEX
2025-10-21 20:17:30 [runtime] (run:local)       ID.F08544.SPATIAL_RNA_COUNTER_CS.SPATIAL_MATRIX_COMPUTER.WRITE_GENE_INDEX.fork0.chnk0.main
2025-10-21 20:17:30 [runtime] (ready)           ID.F08544.SPATIAL_RNA_COUNTER_CS.FIX_CYTASSIST_IMAGE_COMPATIBILITY
2025-10-21 20:17:30 [runtime] (run:local)       ID.F08544.SPATIAL_RNA_COUNTER_CS.FIX_CYTASSIST_IMAGE_COMPATIBILITY.fork0.chnk0.main
2025-10-21 20:17:30 [runtime] (ready)           ID.F08544.SPATIAL_RNA_COUNTER_CS.SPATIAL_RNA_COUNTER_PREP.DISABLE_CORRECTION_FACTOR
2025-10-21 20:17:30 [runtime] (run:local)       ID.F08544.SPATIAL_RNA_COUNTER_CS.SPATIAL_RNA_COUNTER_PREP.DISABLE_CORRECTION_FACTOR.fork0.chnk0.main
2025-10-21 20:17:30 [runtime] (chunks_complete) ID.F08544.SPATIAL_RNA_COUNTER_CS.SPATIAL_RNA_COUNTER_PREP.COPY_CHEMISTRY_SPEC
2025-10-21 20:17:30 [runtime] (chunks_complete) ID.F08544.SPATIAL_RNA_COUNTER_CS.USER_PROVIDED_SEGMENTATIONS
2025-10-21 20:17:30 [runtime] (ready)           ID.F08544.SPATIAL_RNA_COUNTER_CS.SPATIAL_RNA_COUNTER_PREP.DETECT_CHEMISTRY
2025-10-21 20:17:30 [runtime] (run:local)       ID.F08544.SPATIAL_RNA_COUNTER_CS.SPATIAL_RNA_COUNTER_PREP.DETECT_CHEMISTRY.fork0.chnk0.main
2025-10-21 20:17:30 [runtime] (chunks_complete) ID.F08544.SPATIAL_RNA_COUNTER_CS.SPATIAL_RNA_COUNTER.SPATIAL_POST_MATRIX_COMPUTATION.DISABLE_FEATURE_STAGES
2025-10-21 20:17:30 [runtime] (chunks_complete) ID.F08544.SPATIAL_RNA_COUNTER_CS.SPATIAL_RNA_COUNTER_PREP.DISABLE_CORRECTION_FACTOR
2025-10-21 20:17:31 [runtime] (chunks_complete) ID.F08544.SPATIAL_RNA_COUNTER_CS.FIX_CYTASSIST_IMAGE_COMPATIBILITY
2025-10-21 20:17:31 [runtime] (ready)           ID.F08544.SPATIAL_RNA_COUNTER_CS.SPATIAL_IMAGING_CS.GET_CYTASSIST_RUN_METADATA
2025-10-21 20:17:31 [runtime] (run:local)       ID.F08544.SPATIAL_RNA_COUNTER_CS.SPATIAL_IMAGING_CS.GET_CYTASSIST_RUN_METADATA.fork0.chnk0.main
2025-10-21 20:17:31 [runtime] (chunks_complete) ID.F08544.SPATIAL_RNA_COUNTER_CS.SPATIAL_IMAGING_CS.GET_CYTASSIST_RUN_METADATA
2025-10-21 20:17:38 [runtime] (chunks_complete) ID.F08544.SPATIAL_RNA_COUNTER_CS.SPATIAL_RNA_COUNTER_PREP.DETECT_CHEMISTRY
2025-10-21 20:17:38 [runtime] (ready)           ID.F08544.SPATIAL_RNA_COUNTER_CS.SPATIAL_RNA_COUNTER_PREP.MULTI_SETUP_CHUNKS
2025-10-21 20:17:38 [runtime] (run:local)       ID.F08544.SPATIAL_RNA_COUNTER_CS.SPATIAL_RNA_COUNTER_PREP.MULTI_SETUP_CHUNKS.fork0.chnk0.main
2025-10-21 20:17:38 [runtime] (chunks_complete) ID.F08544.SPATIAL_RNA_COUNTER_CS.SPATIAL_RNA_COUNTER_PREP.MULTI_SETUP_CHUNKS
2025-10-21 20:17:38 [runtime] (ready)           ID.F08544.SPATIAL_RNA_COUNTER_CS.SPATIAL_RNA_COUNTER_PREP.EXPECT_SINGLE_BARCODE_WHITELIST
2025-10-21 20:17:38 [runtime] (run:local)       ID.F08544.SPATIAL_RNA_COUNTER_CS.SPATIAL_RNA_COUNTER_PREP.EXPECT_SINGLE_BARCODE_WHITELIST.fork0.chnk0.main
2025-10-21 20:17:38 [runtime] (chunks_complete) ID.F08544.SPATIAL_RNA_COUNTER_CS.SPATIAL_RNA_COUNTER_PREP.EXPECT_SINGLE_BARCODE_WHITELIST
2025-10-21 20:17:38 [runtime] (ready)           ID.F08544.SPATIAL_RNA_COUNTER_CS.SPATIAL_RNA_COUNTER_PREP.COMPUTE_CORRECTION_FACTOR
2025-10-21 20:17:38 [runtime] (ready)           ID.F08544.SPATIAL_RNA_COUNTER_CS.SPATIAL_RNA_COUNTER_PREP.WRITE_SPATIAL_BARCODE_INDEX
2025-10-21 20:17:38 [runtime] (run:local)       ID.F08544.SPATIAL_RNA_COUNTER_CS.SPATIAL_RNA_COUNTER_PREP.WRITE_SPATIAL_BARCODE_INDEX.fork0.split
2025-10-21 20:17:38 [runtime] (ready)           ID.F08544.SPATIAL_RNA_COUNTER_CS.SPATIAL_IMAGING_CS.DETERMINE_PIPELINE_MODE
2025-10-21 20:17:38 [runtime] (run:local)       ID.F08544.SPATIAL_RNA_COUNTER_CS.SPATIAL_IMAGING_CS.DETERMINE_PIPELINE_MODE.fork0.chnk0.main
2025-10-21 20:17:39 [runtime] (split_complete)  ID.F08544.SPATIAL_RNA_COUNTER_CS.SPATIAL_RNA_COUNTER_PREP.WRITE_SPATIAL_BARCODE_INDEX
2025-10-21 20:17:39 [runtime] (run:local)       ID.F08544.SPATIAL_RNA_COUNTER_CS.SPATIAL_RNA_COUNTER_PREP.WRITE_SPATIAL_BARCODE_INDEX.fork0.join
2025-10-21 20:17:39 [runtime] (chunks_complete) ID.F08544.SPATIAL_RNA_COUNTER_CS.SPATIAL_IMAGING_CS.DETERMINE_PIPELINE_MODE
2025-10-21 20:17:39 [runtime] (ready)           ID.F08544.SPATIAL_RNA_COUNTER_CS.SPATIAL_RNA_COUNTER.SPATIAL_POST_MATRIX_COMPUTATION.DISABLE_SD_ONLY_STAGES
2025-10-21 20:17:39 [runtime] (run:local)       ID.F08544.SPATIAL_RNA_COUNTER_CS.SPATIAL_RNA_COUNTER.SPATIAL_POST_MATRIX_COMPUTATION.DISABLE_SD_ONLY_STAGES.fork0.chnk0.main
2025-10-21 20:17:39 [runtime] (ready)           ID.F08544.SPATIAL_RNA_COUNTER_CS.SPATIAL_IMAGING_CS.DISABLE_IMAGING_STAGES
2025-10-21 20:17:39 [runtime] (run:local)       ID.F08544.SPATIAL_RNA_COUNTER_CS.SPATIAL_IMAGING_CS.DISABLE_IMAGING_STAGES.fork0.chnk0.main
2025-10-21 20:17:39 [runtime] (ready)           ID.F08544.SPATIAL_RNA_COUNTER_CS.SPATIAL_IMAGING_CS.STANDARDIZE_IMAGES
2025-10-21 20:17:39 [runtime] (run:local)       ID.F08544.SPATIAL_RNA_COUNTER_CS.SPATIAL_IMAGING_CS.STANDARDIZE_IMAGES.fork0.split
2025-10-21 20:17:39 [runtime] (ready)           ID.F08544.SPATIAL_RNA_COUNTER_CS.SPATIAL_RNA_COUNTER.SPATIAL_POST_MATRIX_COMPUTATION.WEBSUMMARY_ALERTS
2025-10-21 20:17:39 [runtime] (run:local)       ID.F08544.SPATIAL_RNA_COUNTER_CS.SPATIAL_RNA_COUNTER.SPATIAL_POST_MATRIX_COMPUTATION.WEBSUMMARY_ALERTS.fork0.chnk0.main
2025-10-21 20:17:39 [runtime] (chunks_complete) ID.F08544.SPATIAL_RNA_COUNTER_CS.SPATIAL_RNA_COUNTER.SPATIAL_POST_MATRIX_COMPUTATION.DISABLE_SD_ONLY_STAGES
2025-10-21 20:17:40 [runtime] (chunks_complete) ID.F08544.SPATIAL_RNA_COUNTER_CS.SPATIAL_RNA_COUNTER.SPATIAL_POST_MATRIX_COMPUTATION.WEBSUMMARY_ALERTS
2025-10-21 20:17:40 [runtime] (chunks_complete) ID.F08544.SPATIAL_RNA_COUNTER_CS.SPATIAL_IMAGING_CS.DISABLE_IMAGING_STAGES
2025-10-21 20:17:40 [runtime] (ready)           ID.F08544.SPATIAL_RNA_COUNTER_CS.SPATIAL_RNA_COUNTER.SPATIAL_POST_MATRIX_COMPUTATION.BIN_HD_DATA.SETUP_BINNING
2025-10-21 20:17:40 [runtime] (run:local)       ID.F08544.SPATIAL_RNA_COUNTER_CS.SPATIAL_RNA_COUNTER.SPATIAL_POST_MATRIX_COMPUTATION.BIN_HD_DATA.SETUP_BINNING.fork0.chnk0.main
2025-10-21 20:17:42 [runtime] (chunks_complete) ID.F08544.SPATIAL_RNA_COUNTER_CS.SPATIAL_RNA_COUNTER.SPATIAL_POST_MATRIX_COMPUTATION.BIN_HD_DATA.SETUP_BINNING
2025-10-21 20:17:43 [runtime] (join_complete)   ID.F08544.SPATIAL_RNA_COUNTER_CS.SPATIAL_RNA_COUNTER_PREP.WRITE_SPATIAL_BARCODE_INDEX
2025-10-21 20:17:45 [runtime] (split_complete)  ID.F08544.SPATIAL_RNA_COUNTER_CS.SPATIAL_IMAGING_CS.STANDARDIZE_IMAGES
2025-10-21 20:17:45 [runtime] (run:local)       ID.F08544.SPATIAL_RNA_COUNTER_CS.SPATIAL_IMAGING_CS.STANDARDIZE_IMAGES.fork0.join
2025-10-21 20:17:50 [runtime] (chunks_complete) ID.F08544.SPATIAL_RNA_COUNTER_CS.SPATIAL_MATRIX_COMPUTER.WRITE_GENE_INDEX
2025-10-21 20:17:50 [runtime] (ready)           ID.F08544.SPATIAL_RNA_COUNTER_CS.SPATIAL_MATRIX_COMPUTER.PARSE_TARGET_FEATURES
2025-10-21 20:17:50 [runtime] (run:local)       ID.F08544.SPATIAL_RNA_COUNTER_CS.SPATIAL_MATRIX_COMPUTER.PARSE_TARGET_FEATURES.fork0.chnk0.main
2025-10-21 20:18:04 [runtime] (chunks_complete) ID.F08544.SPATIAL_RNA_COUNTER_CS.SPATIAL_MATRIX_COMPUTER.PARSE_TARGET_FEATURES
2025-10-21 20:18:05 [runtime] (ready)           ID.F08544.SPATIAL_RNA_COUNTER_CS.SPATIAL_MATRIX_COMPUTER.SETUP_REFERENCE_INFO
2025-10-21 20:18:05 [runtime] (run:local)       ID.F08544.SPATIAL_RNA_COUNTER_CS.SPATIAL_MATRIX_COMPUTER.SETUP_REFERENCE_INFO.fork0.chnk0.main
2025-10-21 20:18:05 [runtime] (ready)           ID.F08544.SPATIAL_RNA_COUNTER_CS.SPATIAL_RNA_COUNTER.SPATIAL_POST_MATRIX_COMPUTATION._TARGETED_ANALYZER.DISABLE_TARGETED_STAGES
2025-10-21 20:18:05 [runtime] (run:local)       ID.F08544.SPATIAL_RNA_COUNTER_CS.SPATIAL_RNA_COUNTER.SPATIAL_POST_MATRIX_COMPUTATION._TARGETED_ANALYZER.DISABLE_TARGETED_STAGES.fork0.chnk0.main
2025-10-21 20:18:05 [runtime] (chunks_complete) ID.F08544.SPATIAL_RNA_COUNTER_CS.SPATIAL_MATRIX_COMPUTER.SETUP_REFERENCE_INFO
2025-10-21 20:18:05 [runtime] (ready)           ID.F08544.SPATIAL_RNA_COUNTER_CS.SPATIAL_MATRIX_COMPUTER._MATRIX_COMPUTER.MAKE_SHARD
2025-10-21 20:18:05 [runtime] (run:local)       ID.F08544.SPATIAL_RNA_COUNTER_CS.SPATIAL_MATRIX_COMPUTER._MATRIX_COMPUTER.MAKE_SHARD.fork0.split
2025-10-21 20:18:06 [runtime] (chunks_complete) ID.F08544.SPATIAL_RNA_COUNTER_CS.SPATIAL_RNA_COUNTER.SPATIAL_POST_MATRIX_COMPUTATION._TARGETED_ANALYZER.DISABLE_TARGETED_STAGES
2025-10-21 20:18:20 [runtime] (split_complete)  ID.F08544.SPATIAL_RNA_COUNTER_CS.SPATIAL_MATRIX_COMPUTER._MATRIX_COMPUTER.MAKE_SHARD
2025-10-21 20:18:20 [runtime] (run:local)       ID.F08544.SPATIAL_RNA_COUNTER_CS.SPATIAL_MATRIX_COMPUTER._MATRIX_COMPUTER.MAKE_SHARD.fork0.chnk0.main
2025-10-21 20:18:22 [runtime] (join_complete)   ID.F08544.SPATIAL_RNA_COUNTER_CS.SPATIAL_IMAGING_CS.STANDARDIZE_IMAGES
2025-10-21 20:18:22 [runtime] (ready)           ID.F08544.SPATIAL_RNA_COUNTER_CS.CLOUPE_TILE_IMAGES
2025-10-21 20:18:22 [runtime] (run:local)       ID.F08544.SPATIAL_RNA_COUNTER_CS.CLOUPE_TILE_IMAGES.fork0.split
2025-10-21 20:18:22 [runtime] (ready)           ID.F08544.SPATIAL_RNA_COUNTER_CS.SPATIAL_IMAGING_CS.LOUPE_ALIGNMENT_READER
2025-10-21 20:18:22 [runtime] (run:local)       ID.F08544.SPATIAL_RNA_COUNTER_CS.SPATIAL_IMAGING_CS.LOUPE_ALIGNMENT_READER.fork0.split
2025-10-21 20:18:22 [runtime] (split_complete)  ID.F08544.SPATIAL_RNA_COUNTER_CS.CLOUPE_TILE_IMAGES
2025-10-21 20:18:22 [runtime] (run:local)       ID.F08544.SPATIAL_RNA_COUNTER_CS.CLOUPE_TILE_IMAGES.fork0.join
2025-10-21 20:18:23 [runtime] (split_complete)  ID.F08544.SPATIAL_RNA_COUNTER_CS.SPATIAL_IMAGING_CS.LOUPE_ALIGNMENT_READER
2025-10-21 20:18:23 [runtime] (run:local)       ID.F08544.SPATIAL_RNA_COUNTER_CS.SPATIAL_IMAGING_CS.LOUPE_ALIGNMENT_READER.fork0.join
2025-10-21 20:18:24 [runtime] (join_complete)   ID.F08544.SPATIAL_RNA_COUNTER_CS.SPATIAL_IMAGING_CS.LOUPE_ALIGNMENT_READER
2025-10-21 20:18:24 [runtime] (ready)           ID.F08544.SPATIAL_RNA_COUNTER_CS.SPATIAL_IMAGING_CS.GPR_READER
2025-10-21 20:18:24 [runtime] (ready)           ID.F08544.SPATIAL_RNA_COUNTER_CS.SPATIAL_IMAGING_CS.HD_LAYOUT_READER
2025-10-21 20:18:24 [runtime] (run:local)       ID.F08544.SPATIAL_RNA_COUNTER_CS.SPATIAL_IMAGING_CS.HD_LAYOUT_READER.fork0.chnk0.main
2025-10-21 20:18:24 [runtime] (chunks_complete) ID.F08544.SPATIAL_RNA_COUNTER_CS.SPATIAL_IMAGING_CS.HD_LAYOUT_READER
2025-10-21 20:18:24 [runtime] (ready)           ID.F08544.SPATIAL_RNA_COUNTER_CS.SPATIAL_IMAGING_CS.ALIGN_FIDUCIALS
2025-10-21 20:18:24 [runtime] (run:local)       ID.F08544.SPATIAL_RNA_COUNTER_CS.SPATIAL_IMAGING_CS.ALIGN_FIDUCIALS.fork0.split
2025-10-21 20:18:26 [runtime] (split_complete)  ID.F08544.SPATIAL_RNA_COUNTER_CS.SPATIAL_IMAGING_CS.ALIGN_FIDUCIALS
2025-10-21 20:18:26 [runtime] (run:local)       ID.F08544.SPATIAL_RNA_COUNTER_CS.SPATIAL_IMAGING_CS.ALIGN_FIDUCIALS.fork0.join
2025-10-21 20:18:29 [runtime] (join_complete)   ID.F08544.SPATIAL_RNA_COUNTER_CS.SPATIAL_IMAGING_CS.ALIGN_FIDUCIALS
2025-10-21 20:18:29 [runtime] (ready)           ID.F08544.SPATIAL_RNA_COUNTER_CS.SPATIAL_IMAGING_CS.REGISTER_TISSUE.SEED_REGISTRATION
2025-10-21 20:18:29 [runtime] (run:local)       ID.F08544.SPATIAL_RNA_COUNTER_CS.SPATIAL_IMAGING_CS.REGISTER_TISSUE.SEED_REGISTRATION.fork0.split
2025-10-21 20:18:32 [runtime] (split_complete)  ID.F08544.SPATIAL_RNA_COUNTER_CS.SPATIAL_IMAGING_CS.REGISTER_TISSUE.SEED_REGISTRATION
2025-10-21 20:18:32 [runtime] (run:local)       ID.F08544.SPATIAL_RNA_COUNTER_CS.SPATIAL_IMAGING_CS.REGISTER_TISSUE.SEED_REGISTRATION.fork0.join
2025-10-21 20:18:35 [runtime] (join_complete)   ID.F08544.SPATIAL_RNA_COUNTER_CS.SPATIAL_IMAGING_CS.REGISTER_TISSUE.SEED_REGISTRATION
2025-10-21 20:18:35 [runtime] (ready)           ID.F08544.SPATIAL_RNA_COUNTER_CS.SPATIAL_IMAGING_CS.REGISTER_TISSUE.REGISTER_FROM_INIT
2025-10-21 20:18:35 [runtime] (run:local)       ID.F08544.SPATIAL_RNA_COUNTER_CS.SPATIAL_IMAGING_CS.REGISTER_TISSUE.REGISTER_FROM_INIT.fork0.split
2025-10-21 20:18:37 [runtime] (split_complete)  ID.F08544.SPATIAL_RNA_COUNTER_CS.SPATIAL_IMAGING_CS.REGISTER_TISSUE.REGISTER_FROM_INIT
2025-10-21 20:18:37 [runtime] (run:local)       ID.F08544.SPATIAL_RNA_COUNTER_CS.SPATIAL_IMAGING_CS.REGISTER_TISSUE.REGISTER_FROM_INIT.fork0.join
2025-10-21 20:18:39 [runtime] (join_complete)   ID.F08544.SPATIAL_RNA_COUNTER_CS.SPATIAL_IMAGING_CS.REGISTER_TISSUE.REGISTER_FROM_INIT
2025-10-21 20:18:39 [runtime] (ready)           ID.F08544.SPATIAL_RNA_COUNTER_CS.SPATIAL_IMAGING_CS.REGISTER_TISSUE.SUMMARIZE_REGISTRATION
2025-10-21 20:18:39 [runtime] (run:local)       ID.F08544.SPATIAL_RNA_COUNTER_CS.SPATIAL_IMAGING_CS.REGISTER_TISSUE.SUMMARIZE_REGISTRATION.fork0.chnk0.main
2025-10-21 20:18:52 [runtime] (chunks_complete) ID.F08544.SPATIAL_RNA_COUNTER_CS.SPATIAL_IMAGING_CS.REGISTER_TISSUE.SUMMARIZE_REGISTRATION
2025-10-21 20:18:56 [runtime] (join_complete)   ID.F08544.SPATIAL_RNA_COUNTER_CS.CLOUPE_TILE_IMAGES
2025-10-21 20:24:23 [runtime] (update)          ID.F08544.SPATIAL_RNA_COUNTER_CS.SPATIAL_MATRIX_COMPUTER._MATRIX_COMPUTER.MAKE_SHARD.fork0 chunks_running
2025-10-21 20:30:22 [runtime] (update)          ID.F08544.SPATIAL_RNA_COUNTER_CS.SPATIAL_MATRIX_COMPUTER._MATRIX_COMPUTER.MAKE_SHARD.fork0 chunks_running
2025-10-21 20:36:23 [runtime] (update)          ID.F08544.SPATIAL_RNA_COUNTER_CS.SPATIAL_MATRIX_COMPUTER._MATRIX_COMPUTER.MAKE_SHARD.fork0 chunks_running
2025-10-21 20:42:24 [runtime] (update)          ID.F08544.SPATIAL_RNA_COUNTER_CS.SPATIAL_MATRIX_COMPUTER._MATRIX_COMPUTER.MAKE_SHARD.fork0 chunks_running
2025-10-21 20:45:57 [runtime] (chunks_complete) ID.F08544.SPATIAL_RNA_COUNTER_CS.SPATIAL_MATRIX_COMPUTER._MATRIX_COMPUTER.MAKE_SHARD
2025-10-21 20:45:57 [runtime] (run:local)       ID.F08544.SPATIAL_RNA_COUNTER_CS.SPATIAL_MATRIX_COMPUTER._MATRIX_COMPUTER.MAKE_SHARD.fork0.join
2025-10-21 20:45:58 [runtime] (join_complete)   ID.F08544.SPATIAL_RNA_COUNTER_CS.SPATIAL_MATRIX_COMPUTER._MATRIX_COMPUTER.MAKE_SHARD
2025-10-21 20:45:58 [runtime] (ready)           ID.F08544.SPATIAL_RNA_COUNTER_CS.SPATIAL_MATRIX_COMPUTER._MATRIX_COMPUTER.MAKE_CORRECTION_MAP
2025-10-21 20:45:58 [runtime] (run:local)       ID.F08544.SPATIAL_RNA_COUNTER_CS.SPATIAL_MATRIX_COMPUTER._MATRIX_COMPUTER.MAKE_CORRECTION_MAP.fork0.split
2025-10-21 20:45:58 [runtime] (split_complete)  ID.F08544.SPATIAL_RNA_COUNTER_CS.SPATIAL_MATRIX_COMPUTER._MATRIX_COMPUTER.MAKE_CORRECTION_MAP
2025-10-21 20:45:58 [runtime] (run:local)       ID.F08544.SPATIAL_RNA_COUNTER_CS.SPATIAL_MATRIX_COMPUTER._MATRIX_COMPUTER.MAKE_CORRECTION_MAP.fork0.join
2025-10-21 20:46:58 [runtime] (join_complete)   ID.F08544.SPATIAL_RNA_COUNTER_CS.SPATIAL_MATRIX_COMPUTER._MATRIX_COMPUTER.MAKE_CORRECTION_MAP
2025-10-21 20:46:58 [runtime] (ready)           ID.F08544.SPATIAL_RNA_COUNTER_CS.SPATIAL_MATRIX_COMPUTER._MATRIX_COMPUTER.BARCODE_CORRECTION
2025-10-21 20:46:58 [runtime] (run:local)       ID.F08544.SPATIAL_RNA_COUNTER_CS.SPATIAL_MATRIX_COMPUTER._MATRIX_COMPUTER.BARCODE_CORRECTION.fork0.split
2025-10-21 20:46:59 [runtime] (split_complete)  ID.F08544.SPATIAL_RNA_COUNTER_CS.SPATIAL_MATRIX_COMPUTER._MATRIX_COMPUTER.BARCODE_CORRECTION
2025-10-21 20:46:59 [runtime] (run:local)       ID.F08544.SPATIAL_RNA_COUNTER_CS.SPATIAL_MATRIX_COMPUTER._MATRIX_COMPUTER.BARCODE_CORRECTION.fork0.chnk000.main
2025-10-21 20:46:59 [runtime] (run:local)       ID.F08544.SPATIAL_RNA_COUNTER_CS.SPATIAL_MATRIX_COMPUTER._MATRIX_COMPUTER.BARCODE_CORRECTION.fork0.chnk001.main
2025-10-21 20:46:59 [runtime] (run:local)       ID.F08544.SPATIAL_RNA_COUNTER_CS.SPATIAL_MATRIX_COMPUTER._MATRIX_COMPUTER.BARCODE_CORRECTION.fork0.chnk002.main
2025-10-21 20:46:59 [runtime] (run:local)       ID.F08544.SPATIAL_RNA_COUNTER_CS.SPATIAL_MATRIX_COMPUTER._MATRIX_COMPUTER.BARCODE_CORRECTION.fork0.chnk003.main
2025-10-21 20:46:59 [runtime] (run:local)       ID.F08544.SPATIAL_RNA_COUNTER_CS.SPATIAL_MATRIX_COMPUTER._MATRIX_COMPUTER.BARCODE_CORRECTION.fork0.chnk004.main
2025-10-21 20:46:59 [runtime] (run:local)       ID.F08544.SPATIAL_RNA_COUNTER_CS.SPATIAL_MATRIX_COMPUTER._MATRIX_COMPUTER.BARCODE_CORRECTION.fork0.chnk005.main
2025-10-21 20:46:59 [runtime] (run:local)       ID.F08544.SPATIAL_RNA_COUNTER_CS.SPATIAL_MATRIX_COMPUTER._MATRIX_COMPUTER.BARCODE_CORRECTION.fork0.chnk006.main
2025-10-21 20:46:59 [runtime] (run:local)       ID.F08544.SPATIAL_RNA_COUNTER_CS.SPATIAL_MATRIX_COMPUTER._MATRIX_COMPUTER.BARCODE_CORRECTION.fork0.chnk007.main
2025-10-21 20:46:59 [runtime] (run:local)       ID.F08544.SPATIAL_RNA_COUNTER_CS.SPATIAL_MATRIX_COMPUTER._MATRIX_COMPUTER.BARCODE_CORRECTION.fork0.chnk008.main
2025-10-21 20:46:59 [runtime] (run:local)       ID.F08544.SPATIAL_RNA_COUNTER_CS.SPATIAL_MATRIX_COMPUTER._MATRIX_COMPUTER.BARCODE_CORRECTION.fork0.chnk009.main
2025-10-21 20:46:59 [runtime] (run:local)       ID.F08544.SPATIAL_RNA_COUNTER_CS.SPATIAL_MATRIX_COMPUTER._MATRIX_COMPUTER.BARCODE_CORRECTION.fork0.chnk010.main
2025-10-21 20:46:59 [runtime] (run:local)       ID.F08544.SPATIAL_RNA_COUNTER_CS.SPATIAL_MATRIX_COMPUTER._MATRIX_COMPUTER.BARCODE_CORRECTION.fork0.chnk011.main
2025-10-21 20:46:59 [runtime] (run:local)       ID.F08544.SPATIAL_RNA_COUNTER_CS.SPATIAL_MATRIX_COMPUTER._MATRIX_COMPUTER.BARCODE_CORRECTION.fork0.chnk012.main
2025-10-21 20:47:00 [runtime] (run:local)       ID.F08544.SPATIAL_RNA_COUNTER_CS.SPATIAL_MATRIX_COMPUTER._MATRIX_COMPUTER.BARCODE_CORRECTION.fork0.chnk013.main
2025-10-21 20:47:00 [runtime] (run:local)       ID.F08544.SPATIAL_RNA_COUNTER_CS.SPATIAL_MATRIX_COMPUTER._MATRIX_COMPUTER.BARCODE_CORRECTION.fork0.chnk014.main
2025-10-21 20:47:00 [runtime] (run:local)       ID.F08544.SPATIAL_RNA_COUNTER_CS.SPATIAL_MATRIX_COMPUTER._MATRIX_COMPUTER.BARCODE_CORRECTION.fork0.chnk015.main
2025-10-21 20:47:00 [runtime] (run:local)       ID.F08544.SPATIAL_RNA_COUNTER_CS.SPATIAL_MATRIX_COMPUTER._MATRIX_COMPUTER.BARCODE_CORRECTION.fork0.chnk016.main
2025-10-21 20:47:00 [runtime] (run:local)       ID.F08544.SPATIAL_RNA_COUNTER_CS.SPATIAL_MATRIX_COMPUTER._MATRIX_COMPUTER.BARCODE_CORRECTION.fork0.chnk017.main
2025-10-21 20:47:00 [runtime] (run:local)       ID.F08544.SPATIAL_RNA_COUNTER_CS.SPATIAL_MATRIX_COMPUTER._MATRIX_COMPUTER.BARCODE_CORRECTION.fork0.chnk018.main
2025-10-21 20:47:00 [runtime] (run:local)       ID.F08544.SPATIAL_RNA_COUNTER_CS.SPATIAL_MATRIX_COMPUTER._MATRIX_COMPUTER.BARCODE_CORRECTION.fork0.chnk019.main
2025-10-21 20:47:00 [runtime] (run:local)       ID.F08544.SPATIAL_RNA_COUNTER_CS.SPATIAL_MATRIX_COMPUTER._MATRIX_COMPUTER.BARCODE_CORRECTION.fork0.chnk020.main
2025-10-21 20:47:00 [runtime] (run:local)       ID.F08544.SPATIAL_RNA_COUNTER_CS.SPATIAL_MATRIX_COMPUTER._MATRIX_COMPUTER.BARCODE_CORRECTION.fork0.chnk021.main
2025-10-21 20:47:00 [runtime] (run:local)       ID.F08544.SPATIAL_RNA_COUNTER_CS.SPATIAL_MATRIX_COMPUTER._MATRIX_COMPUTER.BARCODE_CORRECTION.fork0.chnk022.main
2025-10-21 20:47:00 [runtime] (run:local)       ID.F08544.SPATIAL_RNA_COUNTER_CS.SPATIAL_MATRIX_COMPUTER._MATRIX_COMPUTER.BARCODE_CORRECTION.fork0.chnk023.main
2025-10-21 20:47:00 [runtime] (run:local)       ID.F08544.SPATIAL_RNA_COUNTER_CS.SPATIAL_MATRIX_COMPUTER._MATRIX_COMPUTER.BARCODE_CORRECTION.fork0.chnk024.main
2025-10-21 20:47:00 [runtime] (run:local)       ID.F08544.SPATIAL_RNA_COUNTER_CS.SPATIAL_MATRIX_COMPUTER._MATRIX_COMPUTER.BARCODE_CORRECTION.fork0.chnk025.main
2025-10-21 20:47:00 [runtime] (run:local)       ID.F08544.SPATIAL_RNA_COUNTER_CS.SPATIAL_MATRIX_COMPUTER._MATRIX_COMPUTER.BARCODE_CORRECTION.fork0.chnk026.main
2025-10-21 20:47:00 [runtime] (run:local)       ID.F08544.SPATIAL_RNA_COUNTER_CS.SPATIAL_MATRIX_COMPUTER._MATRIX_COMPUTER.BARCODE_CORRECTION.fork0.chnk027.main
2025-10-21 20:47:00 [runtime] (run:local)       ID.F08544.SPATIAL_RNA_COUNTER_CS.SPATIAL_MATRIX_COMPUTER._MATRIX_COMPUTER.BARCODE_CORRECTION.fork0.chnk028.main
2025-10-21 20:47:00 [runtime] (run:local)       ID.F08544.SPATIAL_RNA_COUNTER_CS.SPATIAL_MATRIX_COMPUTER._MATRIX_COMPUTER.BARCODE_CORRECTION.fork0.chnk029.main
2025-10-21 20:47:00 [runtime] (run:local)       ID.F08544.SPATIAL_RNA_COUNTER_CS.SPATIAL_MATRIX_COMPUTER._MATRIX_COMPUTER.BARCODE_CORRECTION.fork0.chnk030.main
2025-10-21 20:47:00 [runtime] (run:local)       ID.F08544.SPATIAL_RNA_COUNTER_CS.SPATIAL_MATRIX_COMPUTER._MATRIX_COMPUTER.BARCODE_CORRECTION.fork0.chnk031.main
2025-10-21 20:47:00 [runtime] (run:local)       ID.F08544.SPATIAL_RNA_COUNTER_CS.SPATIAL_MATRIX_COMPUTER._MATRIX_COMPUTER.BARCODE_CORRECTION.fork0.chnk032.main
2025-10-21 20:47:00 [runtime] (run:local)       ID.F08544.SPATIAL_RNA_COUNTER_CS.SPATIAL_MATRIX_COMPUTER._MATRIX_COMPUTER.BARCODE_CORRECTION.fork0.chnk033.main
2025-10-21 20:47:00 [runtime] (run:local)       ID.F08544.SPATIAL_RNA_COUNTER_CS.SPATIAL_MATRIX_COMPUTER._MATRIX_COMPUTER.BARCODE_CORRECTION.fork0.chnk034.main
2025-10-21 20:47:00 [runtime] (run:local)       ID.F08544.SPATIAL_RNA_COUNTER_CS.SPATIAL_MATRIX_COMPUTER._MATRIX_COMPUTER.BARCODE_CORRECTION.fork0.chnk035.main
2025-10-21 20:47:00 [runtime] (run:local)       ID.F08544.SPATIAL_RNA_COUNTER_CS.SPATIAL_MATRIX_COMPUTER._MATRIX_COMPUTER.BARCODE_CORRECTION.fork0.chnk036.main
2025-10-21 20:47:00 [runtime] (run:local)       ID.F08544.SPATIAL_RNA_COUNTER_CS.SPATIAL_MATRIX_COMPUTER._MATRIX_COMPUTER.BARCODE_CORRECTION.fork0.chnk037.main
2025-10-21 20:47:00 [runtime] (run:local)       ID.F08544.SPATIAL_RNA_COUNTER_CS.SPATIAL_MATRIX_COMPUTER._MATRIX_COMPUTER.BARCODE_CORRECTION.fork0.chnk038.main
2025-10-21 20:47:00 [runtime] (run:local)       ID.F08544.SPATIAL_RNA_COUNTER_CS.SPATIAL_MATRIX_COMPUTER._MATRIX_COMPUTER.BARCODE_CORRECTION.fork0.chnk039.main
2025-10-21 20:47:00 [runtime] (run:local)       ID.F08544.SPATIAL_RNA_COUNTER_CS.SPATIAL_MATRIX_COMPUTER._MATRIX_COMPUTER.BARCODE_CORRECTION.fork0.chnk040.main
2025-10-21 20:47:00 [runtime] (run:local)       ID.F08544.SPATIAL_RNA_COUNTER_CS.SPATIAL_MATRIX_COMPUTER._MATRIX_COMPUTER.BARCODE_CORRECTION.fork0.chnk041.main
2025-10-21 20:47:00 [runtime] (run:local)       ID.F08544.SPATIAL_RNA_COUNTER_CS.SPATIAL_MATRIX_COMPUTER._MATRIX_COMPUTER.BARCODE_CORRECTION.fork0.chnk042.main
2025-10-21 20:47:00 [runtime] (run:local)       ID.F08544.SPATIAL_RNA_COUNTER_CS.SPATIAL_MATRIX_COMPUTER._MATRIX_COMPUTER.BARCODE_CORRECTION.fork0.chnk043.main
2025-10-21 20:47:00 [runtime] (run:local)       ID.F08544.SPATIAL_RNA_COUNTER_CS.SPATIAL_MATRIX_COMPUTER._MATRIX_COMPUTER.BARCODE_CORRECTION.fork0.chnk044.main
2025-10-21 20:47:00 [runtime] (run:local)       ID.F08544.SPATIAL_RNA_COUNTER_CS.SPATIAL_MATRIX_COMPUTER._MATRIX_COMPUTER.BARCODE_CORRECTION.fork0.chnk045.main
2025-10-21 20:47:00 [runtime] (run:local)       ID.F08544.SPATIAL_RNA_COUNTER_CS.SPATIAL_MATRIX_COMPUTER._MATRIX_COMPUTER.BARCODE_CORRECTION.fork0.chnk046.main
2025-10-21 20:47:00 [runtime] (run:local)       ID.F08544.SPATIAL_RNA_COUNTER_CS.SPATIAL_MATRIX_COMPUTER._MATRIX_COMPUTER.BARCODE_CORRECTION.fork0.chnk047.main
2025-10-21 20:47:00 [runtime] (run:local)       ID.F08544.SPATIAL_RNA_COUNTER_CS.SPATIAL_MATRIX_COMPUTER._MATRIX_COMPUTER.BARCODE_CORRECTION.fork0.chnk048.main
2025-10-21 20:47:00 [runtime] (run:local)       ID.F08544.SPATIAL_RNA_COUNTER_CS.SPATIAL_MATRIX_COMPUTER._MATRIX_COMPUTER.BARCODE_CORRECTION.fork0.chnk049.main
2025-10-21 20:47:00 [runtime] (run:local)       ID.F08544.SPATIAL_RNA_COUNTER_CS.SPATIAL_MATRIX_COMPUTER._MATRIX_COMPUTER.BARCODE_CORRECTION.fork0.chnk050.main
2025-10-21 20:47:00 [runtime] (run:local)       ID.F08544.SPATIAL_RNA_COUNTER_CS.SPATIAL_MATRIX_COMPUTER._MATRIX_COMPUTER.BARCODE_CORRECTION.fork0.chnk051.main
2025-10-21 20:47:00 [runtime] (run:local)       ID.F08544.SPATIAL_RNA_COUNTER_CS.SPATIAL_MATRIX_COMPUTER._MATRIX_COMPUTER.BARCODE_CORRECTION.fork0.chnk052.main
2025-10-21 20:47:00 [runtime] (run:local)       ID.F08544.SPATIAL_RNA_COUNTER_CS.SPATIAL_MATRIX_COMPUTER._MATRIX_COMPUTER.BARCODE_CORRECTION.fork0.chnk053.main
2025-10-21 20:47:00 [runtime] (run:local)       ID.F08544.SPATIAL_RNA_COUNTER_CS.SPATIAL_MATRIX_COMPUTER._MATRIX_COMPUTER.BARCODE_CORRECTION.fork0.chnk054.main
2025-10-21 20:47:00 [runtime] (run:local)       ID.F08544.SPATIAL_RNA_COUNTER_CS.SPATIAL_MATRIX_COMPUTER._MATRIX_COMPUTER.BARCODE_CORRECTION.fork0.chnk055.main
2025-10-21 20:47:00 [runtime] (run:local)       ID.F08544.SPATIAL_RNA_COUNTER_CS.SPATIAL_MATRIX_COMPUTER._MATRIX_COMPUTER.BARCODE_CORRECTION.fork0.chnk056.main
2025-10-21 20:47:00 [runtime] (run:local)       ID.F08544.SPATIAL_RNA_COUNTER_CS.SPATIAL_MATRIX_COMPUTER._MATRIX_COMPUTER.BARCODE_CORRECTION.fork0.chnk057.main
2025-10-21 20:47:00 [runtime] (run:local)       ID.F08544.SPATIAL_RNA_COUNTER_CS.SPATIAL_MATRIX_COMPUTER._MATRIX_COMPUTER.BARCODE_CORRECTION.fork0.chnk058.main
2025-10-21 20:47:00 [runtime] (run:local)       ID.F08544.SPATIAL_RNA_COUNTER_CS.SPATIAL_MATRIX_COMPUTER._MATRIX_COMPUTER.BARCODE_CORRECTION.fork0.chnk059.main
2025-10-21 20:47:00 [runtime] (run:local)       ID.F08544.SPATIAL_RNA_COUNTER_CS.SPATIAL_MATRIX_COMPUTER._MATRIX_COMPUTER.BARCODE_CORRECTION.fork0.chnk060.main
2025-10-21 20:47:00 [runtime] (run:local)       ID.F08544.SPATIAL_RNA_COUNTER_CS.SPATIAL_MATRIX_COMPUTER._MATRIX_COMPUTER.BARCODE_CORRECTION.fork0.chnk061.main
2025-10-21 20:47:00 [runtime] (run:local)       ID.F08544.SPATIAL_RNA_COUNTER_CS.SPATIAL_MATRIX_COMPUTER._MATRIX_COMPUTER.BARCODE_CORRECTION.fork0.chnk062.main
2025-10-21 20:47:00 [runtime] (run:local)       ID.F08544.SPATIAL_RNA_COUNTER_CS.SPATIAL_MATRIX_COMPUTER._MATRIX_COMPUTER.BARCODE_CORRECTION.fork0.chnk063.main
2025-10-21 20:47:00 [runtime] (run:local)       ID.F08544.SPATIAL_RNA_COUNTER_CS.SPATIAL_MATRIX_COMPUTER._MATRIX_COMPUTER.BARCODE_CORRECTION.fork0.chnk064.main
2025-10-21 20:47:00 [runtime] (run:local)       ID.F08544.SPATIAL_RNA_COUNTER_CS.SPATIAL_MATRIX_COMPUTER._MATRIX_COMPUTER.BARCODE_CORRECTION.fork0.chnk065.main
2025-10-21 20:47:00 [runtime] (run:local)       ID.F08544.SPATIAL_RNA_COUNTER_CS.SPATIAL_MATRIX_COMPUTER._MATRIX_COMPUTER.BARCODE_CORRECTION.fork0.chnk066.main
2025-10-21 20:47:00 [runtime] (run:local)       ID.F08544.SPATIAL_RNA_COUNTER_CS.SPATIAL_MATRIX_COMPUTER._MATRIX_COMPUTER.BARCODE_CORRECTION.fork0.chnk067.main
2025-10-21 20:47:00 [runtime] (run:local)       ID.F08544.SPATIAL_RNA_COUNTER_CS.SPATIAL_MATRIX_COMPUTER._MATRIX_COMPUTER.BARCODE_CORRECTION.fork0.chnk068.main
2025-10-21 20:47:00 [runtime] (run:local)       ID.F08544.SPATIAL_RNA_COUNTER_CS.SPATIAL_MATRIX_COMPUTER._MATRIX_COMPUTER.BARCODE_CORRECTION.fork0.chnk069.main
2025-10-21 20:47:00 [runtime] (run:local)       ID.F08544.SPATIAL_RNA_COUNTER_CS.SPATIAL_MATRIX_COMPUTER._MATRIX_COMPUTER.BARCODE_CORRECTION.fork0.chnk070.main
2025-10-21 20:47:00 [runtime] (run:local)       ID.F08544.SPATIAL_RNA_COUNTER_CS.SPATIAL_MATRIX_COMPUTER._MATRIX_COMPUTER.BARCODE_CORRECTION.fork0.chnk071.main
2025-10-21 20:47:00 [runtime] (run:local)       ID.F08544.SPATIAL_RNA_COUNTER_CS.SPATIAL_MATRIX_COMPUTER._MATRIX_COMPUTER.BARCODE_CORRECTION.fork0.chnk072.main
2025-10-21 20:47:00 [runtime] (run:local)       ID.F08544.SPATIAL_RNA_COUNTER_CS.SPATIAL_MATRIX_COMPUTER._MATRIX_COMPUTER.BARCODE_CORRECTION.fork0.chnk073.main
2025-10-21 20:47:00 [runtime] (run:local)       ID.F08544.SPATIAL_RNA_COUNTER_CS.SPATIAL_MATRIX_COMPUTER._MATRIX_COMPUTER.BARCODE_CORRECTION.fork0.chnk074.main
2025-10-21 20:47:00 [runtime] (run:local)       ID.F08544.SPATIAL_RNA_COUNTER_CS.SPATIAL_MATRIX_COMPUTER._MATRIX_COMPUTER.BARCODE_CORRECTION.fork0.chnk075.main
2025-10-21 20:47:00 [runtime] (run:local)       ID.F08544.SPATIAL_RNA_COUNTER_CS.SPATIAL_MATRIX_COMPUTER._MATRIX_COMPUTER.BARCODE_CORRECTION.fork0.chnk076.main
2025-10-21 20:47:00 [runtime] (run:local)       ID.F08544.SPATIAL_RNA_COUNTER_CS.SPATIAL_MATRIX_COMPUTER._MATRIX_COMPUTER.BARCODE_CORRECTION.fork0.chnk077.main
2025-10-21 20:47:00 [runtime] (run:local)       ID.F08544.SPATIAL_RNA_COUNTER_CS.SPATIAL_MATRIX_COMPUTER._MATRIX_COMPUTER.BARCODE_CORRECTION.fork0.chnk078.main
2025-10-21 20:47:00 [runtime] (run:local)       ID.F08544.SPATIAL_RNA_COUNTER_CS.SPATIAL_MATRIX_COMPUTER._MATRIX_COMPUTER.BARCODE_CORRECTION.fork0.chnk079.main
2025-10-21 20:47:00 [runtime] (run:local)       ID.F08544.SPATIAL_RNA_COUNTER_CS.SPATIAL_MATRIX_COMPUTER._MATRIX_COMPUTER.BARCODE_CORRECTION.fork0.chnk080.main
2025-10-21 20:47:00 [runtime] (run:local)       ID.F08544.SPATIAL_RNA_COUNTER_CS.SPATIAL_MATRIX_COMPUTER._MATRIX_COMPUTER.BARCODE_CORRECTION.fork0.chnk081.main
2025-10-21 20:47:00 [runtime] (run:local)       ID.F08544.SPATIAL_RNA_COUNTER_CS.SPATIAL_MATRIX_COMPUTER._MATRIX_COMPUTER.BARCODE_CORRECTION.fork0.chnk082.main
2025-10-21 20:47:00 [runtime] (run:local)       ID.F08544.SPATIAL_RNA_COUNTER_CS.SPATIAL_MATRIX_COMPUTER._MATRIX_COMPUTER.BARCODE_CORRECTION.fork0.chnk083.main
2025-10-21 20:47:00 [runtime] (run:local)       ID.F08544.SPATIAL_RNA_COUNTER_CS.SPATIAL_MATRIX_COMPUTER._MATRIX_COMPUTER.BARCODE_CORRECTION.fork0.chnk084.main
2025-10-21 20:47:00 [runtime] (run:local)       ID.F08544.SPATIAL_RNA_COUNTER_CS.SPATIAL_MATRIX_COMPUTER._MATRIX_COMPUTER.BARCODE_CORRECTION.fork0.chnk085.main
2025-10-21 20:47:00 [runtime] (run:local)       ID.F08544.SPATIAL_RNA_COUNTER_CS.SPATIAL_MATRIX_COMPUTER._MATRIX_COMPUTER.BARCODE_CORRECTION.fork0.chnk086.main
2025-10-21 20:47:00 [runtime] (run:local)       ID.F08544.SPATIAL_RNA_COUNTER_CS.SPATIAL_MATRIX_COMPUTER._MATRIX_COMPUTER.BARCODE_CORRECTION.fork0.chnk087.main
2025-10-21 20:47:00 [runtime] (run:local)       ID.F08544.SPATIAL_RNA_COUNTER_CS.SPATIAL_MATRIX_COMPUTER._MATRIX_COMPUTER.BARCODE_CORRECTION.fork0.chnk088.main
2025-10-21 20:47:00 [runtime] (run:local)       ID.F08544.SPATIAL_RNA_COUNTER_CS.SPATIAL_MATRIX_COMPUTER._MATRIX_COMPUTER.BARCODE_CORRECTION.fork0.chnk089.main
2025-10-21 20:47:01 [runtime] (run:local)       ID.F08544.SPATIAL_RNA_COUNTER_CS.SPATIAL_MATRIX_COMPUTER._MATRIX_COMPUTER.BARCODE_CORRECTION.fork0.chnk090.main
2025-10-21 20:47:01 [runtime] (run:local)       ID.F08544.SPATIAL_RNA_COUNTER_CS.SPATIAL_MATRIX_COMPUTER._MATRIX_COMPUTER.BARCODE_CORRECTION.fork0.chnk091.main
2025-10-21 20:47:01 [runtime] (run:local)       ID.F08544.SPATIAL_RNA_COUNTER_CS.SPATIAL_MATRIX_COMPUTER._MATRIX_COMPUTER.BARCODE_CORRECTION.fork0.chnk092.main
2025-10-21 20:47:01 [runtime] (run:local)       ID.F08544.SPATIAL_RNA_COUNTER_CS.SPATIAL_MATRIX_COMPUTER._MATRIX_COMPUTER.BARCODE_CORRECTION.fork0.chnk093.main
2025-10-21 20:47:01 [runtime] (run:local)       ID.F08544.SPATIAL_RNA_COUNTER_CS.SPATIAL_MATRIX_COMPUTER._MATRIX_COMPUTER.BARCODE_CORRECTION.fork0.chnk094.main
2025-10-21 20:47:01 [runtime] (run:local)       ID.F08544.SPATIAL_RNA_COUNTER_CS.SPATIAL_MATRIX_COMPUTER._MATRIX_COMPUTER.BARCODE_CORRECTION.fork0.chnk095.main
2025-10-21 20:47:01 [runtime] (run:local)       ID.F08544.SPATIAL_RNA_COUNTER_CS.SPATIAL_MATRIX_COMPUTER._MATRIX_COMPUTER.BARCODE_CORRECTION.fork0.chnk096.main
2025-10-21 20:47:01 [runtime] (run:local)       ID.F08544.SPATIAL_RNA_COUNTER_CS.SPATIAL_MATRIX_COMPUTER._MATRIX_COMPUTER.BARCODE_CORRECTION.fork0.chnk097.main
2025-10-21 20:47:01 [runtime] (run:local)       ID.F08544.SPATIAL_RNA_COUNTER_CS.SPATIAL_MATRIX_COMPUTER._MATRIX_COMPUTER.BARCODE_CORRECTION.fork0.chnk098.main
2025-10-21 20:47:01 [runtime] (run:local)       ID.F08544.SPATIAL_RNA_COUNTER_CS.SPATIAL_MATRIX_COMPUTER._MATRIX_COMPUTER.BARCODE_CORRECTION.fork0.chnk099.main
2025-10-21 20:52:03 [runtime] (update)          ID.F08544.SPATIAL_RNA_COUNTER_CS.SPATIAL_MATRIX_COMPUTER._MATRIX_COMPUTER.BARCODE_CORRECTION.fork0 chunks running (25/100 completed)
2025-10-21 20:57:03 [runtime] (update)          ID.F08544.SPATIAL_RNA_COUNTER_CS.SPATIAL_MATRIX_COMPUTER._MATRIX_COMPUTER.BARCODE_CORRECTION.fork0 chunks running (77/100 completed)
2025-10-21 21:00:49 [runtime] (chunks_complete) ID.F08544.SPATIAL_RNA_COUNTER_CS.SPATIAL_MATRIX_COMPUTER._MATRIX_COMPUTER.BARCODE_CORRECTION
2025-10-21 21:00:49 [runtime] (run:local)       ID.F08544.SPATIAL_RNA_COUNTER_CS.SPATIAL_MATRIX_COMPUTER._MATRIX_COMPUTER.BARCODE_CORRECTION.fork0.join
2025-10-21 21:01:04 [runtime] (join_complete)   ID.F08544.SPATIAL_RNA_COUNTER_CS.SPATIAL_MATRIX_COMPUTER._MATRIX_COMPUTER.BARCODE_CORRECTION
2025-10-21 21:01:08 [runtime] (ready)           ID.F08544.SPATIAL_RNA_COUNTER_CS.SPATIAL_MATRIX_COMPUTER._MATRIX_COMPUTER.ALIGN_AND_COUNT
2025-10-21 21:01:08 [runtime] (run:local)       ID.F08544.SPATIAL_RNA_COUNTER_CS.SPATIAL_MATRIX_COMPUTER._MATRIX_COMPUTER.ALIGN_AND_COUNT.fork0.split
2025-10-21 21:01:08 [runtime] (ready)           ID.F08544.SPATIAL_RNA_COUNTER_CS.SPATIAL_MATRIX_COMPUTER._MATRIX_COMPUTER.WRITE_BARCODE_INDEX
2025-10-21 21:01:08 [runtime] (run:local)       ID.F08544.SPATIAL_RNA_COUNTER_CS.SPATIAL_MATRIX_COMPUTER._MATRIX_COMPUTER.WRITE_BARCODE_INDEX.fork0.chnk0.main
2025-10-21 21:01:08 [runtime] (chunks_complete) ID.F08544.SPATIAL_RNA_COUNTER_CS.SPATIAL_MATRIX_COMPUTER._MATRIX_COMPUTER.WRITE_BARCODE_INDEX
2025-10-21 21:01:10 [runtime] (split_complete)  ID.F08544.SPATIAL_RNA_COUNTER_CS.SPATIAL_MATRIX_COMPUTER._MATRIX_COMPUTER.ALIGN_AND_COUNT
2025-10-21 21:01:10 [runtime] (run:local)       ID.F08544.SPATIAL_RNA_COUNTER_CS.SPATIAL_MATRIX_COMPUTER._MATRIX_COMPUTER.ALIGN_AND_COUNT.fork0.chnk00.main
2025-10-21 21:01:10 [runtime] (run:local)       ID.F08544.SPATIAL_RNA_COUNTER_CS.SPATIAL_MATRIX_COMPUTER._MATRIX_COMPUTER.ALIGN_AND_COUNT.fork0.chnk01.main
2025-10-21 21:01:10 [runtime] (run:local)       ID.F08544.SPATIAL_RNA_COUNTER_CS.SPATIAL_MATRIX_COMPUTER._MATRIX_COMPUTER.ALIGN_AND_COUNT.fork0.chnk02.main
2025-10-21 21:01:10 [runtime] (run:local)       ID.F08544.SPATIAL_RNA_COUNTER_CS.SPATIAL_MATRIX_COMPUTER._MATRIX_COMPUTER.ALIGN_AND_COUNT.fork0.chnk03.main
2025-10-21 21:01:10 [runtime] (run:local)       ID.F08544.SPATIAL_RNA_COUNTER_CS.SPATIAL_MATRIX_COMPUTER._MATRIX_COMPUTER.ALIGN_AND_COUNT.fork0.chnk04.main
2025-10-21 21:01:10 [runtime] (run:local)       ID.F08544.SPATIAL_RNA_COUNTER_CS.SPATIAL_MATRIX_COMPUTER._MATRIX_COMPUTER.ALIGN_AND_COUNT.fork0.chnk05.main
2025-10-21 21:01:10 [runtime] (run:local)       ID.F08544.SPATIAL_RNA_COUNTER_CS.SPATIAL_MATRIX_COMPUTER._MATRIX_COMPUTER.ALIGN_AND_COUNT.fork0.chnk06.main
2025-10-21 21:01:10 [runtime] (run:local)       ID.F08544.SPATIAL_RNA_COUNTER_CS.SPATIAL_MATRIX_COMPUTER._MATRIX_COMPUTER.ALIGN_AND_COUNT.fork0.chnk07.main
2025-10-21 21:01:10 [runtime] (run:local)       ID.F08544.SPATIAL_RNA_COUNTER_CS.SPATIAL_MATRIX_COMPUTER._MATRIX_COMPUTER.ALIGN_AND_COUNT.fork0.chnk08.main
2025-10-21 21:01:10 [runtime] (run:local)       ID.F08544.SPATIAL_RNA_COUNTER_CS.SPATIAL_MATRIX_COMPUTER._MATRIX_COMPUTER.ALIGN_AND_COUNT.fork0.chnk09.main
2025-10-21 21:01:10 [runtime] (run:local)       ID.F08544.SPATIAL_RNA_COUNTER_CS.SPATIAL_MATRIX_COMPUTER._MATRIX_COMPUTER.ALIGN_AND_COUNT.fork0.chnk10.main
2025-10-21 21:01:10 [runtime] (run:local)       ID.F08544.SPATIAL_RNA_COUNTER_CS.SPATIAL_MATRIX_COMPUTER._MATRIX_COMPUTER.ALIGN_AND_COUNT.fork0.chnk11.main
2025-10-21 21:01:10 [runtime] (run:local)       ID.F08544.SPATIAL_RNA_COUNTER_CS.SPATIAL_MATRIX_COMPUTER._MATRIX_COMPUTER.ALIGN_AND_COUNT.fork0.chnk12.main
2025-10-21 21:01:10 [runtime] (run:local)       ID.F08544.SPATIAL_RNA_COUNTER_CS.SPATIAL_MATRIX_COMPUTER._MATRIX_COMPUTER.ALIGN_AND_COUNT.fork0.chnk13.main
2025-10-21 21:01:10 [runtime] (run:local)       ID.F08544.SPATIAL_RNA_COUNTER_CS.SPATIAL_MATRIX_COMPUTER._MATRIX_COMPUTER.ALIGN_AND_COUNT.fork0.chnk14.main
2025-10-21 21:01:10 [runtime] (run:local)       ID.F08544.SPATIAL_RNA_COUNTER_CS.SPATIAL_MATRIX_COMPUTER._MATRIX_COMPUTER.ALIGN_AND_COUNT.fork0.chnk15.main
2025-10-21 21:06:35 [runtime] (update)          ID.F08544.SPATIAL_RNA_COUNTER_CS.SPATIAL_MATRIX_COMPUTER._MATRIX_COMPUTER.ALIGN_AND_COUNT.fork0 chunks running (2/16 completed)
2025-10-21 21:13:19 [runtime] (update)          ID.F08544.SPATIAL_RNA_COUNTER_CS.SPATIAL_MATRIX_COMPUTER._MATRIX_COMPUTER.ALIGN_AND_COUNT.fork0 chunks running (5/16 completed)
2025-10-21 21:18:35 [runtime] (update)          ID.F08544.SPATIAL_RNA_COUNTER_CS.SPATIAL_MATRIX_COMPUTER._MATRIX_COMPUTER.ALIGN_AND_COUNT.fork0 chunks running (8/16 completed)
2025-10-21 21:24:46 [runtime] (update)          ID.F08544.SPATIAL_RNA_COUNTER_CS.SPATIAL_MATRIX_COMPUTER._MATRIX_COMPUTER.ALIGN_AND_COUNT.fork0 chunks running (11/16 completed)
2025-10-21 21:30:19 [runtime] (update)          ID.F08544.SPATIAL_RNA_COUNTER_CS.SPATIAL_MATRIX_COMPUTER._MATRIX_COMPUTER.ALIGN_AND_COUNT.fork0 chunks running (14/16 completed)
2025-10-21 21:31:49 [runtime] (chunks_complete) ID.F08544.SPATIAL_RNA_COUNTER_CS.SPATIAL_MATRIX_COMPUTER._MATRIX_COMPUTER.ALIGN_AND_COUNT
2025-10-21 21:31:49 [runtime] (run:local)       ID.F08544.SPATIAL_RNA_COUNTER_CS.SPATIAL_MATRIX_COMPUTER._MATRIX_COMPUTER.ALIGN_AND_COUNT.fork0.join
2025-10-21 21:32:04 [runtime] (join_complete)   ID.F08544.SPATIAL_RNA_COUNTER_CS.SPATIAL_MATRIX_COMPUTER._MATRIX_COMPUTER.ALIGN_AND_COUNT
2025-10-21 21:32:12 [runtime] (ready)           ID.F08544.SPATIAL_RNA_COUNTER_CS.SPATIAL_MATRIX_COMPUTER._MATRIX_COMPUTER.WRITE_H5_MATRIX
2025-10-21 21:32:12 [runtime] (run:local)       ID.F08544.SPATIAL_RNA_COUNTER_CS.SPATIAL_MATRIX_COMPUTER._MATRIX_COMPUTER.WRITE_H5_MATRIX.fork0.split
2025-10-21 21:32:12 [runtime] (ready)           ID.F08544.SPATIAL_RNA_COUNTER_CS.SPATIAL_MATRIX_COMPUTER._MATRIX_COMPUTER.WRITE_BARCODE_SUMMARY
2025-10-21 21:32:12 [runtime] (run:local)       ID.F08544.SPATIAL_RNA_COUNTER_CS.SPATIAL_MATRIX_COMPUTER._MATRIX_COMPUTER.WRITE_BARCODE_SUMMARY.fork0.split
2025-10-21 21:32:12 [runtime] (ready)           ID.F08544.SPATIAL_RNA_COUNTER_CS.SPATIAL_MATRIX_COMPUTER._MATRIX_COMPUTER.WRITE_MATRIX_MARKET
2025-10-21 21:32:12 [runtime] (run:local)       ID.F08544.SPATIAL_RNA_COUNTER_CS.SPATIAL_MATRIX_COMPUTER._MATRIX_COMPUTER.WRITE_MATRIX_MARKET.fork0.split
2025-10-21 21:32:12 [runtime] (ready)           ID.F08544.SPATIAL_RNA_COUNTER_CS.SPATIAL_MATRIX_COMPUTER._MATRIX_COMPUTER.COLLATE_METRICS
2025-10-21 21:32:12 [runtime] (run:local)       ID.F08544.SPATIAL_RNA_COUNTER_CS.SPATIAL_MATRIX_COMPUTER._MATRIX_COMPUTER.COLLATE_METRICS.fork0.split
2025-10-21 21:32:12 [runtime] (split_complete)  ID.F08544.SPATIAL_RNA_COUNTER_CS.SPATIAL_MATRIX_COMPUTER._MATRIX_COMPUTER.WRITE_H5_MATRIX
2025-10-21 21:32:12 [runtime] (run:local)       ID.F08544.SPATIAL_RNA_COUNTER_CS.SPATIAL_MATRIX_COMPUTER._MATRIX_COMPUTER.WRITE_H5_MATRIX.fork0.join
2025-10-21 21:32:12 [runtime] (split_complete)  ID.F08544.SPATIAL_RNA_COUNTER_CS.SPATIAL_MATRIX_COMPUTER._MATRIX_COMPUTER.COLLATE_METRICS
2025-10-21 21:32:12 [runtime] (run:local)       ID.F08544.SPATIAL_RNA_COUNTER_CS.SPATIAL_MATRIX_COMPUTER._MATRIX_COMPUTER.COLLATE_METRICS.fork0.chnk0.main
2025-10-21 21:32:12 [runtime] (split_complete)  ID.F08544.SPATIAL_RNA_COUNTER_CS.SPATIAL_MATRIX_COMPUTER._MATRIX_COMPUTER.WRITE_BARCODE_SUMMARY
2025-10-21 21:32:12 [runtime] (run:local)       ID.F08544.SPATIAL_RNA_COUNTER_CS.SPATIAL_MATRIX_COMPUTER._MATRIX_COMPUTER.WRITE_BARCODE_SUMMARY.fork0.join
2025-10-21 21:32:12 [runtime] (split_complete)  ID.F08544.SPATIAL_RNA_COUNTER_CS.SPATIAL_MATRIX_COMPUTER._MATRIX_COMPUTER.WRITE_MATRIX_MARKET
2025-10-21 21:32:12 [runtime] (run:local)       ID.F08544.SPATIAL_RNA_COUNTER_CS.SPATIAL_MATRIX_COMPUTER._MATRIX_COMPUTER.WRITE_MATRIX_MARKET.fork0.join
2025-10-21 21:33:11 [runtime] (join_complete)   ID.F08544.SPATIAL_RNA_COUNTER_CS.SPATIAL_MATRIX_COMPUTER._MATRIX_COMPUTER.WRITE_H5_MATRIX
2025-10-21 21:33:11 [runtime] (ready)           ID.F08544.SPATIAL_RNA_COUNTER_CS.SPATIAL_IMAGING_CS.REGISTER_TISSUE.END_TO_END_REGISTRATION
2025-10-21 21:33:11 [runtime] (run:local)       ID.F08544.SPATIAL_RNA_COUNTER_CS.SPATIAL_IMAGING_CS.REGISTER_TISSUE.END_TO_END_REGISTRATION.fork0.split
2025-10-21 21:33:11 [runtime] (ready)           ID.F08544.SPATIAL_RNA_COUNTER_CS.SPATIAL_RNA_COUNTER.SPATIAL_POST_MATRIX_COMPUTATION._POST_MATRIX_COMPUTATION.DISABLE_STAGES
2025-10-21 21:33:11 [runtime] (run:local)       ID.F08544.SPATIAL_RNA_COUNTER_CS.SPATIAL_RNA_COUNTER.SPATIAL_POST_MATRIX_COMPUTATION._POST_MATRIX_COMPUTATION.DISABLE_STAGES.fork0.chnk0.main
2025-10-21 21:33:11 [runtime] (join_complete)   ID.F08544.SPATIAL_RNA_COUNTER_CS.SPATIAL_MATRIX_COMPUTER._MATRIX_COMPUTER.WRITE_BARCODE_SUMMARY
2025-10-21 21:33:15 [runtime] (chunks_complete) ID.F08544.SPATIAL_RNA_COUNTER_CS.SPATIAL_RNA_COUNTER.SPATIAL_POST_MATRIX_COMPUTATION._POST_MATRIX_COMPUTATION.DISABLE_STAGES
2025-10-21 21:33:15 [runtime] (ready)           ID.F08544.SPATIAL_RNA_COUNTER_CS.SPATIAL_RNA_COUNTER.SPATIAL_POST_MATRIX_COMPUTATION._POST_MATRIX_COMPUTATION.WRITE_POS_BAM
2025-10-21 21:33:15 [runtime] (ready)           ID.F08544.SPATIAL_RNA_COUNTER_CS.SPATIAL_RNA_COUNTER.SPATIAL_POST_MATRIX_COMPUTATION._POST_MATRIX_COMPUTATION._ASSIGN_TAGS.MULTIPLEXING_METHOD
2025-10-21 21:33:16 [runtime] (split_complete)  ID.F08544.SPATIAL_RNA_COUNTER_CS.SPATIAL_IMAGING_CS.REGISTER_TISSUE.END_TO_END_REGISTRATION
2025-10-21 21:33:16 [runtime] (run:local)       ID.F08544.SPATIAL_RNA_COUNTER_CS.SPATIAL_IMAGING_CS.REGISTER_TISSUE.END_TO_END_REGISTRATION.fork0.join
2025-10-21 21:33:19 [runtime] (join_complete)   ID.F08544.SPATIAL_RNA_COUNTER_CS.SPATIAL_MATRIX_COMPUTER._MATRIX_COMPUTER.WRITE_MATRIX_MARKET
2025-10-21 21:33:32 [runtime] (chunks_complete) ID.F08544.SPATIAL_RNA_COUNTER_CS.SPATIAL_MATRIX_COMPUTER._MATRIX_COMPUTER.COLLATE_METRICS
2025-10-21 21:33:32 [runtime] (run:local)       ID.F08544.SPATIAL_RNA_COUNTER_CS.SPATIAL_MATRIX_COMPUTER._MATRIX_COMPUTER.COLLATE_METRICS.fork0.join
2025-10-21 21:33:32 [runtime] (join_complete)   ID.F08544.SPATIAL_RNA_COUNTER_CS.SPATIAL_MATRIX_COMPUTER._MATRIX_COMPUTER.COLLATE_METRICS
2025-10-21 21:33:32 [runtime] (ready)           ID.F08544.SPATIAL_RNA_COUNTER_CS.SPATIAL_MATRIX_COMPUTER._MATRIX_COMPUTER.MERGE_METRICS
2025-10-21 21:33:32 [runtime] (run:local)       ID.F08544.SPATIAL_RNA_COUNTER_CS.SPATIAL_MATRIX_COMPUTER._MATRIX_COMPUTER.MERGE_METRICS.fork0.chnk0.main
2025-10-21 21:33:33 [runtime] (chunks_complete) ID.F08544.SPATIAL_RNA_COUNTER_CS.SPATIAL_MATRIX_COMPUTER._MATRIX_COMPUTER.MERGE_METRICS
2025-10-21 21:33:59 [runtime] (join_complete)   ID.F08544.SPATIAL_RNA_COUNTER_CS.SPATIAL_IMAGING_CS.REGISTER_TISSUE.END_TO_END_REGISTRATION
2025-10-21 21:33:59 [runtime] (ready)           ID.F08544.SPATIAL_RNA_COUNTER_CS.SPATIAL_IMAGING_CS.PICK_REGISTERED_SPOT_DATA
2025-10-21 21:33:59 [runtime] (run:local)       ID.F08544.SPATIAL_RNA_COUNTER_CS.SPATIAL_IMAGING_CS.PICK_REGISTERED_SPOT_DATA.fork0.chnk0.main
2025-10-21 21:33:59 [runtime] (chunks_complete) ID.F08544.SPATIAL_RNA_COUNTER_CS.SPATIAL_IMAGING_CS.PICK_REGISTERED_SPOT_DATA
2025-10-21 21:34:00 [runtime] (ready)           ID.F08544.SPATIAL_RNA_COUNTER_CS.SPATIAL_RNA_COUNTER.SPATIAL_POST_MATRIX_COMPUTATION.BIN_HD_DATA._BIN_HD_DATA.CREATE_HD_FEATURE_SLICE
2025-10-21 21:34:00 [runtime] (run:local)       ID.F08544.SPATIAL_RNA_COUNTER_CS.SPATIAL_RNA_COUNTER.SPATIAL_POST_MATRIX_COMPUTATION.BIN_HD_DATA._BIN_HD_DATA.CREATE_HD_FEATURE_SLICE.fork0.split
2025-10-21 21:34:00 [runtime] (ready)           ID.F08544.SPATIAL_RNA_COUNTER_CS.SPATIAL_IMAGING_CS.DETECT_TISSUE
2025-10-21 21:34:00 [runtime] (run:local)       ID.F08544.SPATIAL_RNA_COUNTER_CS.SPATIAL_IMAGING_CS.DETECT_TISSUE.fork0.split
2025-10-21 21:34:00 [runtime] (split_complete)  ID.F08544.SPATIAL_RNA_COUNTER_CS.SPATIAL_RNA_COUNTER.SPATIAL_POST_MATRIX_COMPUTATION.BIN_HD_DATA._BIN_HD_DATA.CREATE_HD_FEATURE_SLICE
2025-10-21 21:34:00 [runtime] (run:local)       ID.F08544.SPATIAL_RNA_COUNTER_CS.SPATIAL_RNA_COUNTER.SPATIAL_POST_MATRIX_COMPUTATION.BIN_HD_DATA._BIN_HD_DATA.CREATE_HD_FEATURE_SLICE.fork0.join
2025-10-21 21:34:01 [runtime] (split_complete)  ID.F08544.SPATIAL_RNA_COUNTER_CS.SPATIAL_IMAGING_CS.DETECT_TISSUE
2025-10-21 21:34:01 [runtime] (run:local)       ID.F08544.SPATIAL_RNA_COUNTER_CS.SPATIAL_IMAGING_CS.DETECT_TISSUE.fork0.join
2025-10-21 21:34:42 [runtime] (join_complete)   ID.F08544.SPATIAL_RNA_COUNTER_CS.SPATIAL_RNA_COUNTER.SPATIAL_POST_MATRIX_COMPUTATION.BIN_HD_DATA._BIN_HD_DATA.CREATE_HD_FEATURE_SLICE
2025-10-21 21:39:33 [runtime] (join_complete)   ID.F08544.SPATIAL_RNA_COUNTER_CS.SPATIAL_IMAGING_CS.DETECT_TISSUE
2025-10-21 21:39:33 [runtime] (ready)           ID.F08544.SPATIAL_RNA_COUNTER_CS.SPATIAL_IMAGING_CS.OUTPUT_FINAL_ALIGNMENT
2025-10-21 21:39:33 [runtime] (run:local)       ID.F08544.SPATIAL_RNA_COUNTER_CS.SPATIAL_IMAGING_CS.OUTPUT_FINAL_ALIGNMENT.fork0.chnk0.main
2025-10-21 21:39:33 [runtime] (ready)           ID.F08544.SPATIAL_RNA_COUNTER_CS.SPATIAL_IMAGING_CS.OUTPUT_SPOTS_BARCODES
2025-10-21 21:39:33 [runtime] (run:local)       ID.F08544.SPATIAL_RNA_COUNTER_CS.SPATIAL_IMAGING_CS.OUTPUT_SPOTS_BARCODES.fork0.split
2025-10-21 21:39:33 [runtime] (ready)           ID.F08544.SPATIAL_RNA_COUNTER_CS.SPATIAL_IMAGING_CS.COLLECT_IMAGING_METRICS
2025-10-21 21:39:33 [runtime] (run:local)       ID.F08544.SPATIAL_RNA_COUNTER_CS.SPATIAL_IMAGING_CS.COLLECT_IMAGING_METRICS.fork0.chnk0.main
2025-10-21 21:39:34 [runtime] (split_complete)  ID.F08544.SPATIAL_RNA_COUNTER_CS.SPATIAL_IMAGING_CS.OUTPUT_SPOTS_BARCODES
2025-10-21 21:39:34 [runtime] (run:local)       ID.F08544.SPATIAL_RNA_COUNTER_CS.SPATIAL_IMAGING_CS.OUTPUT_SPOTS_BARCODES.fork0.join
2025-10-21 21:39:35 [runtime] (chunks_complete) ID.F08544.SPATIAL_RNA_COUNTER_CS.SPATIAL_IMAGING_CS.COLLECT_IMAGING_METRICS
2025-10-21 21:39:35 [runtime] (chunks_complete) ID.F08544.SPATIAL_RNA_COUNTER_CS.SPATIAL_IMAGING_CS.OUTPUT_FINAL_ALIGNMENT
2025-10-21 21:39:35 [runtime] (ready)           ID.F08544.SPATIAL_RNA_COUNTER_CS.SPATIAL_IMAGING_CS.SEGMENT_NUCLEI.NORMALIZE_TISSUE_IMAGE
2025-10-21 21:39:35 [runtime] (run:local)       ID.F08544.SPATIAL_RNA_COUNTER_CS.SPATIAL_IMAGING_CS.SEGMENT_NUCLEI.NORMALIZE_TISSUE_IMAGE.fork0.split
2025-10-21 21:39:36 [runtime] (split_complete)  ID.F08544.SPATIAL_RNA_COUNTER_CS.SPATIAL_IMAGING_CS.SEGMENT_NUCLEI.NORMALIZE_TISSUE_IMAGE
2025-10-21 21:39:36 [runtime] (run:local)       ID.F08544.SPATIAL_RNA_COUNTER_CS.SPATIAL_IMAGING_CS.SEGMENT_NUCLEI.NORMALIZE_TISSUE_IMAGE.fork0.join
2025-10-21 21:39:43 [runtime] (join_complete)   ID.F08544.SPATIAL_RNA_COUNTER_CS.SPATIAL_IMAGING_CS.SEGMENT_NUCLEI.NORMALIZE_TISSUE_IMAGE
2025-10-21 21:39:43 [runtime] (ready)           ID.F08544.SPATIAL_RNA_COUNTER_CS.SPATIAL_IMAGING_CS.SEGMENT_NUCLEI.RUN_NUCLEI_SEGMENTATION
2025-10-21 21:39:43 [runtime] (run:local)       ID.F08544.SPATIAL_RNA_COUNTER_CS.SPATIAL_IMAGING_CS.SEGMENT_NUCLEI.RUN_NUCLEI_SEGMENTATION.fork0.split
2025-10-21 21:39:45 [runtime] (split_complete)  ID.F08544.SPATIAL_RNA_COUNTER_CS.SPATIAL_IMAGING_CS.SEGMENT_NUCLEI.RUN_NUCLEI_SEGMENTATION
2025-10-21 21:39:45 [runtime] (run:local)       ID.F08544.SPATIAL_RNA_COUNTER_CS.SPATIAL_IMAGING_CS.SEGMENT_NUCLEI.RUN_NUCLEI_SEGMENTATION.fork0.join
2025-10-21 21:40:06 [runtime] (join_complete)   ID.F08544.SPATIAL_RNA_COUNTER_CS.SPATIAL_IMAGING_CS.OUTPUT_SPOTS_BARCODES
2025-10-21 21:40:07 [runtime] (ready)           ID.F08544.SPATIAL_RNA_COUNTER_CS.SPATIAL_IMAGING_CS.CALCULATE_FLUORESCENCE_INTENSITY
2025-10-21 21:40:07 [runtime] (run:local)       ID.F08544.SPATIAL_RNA_COUNTER_CS.SPATIAL_IMAGING_CS.CALCULATE_FLUORESCENCE_INTENSITY.fork0.split
2025-10-21 21:40:07 [runtime] (ready)           ID.F08544.SPATIAL_RNA_COUNTER_CS.SPATIAL_RNA_COUNTER.SPATIAL_POST_MATRIX_COMPUTATION._POST_MATRIX_COMPUTATION.FILTER_BARCODES
2025-10-21 21:40:07 [runtime] (run:local)       ID.F08544.SPATIAL_RNA_COUNTER_CS.SPATIAL_RNA_COUNTER.SPATIAL_POST_MATRIX_COMPUTATION._POST_MATRIX_COMPUTATION.FILTER_BARCODES.fork0.split
2025-10-21 21:40:07 [runtime] (ready)           ID.F08544.SPATIAL_RNA_COUNTER_CS.SPATIAL_RNA_COUNTER.SPATIAL_POST_MATRIX_COMPUTATION.BIN_HD_DATA._BIN_HD_DATA.PROCESS_HD_ALIGNMENT
2025-10-21 21:40:07 [runtime] (run:local)       ID.F08544.SPATIAL_RNA_COUNTER_CS.SPATIAL_RNA_COUNTER.SPATIAL_POST_MATRIX_COMPUTATION.BIN_HD_DATA._BIN_HD_DATA.PROCESS_HD_ALIGNMENT.fork0.chnk0.main
2025-10-21 21:46:08 [runtime] (update)          ID.F08544.SPATIAL_RNA_COUNTER_CS.SPATIAL_IMAGING_CS.SEGMENT_NUCLEI.RUN_NUCLEI_SEGMENTATION.fork0 join_running
2025-10-21 21:46:41 [runtime] (join_complete)   ID.F08544.SPATIAL_RNA_COUNTER_CS.SPATIAL_IMAGING_CS.SEGMENT_NUCLEI.RUN_NUCLEI_SEGMENTATION
2025-10-21 21:46:41 [runtime] (update)          ID.F08544.SPATIAL_RNA_COUNTER_CS.SPATIAL_RNA_COUNTER.SPATIAL_POST_MATRIX_COMPUTATION._POST_MATRIX_COMPUTATION.FILTER_BARCODES.fork0 split_running
2025-10-21 21:46:41 [runtime] (update)          ID.F08544.SPATIAL_RNA_COUNTER_CS.SPATIAL_IMAGING_CS.CALCULATE_FLUORESCENCE_INTENSITY.fork0 split_running
2025-10-21 21:46:41 [runtime] (update)          ID.F08544.SPATIAL_RNA_COUNTER_CS.SPATIAL_RNA_COUNTER.SPATIAL_POST_MATRIX_COMPUTATION.BIN_HD_DATA._BIN_HD_DATA.PROCESS_HD_ALIGNMENT.fork0 chunks_running
2025-10-21 21:46:41 [runtime] (ready)           ID.F08544.SPATIAL_RNA_COUNTER_CS.SPATIAL_RNA_COUNTER.SPATIAL_POST_MATRIX_COMPUTATION.BIN_HD_DATA._BIN_HD_DATA.PROCESS_SEGMENTATIONS._PROCESS_SEGMENTATIONS.SEGMENT_TO_FEATURE_CELL_MATRIX.SETUP_SEGMENTATION_PROCESSING
2025-10-21 21:46:42 [runtime] (run:local)       ID.F08544.SPATIAL_RNA_COUNTER_CS.SPATIAL_RNA_COUNTER.SPATIAL_POST_MATRIX_COMPUTATION.BIN_HD_DATA._BIN_HD_DATA.PROCESS_SEGMENTATIONS._PROCESS_SEGMENTATIONS.SEGMENT_TO_FEATURE_CELL_MATRIX.SETUP_SEGMENTATION_PROCESSING.fork0.chnk0.main
2025-10-21 21:47:02 [runtime] (chunks_complete) ID.F08544.SPATIAL_RNA_COUNTER_CS.SPATIAL_RNA_COUNTER.SPATIAL_POST_MATRIX_COMPUTATION.BIN_HD_DATA._BIN_HD_DATA.PROCESS_SEGMENTATIONS._PROCESS_SEGMENTATIONS.SEGMENT_TO_FEATURE_CELL_MATRIX.SETUP_SEGMENTATION_PROCESSING
2025-10-21 21:47:03 [runtime] (split_complete)  ID.F08544.SPATIAL_RNA_COUNTER_CS.SPATIAL_IMAGING_CS.CALCULATE_FLUORESCENCE_INTENSITY
2025-10-21 21:47:03 [runtime] (run:local)       ID.F08544.SPATIAL_RNA_COUNTER_CS.SPATIAL_IMAGING_CS.CALCULATE_FLUORESCENCE_INTENSITY.fork0.join
2025-10-21 21:47:07 [runtime] (join_complete)   ID.F08544.SPATIAL_RNA_COUNTER_CS.SPATIAL_IMAGING_CS.CALCULATE_FLUORESCENCE_INTENSITY
2025-10-21 21:47:08 [runtime] (split_complete)  ID.F08544.SPATIAL_RNA_COUNTER_CS.SPATIAL_RNA_COUNTER.SPATIAL_POST_MATRIX_COMPUTATION._POST_MATRIX_COMPUTATION.FILTER_BARCODES
2025-10-21 21:47:08 [runtime] (run:local)       ID.F08544.SPATIAL_RNA_COUNTER_CS.SPATIAL_RNA_COUNTER.SPATIAL_POST_MATRIX_COMPUTATION._POST_MATRIX_COMPUTATION.FILTER_BARCODES.fork0.chnk0.main
2025-10-21 21:47:57 [runtime] (chunks_complete) ID.F08544.SPATIAL_RNA_COUNTER_CS.SPATIAL_RNA_COUNTER.SPATIAL_POST_MATRIX_COMPUTATION.BIN_HD_DATA._BIN_HD_DATA.PROCESS_HD_ALIGNMENT
2025-10-21 21:47:57 [runtime] (ready)           ID.F08544.SPATIAL_RNA_COUNTER_CS.SPATIAL_RNA_COUNTER.SPATIAL_POST_MATRIX_COMPUTATION.BIN_HD_DATA._BIN_HD_DATA._COMPUTE_BINNED_OUTPUTS.CREATE_TOTAL_UMI_IMAGE.fork_square_002um
2025-10-21 21:47:57 [runtime] (run:local)       ID.F08544.SPATIAL_RNA_COUNTER_CS.SPATIAL_RNA_COUNTER.SPATIAL_POST_MATRIX_COMPUTATION.BIN_HD_DATA._BIN_HD_DATA._COMPUTE_BINNED_OUTPUTS.CREATE_TOTAL_UMI_IMAGE.fork_square_002um.chnk0.main
2025-10-21 21:47:57 [runtime] (ready)           ID.F08544.SPATIAL_RNA_COUNTER_CS.SPATIAL_RNA_COUNTER.SPATIAL_POST_MATRIX_COMPUTATION.BIN_HD_DATA._BIN_HD_DATA._COMPUTE_BINNED_OUTPUTS.CREATE_TOTAL_UMI_IMAGE.fork_square_008um
2025-10-21 21:47:57 [runtime] (run:local)       ID.F08544.SPATIAL_RNA_COUNTER_CS.SPATIAL_RNA_COUNTER.SPATIAL_POST_MATRIX_COMPUTATION.BIN_HD_DATA._BIN_HD_DATA._COMPUTE_BINNED_OUTPUTS.CREATE_TOTAL_UMI_IMAGE.fork_square_008um.chnk0.main
2025-10-21 21:47:57 [runtime] (ready)           ID.F08544.SPATIAL_RNA_COUNTER_CS.SPATIAL_RNA_COUNTER.SPATIAL_POST_MATRIX_COMPUTATION.BIN_HD_DATA._BIN_HD_DATA._COMPUTE_BINNED_OUTPUTS.CREATE_TOTAL_UMI_IMAGE.fork_square_016um
2025-10-21 21:47:58 [runtime] (run:local)       ID.F08544.SPATIAL_RNA_COUNTER_CS.SPATIAL_RNA_COUNTER.SPATIAL_POST_MATRIX_COMPUTATION.BIN_HD_DATA._BIN_HD_DATA._COMPUTE_BINNED_OUTPUTS.CREATE_TOTAL_UMI_IMAGE.fork_square_016um.chnk0.main
2025-10-21 21:47:58 [runtime] (ready)           ID.F08544.SPATIAL_RNA_COUNTER_CS.SPATIAL_RNA_COUNTER.SPATIAL_POST_MATRIX_COMPUTATION.BIN_HD_DATA._BIN_HD_DATA._COMPUTE_BINNED_OUTPUTS.BIN_COUNT_MATRIX.fork_square_002um
2025-10-21 21:47:58 [runtime] (run:local)       ID.F08544.SPATIAL_RNA_COUNTER_CS.SPATIAL_RNA_COUNTER.SPATIAL_POST_MATRIX_COMPUTATION.BIN_HD_DATA._BIN_HD_DATA._COMPUTE_BINNED_OUTPUTS.BIN_COUNT_MATRIX.fork_square_002um.chnk0.main
2025-10-21 21:47:58 [runtime] (ready)           ID.F08544.SPATIAL_RNA_COUNTER_CS.SPATIAL_RNA_COUNTER.SPATIAL_POST_MATRIX_COMPUTATION.BIN_HD_DATA._BIN_HD_DATA._COMPUTE_BINNED_OUTPUTS.BIN_COUNT_MATRIX.fork_square_008um
2025-10-21 21:47:58 [runtime] (run:local)       ID.F08544.SPATIAL_RNA_COUNTER_CS.SPATIAL_RNA_COUNTER.SPATIAL_POST_MATRIX_COMPUTATION.BIN_HD_DATA._BIN_HD_DATA._COMPUTE_BINNED_OUTPUTS.BIN_COUNT_MATRIX.fork_square_008um.chnk0.main
2025-10-21 21:47:58 [runtime] (ready)           ID.F08544.SPATIAL_RNA_COUNTER_CS.SPATIAL_RNA_COUNTER.SPATIAL_POST_MATRIX_COMPUTATION.BIN_HD_DATA._BIN_HD_DATA._COMPUTE_BINNED_OUTPUTS.BIN_COUNT_MATRIX.fork_square_016um
2025-10-21 21:47:58 [runtime] (run:local)       ID.F08544.SPATIAL_RNA_COUNTER_CS.SPATIAL_RNA_COUNTER.SPATIAL_POST_MATRIX_COMPUTATION.BIN_HD_DATA._BIN_HD_DATA._COMPUTE_BINNED_OUTPUTS.BIN_COUNT_MATRIX.fork_square_016um.chnk0.main
2025-10-21 21:48:00 [runtime] (chunks_complete) ID.F08544.SPATIAL_RNA_COUNTER_CS.SPATIAL_RNA_COUNTER.SPATIAL_POST_MATRIX_COMPUTATION._POST_MATRIX_COMPUTATION.FILTER_BARCODES
2025-10-21 21:48:00 [runtime] (run:local)       ID.F08544.SPATIAL_RNA_COUNTER_CS.SPATIAL_RNA_COUNTER.SPATIAL_POST_MATRIX_COMPUTATION._POST_MATRIX_COMPUTATION.FILTER_BARCODES.fork0.join
2025-10-21 21:50:00 [runtime] (chunks_complete) ID.F08544.SPATIAL_RNA_COUNTER_CS.SPATIAL_RNA_COUNTER.SPATIAL_POST_MATRIX_COMPUTATION.BIN_HD_DATA._BIN_HD_DATA._COMPUTE_BINNED_OUTPUTS.BIN_COUNT_MATRIX.fork_square_002um
2025-10-21 21:50:03 [runtime] (complete)        ID.F08544.SPATIAL_RNA_COUNTER_CS.SPATIAL_RNA_COUNTER.SPATIAL_POST_MATRIX_COMPUTATION.BIN_HD_DATA._BIN_HD_DATA._COMPUTE_BINNED_OUTPUTS.BIN_COUNT_MATRIX.fork_square_002um
2025-10-21 21:50:06 [runtime] (complete)        ID.F08544.SPATIAL_RNA_COUNTER_CS.SPATIAL_RNA_COUNTER.SPATIAL_POST_MATRIX_COMPUTATION.BIN_HD_DATA._BIN_HD_DATA._COMPUTE_BINNED_OUTPUTS.BIN_COUNT_MATRIX.fork_square_002um
2025-10-21 21:50:09 [runtime] (complete)        ID.F08544.SPATIAL_RNA_COUNTER_CS.SPATIAL_RNA_COUNTER.SPATIAL_POST_MATRIX_COMPUTATION.BIN_HD_DATA._BIN_HD_DATA._COMPUTE_BINNED_OUTPUTS.BIN_COUNT_MATRIX.fork_square_002um
2025-10-21 21:50:12 [runtime] (complete)        ID.F08544.SPATIAL_RNA_COUNTER_CS.SPATIAL_RNA_COUNTER.SPATIAL_POST_MATRIX_COMPUTATION.BIN_HD_DATA._BIN_HD_DATA._COMPUTE_BINNED_OUTPUTS.BIN_COUNT_MATRIX.fork_square_002um
2025-10-21 21:50:15 [runtime] (complete)        ID.F08544.SPATIAL_RNA_COUNTER_CS.SPATIAL_RNA_COUNTER.SPATIAL_POST_MATRIX_COMPUTATION.BIN_HD_DATA._BIN_HD_DATA._COMPUTE_BINNED_OUTPUTS.BIN_COUNT_MATRIX.fork_square_002um
2025-10-21 21:50:18 [runtime] (complete)        ID.F08544.SPATIAL_RNA_COUNTER_CS.SPATIAL_RNA_COUNTER.SPATIAL_POST_MATRIX_COMPUTATION.BIN_HD_DATA._BIN_HD_DATA._COMPUTE_BINNED_OUTPUTS.BIN_COUNT_MATRIX.fork_square_002um
2025-10-21 21:50:21 [runtime] (complete)        ID.F08544.SPATIAL_RNA_COUNTER_CS.SPATIAL_RNA_COUNTER.SPATIAL_POST_MATRIX_COMPUTATION.BIN_HD_DATA._BIN_HD_DATA._COMPUTE_BINNED_OUTPUTS.BIN_COUNT_MATRIX.fork_square_002um
2025-10-21 21:50:24 [runtime] (complete)        ID.F08544.SPATIAL_RNA_COUNTER_CS.SPATIAL_RNA_COUNTER.SPATIAL_POST_MATRIX_COMPUTATION.BIN_HD_DATA._BIN_HD_DATA._COMPUTE_BINNED_OUTPUTS.BIN_COUNT_MATRIX.fork_square_002um
2025-10-21 21:50:27 [runtime] (complete)        ID.F08544.SPATIAL_RNA_COUNTER_CS.SPATIAL_RNA_COUNTER.SPATIAL_POST_MATRIX_COMPUTATION.BIN_HD_DATA._BIN_HD_DATA._COMPUTE_BINNED_OUTPUTS.BIN_COUNT_MATRIX.fork_square_002um
2025-10-21 21:50:30 [runtime] (complete)        ID.F08544.SPATIAL_RNA_COUNTER_CS.SPATIAL_RNA_COUNTER.SPATIAL_POST_MATRIX_COMPUTATION.BIN_HD_DATA._BIN_HD_DATA._COMPUTE_BINNED_OUTPUTS.BIN_COUNT_MATRIX.fork_square_002um
2025-10-21 21:50:33 [runtime] (complete)        ID.F08544.SPATIAL_RNA_COUNTER_CS.SPATIAL_RNA_COUNTER.SPATIAL_POST_MATRIX_COMPUTATION.BIN_HD_DATA._BIN_HD_DATA._COMPUTE_BINNED_OUTPUTS.BIN_COUNT_MATRIX.fork_square_002um
2025-10-21 21:50:36 [runtime] (complete)        ID.F08544.SPATIAL_RNA_COUNTER_CS.SPATIAL_RNA_COUNTER.SPATIAL_POST_MATRIX_COMPUTATION.BIN_HD_DATA._BIN_HD_DATA._COMPUTE_BINNED_OUTPUTS.BIN_COUNT_MATRIX.fork_square_002um
2025-10-21 21:50:39 [runtime] (complete)        ID.F08544.SPATIAL_RNA_COUNTER_CS.SPATIAL_RNA_COUNTER.SPATIAL_POST_MATRIX_COMPUTATION.BIN_HD_DATA._BIN_HD_DATA._COMPUTE_BINNED_OUTPUTS.BIN_COUNT_MATRIX.fork_square_002um
2025-10-21 21:50:42 [runtime] (complete)        ID.F08544.SPATIAL_RNA_COUNTER_CS.SPATIAL_RNA_COUNTER.SPATIAL_POST_MATRIX_COMPUTATION.BIN_HD_DATA._BIN_HD_DATA._COMPUTE_BINNED_OUTPUTS.BIN_COUNT_MATRIX.fork_square_002um
2025-10-21 21:50:45 [runtime] (chunks_complete) ID.F08544.SPATIAL_RNA_COUNTER_CS.SPATIAL_RNA_COUNTER.SPATIAL_POST_MATRIX_COMPUTATION.BIN_HD_DATA._BIN_HD_DATA._COMPUTE_BINNED_OUTPUTS.CREATE_TOTAL_UMI_IMAGE.fork_square_016um
2025-10-21 21:50:45 [runtime] (complete)        ID.F08544.SPATIAL_RNA_COUNTER_CS.SPATIAL_RNA_COUNTER.SPATIAL_POST_MATRIX_COMPUTATION.BIN_HD_DATA._BIN_HD_DATA._COMPUTE_BINNED_OUTPUTS.BIN_COUNT_MATRIX.fork_square_002um
2025-10-21 21:50:48 [runtime] (complete)        ID.F08544.SPATIAL_RNA_COUNTER_CS.SPATIAL_RNA_COUNTER.SPATIAL_POST_MATRIX_COMPUTATION.BIN_HD_DATA._BIN_HD_DATA._COMPUTE_BINNED_OUTPUTS.CREATE_TOTAL_UMI_IMAGE.fork_square_016um
2025-10-21 21:50:48 [runtime] (complete)        ID.F08544.SPATIAL_RNA_COUNTER_CS.SPATIAL_RNA_COUNTER.SPATIAL_POST_MATRIX_COMPUTATION.BIN_HD_DATA._BIN_HD_DATA._COMPUTE_BINNED_OUTPUTS.BIN_COUNT_MATRIX.fork_square_002um
2025-10-21 21:50:51 [runtime] (complete)        ID.F08544.SPATIAL_RNA_COUNTER_CS.SPATIAL_RNA_COUNTER.SPATIAL_POST_MATRIX_COMPUTATION.BIN_HD_DATA._BIN_HD_DATA._COMPUTE_BINNED_OUTPUTS.CREATE_TOTAL_UMI_IMAGE.fork_square_016um
2025-10-21 21:50:51 [runtime] (complete)        ID.F08544.SPATIAL_RNA_COUNTER_CS.SPATIAL_RNA_COUNTER.SPATIAL_POST_MATRIX_COMPUTATION.BIN_HD_DATA._BIN_HD_DATA._COMPUTE_BINNED_OUTPUTS.BIN_COUNT_MATRIX.fork_square_002um
2025-10-21 21:50:54 [runtime] (chunks_complete) ID.F08544.SPATIAL_RNA_COUNTER_CS.SPATIAL_RNA_COUNTER.SPATIAL_POST_MATRIX_COMPUTATION.BIN_HD_DATA._BIN_HD_DATA._COMPUTE_BINNED_OUTPUTS.CREATE_TOTAL_UMI_IMAGE.fork_square_002um
2025-10-21 21:50:54 [runtime] (complete)        ID.F08544.SPATIAL_RNA_COUNTER_CS.SPATIAL_RNA_COUNTER.SPATIAL_POST_MATRIX_COMPUTATION.BIN_HD_DATA._BIN_HD_DATA._COMPUTE_BINNED_OUTPUTS.CREATE_TOTAL_UMI_IMAGE.fork_square_016um
2025-10-21 21:50:54 [runtime] (complete)        ID.F08544.SPATIAL_RNA_COUNTER_CS.SPATIAL_RNA_COUNTER.SPATIAL_POST_MATRIX_COMPUTATION.BIN_HD_DATA._BIN_HD_DATA._COMPUTE_BINNED_OUTPUTS.BIN_COUNT_MATRIX.fork_square_002um
2025-10-21 21:50:54 [runtime] (complete)        ID.F08544.SPATIAL_RNA_COUNTER_CS.SPATIAL_RNA_COUNTER.SPATIAL_POST_MATRIX_COMPUTATION.BIN_HD_DATA._BIN_HD_DATA._COMPUTE_BINNED_OUTPUTS.CREATE_TOTAL_UMI_IMAGE.fork_square_002um
2025-10-21 21:50:54 [runtime] (chunks_complete) ID.F08544.SPATIAL_RNA_COUNTER_CS.SPATIAL_RNA_COUNTER.SPATIAL_POST_MATRIX_COMPUTATION.BIN_HD_DATA._BIN_HD_DATA._COMPUTE_BINNED_OUTPUTS.CREATE_TOTAL_UMI_IMAGE.fork_square_008um
2025-10-21 21:50:54 [runtime] (complete)        ID.F08544.SPATIAL_RNA_COUNTER_CS.SPATIAL_RNA_COUNTER.SPATIAL_POST_MATRIX_COMPUTATION.BIN_HD_DATA._BIN_HD_DATA._COMPUTE_BINNED_OUTPUTS.CREATE_TOTAL_UMI_IMAGE.fork_square_016um
2025-10-21 21:50:54 [runtime] (complete)        ID.F08544.SPATIAL_RNA_COUNTER_CS.SPATIAL_RNA_COUNTER.SPATIAL_POST_MATRIX_COMPUTATION.BIN_HD_DATA._BIN_HD_DATA._COMPUTE_BINNED_OUTPUTS.BIN_COUNT_MATRIX.fork_square_002um
2025-10-21 21:50:54 [runtime] (complete)        ID.F08544.SPATIAL_RNA_COUNTER_CS.SPATIAL_RNA_COUNTER.SPATIAL_POST_MATRIX_COMPUTATION.BIN_HD_DATA._BIN_HD_DATA._COMPUTE_BINNED_OUTPUTS.BIN_COUNT_MATRIX.fork_square_002um
2025-10-21 21:50:57 [runtime] (complete)        ID.F08544.SPATIAL_RNA_COUNTER_CS.SPATIAL_RNA_COUNTER.SPATIAL_POST_MATRIX_COMPUTATION.BIN_HD_DATA._BIN_HD_DATA._COMPUTE_BINNED_OUTPUTS.BIN_COUNT_MATRIX.fork_square_002um
2025-10-21 21:51:00 [runtime] (complete)        ID.F08544.SPATIAL_RNA_COUNTER_CS.SPATIAL_RNA_COUNTER.SPATIAL_POST_MATRIX_COMPUTATION.BIN_HD_DATA._BIN_HD_DATA._COMPUTE_BINNED_OUTPUTS.BIN_COUNT_MATRIX.fork_square_002um
2025-10-21 21:51:03 [runtime] (complete)        ID.F08544.SPATIAL_RNA_COUNTER_CS.SPATIAL_RNA_COUNTER.SPATIAL_POST_MATRIX_COMPUTATION.BIN_HD_DATA._BIN_HD_DATA._COMPUTE_BINNED_OUTPUTS.BIN_COUNT_MATRIX.fork_square_002um
2025-10-21 21:51:06 [runtime] (complete)        ID.F08544.SPATIAL_RNA_COUNTER_CS.SPATIAL_RNA_COUNTER.SPATIAL_POST_MATRIX_COMPUTATION.BIN_HD_DATA._BIN_HD_DATA._COMPUTE_BINNED_OUTPUTS.BIN_COUNT_MATRIX.fork_square_002um
2025-10-21 21:51:09 [runtime] (complete)        ID.F08544.SPATIAL_RNA_COUNTER_CS.SPATIAL_RNA_COUNTER.SPATIAL_POST_MATRIX_COMPUTATION.BIN_HD_DATA._BIN_HD_DATA._COMPUTE_BINNED_OUTPUTS.BIN_COUNT_MATRIX.fork_square_002um
2025-10-21 21:51:12 [runtime] (complete)        ID.F08544.SPATIAL_RNA_COUNTER_CS.SPATIAL_RNA_COUNTER.SPATIAL_POST_MATRIX_COMPUTATION.BIN_HD_DATA._BIN_HD_DATA._COMPUTE_BINNED_OUTPUTS.BIN_COUNT_MATRIX.fork_square_002um
2025-10-21 21:51:15 [runtime] (complete)        ID.F08544.SPATIAL_RNA_COUNTER_CS.SPATIAL_RNA_COUNTER.SPATIAL_POST_MATRIX_COMPUTATION.BIN_HD_DATA._BIN_HD_DATA._COMPUTE_BINNED_OUTPUTS.BIN_COUNT_MATRIX.fork_square_002um
2025-10-21 21:51:18 [runtime] (complete)        ID.F08544.SPATIAL_RNA_COUNTER_CS.SPATIAL_RNA_COUNTER.SPATIAL_POST_MATRIX_COMPUTATION.BIN_HD_DATA._BIN_HD_DATA._COMPUTE_BINNED_OUTPUTS.BIN_COUNT_MATRIX.fork_square_002um
2025-10-21 21:51:21 [runtime] (complete)        ID.F08544.SPATIAL_RNA_COUNTER_CS.SPATIAL_RNA_COUNTER.SPATIAL_POST_MATRIX_COMPUTATION.BIN_HD_DATA._BIN_HD_DATA._COMPUTE_BINNED_OUTPUTS.BIN_COUNT_MATRIX.fork_square_002um
2025-10-21 21:51:24 [runtime] (complete)        ID.F08544.SPATIAL_RNA_COUNTER_CS.SPATIAL_RNA_COUNTER.SPATIAL_POST_MATRIX_COMPUTATION.BIN_HD_DATA._BIN_HD_DATA._COMPUTE_BINNED_OUTPUTS.BIN_COUNT_MATRIX.fork_square_002um
2025-10-21 21:51:25 [runtime] (complete)        ID.F08544.SPATIAL_RNA_COUNTER_CS.SPATIAL_RNA_COUNTER.SPATIAL_POST_MATRIX_COMPUTATION.BIN_HD_DATA._BIN_HD_DATA._COMPUTE_BINNED_OUTPUTS.BIN_COUNT_MATRIX.fork_square_002um
2025-10-21 21:51:25 [runtime] (chunks_complete) ID.F08544.SPATIAL_RNA_COUNTER_CS.SPATIAL_RNA_COUNTER.SPATIAL_POST_MATRIX_COMPUTATION.BIN_HD_DATA._BIN_HD_DATA._COMPUTE_BINNED_OUTPUTS.BIN_COUNT_MATRIX.fork_square_008um
2025-10-21 21:51:28 [runtime] (complete)        ID.F08544.SPATIAL_RNA_COUNTER_CS.SPATIAL_RNA_COUNTER.SPATIAL_POST_MATRIX_COMPUTATION.BIN_HD_DATA._BIN_HD_DATA._COMPUTE_BINNED_OUTPUTS.BIN_COUNT_MATRIX.fork_square_002um
2025-10-21 21:51:28 [runtime] (complete)        ID.F08544.SPATIAL_RNA_COUNTER_CS.SPATIAL_RNA_COUNTER.SPATIAL_POST_MATRIX_COMPUTATION.BIN_HD_DATA._BIN_HD_DATA._COMPUTE_BINNED_OUTPUTS.BIN_COUNT_MATRIX.fork_square_008um
2025-10-21 21:51:31 [runtime] (complete)        ID.F08544.SPATIAL_RNA_COUNTER_CS.SPATIAL_RNA_COUNTER.SPATIAL_POST_MATRIX_COMPUTATION.BIN_HD_DATA._BIN_HD_DATA._COMPUTE_BINNED_OUTPUTS.BIN_COUNT_MATRIX.fork_square_002um
2025-10-21 21:51:31 [runtime] (complete)        ID.F08544.SPATIAL_RNA_COUNTER_CS.SPATIAL_RNA_COUNTER.SPATIAL_POST_MATRIX_COMPUTATION.BIN_HD_DATA._BIN_HD_DATA._COMPUTE_BINNED_OUTPUTS.BIN_COUNT_MATRIX.fork_square_008um
2025-10-21 21:51:34 [runtime] (complete)        ID.F08544.SPATIAL_RNA_COUNTER_CS.SPATIAL_RNA_COUNTER.SPATIAL_POST_MATRIX_COMPUTATION.BIN_HD_DATA._BIN_HD_DATA._COMPUTE_BINNED_OUTPUTS.BIN_COUNT_MATRIX.fork_square_002um
2025-10-21 21:51:34 [runtime] (complete)        ID.F08544.SPATIAL_RNA_COUNTER_CS.SPATIAL_RNA_COUNTER.SPATIAL_POST_MATRIX_COMPUTATION.BIN_HD_DATA._BIN_HD_DATA._COMPUTE_BINNED_OUTPUTS.BIN_COUNT_MATRIX.fork_square_008um
2025-10-21 21:51:37 [runtime] (complete)        ID.F08544.SPATIAL_RNA_COUNTER_CS.SPATIAL_RNA_COUNTER.SPATIAL_POST_MATRIX_COMPUTATION.BIN_HD_DATA._BIN_HD_DATA._COMPUTE_BINNED_OUTPUTS.BIN_COUNT_MATRIX.fork_square_002um
2025-10-21 21:51:37 [runtime] (complete)        ID.F08544.SPATIAL_RNA_COUNTER_CS.SPATIAL_RNA_COUNTER.SPATIAL_POST_MATRIX_COMPUTATION.BIN_HD_DATA._BIN_HD_DATA._COMPUTE_BINNED_OUTPUTS.BIN_COUNT_MATRIX.fork_square_008um
2025-10-21 21:51:40 [runtime] (complete)        ID.F08544.SPATIAL_RNA_COUNTER_CS.SPATIAL_RNA_COUNTER.SPATIAL_POST_MATRIX_COMPUTATION.BIN_HD_DATA._BIN_HD_DATA._COMPUTE_BINNED_OUTPUTS.BIN_COUNT_MATRIX.fork_square_002um
2025-10-21 21:51:40 [runtime] (complete)        ID.F08544.SPATIAL_RNA_COUNTER_CS.SPATIAL_RNA_COUNTER.SPATIAL_POST_MATRIX_COMPUTATION.BIN_HD_DATA._BIN_HD_DATA._COMPUTE_BINNED_OUTPUTS.BIN_COUNT_MATRIX.fork_square_008um
2025-10-21 21:51:43 [runtime] (complete)        ID.F08544.SPATIAL_RNA_COUNTER_CS.SPATIAL_RNA_COUNTER.SPATIAL_POST_MATRIX_COMPUTATION.BIN_HD_DATA._BIN_HD_DATA._COMPUTE_BINNED_OUTPUTS.BIN_COUNT_MATRIX.fork_square_002um
2025-10-21 21:51:43 [runtime] (complete)        ID.F08544.SPATIAL_RNA_COUNTER_CS.SPATIAL_RNA_COUNTER.SPATIAL_POST_MATRIX_COMPUTATION.BIN_HD_DATA._BIN_HD_DATA._COMPUTE_BINNED_OUTPUTS.BIN_COUNT_MATRIX.fork_square_008um
2025-10-21 21:51:46 [runtime] (complete)        ID.F08544.SPATIAL_RNA_COUNTER_CS.SPATIAL_RNA_COUNTER.SPATIAL_POST_MATRIX_COMPUTATION.BIN_HD_DATA._BIN_HD_DATA._COMPUTE_BINNED_OUTPUTS.BIN_COUNT_MATRIX.fork_square_002um
2025-10-21 21:51:46 [runtime] (complete)        ID.F08544.SPATIAL_RNA_COUNTER_CS.SPATIAL_RNA_COUNTER.SPATIAL_POST_MATRIX_COMPUTATION.BIN_HD_DATA._BIN_HD_DATA._COMPUTE_BINNED_OUTPUTS.BIN_COUNT_MATRIX.fork_square_008um
2025-10-21 21:51:49 [runtime] (complete)        ID.F08544.SPATIAL_RNA_COUNTER_CS.SPATIAL_RNA_COUNTER.SPATIAL_POST_MATRIX_COMPUTATION.BIN_HD_DATA._BIN_HD_DATA._COMPUTE_BINNED_OUTPUTS.BIN_COUNT_MATRIX.fork_square_002um
2025-10-21 21:51:49 [runtime] (complete)        ID.F08544.SPATIAL_RNA_COUNTER_CS.SPATIAL_RNA_COUNTER.SPATIAL_POST_MATRIX_COMPUTATION.BIN_HD_DATA._BIN_HD_DATA._COMPUTE_BINNED_OUTPUTS.BIN_COUNT_MATRIX.fork_square_008um
2025-10-21 21:51:52 [runtime] (complete)        ID.F08544.SPATIAL_RNA_COUNTER_CS.SPATIAL_RNA_COUNTER.SPATIAL_POST_MATRIX_COMPUTATION.BIN_HD_DATA._BIN_HD_DATA._COMPUTE_BINNED_OUTPUTS.BIN_COUNT_MATRIX.fork_square_002um
2025-10-21 21:51:52 [runtime] (complete)        ID.F08544.SPATIAL_RNA_COUNTER_CS.SPATIAL_RNA_COUNTER.SPATIAL_POST_MATRIX_COMPUTATION.BIN_HD_DATA._BIN_HD_DATA._COMPUTE_BINNED_OUTPUTS.BIN_COUNT_MATRIX.fork_square_008um
2025-10-21 21:51:55 [runtime] (complete)        ID.F08544.SPATIAL_RNA_COUNTER_CS.SPATIAL_RNA_COUNTER.SPATIAL_POST_MATRIX_COMPUTATION.BIN_HD_DATA._BIN_HD_DATA._COMPUTE_BINNED_OUTPUTS.BIN_COUNT_MATRIX.fork_square_002um
2025-10-21 21:51:55 [runtime] (complete)        ID.F08544.SPATIAL_RNA_COUNTER_CS.SPATIAL_RNA_COUNTER.SPATIAL_POST_MATRIX_COMPUTATION.BIN_HD_DATA._BIN_HD_DATA._COMPUTE_BINNED_OUTPUTS.BIN_COUNT_MATRIX.fork_square_008um
2025-10-21 21:51:58 [runtime] (complete)        ID.F08544.SPATIAL_RNA_COUNTER_CS.SPATIAL_RNA_COUNTER.SPATIAL_POST_MATRIX_COMPUTATION.BIN_HD_DATA._BIN_HD_DATA._COMPUTE_BINNED_OUTPUTS.BIN_COUNT_MATRIX.fork_square_002um
2025-10-21 21:51:58 [runtime] (complete)        ID.F08544.SPATIAL_RNA_COUNTER_CS.SPATIAL_RNA_COUNTER.SPATIAL_POST_MATRIX_COMPUTATION.BIN_HD_DATA._BIN_HD_DATA._COMPUTE_BINNED_OUTPUTS.BIN_COUNT_MATRIX.fork_square_008um
2025-10-21 21:52:01 [runtime] (complete)        ID.F08544.SPATIAL_RNA_COUNTER_CS.SPATIAL_RNA_COUNTER.SPATIAL_POST_MATRIX_COMPUTATION.BIN_HD_DATA._BIN_HD_DATA._COMPUTE_BINNED_OUTPUTS.BIN_COUNT_MATRIX.fork_square_002um
2025-10-21 21:52:01 [runtime] (complete)        ID.F08544.SPATIAL_RNA_COUNTER_CS.SPATIAL_RNA_COUNTER.SPATIAL_POST_MATRIX_COMPUTATION.BIN_HD_DATA._BIN_HD_DATA._COMPUTE_BINNED_OUTPUTS.BIN_COUNT_MATRIX.fork_square_008um
2025-10-21 21:52:04 [runtime] (complete)        ID.F08544.SPATIAL_RNA_COUNTER_CS.SPATIAL_RNA_COUNTER.SPATIAL_POST_MATRIX_COMPUTATION.BIN_HD_DATA._BIN_HD_DATA._COMPUTE_BINNED_OUTPUTS.BIN_COUNT_MATRIX.fork_square_002um
2025-10-21 21:52:04 [runtime] (complete)        ID.F08544.SPATIAL_RNA_COUNTER_CS.SPATIAL_RNA_COUNTER.SPATIAL_POST_MATRIX_COMPUTATION.BIN_HD_DATA._BIN_HD_DATA._COMPUTE_BINNED_OUTPUTS.BIN_COUNT_MATRIX.fork_square_008um
2025-10-21 21:52:07 [runtime] (complete)        ID.F08544.SPATIAL_RNA_COUNTER_CS.SPATIAL_RNA_COUNTER.SPATIAL_POST_MATRIX_COMPUTATION.BIN_HD_DATA._BIN_HD_DATA._COMPUTE_BINNED_OUTPUTS.BIN_COUNT_MATRIX.fork_square_002um
2025-10-21 21:52:07 [runtime] (complete)        ID.F08544.SPATIAL_RNA_COUNTER_CS.SPATIAL_RNA_COUNTER.SPATIAL_POST_MATRIX_COMPUTATION.BIN_HD_DATA._BIN_HD_DATA._COMPUTE_BINNED_OUTPUTS.BIN_COUNT_MATRIX.fork_square_008um
2025-10-21 21:52:10 [runtime] (complete)        ID.F08544.SPATIAL_RNA_COUNTER_CS.SPATIAL_RNA_COUNTER.SPATIAL_POST_MATRIX_COMPUTATION.BIN_HD_DATA._BIN_HD_DATA._COMPUTE_BINNED_OUTPUTS.BIN_COUNT_MATRIX.fork_square_002um
2025-10-21 21:52:10 [runtime] (complete)        ID.F08544.SPATIAL_RNA_COUNTER_CS.SPATIAL_RNA_COUNTER.SPATIAL_POST_MATRIX_COMPUTATION.BIN_HD_DATA._BIN_HD_DATA._COMPUTE_BINNED_OUTPUTS.BIN_COUNT_MATRIX.fork_square_008um
2025-10-21 21:52:13 [runtime] (complete)        ID.F08544.SPATIAL_RNA_COUNTER_CS.SPATIAL_RNA_COUNTER.SPATIAL_POST_MATRIX_COMPUTATION.BIN_HD_DATA._BIN_HD_DATA._COMPUTE_BINNED_OUTPUTS.BIN_COUNT_MATRIX.fork_square_002um
2025-10-21 21:52:13 [runtime] (complete)        ID.F08544.SPATIAL_RNA_COUNTER_CS.SPATIAL_RNA_COUNTER.SPATIAL_POST_MATRIX_COMPUTATION.BIN_HD_DATA._BIN_HD_DATA._COMPUTE_BINNED_OUTPUTS.BIN_COUNT_MATRIX.fork_square_008um
2025-10-21 21:52:16 [runtime] (complete)        ID.F08544.SPATIAL_RNA_COUNTER_CS.SPATIAL_RNA_COUNTER.SPATIAL_POST_MATRIX_COMPUTATION.BIN_HD_DATA._BIN_HD_DATA._COMPUTE_BINNED_OUTPUTS.BIN_COUNT_MATRIX.fork_square_002um
2025-10-21 21:52:16 [runtime] (complete)        ID.F08544.SPATIAL_RNA_COUNTER_CS.SPATIAL_RNA_COUNTER.SPATIAL_POST_MATRIX_COMPUTATION.BIN_HD_DATA._BIN_HD_DATA._COMPUTE_BINNED_OUTPUTS.BIN_COUNT_MATRIX.fork_square_008um
2025-10-21 21:52:18 [runtime] (complete)        ID.F08544.SPATIAL_RNA_COUNTER_CS.SPATIAL_RNA_COUNTER.SPATIAL_POST_MATRIX_COMPUTATION.BIN_HD_DATA._BIN_HD_DATA._COMPUTE_BINNED_OUTPUTS.BIN_COUNT_MATRIX.fork_square_002um
2025-10-21 21:52:18 [runtime] (complete)        ID.F08544.SPATIAL_RNA_COUNTER_CS.SPATIAL_RNA_COUNTER.SPATIAL_POST_MATRIX_COMPUTATION.BIN_HD_DATA._BIN_HD_DATA._COMPUTE_BINNED_OUTPUTS.BIN_COUNT_MATRIX.fork_square_008um
2025-10-21 21:52:18 [runtime] (chunks_complete) ID.F08544.SPATIAL_RNA_COUNTER_CS.SPATIAL_RNA_COUNTER.SPATIAL_POST_MATRIX_COMPUTATION.BIN_HD_DATA._BIN_HD_DATA._COMPUTE_BINNED_OUTPUTS.BIN_COUNT_MATRIX.fork_square_016um
2025-10-21 21:52:18 [runtime] (ready)           ID.F08544.SPATIAL_RNA_COUNTER_CS.SPATIAL_RNA_COUNTER.SPATIAL_POST_MATRIX_COMPUTATION.BIN_HD_DATA._BIN_HD_DATA._COMPUTE_BINNED_OUTPUTS.WRITE_BINNED_H5_MATRIX.fork_square_002um
2025-10-21 21:52:18 [runtime] (run:local)       ID.F08544.SPATIAL_RNA_COUNTER_CS.SPATIAL_RNA_COUNTER.SPATIAL_POST_MATRIX_COMPUTATION.BIN_HD_DATA._BIN_HD_DATA._COMPUTE_BINNED_OUTPUTS.WRITE_BINNED_H5_MATRIX.fork_square_002um.chnk0.main
2025-10-21 21:52:18 [runtime] (ready)           ID.F08544.SPATIAL_RNA_COUNTER_CS.SPATIAL_RNA_COUNTER.SPATIAL_POST_MATRIX_COMPUTATION.BIN_HD_DATA._BIN_HD_DATA._COMPUTE_BINNED_OUTPUTS.WRITE_BINNED_H5_MATRIX.fork_square_008um
2025-10-21 21:52:18 [runtime] (run:local)       ID.F08544.SPATIAL_RNA_COUNTER_CS.SPATIAL_RNA_COUNTER.SPATIAL_POST_MATRIX_COMPUTATION.BIN_HD_DATA._BIN_HD_DATA._COMPUTE_BINNED_OUTPUTS.WRITE_BINNED_H5_MATRIX.fork_square_008um.chnk0.main
2025-10-21 21:52:18 [runtime] (ready)           ID.F08544.SPATIAL_RNA_COUNTER_CS.SPATIAL_RNA_COUNTER.SPATIAL_POST_MATRIX_COMPUTATION.BIN_HD_DATA._BIN_HD_DATA._COMPUTE_BINNED_OUTPUTS.WRITE_BINNED_H5_MATRIX.fork_square_016um
2025-10-21 21:52:18 [runtime] (run:local)       ID.F08544.SPATIAL_RNA_COUNTER_CS.SPATIAL_RNA_COUNTER.SPATIAL_POST_MATRIX_COMPUTATION.BIN_HD_DATA._BIN_HD_DATA._COMPUTE_BINNED_OUTPUTS.WRITE_BINNED_H5_MATRIX.fork_square_016um.chnk0.main
2025-10-21 21:52:49 [runtime] (chunks_complete) ID.F08544.SPATIAL_RNA_COUNTER_CS.SPATIAL_RNA_COUNTER.SPATIAL_POST_MATRIX_COMPUTATION.BIN_HD_DATA._BIN_HD_DATA._COMPUTE_BINNED_OUTPUTS.WRITE_BINNED_H5_MATRIX.fork_square_016um
2025-10-21 21:52:50 [runtime] (chunks_complete) ID.F08544.SPATIAL_RNA_COUNTER_CS.SPATIAL_RNA_COUNTER.SPATIAL_POST_MATRIX_COMPUTATION.BIN_HD_DATA._BIN_HD_DATA._COMPUTE_BINNED_OUTPUTS.WRITE_BINNED_H5_MATRIX.fork_square_008um
2025-10-21 21:52:50 [runtime] (complete)        ID.F08544.SPATIAL_RNA_COUNTER_CS.SPATIAL_RNA_COUNTER.SPATIAL_POST_MATRIX_COMPUTATION.BIN_HD_DATA._BIN_HD_DATA._COMPUTE_BINNED_OUTPUTS.WRITE_BINNED_H5_MATRIX.fork_square_016um
2025-10-21 21:52:53 [runtime] (complete)        ID.F08544.SPATIAL_RNA_COUNTER_CS.SPATIAL_RNA_COUNTER.SPATIAL_POST_MATRIX_COMPUTATION.BIN_HD_DATA._BIN_HD_DATA._COMPUTE_BINNED_OUTPUTS.WRITE_BINNED_H5_MATRIX.fork_square_008um
2025-10-21 21:52:53 [runtime] (complete)        ID.F08544.SPATIAL_RNA_COUNTER_CS.SPATIAL_RNA_COUNTER.SPATIAL_POST_MATRIX_COMPUTATION.BIN_HD_DATA._BIN_HD_DATA._COMPUTE_BINNED_OUTPUTS.WRITE_BINNED_H5_MATRIX.fork_square_016um
2025-10-21 21:52:56 [runtime] (complete)        ID.F08544.SPATIAL_RNA_COUNTER_CS.SPATIAL_RNA_COUNTER.SPATIAL_POST_MATRIX_COMPUTATION.BIN_HD_DATA._BIN_HD_DATA._COMPUTE_BINNED_OUTPUTS.WRITE_BINNED_H5_MATRIX.fork_square_008um
2025-10-21 21:52:56 [runtime] (complete)        ID.F08544.SPATIAL_RNA_COUNTER_CS.SPATIAL_RNA_COUNTER.SPATIAL_POST_MATRIX_COMPUTATION.BIN_HD_DATA._BIN_HD_DATA._COMPUTE_BINNED_OUTPUTS.WRITE_BINNED_H5_MATRIX.fork_square_016um
2025-10-21 21:52:59 [runtime] (complete)        ID.F08544.SPATIAL_RNA_COUNTER_CS.SPATIAL_RNA_COUNTER.SPATIAL_POST_MATRIX_COMPUTATION.BIN_HD_DATA._BIN_HD_DATA._COMPUTE_BINNED_OUTPUTS.WRITE_BINNED_H5_MATRIX.fork_square_008um
2025-10-21 21:52:59 [runtime] (complete)        ID.F08544.SPATIAL_RNA_COUNTER_CS.SPATIAL_RNA_COUNTER.SPATIAL_POST_MATRIX_COMPUTATION.BIN_HD_DATA._BIN_HD_DATA._COMPUTE_BINNED_OUTPUTS.WRITE_BINNED_H5_MATRIX.fork_square_016um
2025-10-21 21:53:01 [runtime] (chunks_complete) ID.F08544.SPATIAL_RNA_COUNTER_CS.SPATIAL_RNA_COUNTER.SPATIAL_POST_MATRIX_COMPUTATION.BIN_HD_DATA._BIN_HD_DATA._COMPUTE_BINNED_OUTPUTS.WRITE_BINNED_H5_MATRIX.fork_square_002um
2025-10-21 21:53:01 [runtime] (complete)        ID.F08544.SPATIAL_RNA_COUNTER_CS.SPATIAL_RNA_COUNTER.SPATIAL_POST_MATRIX_COMPUTATION.BIN_HD_DATA._BIN_HD_DATA._COMPUTE_BINNED_OUTPUTS.WRITE_BINNED_H5_MATRIX.fork_square_008um
2025-10-21 21:53:01 [runtime] (complete)        ID.F08544.SPATIAL_RNA_COUNTER_CS.SPATIAL_RNA_COUNTER.SPATIAL_POST_MATRIX_COMPUTATION.BIN_HD_DATA._BIN_HD_DATA._COMPUTE_BINNED_OUTPUTS.WRITE_BINNED_H5_MATRIX.fork_square_016um
2025-10-21 21:53:01 [runtime] (ready)           ID.F08544.SPATIAL_RNA_COUNTER_CS.SPATIAL_RNA_COUNTER.SPATIAL_POST_MATRIX_COMPUTATION.BIN_HD_DATA._BIN_HD_DATA._COMPUTE_BINNED_OUTPUTS.WRITE_BINNED_MATRICES.fork_square_002um
2025-10-21 21:53:02 [runtime] (run:local)       ID.F08544.SPATIAL_RNA_COUNTER_CS.SPATIAL_RNA_COUNTER.SPATIAL_POST_MATRIX_COMPUTATION.BIN_HD_DATA._BIN_HD_DATA._COMPUTE_BINNED_OUTPUTS.WRITE_BINNED_MATRICES.fork_square_002um.split
2025-10-21 21:53:02 [runtime] (ready)           ID.F08544.SPATIAL_RNA_COUNTER_CS.SPATIAL_RNA_COUNTER.SPATIAL_POST_MATRIX_COMPUTATION.BIN_HD_DATA._BIN_HD_DATA._COMPUTE_BINNED_OUTPUTS.WRITE_BINNED_MATRICES.fork_square_008um
2025-10-21 21:53:02 [runtime] (run:local)       ID.F08544.SPATIAL_RNA_COUNTER_CS.SPATIAL_RNA_COUNTER.SPATIAL_POST_MATRIX_COMPUTATION.BIN_HD_DATA._BIN_HD_DATA._COMPUTE_BINNED_OUTPUTS.WRITE_BINNED_MATRICES.fork_square_008um.split
2025-10-21 21:53:02 [runtime] (ready)           ID.F08544.SPATIAL_RNA_COUNTER_CS.SPATIAL_RNA_COUNTER.SPATIAL_POST_MATRIX_COMPUTATION.BIN_HD_DATA._BIN_HD_DATA._COMPUTE_BINNED_OUTPUTS.WRITE_BINNED_MATRICES.fork_square_016um
2025-10-21 21:53:02 [runtime] (run:local)       ID.F08544.SPATIAL_RNA_COUNTER_CS.SPATIAL_RNA_COUNTER.SPATIAL_POST_MATRIX_COMPUTATION.BIN_HD_DATA._BIN_HD_DATA._COMPUTE_BINNED_OUTPUTS.WRITE_BINNED_MATRICES.fork_square_016um.split
2025-10-21 21:53:04 [runtime] (split_complete)  ID.F08544.SPATIAL_RNA_COUNTER_CS.SPATIAL_RNA_COUNTER.SPATIAL_POST_MATRIX_COMPUTATION.BIN_HD_DATA._BIN_HD_DATA._COMPUTE_BINNED_OUTPUTS.WRITE_BINNED_MATRICES.fork_square_008um
2025-10-21 21:53:04 [runtime] (run:local)       ID.F08544.SPATIAL_RNA_COUNTER_CS.SPATIAL_RNA_COUNTER.SPATIAL_POST_MATRIX_COMPUTATION.BIN_HD_DATA._BIN_HD_DATA._COMPUTE_BINNED_OUTPUTS.WRITE_BINNED_MATRICES.fork_square_008um.join
2025-10-21 21:53:04 [runtime] (split_complete)  ID.F08544.SPATIAL_RNA_COUNTER_CS.SPATIAL_RNA_COUNTER.SPATIAL_POST_MATRIX_COMPUTATION.BIN_HD_DATA._BIN_HD_DATA._COMPUTE_BINNED_OUTPUTS.WRITE_BINNED_MATRICES.fork_square_016um
2025-10-21 21:53:04 [runtime] (run:local)       ID.F08544.SPATIAL_RNA_COUNTER_CS.SPATIAL_RNA_COUNTER.SPATIAL_POST_MATRIX_COMPUTATION.BIN_HD_DATA._BIN_HD_DATA._COMPUTE_BINNED_OUTPUTS.WRITE_BINNED_MATRICES.fork_square_016um.join
2025-10-21 21:53:04 [runtime] (split_complete)  ID.F08544.SPATIAL_RNA_COUNTER_CS.SPATIAL_RNA_COUNTER.SPATIAL_POST_MATRIX_COMPUTATION.BIN_HD_DATA._BIN_HD_DATA._COMPUTE_BINNED_OUTPUTS.WRITE_BINNED_MATRICES.fork_square_002um
2025-10-21 21:53:04 [runtime] (run:local)       ID.F08544.SPATIAL_RNA_COUNTER_CS.SPATIAL_RNA_COUNTER.SPATIAL_POST_MATRIX_COMPUTATION.BIN_HD_DATA._BIN_HD_DATA._COMPUTE_BINNED_OUTPUTS.WRITE_BINNED_MATRICES.fork_square_002um.join
2025-10-21 21:53:28 [runtime] (update)          ID.F08544.SPATIAL_RNA_COUNTER_CS.SPATIAL_RNA_COUNTER.SPATIAL_POST_MATRIX_COMPUTATION._POST_MATRIX_COMPUTATION.FILTER_BARCODES.fork0 join_running
2025-10-21 21:53:56 [runtime] (join_complete)   ID.F08544.SPATIAL_RNA_COUNTER_CS.SPATIAL_RNA_COUNTER.SPATIAL_POST_MATRIX_COMPUTATION._POST_MATRIX_COMPUTATION.FILTER_BARCODES
2025-10-21 21:53:56 [runtime] (ready)           ID.F08544.SPATIAL_RNA_COUNTER_CS.SPATIAL_RNA_COUNTER.SPATIAL_POST_MATRIX_COMPUTATION._POST_MATRIX_COMPUTATION._ASSIGN_TAGS.CALL_TAGS_RTL
2025-10-21 21:53:56 [runtime] (ready)           ID.F08544.SPATIAL_RNA_COUNTER_CS.SPATIAL_RNA_COUNTER.SPATIAL_POST_MATRIX_COMPUTATION.ANTIBODY_QC_PLOTS
2025-10-21 21:53:56 [runtime] (ready)           ID.F08544.SPATIAL_RNA_COUNTER_CS.SPATIAL_RNA_COUNTER.SPATIAL_POST_MATRIX_COMPUTATION.RUN_SPATIAL_ENRICHMENT
2025-10-21 21:53:56 [runtime] (run:local)       ID.F08544.SPATIAL_RNA_COUNTER_CS.SPATIAL_RNA_COUNTER.SPATIAL_POST_MATRIX_COMPUTATION.RUN_SPATIAL_ENRICHMENT.fork0.split
2025-10-21 21:53:56 [runtime] (ready)           ID.F08544.SPATIAL_RNA_COUNTER_CS.SPATIAL_RNA_COUNTER.SPATIAL_POST_MATRIX_COMPUTATION._POST_MATRIX_COMPUTATION._ASSIGN_TAGS.CALL_TAGS_OH
2025-10-21 21:53:56 [runtime] (ready)           ID.F08544.SPATIAL_RNA_COUNTER_CS.SPATIAL_RNA_COUNTER.SPATIAL_POST_MATRIX_COMPUTATION._POST_MATRIX_COMPUTATION.COLLATE_PROBE_METRICS
2025-10-21 21:53:56 [runtime] (run:local)       ID.F08544.SPATIAL_RNA_COUNTER_CS.SPATIAL_RNA_COUNTER.SPATIAL_POST_MATRIX_COMPUTATION._POST_MATRIX_COMPUTATION.COLLATE_PROBE_METRICS.fork0.chnk0.main
2025-10-21 21:53:56 [runtime] (ready)           ID.F08544.SPATIAL_RNA_COUNTER_CS.SPATIAL_RNA_COUNTER.SPATIAL_POST_MATRIX_COMPUTATION.CHECK_CORRECTION_FACTOR
2025-10-21 21:53:56 [runtime] (run:local)       ID.F08544.SPATIAL_RNA_COUNTER_CS.SPATIAL_RNA_COUNTER.SPATIAL_POST_MATRIX_COMPUTATION.CHECK_CORRECTION_FACTOR.fork0.chnk0.main
2025-10-21 21:53:56 [runtime] (ready)           ID.F08544.SPATIAL_RNA_COUNTER_CS.SPATIAL_RNA_COUNTER.SPATIAL_POST_MATRIX_COMPUTATION.COMPUTE_EXTENDED_SD_METRICS
2025-10-21 21:53:56 [runtime] (ready)           ID.F08544.SPATIAL_RNA_COUNTER_CS.SPATIAL_RNA_COUNTER.SPATIAL_POST_MATRIX_COMPUTATION.DISABLE_SECONDARY_ANALYSIS
2025-10-21 21:53:56 [runtime] (run:local)       ID.F08544.SPATIAL_RNA_COUNTER_CS.SPATIAL_RNA_COUNTER.SPATIAL_POST_MATRIX_COMPUTATION.DISABLE_SECONDARY_ANALYSIS.fork0.chnk0.main
2025-10-21 21:53:56 [runtime] (ready)           ID.F08544.SPATIAL_RNA_COUNTER_CS.SPATIAL_RNA_COUNTER.SPATIAL_POST_MATRIX_COMPUTATION._POST_MATRIX_COMPUTATION.INFER_GEM_WELL_THROUGHPUT
2025-10-21 21:53:56 [runtime] (ready)           ID.F08544.SPATIAL_RNA_COUNTER_CS.SPATIAL_RNA_COUNTER.SPATIAL_POST_MATRIX_COMPUTATION._POST_MATRIX_COMPUTATION._ASSIGN_TAGS.CALL_TAGS_MARGINAL
2025-10-21 21:53:57 [runtime] (chunks_complete) ID.F08544.SPATIAL_RNA_COUNTER_CS.SPATIAL_RNA_COUNTER.SPATIAL_POST_MATRIX_COMPUTATION.CHECK_CORRECTION_FACTOR
2025-10-21 21:53:58 [runtime] (chunks_complete) ID.F08544.SPATIAL_RNA_COUNTER_CS.SPATIAL_RNA_COUNTER.SPATIAL_POST_MATRIX_COMPUTATION.DISABLE_SECONDARY_ANALYSIS
2025-10-21 21:53:58 [runtime] (ready)           ID.F08544.SPATIAL_RNA_COUNTER_CS.SPATIAL_RNA_COUNTER.SPATIAL_POST_MATRIX_COMPUTATION.SPATIAL_RNA_ANALYZER.ANALYZER_PREFLIGHT
2025-10-21 21:53:58 [runtime] (run:local)       ID.F08544.SPATIAL_RNA_COUNTER_CS.SPATIAL_RNA_COUNTER.SPATIAL_POST_MATRIX_COMPUTATION.SPATIAL_RNA_ANALYZER.ANALYZER_PREFLIGHT.fork0.chnk0.main
2025-10-21 21:54:01 [runtime] (chunks_complete) ID.F08544.SPATIAL_RNA_COUNTER_CS.SPATIAL_RNA_COUNTER.SPATIAL_POST_MATRIX_COMPUTATION.SPATIAL_RNA_ANALYZER.ANALYZER_PREFLIGHT
2025-10-21 21:54:01 [runtime] (ready)           ID.F08544.SPATIAL_RNA_COUNTER_CS.SPATIAL_RNA_COUNTER.SPATIAL_POST_MATRIX_COMPUTATION.SPATIAL_RNA_ANALYZER.PREPROCESS_MATRIX
2025-10-21 21:54:01 [runtime] (run:local)       ID.F08544.SPATIAL_RNA_COUNTER_CS.SPATIAL_RNA_COUNTER.SPATIAL_POST_MATRIX_COMPUTATION.SPATIAL_RNA_ANALYZER.PREPROCESS_MATRIX.fork0.split
2025-10-21 21:54:02 [runtime] (split_complete)  ID.F08544.SPATIAL_RNA_COUNTER_CS.SPATIAL_RNA_COUNTER.SPATIAL_POST_MATRIX_COMPUTATION.RUN_SPATIAL_ENRICHMENT
2025-10-21 21:54:02 [runtime] (run:local)       ID.F08544.SPATIAL_RNA_COUNTER_CS.SPATIAL_RNA_COUNTER.SPATIAL_POST_MATRIX_COMPUTATION.RUN_SPATIAL_ENRICHMENT.fork0.join
2025-10-21 21:54:04 [runtime] (split_complete)  ID.F08544.SPATIAL_RNA_COUNTER_CS.SPATIAL_RNA_COUNTER.SPATIAL_POST_MATRIX_COMPUTATION.SPATIAL_RNA_ANALYZER.PREPROCESS_MATRIX
2025-10-21 21:54:05 [runtime] (run:local)       ID.F08544.SPATIAL_RNA_COUNTER_CS.SPATIAL_RNA_COUNTER.SPATIAL_POST_MATRIX_COMPUTATION.SPATIAL_RNA_ANALYZER.PREPROCESS_MATRIX.fork0.join
2025-10-21 21:54:15 [runtime] (join_complete)   ID.F08544.SPATIAL_RNA_COUNTER_CS.SPATIAL_RNA_COUNTER.SPATIAL_POST_MATRIX_COMPUTATION.RUN_SPATIAL_ENRICHMENT
2025-10-21 21:54:15 [runtime] (ready)           ID.F08544.SPATIAL_RNA_COUNTER_CS.SPATIAL_RNA_COUNTER.SPATIAL_POST_MATRIX_COMPUTATION.SPATIAL_FOLDER_COLLECTOR
2025-10-21 21:54:15 [runtime] (run:local)       ID.F08544.SPATIAL_RNA_COUNTER_CS.SPATIAL_RNA_COUNTER.SPATIAL_POST_MATRIX_COMPUTATION.SPATIAL_FOLDER_COLLECTOR.fork0.chnk0.main
2025-10-21 21:54:16 [runtime] (chunks_complete) ID.F08544.SPATIAL_RNA_COUNTER_CS.SPATIAL_RNA_COUNTER.SPATIAL_POST_MATRIX_COMPUTATION.SPATIAL_FOLDER_COLLECTOR
2025-10-21 21:54:16 [runtime] (ready)           ID.F08544.SPATIAL_RNA_COUNTER_CS.SPATIAL_RNA_COUNTER.SPATIAL_POST_MATRIX_COMPUTATION.HD_WEBSUMMARY_BUILDER.CREATE_HD_WEBSUMMARY_IMAGE
2025-10-21 21:54:16 [runtime] (run:local)       ID.F08544.SPATIAL_RNA_COUNTER_CS.SPATIAL_RNA_COUNTER.SPATIAL_POST_MATRIX_COMPUTATION.HD_WEBSUMMARY_BUILDER.CREATE_HD_WEBSUMMARY_IMAGE.fork0.chnk0.main
2025-10-21 21:54:17 [runtime] (join_complete)   ID.F08544.SPATIAL_RNA_COUNTER_CS.SPATIAL_RNA_COUNTER.SPATIAL_POST_MATRIX_COMPUTATION.SPATIAL_RNA_ANALYZER.PREPROCESS_MATRIX
2025-10-21 21:54:17 [runtime] (ready)           ID.F08544.SPATIAL_RNA_COUNTER_CS.SPATIAL_RNA_COUNTER.SPATIAL_POST_MATRIX_COMPUTATION.SPATIAL_RNA_ANALYZER._ANTIGEN_ANALYZER.CALL_ANTIBODIES
2025-10-21 21:54:17 [runtime] (ready)           ID.F08544.SPATIAL_RNA_COUNTER_CS.SPATIAL_RNA_COUNTER.SPATIAL_POST_MATRIX_COMPUTATION.SPATIAL_RNA_ANALYZER._ANTIBODY_ANALYZER.CALL_ANTIBODIES
2025-10-21 21:54:17 [runtime] (ready)           ID.F08544.SPATIAL_RNA_COUNTER_CS.SPATIAL_RNA_COUNTER.SPATIAL_POST_MATRIX_COMPUTATION.SPATIAL_RNA_ANALYZER._ANTIBODY_ANALYZER.SUMMARIZE_ANTIBODY_ANALYSIS
2025-10-21 21:54:17 [runtime] (ready)           ID.F08544.SPATIAL_RNA_COUNTER_CS.SPATIAL_RNA_COUNTER.SPATIAL_POST_MATRIX_COMPUTATION.SPATIAL_RNA_ANALYZER.RUN_BATCH_CORRECTION_PCA.PCA_PREP
2025-10-21 21:54:17 [runtime] (ready)           ID.F08544.SPATIAL_RNA_COUNTER_CS.SPATIAL_RNA_COUNTER.SPATIAL_POST_MATRIX_COMPUTATION.SPATIAL_RNA_ANALYZER._ANTIGEN_ANALYZER.SUMMARIZE_ANTIBODY_ANALYSIS
2025-10-21 21:54:17 [runtime] (ready)           ID.F08544.SPATIAL_RNA_COUNTER_CS.SPATIAL_RNA_COUNTER.SPATIAL_POST_MATRIX_COMPUTATION.SPATIAL_RNA_ANALYZER.RUN_MULTIGENOME_ANALYSIS
2025-10-21 21:54:17 [runtime] (ready)           ID.F08544.SPATIAL_RNA_COUNTER_CS.SPATIAL_RNA_COUNTER.SPATIAL_POST_MATRIX_COMPUTATION.SPATIAL_RNA_ANALYZER.RUN_BATCH_CORRECTION_PCA.RUN_PCA2
2025-10-21 21:54:17 [runtime] (ready)           ID.F08544.SPATIAL_RNA_COUNTER_CS.SPATIAL_RNA_COUNTER.SPATIAL_POST_MATRIX_COMPUTATION.SPATIAL_RNA_ANALYZER.RUN_BATCH_CORRECTION_PCA.POST_PCA
2025-10-21 21:54:17 [runtime] (ready)           ID.F08544.SPATIAL_RNA_COUNTER_CS.SPATIAL_RNA_COUNTER.SPATIAL_POST_MATRIX_COMPUTATION.SPATIAL_RNA_ANALYZER.CORRECT_CHEMISTRY_BATCH
2025-10-21 21:54:17 [runtime] (ready)           ID.F08544.SPATIAL_RNA_COUNTER_CS.SPATIAL_RNA_COUNTER.SPATIAL_POST_MATRIX_COMPUTATION.SPATIAL_RNA_ANALYZER.RUN_PCA
2025-10-21 21:54:17 [runtime] (ready)           ID.F08544.SPATIAL_RNA_COUNTER_CS.SPATIAL_RNA_COUNTER.SPATIAL_POST_MATRIX_COMPUTATION.SPATIAL_RNA_ANALYZER.RUN_TSNE
2025-10-21 21:54:17 [runtime] (ready)           ID.F08544.SPATIAL_RNA_COUNTER_CS.SPATIAL_RNA_COUNTER.SPATIAL_POST_MATRIX_COMPUTATION.SPATIAL_RNA_ANALYZER.RUN_KMEANS
2025-10-21 21:54:17 [runtime] (ready)           ID.F08544.SPATIAL_RNA_COUNTER_CS.SPATIAL_RNA_COUNTER.SPATIAL_POST_MATRIX_COMPUTATION.SPATIAL_RNA_ANALYZER.RUN_GRAPH_CLUSTERING
2025-10-21 21:54:17 [runtime] (ready)           ID.F08544.SPATIAL_RNA_COUNTER_CS.SPATIAL_RNA_COUNTER.SPATIAL_POST_MATRIX_COMPUTATION.SPATIAL_RNA_ANALYZER.RUN_UMAP
2025-10-21 21:54:17 [runtime] (ready)           ID.F08544.SPATIAL_RNA_COUNTER_CS.SPATIAL_RNA_COUNTER.SPATIAL_POST_MATRIX_COMPUTATION.SPATIAL_RNA_ANALYZER.RUN_HIERARCHICAL_CLUSTERING
2025-10-21 21:54:17 [runtime] (ready)           ID.F08544.SPATIAL_RNA_COUNTER_CS.SPATIAL_RNA_COUNTER.SPATIAL_POST_MATRIX_COMPUTATION.SPATIAL_RNA_ANALYZER.COMBINE_CLUSTERING
2025-10-21 21:54:18 [runtime] (ready)           ID.F08544.SPATIAL_RNA_COUNTER_CS.SPATIAL_RNA_COUNTER.SPATIAL_POST_MATRIX_COMPUTATION.SPATIAL_RNA_ANALYZER.RUN_DIFFERENTIAL_EXPRESSION
2025-10-21 21:54:18 [runtime] (ready)           ID.F08544.SPATIAL_RNA_COUNTER_CS.SPATIAL_RNA_COUNTER.SPATIAL_POST_MATRIX_COMPUTATION.SPATIAL_RNA_ANALYZER.SUMMARIZE_ANALYSIS
2025-10-21 21:54:18 [runtime] (ready)           ID.F08544.SPATIAL_RNA_COUNTER_CS.SPATIAL_RNA_COUNTER.SPATIAL_POST_MATRIX_COMPUTATION.DECONVOLVE_SPOTS
2025-10-21 21:54:18 [runtime] (chunks_complete) ID.F08544.SPATIAL_RNA_COUNTER_CS.SPATIAL_RNA_COUNTER.SPATIAL_POST_MATRIX_COMPUTATION.HD_WEBSUMMARY_BUILDER.CREATE_HD_WEBSUMMARY_IMAGE
2025-10-21 21:54:46 [runtime] (join_complete)   ID.F08544.SPATIAL_RNA_COUNTER_CS.SPATIAL_RNA_COUNTER.SPATIAL_POST_MATRIX_COMPUTATION.BIN_HD_DATA._BIN_HD_DATA._COMPUTE_BINNED_OUTPUTS.WRITE_BINNED_MATRICES.fork_square_016um
2025-10-21 21:54:49 [runtime] (complete)        ID.F08544.SPATIAL_RNA_COUNTER_CS.SPATIAL_RNA_COUNTER.SPATIAL_POST_MATRIX_COMPUTATION.BIN_HD_DATA._BIN_HD_DATA._COMPUTE_BINNED_OUTPUTS.WRITE_BINNED_MATRICES.fork_square_016um
2025-10-21 21:54:52 [runtime] (complete)        ID.F08544.SPATIAL_RNA_COUNTER_CS.SPATIAL_RNA_COUNTER.SPATIAL_POST_MATRIX_COMPUTATION.BIN_HD_DATA._BIN_HD_DATA._COMPUTE_BINNED_OUTPUTS.WRITE_BINNED_MATRICES.fork_square_016um
2025-10-21 21:54:55 [runtime] (complete)        ID.F08544.SPATIAL_RNA_COUNTER_CS.SPATIAL_RNA_COUNTER.SPATIAL_POST_MATRIX_COMPUTATION.BIN_HD_DATA._BIN_HD_DATA._COMPUTE_BINNED_OUTPUTS.WRITE_BINNED_MATRICES.fork_square_016um
2025-10-21 21:54:58 [runtime] (complete)        ID.F08544.SPATIAL_RNA_COUNTER_CS.SPATIAL_RNA_COUNTER.SPATIAL_POST_MATRIX_COMPUTATION.BIN_HD_DATA._BIN_HD_DATA._COMPUTE_BINNED_OUTPUTS.WRITE_BINNED_MATRICES.fork_square_016um
2025-10-21 21:54:59 [runtime] (join_complete)   ID.F08544.SPATIAL_RNA_COUNTER_CS.SPATIAL_RNA_COUNTER.SPATIAL_POST_MATRIX_COMPUTATION.BIN_HD_DATA._BIN_HD_DATA._COMPUTE_BINNED_OUTPUTS.WRITE_BINNED_MATRICES.fork_square_008um
2025-10-21 21:54:59 [runtime] (complete)        ID.F08544.SPATIAL_RNA_COUNTER_CS.SPATIAL_RNA_COUNTER.SPATIAL_POST_MATRIX_COMPUTATION.BIN_HD_DATA._BIN_HD_DATA._COMPUTE_BINNED_OUTPUTS.WRITE_BINNED_MATRICES.fork_square_016um
2025-10-21 21:55:02 [runtime] (complete)        ID.F08544.SPATIAL_RNA_COUNTER_CS.SPATIAL_RNA_COUNTER.SPATIAL_POST_MATRIX_COMPUTATION.BIN_HD_DATA._BIN_HD_DATA._COMPUTE_BINNED_OUTPUTS.WRITE_BINNED_MATRICES.fork_square_008um
2025-10-21 21:55:02 [runtime] (complete)        ID.F08544.SPATIAL_RNA_COUNTER_CS.SPATIAL_RNA_COUNTER.SPATIAL_POST_MATRIX_COMPUTATION.BIN_HD_DATA._BIN_HD_DATA._COMPUTE_BINNED_OUTPUTS.WRITE_BINNED_MATRICES.fork_square_016um
2025-10-21 21:55:05 [runtime] (complete)        ID.F08544.SPATIAL_RNA_COUNTER_CS.SPATIAL_RNA_COUNTER.SPATIAL_POST_MATRIX_COMPUTATION.BIN_HD_DATA._BIN_HD_DATA._COMPUTE_BINNED_OUTPUTS.WRITE_BINNED_MATRICES.fork_square_008um
2025-10-21 21:55:05 [runtime] (complete)        ID.F08544.SPATIAL_RNA_COUNTER_CS.SPATIAL_RNA_COUNTER.SPATIAL_POST_MATRIX_COMPUTATION.BIN_HD_DATA._BIN_HD_DATA._COMPUTE_BINNED_OUTPUTS.WRITE_BINNED_MATRICES.fork_square_016um
2025-10-21 21:55:08 [runtime] (complete)        ID.F08544.SPATIAL_RNA_COUNTER_CS.SPATIAL_RNA_COUNTER.SPATIAL_POST_MATRIX_COMPUTATION.BIN_HD_DATA._BIN_HD_DATA._COMPUTE_BINNED_OUTPUTS.WRITE_BINNED_MATRICES.fork_square_008um
2025-10-21 21:55:08 [runtime] (complete)        ID.F08544.SPATIAL_RNA_COUNTER_CS.SPATIAL_RNA_COUNTER.SPATIAL_POST_MATRIX_COMPUTATION.BIN_HD_DATA._BIN_HD_DATA._COMPUTE_BINNED_OUTPUTS.WRITE_BINNED_MATRICES.fork_square_016um
2025-10-21 21:55:11 [runtime] (complete)        ID.F08544.SPATIAL_RNA_COUNTER_CS.SPATIAL_RNA_COUNTER.SPATIAL_POST_MATRIX_COMPUTATION.BIN_HD_DATA._BIN_HD_DATA._COMPUTE_BINNED_OUTPUTS.WRITE_BINNED_MATRICES.fork_square_008um
2025-10-21 21:55:11 [runtime] (complete)        ID.F08544.SPATIAL_RNA_COUNTER_CS.SPATIAL_RNA_COUNTER.SPATIAL_POST_MATRIX_COMPUTATION.BIN_HD_DATA._BIN_HD_DATA._COMPUTE_BINNED_OUTPUTS.WRITE_BINNED_MATRICES.fork_square_016um
2025-10-21 21:55:14 [runtime] (complete)        ID.F08544.SPATIAL_RNA_COUNTER_CS.SPATIAL_RNA_COUNTER.SPATIAL_POST_MATRIX_COMPUTATION.BIN_HD_DATA._BIN_HD_DATA._COMPUTE_BINNED_OUTPUTS.WRITE_BINNED_MATRICES.fork_square_008um
2025-10-21 21:55:14 [runtime] (complete)        ID.F08544.SPATIAL_RNA_COUNTER_CS.SPATIAL_RNA_COUNTER.SPATIAL_POST_MATRIX_COMPUTATION.BIN_HD_DATA._BIN_HD_DATA._COMPUTE_BINNED_OUTPUTS.WRITE_BINNED_MATRICES.fork_square_016um
2025-10-21 21:55:17 [runtime] (complete)        ID.F08544.SPATIAL_RNA_COUNTER_CS.SPATIAL_RNA_COUNTER.SPATIAL_POST_MATRIX_COMPUTATION.BIN_HD_DATA._BIN_HD_DATA._COMPUTE_BINNED_OUTPUTS.WRITE_BINNED_MATRICES.fork_square_008um
2025-10-21 21:55:17 [runtime] (complete)        ID.F08544.SPATIAL_RNA_COUNTER_CS.SPATIAL_RNA_COUNTER.SPATIAL_POST_MATRIX_COMPUTATION.BIN_HD_DATA._BIN_HD_DATA._COMPUTE_BINNED_OUTPUTS.WRITE_BINNED_MATRICES.fork_square_016um
2025-10-21 21:55:20 [runtime] (complete)        ID.F08544.SPATIAL_RNA_COUNTER_CS.SPATIAL_RNA_COUNTER.SPATIAL_POST_MATRIX_COMPUTATION.BIN_HD_DATA._BIN_HD_DATA._COMPUTE_BINNED_OUTPUTS.WRITE_BINNED_MATRICES.fork_square_008um
2025-10-21 21:55:20 [runtime] (complete)        ID.F08544.SPATIAL_RNA_COUNTER_CS.SPATIAL_RNA_COUNTER.SPATIAL_POST_MATRIX_COMPUTATION.BIN_HD_DATA._BIN_HD_DATA._COMPUTE_BINNED_OUTPUTS.WRITE_BINNED_MATRICES.fork_square_016um
2025-10-21 21:55:23 [runtime] (complete)        ID.F08544.SPATIAL_RNA_COUNTER_CS.SPATIAL_RNA_COUNTER.SPATIAL_POST_MATRIX_COMPUTATION.BIN_HD_DATA._BIN_HD_DATA._COMPUTE_BINNED_OUTPUTS.WRITE_BINNED_MATRICES.fork_square_008um
2025-10-21 21:55:23 [runtime] (complete)        ID.F08544.SPATIAL_RNA_COUNTER_CS.SPATIAL_RNA_COUNTER.SPATIAL_POST_MATRIX_COMPUTATION.BIN_HD_DATA._BIN_HD_DATA._COMPUTE_BINNED_OUTPUTS.WRITE_BINNED_MATRICES.fork_square_016um
2025-10-21 21:55:26 [runtime] (complete)        ID.F08544.SPATIAL_RNA_COUNTER_CS.SPATIAL_RNA_COUNTER.SPATIAL_POST_MATRIX_COMPUTATION.BIN_HD_DATA._BIN_HD_DATA._COMPUTE_BINNED_OUTPUTS.WRITE_BINNED_MATRICES.fork_square_008um
2025-10-21 21:55:26 [runtime] (complete)        ID.F08544.SPATIAL_RNA_COUNTER_CS.SPATIAL_RNA_COUNTER.SPATIAL_POST_MATRIX_COMPUTATION.BIN_HD_DATA._BIN_HD_DATA._COMPUTE_BINNED_OUTPUTS.WRITE_BINNED_MATRICES.fork_square_016um
2025-10-21 21:55:29 [runtime] (complete)        ID.F08544.SPATIAL_RNA_COUNTER_CS.SPATIAL_RNA_COUNTER.SPATIAL_POST_MATRIX_COMPUTATION.BIN_HD_DATA._BIN_HD_DATA._COMPUTE_BINNED_OUTPUTS.WRITE_BINNED_MATRICES.fork_square_008um
2025-10-21 21:55:29 [runtime] (complete)        ID.F08544.SPATIAL_RNA_COUNTER_CS.SPATIAL_RNA_COUNTER.SPATIAL_POST_MATRIX_COMPUTATION.BIN_HD_DATA._BIN_HD_DATA._COMPUTE_BINNED_OUTPUTS.WRITE_BINNED_MATRICES.fork_square_016um
2025-10-21 21:55:33 [runtime] (complete)        ID.F08544.SPATIAL_RNA_COUNTER_CS.SPATIAL_RNA_COUNTER.SPATIAL_POST_MATRIX_COMPUTATION.BIN_HD_DATA._BIN_HD_DATA._COMPUTE_BINNED_OUTPUTS.WRITE_BINNED_MATRICES.fork_square_008um
2025-10-21 21:55:33 [runtime] (complete)        ID.F08544.SPATIAL_RNA_COUNTER_CS.SPATIAL_RNA_COUNTER.SPATIAL_POST_MATRIX_COMPUTATION.BIN_HD_DATA._BIN_HD_DATA._COMPUTE_BINNED_OUTPUTS.WRITE_BINNED_MATRICES.fork_square_016um
2025-10-21 21:55:36 [runtime] (complete)        ID.F08544.SPATIAL_RNA_COUNTER_CS.SPATIAL_RNA_COUNTER.SPATIAL_POST_MATRIX_COMPUTATION.BIN_HD_DATA._BIN_HD_DATA._COMPUTE_BINNED_OUTPUTS.WRITE_BINNED_MATRICES.fork_square_008um
2025-10-21 21:55:36 [runtime] (complete)        ID.F08544.SPATIAL_RNA_COUNTER_CS.SPATIAL_RNA_COUNTER.SPATIAL_POST_MATRIX_COMPUTATION.BIN_HD_DATA._BIN_HD_DATA._COMPUTE_BINNED_OUTPUTS.WRITE_BINNED_MATRICES.fork_square_016um
2025-10-21 21:55:39 [runtime] (complete)        ID.F08544.SPATIAL_RNA_COUNTER_CS.SPATIAL_RNA_COUNTER.SPATIAL_POST_MATRIX_COMPUTATION.BIN_HD_DATA._BIN_HD_DATA._COMPUTE_BINNED_OUTPUTS.WRITE_BINNED_MATRICES.fork_square_008um
2025-10-21 21:55:39 [runtime] (complete)        ID.F08544.SPATIAL_RNA_COUNTER_CS.SPATIAL_RNA_COUNTER.SPATIAL_POST_MATRIX_COMPUTATION.BIN_HD_DATA._BIN_HD_DATA._COMPUTE_BINNED_OUTPUTS.WRITE_BINNED_MATRICES.fork_square_016um
2025-10-21 21:55:42 [runtime] (complete)        ID.F08544.SPATIAL_RNA_COUNTER_CS.SPATIAL_RNA_COUNTER.SPATIAL_POST_MATRIX_COMPUTATION.BIN_HD_DATA._BIN_HD_DATA._COMPUTE_BINNED_OUTPUTS.WRITE_BINNED_MATRICES.fork_square_008um
2025-10-21 21:55:42 [runtime] (complete)        ID.F08544.SPATIAL_RNA_COUNTER_CS.SPATIAL_RNA_COUNTER.SPATIAL_POST_MATRIX_COMPUTATION.BIN_HD_DATA._BIN_HD_DATA._COMPUTE_BINNED_OUTPUTS.WRITE_BINNED_MATRICES.fork_square_016um
2025-10-21 21:55:45 [runtime] (complete)        ID.F08544.SPATIAL_RNA_COUNTER_CS.SPATIAL_RNA_COUNTER.SPATIAL_POST_MATRIX_COMPUTATION.BIN_HD_DATA._BIN_HD_DATA._COMPUTE_BINNED_OUTPUTS.WRITE_BINNED_MATRICES.fork_square_008um
2025-10-21 21:55:45 [runtime] (complete)        ID.F08544.SPATIAL_RNA_COUNTER_CS.SPATIAL_RNA_COUNTER.SPATIAL_POST_MATRIX_COMPUTATION.BIN_HD_DATA._BIN_HD_DATA._COMPUTE_BINNED_OUTPUTS.WRITE_BINNED_MATRICES.fork_square_016um
2025-10-21 21:55:48 [runtime] (complete)        ID.F08544.SPATIAL_RNA_COUNTER_CS.SPATIAL_RNA_COUNTER.SPATIAL_POST_MATRIX_COMPUTATION.BIN_HD_DATA._BIN_HD_DATA._COMPUTE_BINNED_OUTPUTS.WRITE_BINNED_MATRICES.fork_square_008um
2025-10-21 21:55:48 [runtime] (complete)        ID.F08544.SPATIAL_RNA_COUNTER_CS.SPATIAL_RNA_COUNTER.SPATIAL_POST_MATRIX_COMPUTATION.BIN_HD_DATA._BIN_HD_DATA._COMPUTE_BINNED_OUTPUTS.WRITE_BINNED_MATRICES.fork_square_016um
2025-10-21 21:55:51 [runtime] (complete)        ID.F08544.SPATIAL_RNA_COUNTER_CS.SPATIAL_RNA_COUNTER.SPATIAL_POST_MATRIX_COMPUTATION.BIN_HD_DATA._BIN_HD_DATA._COMPUTE_BINNED_OUTPUTS.WRITE_BINNED_MATRICES.fork_square_008um
2025-10-21 21:55:51 [runtime] (complete)        ID.F08544.SPATIAL_RNA_COUNTER_CS.SPATIAL_RNA_COUNTER.SPATIAL_POST_MATRIX_COMPUTATION.BIN_HD_DATA._BIN_HD_DATA._COMPUTE_BINNED_OUTPUTS.WRITE_BINNED_MATRICES.fork_square_016um
2025-10-21 21:55:54 [runtime] (complete)        ID.F08544.SPATIAL_RNA_COUNTER_CS.SPATIAL_RNA_COUNTER.SPATIAL_POST_MATRIX_COMPUTATION.BIN_HD_DATA._BIN_HD_DATA._COMPUTE_BINNED_OUTPUTS.WRITE_BINNED_MATRICES.fork_square_008um
2025-10-21 21:55:54 [runtime] (complete)        ID.F08544.SPATIAL_RNA_COUNTER_CS.SPATIAL_RNA_COUNTER.SPATIAL_POST_MATRIX_COMPUTATION.BIN_HD_DATA._BIN_HD_DATA._COMPUTE_BINNED_OUTPUTS.WRITE_BINNED_MATRICES.fork_square_016um
2025-10-21 21:55:57 [runtime] (complete)        ID.F08544.SPATIAL_RNA_COUNTER_CS.SPATIAL_RNA_COUNTER.SPATIAL_POST_MATRIX_COMPUTATION.BIN_HD_DATA._BIN_HD_DATA._COMPUTE_BINNED_OUTPUTS.WRITE_BINNED_MATRICES.fork_square_008um
2025-10-21 21:55:57 [runtime] (complete)        ID.F08544.SPATIAL_RNA_COUNTER_CS.SPATIAL_RNA_COUNTER.SPATIAL_POST_MATRIX_COMPUTATION.BIN_HD_DATA._BIN_HD_DATA._COMPUTE_BINNED_OUTPUTS.WRITE_BINNED_MATRICES.fork_square_016um
2025-10-21 21:56:00 [runtime] (complete)        ID.F08544.SPATIAL_RNA_COUNTER_CS.SPATIAL_RNA_COUNTER.SPATIAL_POST_MATRIX_COMPUTATION.BIN_HD_DATA._BIN_HD_DATA._COMPUTE_BINNED_OUTPUTS.WRITE_BINNED_MATRICES.fork_square_008um
2025-10-21 21:56:00 [runtime] (complete)        ID.F08544.SPATIAL_RNA_COUNTER_CS.SPATIAL_RNA_COUNTER.SPATIAL_POST_MATRIX_COMPUTATION.BIN_HD_DATA._BIN_HD_DATA._COMPUTE_BINNED_OUTPUTS.WRITE_BINNED_MATRICES.fork_square_016um
2025-10-21 21:56:01 [runtime] (join_complete)   ID.F08544.SPATIAL_RNA_COUNTER_CS.SPATIAL_RNA_COUNTER.SPATIAL_POST_MATRIX_COMPUTATION.BIN_HD_DATA._BIN_HD_DATA._COMPUTE_BINNED_OUTPUTS.WRITE_BINNED_MATRICES.fork_square_002um
2025-10-21 21:56:01 [runtime] (complete)        ID.F08544.SPATIAL_RNA_COUNTER_CS.SPATIAL_RNA_COUNTER.SPATIAL_POST_MATRIX_COMPUTATION.BIN_HD_DATA._BIN_HD_DATA._COMPUTE_BINNED_OUTPUTS.WRITE_BINNED_MATRICES.fork_square_008um
2025-10-21 21:56:01 [runtime] (complete)        ID.F08544.SPATIAL_RNA_COUNTER_CS.SPATIAL_RNA_COUNTER.SPATIAL_POST_MATRIX_COMPUTATION.BIN_HD_DATA._BIN_HD_DATA._COMPUTE_BINNED_OUTPUTS.WRITE_BINNED_MATRICES.fork_square_016um
2025-10-21 21:56:02 [runtime] (ready)           ID.F08544.SPATIAL_RNA_COUNTER_CS.SPATIAL_RNA_COUNTER.SPATIAL_POST_MATRIX_COMPUTATION.BIN_HD_DATA._BIN_HD_DATA._COMPUTE_BINNED_OUTPUTS.DISABLE_SECONDARY_ANALYSIS.fork_square_002um
2025-10-21 21:56:02 [runtime] (run:local)       ID.F08544.SPATIAL_RNA_COUNTER_CS.SPATIAL_RNA_COUNTER.SPATIAL_POST_MATRIX_COMPUTATION.BIN_HD_DATA._BIN_HD_DATA._COMPUTE_BINNED_OUTPUTS.DISABLE_SECONDARY_ANALYSIS.fork_square_002um.chnk0.main
2025-10-21 21:56:02 [runtime] (ready)           ID.F08544.SPATIAL_RNA_COUNTER_CS.SPATIAL_RNA_COUNTER.SPATIAL_POST_MATRIX_COMPUTATION.BIN_HD_DATA._BIN_HD_DATA._COMPUTE_BINNED_OUTPUTS.DISABLE_SECONDARY_ANALYSIS.fork_square_008um
2025-10-21 21:56:02 [runtime] (run:local)       ID.F08544.SPATIAL_RNA_COUNTER_CS.SPATIAL_RNA_COUNTER.SPATIAL_POST_MATRIX_COMPUTATION.BIN_HD_DATA._BIN_HD_DATA._COMPUTE_BINNED_OUTPUTS.DISABLE_SECONDARY_ANALYSIS.fork_square_008um.chnk0.main
2025-10-21 21:56:02 [runtime] (ready)           ID.F08544.SPATIAL_RNA_COUNTER_CS.SPATIAL_RNA_COUNTER.SPATIAL_POST_MATRIX_COMPUTATION.BIN_HD_DATA._BIN_HD_DATA._COMPUTE_BINNED_OUTPUTS.DISABLE_SECONDARY_ANALYSIS.fork_square_016um
2025-10-21 21:56:02 [runtime] (run:local)       ID.F08544.SPATIAL_RNA_COUNTER_CS.SPATIAL_RNA_COUNTER.SPATIAL_POST_MATRIX_COMPUTATION.BIN_HD_DATA._BIN_HD_DATA._COMPUTE_BINNED_OUTPUTS.DISABLE_SECONDARY_ANALYSIS.fork_square_016um.chnk0.main
2025-10-21 21:56:37 [runtime] (chunks_complete) ID.F08544.SPATIAL_RNA_COUNTER_CS.SPATIAL_RNA_COUNTER.SPATIAL_POST_MATRIX_COMPUTATION._POST_MATRIX_COMPUTATION.COLLATE_PROBE_METRICS
2025-10-21 21:56:37 [runtime] (ready)           ID.F08544.SPATIAL_RNA_COUNTER_CS.SPATIAL_RNA_COUNTER.SPATIAL_POST_MATRIX_COMPUTATION._POST_MATRIX_COMPUTATION._CELLS_REPORTER.WRITE_MOLECULE_INFO
2025-10-21 21:56:37 [runtime] (run:local)       ID.F08544.SPATIAL_RNA_COUNTER_CS.SPATIAL_RNA_COUNTER.SPATIAL_POST_MATRIX_COMPUTATION._POST_MATRIX_COMPUTATION._CELLS_REPORTER.WRITE_MOLECULE_INFO.fork0.split
2025-10-21 21:56:37 [runtime] (ready)           ID.F08544.SPATIAL_RNA_COUNTER_CS.SPATIAL_RNA_COUNTER.SPATIAL_POST_MATRIX_COMPUTATION.BIN_HD_DATA._BIN_HD_DATA._COMPUTE_BINNED_OUTPUTS.PICK_PROBE_BC_MATRIX.fork_square_002um
2025-10-21 21:56:37 [runtime] (run:local)       ID.F08544.SPATIAL_RNA_COUNTER_CS.SPATIAL_RNA_COUNTER.SPATIAL_POST_MATRIX_COMPUTATION.BIN_HD_DATA._BIN_HD_DATA._COMPUTE_BINNED_OUTPUTS.PICK_PROBE_BC_MATRIX.fork_square_002um.chnk0.main
2025-10-21 21:56:37 [runtime] (ready)           ID.F08544.SPATIAL_RNA_COUNTER_CS.SPATIAL_RNA_COUNTER.SPATIAL_POST_MATRIX_COMPUTATION.BIN_HD_DATA._BIN_HD_DATA._COMPUTE_BINNED_OUTPUTS.PICK_PROBE_BC_MATRIX.fork_square_008um
2025-10-21 21:56:37 [runtime] (run:local)       ID.F08544.SPATIAL_RNA_COUNTER_CS.SPATIAL_RNA_COUNTER.SPATIAL_POST_MATRIX_COMPUTATION.BIN_HD_DATA._BIN_HD_DATA._COMPUTE_BINNED_OUTPUTS.PICK_PROBE_BC_MATRIX.fork_square_008um.chnk0.main
2025-10-21 21:56:37 [runtime] (ready)           ID.F08544.SPATIAL_RNA_COUNTER_CS.SPATIAL_RNA_COUNTER.SPATIAL_POST_MATRIX_COMPUTATION.BIN_HD_DATA._BIN_HD_DATA._COMPUTE_BINNED_OUTPUTS.PICK_PROBE_BC_MATRIX.fork_square_016um
2025-10-21 21:56:37 [runtime] (run:local)       ID.F08544.SPATIAL_RNA_COUNTER_CS.SPATIAL_RNA_COUNTER.SPATIAL_POST_MATRIX_COMPUTATION.BIN_HD_DATA._BIN_HD_DATA._COMPUTE_BINNED_OUTPUTS.PICK_PROBE_BC_MATRIX.fork_square_016um.chnk0.main
2025-10-21 21:56:37 [runtime] (split_complete)  ID.F08544.SPATIAL_RNA_COUNTER_CS.SPATIAL_RNA_COUNTER.SPATIAL_POST_MATRIX_COMPUTATION._POST_MATRIX_COMPUTATION._CELLS_REPORTER.WRITE_MOLECULE_INFO
2025-10-21 21:56:37 [runtime] (run:local)       ID.F08544.SPATIAL_RNA_COUNTER_CS.SPATIAL_RNA_COUNTER.SPATIAL_POST_MATRIX_COMPUTATION._POST_MATRIX_COMPUTATION._CELLS_REPORTER.WRITE_MOLECULE_INFO.fork0.join
2025-10-21 21:56:37 [runtime] (chunks_complete) ID.F08544.SPATIAL_RNA_COUNTER_CS.SPATIAL_RNA_COUNTER.SPATIAL_POST_MATRIX_COMPUTATION.BIN_HD_DATA._BIN_HD_DATA._COMPUTE_BINNED_OUTPUTS.PICK_PROBE_BC_MATRIX.fork_square_008um
2025-10-21 21:56:37 [runtime] (chunks_complete) ID.F08544.SPATIAL_RNA_COUNTER_CS.SPATIAL_RNA_COUNTER.SPATIAL_POST_MATRIX_COMPUTATION.BIN_HD_DATA._BIN_HD_DATA._COMPUTE_BINNED_OUTPUTS.PICK_PROBE_BC_MATRIX.fork_square_016um
2025-10-21 21:56:37 [runtime] (chunks_complete) ID.F08544.SPATIAL_RNA_COUNTER_CS.SPATIAL_RNA_COUNTER.SPATIAL_POST_MATRIX_COMPUTATION.BIN_HD_DATA._BIN_HD_DATA._COMPUTE_BINNED_OUTPUTS.PICK_PROBE_BC_MATRIX.fork_square_002um
2025-10-21 21:56:37 [runtime] (complete)        ID.F08544.SPATIAL_RNA_COUNTER_CS.SPATIAL_RNA_COUNTER.SPATIAL_POST_MATRIX_COMPUTATION.BIN_HD_DATA._BIN_HD_DATA._COMPUTE_BINNED_OUTPUTS.PICK_PROBE_BC_MATRIX.fork_square_008um
2025-10-21 21:56:37 [runtime] (complete)        ID.F08544.SPATIAL_RNA_COUNTER_CS.SPATIAL_RNA_COUNTER.SPATIAL_POST_MATRIX_COMPUTATION.BIN_HD_DATA._BIN_HD_DATA._COMPUTE_BINNED_OUTPUTS.PICK_PROBE_BC_MATRIX.fork_square_016um
2025-10-21 21:57:56 [runtime] (join_complete)   ID.F08544.SPATIAL_RNA_COUNTER_CS.SPATIAL_RNA_COUNTER.SPATIAL_POST_MATRIX_COMPUTATION._POST_MATRIX_COMPUTATION._CELLS_REPORTER.WRITE_MOLECULE_INFO
2025-10-21 21:57:56 [runtime] (ready)           ID.F08544.SPATIAL_RNA_COUNTER_CS.SPATIAL_RNA_COUNTER.SPATIAL_POST_MATRIX_COMPUTATION._TARGETED_ANALYZER.SUBSAMPLE_ON_TARGET_READS
2025-10-21 21:57:56 [runtime] (ready)           ID.F08544.SPATIAL_RNA_COUNTER_CS.SPATIAL_RNA_COUNTER.SPATIAL_POST_MATRIX_COMPUTATION._POST_MATRIX_COMPUTATION._ASSIGN_TAGS.CALL_TAGS_JIBES
2025-10-21 21:57:56 [runtime] (ready)           ID.F08544.SPATIAL_RNA_COUNTER_CS.SPATIAL_RNA_COUNTER.SPATIAL_POST_MATRIX_COMPUTATION._TARGETED_ANALYZER._RUN_GDNA_ANALYSIS.GET_GDNA_METRICS
2025-10-21 21:57:56 [runtime] (run:local)       ID.F08544.SPATIAL_RNA_COUNTER_CS.SPATIAL_RNA_COUNTER.SPATIAL_POST_MATRIX_COMPUTATION._TARGETED_ANALYZER._RUN_GDNA_ANALYSIS.GET_GDNA_METRICS.fork0.chnk0.main
2025-10-21 21:57:56 [runtime] (ready)           ID.F08544.SPATIAL_RNA_COUNTER_CS.SPATIAL_RNA_COUNTER.SPATIAL_POST_MATRIX_COMPUTATION._POST_MATRIX_COMPUTATION._CELLS_REPORTER.SUBSAMPLE_READS
2025-10-21 21:57:56 [runtime] (ready)           ID.F08544.SPATIAL_RNA_COUNTER_CS.SPATIAL_RNA_COUNTER.SPATIAL_POST_MATRIX_COMPUTATION.BIN_HD_DATA._BIN_HD_DATA._COMPUTE_BINNED_OUTPUTS.COMPUTE_SUBSAMPLED_BIN_METRICS.fork_square_002um
2025-10-21 21:57:56 [runtime] (run:local)       ID.F08544.SPATIAL_RNA_COUNTER_CS.SPATIAL_RNA_COUNTER.SPATIAL_POST_MATRIX_COMPUTATION.BIN_HD_DATA._BIN_HD_DATA._COMPUTE_BINNED_OUTPUTS.COMPUTE_SUBSAMPLED_BIN_METRICS.fork_square_002um.chnk0.main
2025-10-21 21:57:56 [runtime] (ready)           ID.F08544.SPATIAL_RNA_COUNTER_CS.SPATIAL_RNA_COUNTER.SPATIAL_POST_MATRIX_COMPUTATION.BIN_HD_DATA._BIN_HD_DATA._COMPUTE_BINNED_OUTPUTS.COMPUTE_SUBSAMPLED_BIN_METRICS.fork_square_008um
2025-10-21 21:57:56 [runtime] (run:local)       ID.F08544.SPATIAL_RNA_COUNTER_CS.SPATIAL_RNA_COUNTER.SPATIAL_POST_MATRIX_COMPUTATION.BIN_HD_DATA._BIN_HD_DATA._COMPUTE_BINNED_OUTPUTS.COMPUTE_SUBSAMPLED_BIN_METRICS.fork_square_008um.chnk0.main
2025-10-21 21:57:56 [runtime] (ready)           ID.F08544.SPATIAL_RNA_COUNTER_CS.SPATIAL_RNA_COUNTER.SPATIAL_POST_MATRIX_COMPUTATION.BIN_HD_DATA._BIN_HD_DATA._COMPUTE_BINNED_OUTPUTS.COMPUTE_SUBSAMPLED_BIN_METRICS.fork_square_016um
2025-10-21 21:57:57 [runtime] (run:local)       ID.F08544.SPATIAL_RNA_COUNTER_CS.SPATIAL_RNA_COUNTER.SPATIAL_POST_MATRIX_COMPUTATION.BIN_HD_DATA._BIN_HD_DATA._COMPUTE_BINNED_OUTPUTS.COMPUTE_SUBSAMPLED_BIN_METRICS.fork_square_016um.chnk0.main
2025-10-21 21:57:57 [runtime] (ready)           ID.F08544.SPATIAL_RNA_COUNTER_CS.SPATIAL_RNA_COUNTER.SPATIAL_POST_MATRIX_COMPUTATION._POST_MATRIX_COMPUTATION._ASSIGN_TAGS.DETERMINE_SAMPLE_ASSIGNMENTS
2025-10-21 21:57:57 [runtime] (ready)           ID.F08544.SPATIAL_RNA_COUNTER_CS.SPATIAL_RNA_COUNTER.SPATIAL_POST_MATRIX_COMPUTATION._POST_MATRIX_COMPUTATION.MULTI_COLLATE_PER_SAMPLE_METRICS
2025-10-21 21:57:57 [runtime] (ready)           ID.F08544.SPATIAL_RNA_COUNTER_CS.SPATIAL_RNA_COUNTER.SPATIAL_POST_MATRIX_COMPUTATION._POST_MATRIX_COMPUTATION.DEMUX_PROBE_BC_MATRIX
2025-10-21 21:57:57 [runtime] (ready)           ID.F08544.SPATIAL_RNA_COUNTER_CS.SPATIAL_RNA_COUNTER.SPATIAL_POST_MATRIX_COMPUTATION._POST_MATRIX_COMPUTATION._CELLS_REPORTER.SUMMARIZE_BASIC_REPORTS
2025-10-21 21:57:57 [runtime] (run:local)       ID.F08544.SPATIAL_RNA_COUNTER_CS.SPATIAL_RNA_COUNTER.SPATIAL_POST_MATRIX_COMPUTATION._POST_MATRIX_COMPUTATION._CELLS_REPORTER.SUMMARIZE_BASIC_REPORTS.fork0.split
2025-10-21 21:57:57 [runtime] (ready)           ID.F08544.SPATIAL_RNA_COUNTER_CS.SPATIAL_RNA_COUNTER.SPATIAL_POST_MATRIX_COMPUTATION._POST_MATRIX_COMPUTATION.MULTI_WRITE_PER_SAMPLE_BAM
2025-10-21 21:57:57 [runtime] (ready)           ID.F08544.SPATIAL_RNA_COUNTER_CS.SPATIAL_RNA_COUNTER.SPATIAL_POST_MATRIX_COMPUTATION._POST_MATRIX_COMPUTATION._ASSIGN_TAGS.COMPUTE_EXTRA_MULTIPLEXING_METRICS
2025-10-21 21:57:57 [runtime] (ready)           ID.F08544.SPATIAL_RNA_COUNTER_CS.SPATIAL_RNA_COUNTER.SPATIAL_POST_MATRIX_COMPUTATION._POST_MATRIX_COMPUTATION.MULTI_WRITE_PER_SAMPLE_MATRICES
2025-10-21 21:57:57 [runtime] (ready)           ID.F08544.SPATIAL_RNA_COUNTER_CS.SPATIAL_RNA_COUNTER.SPATIAL_POST_MATRIX_COMPUTATION._POST_MATRIX_COMPUTATION.MULTI_WRITE_PER_SAMPLE_MOLECULE_INFO
2025-10-21 21:57:57 [runtime] (ready)           ID.F08544.SPATIAL_RNA_COUNTER_CS.SPATIAL_RNA_COUNTER.SPATIAL_POST_MATRIX_COMPUTATION._POST_MATRIX_COMPUTATION._ASSIGN_TAGS.MERGE_METRICS
2025-10-21 21:58:14 [runtime] (chunks_complete) ID.F08544.SPATIAL_RNA_COUNTER_CS.SPATIAL_RNA_COUNTER.SPATIAL_POST_MATRIX_COMPUTATION._TARGETED_ANALYZER._RUN_GDNA_ANALYSIS.GET_GDNA_METRICS
2025-10-21 21:58:14 [runtime] (ready)           ID.F08544.SPATIAL_RNA_COUNTER_CS.SPATIAL_RNA_COUNTER.SPATIAL_POST_MATRIX_COMPUTATION._TARGETED_ANALYZER._RUN_GDNA_ANALYSIS.GET_GDNA_PLOT
2025-10-21 21:58:14 [runtime] (run:local)       ID.F08544.SPATIAL_RNA_COUNTER_CS.SPATIAL_RNA_COUNTER.SPATIAL_POST_MATRIX_COMPUTATION._TARGETED_ANALYZER._RUN_GDNA_ANALYSIS.GET_GDNA_PLOT.fork0.chnk0.main
2025-10-21 21:58:14 [runtime] (chunks_complete) ID.F08544.SPATIAL_RNA_COUNTER_CS.SPATIAL_RNA_COUNTER.SPATIAL_POST_MATRIX_COMPUTATION.BIN_HD_DATA._BIN_HD_DATA._COMPUTE_BINNED_OUTPUTS.DISABLE_SECONDARY_ANALYSIS.fork_square_002um
2025-10-21 21:58:14 [runtime] (chunks_complete) ID.F08544.SPATIAL_RNA_COUNTER_CS.SPATIAL_RNA_COUNTER.SPATIAL_POST_MATRIX_COMPUTATION.BIN_HD_DATA._BIN_HD_DATA._COMPUTE_BINNED_OUTPUTS.DISABLE_SECONDARY_ANALYSIS.fork_square_008um
2025-10-21 21:58:14 [runtime] (complete)        ID.F08544.SPATIAL_RNA_COUNTER_CS.SPATIAL_RNA_COUNTER.SPATIAL_POST_MATRIX_COMPUTATION.BIN_HD_DATA._BIN_HD_DATA._COMPUTE_BINNED_OUTPUTS.DISABLE_SECONDARY_ANALYSIS.fork_square_002um
2025-10-21 21:58:14 [runtime] (complete)        ID.F08544.SPATIAL_RNA_COUNTER_CS.SPATIAL_RNA_COUNTER.SPATIAL_POST_MATRIX_COMPUTATION.BIN_HD_DATA._BIN_HD_DATA._COMPUTE_BINNED_OUTPUTS.DISABLE_SECONDARY_ANALYSIS.fork_square_008um
2025-10-21 21:58:14 [runtime] (chunks_complete) ID.F08544.SPATIAL_RNA_COUNTER_CS.SPATIAL_RNA_COUNTER.SPATIAL_POST_MATRIX_COMPUTATION.BIN_HD_DATA._BIN_HD_DATA._COMPUTE_BINNED_OUTPUTS.DISABLE_SECONDARY_ANALYSIS.fork_square_016um
2025-10-21 21:58:14 [runtime] (ready)           ID.F08544.SPATIAL_RNA_COUNTER_CS.SPATIAL_RNA_COUNTER.SPATIAL_POST_MATRIX_COMPUTATION.BIN_HD_DATA._BIN_HD_DATA._COMPUTE_BINNED_OUTPUTS.SPATIAL_BINNED_RNA_ANALYZER.ANALYZER_PREFLIGHT.fork_square_002um
2025-10-21 21:58:14 [runtime] (run:local)       ID.F08544.SPATIAL_RNA_COUNTER_CS.SPATIAL_RNA_COUNTER.SPATIAL_POST_MATRIX_COMPUTATION.BIN_HD_DATA._BIN_HD_DATA._COMPUTE_BINNED_OUTPUTS.SPATIAL_BINNED_RNA_ANALYZER.ANALYZER_PREFLIGHT.fork_square_002um.chnk0.main
2025-10-21 21:58:14 [runtime] (ready)           ID.F08544.SPATIAL_RNA_COUNTER_CS.SPATIAL_RNA_COUNTER.SPATIAL_POST_MATRIX_COMPUTATION.BIN_HD_DATA._BIN_HD_DATA._COMPUTE_BINNED_OUTPUTS.SPATIAL_BINNED_RNA_ANALYZER.ANALYZER_PREFLIGHT.fork_square_008um
2025-10-21 21:58:14 [runtime] (run:local)       ID.F08544.SPATIAL_RNA_COUNTER_CS.SPATIAL_RNA_COUNTER.SPATIAL_POST_MATRIX_COMPUTATION.BIN_HD_DATA._BIN_HD_DATA._COMPUTE_BINNED_OUTPUTS.SPATIAL_BINNED_RNA_ANALYZER.ANALYZER_PREFLIGHT.fork_square_008um.chnk0.main
2025-10-21 21:58:14 [runtime] (ready)           ID.F08544.SPATIAL_RNA_COUNTER_CS.SPATIAL_RNA_COUNTER.SPATIAL_POST_MATRIX_COMPUTATION.BIN_HD_DATA._BIN_HD_DATA._COMPUTE_BINNED_OUTPUTS.SPATIAL_BINNED_RNA_ANALYZER.ANALYZER_PREFLIGHT.fork_square_016um
2025-10-21 21:58:14 [runtime] (run:local)       ID.F08544.SPATIAL_RNA_COUNTER_CS.SPATIAL_RNA_COUNTER.SPATIAL_POST_MATRIX_COMPUTATION.BIN_HD_DATA._BIN_HD_DATA._COMPUTE_BINNED_OUTPUTS.SPATIAL_BINNED_RNA_ANALYZER.ANALYZER_PREFLIGHT.fork_square_016um.chnk0.main
2025-10-21 21:58:14 [runtime] (chunks_complete) ID.F08544.SPATIAL_RNA_COUNTER_CS.SPATIAL_RNA_COUNTER.SPATIAL_POST_MATRIX_COMPUTATION._TARGETED_ANALYZER._RUN_GDNA_ANALYSIS.GET_GDNA_PLOT
2025-10-21 21:58:14 [runtime] (ready)           ID.F08544.SPATIAL_RNA_COUNTER_CS.SPATIAL_RNA_COUNTER.SPATIAL_POST_MATRIX_COMPUTATION._TARGETED_ANALYZER._RUN_GDNA_ANALYSIS.MERGE_METRICS
2025-10-21 21:58:14 [runtime] (run:local)       ID.F08544.SPATIAL_RNA_COUNTER_CS.SPATIAL_RNA_COUNTER.SPATIAL_POST_MATRIX_COMPUTATION._TARGETED_ANALYZER._RUN_GDNA_ANALYSIS.MERGE_METRICS.fork0.chnk0.main
2025-10-21 21:58:15 [runtime] (chunks_complete) ID.F08544.SPATIAL_RNA_COUNTER_CS.SPATIAL_RNA_COUNTER.SPATIAL_POST_MATRIX_COMPUTATION._TARGETED_ANALYZER._RUN_GDNA_ANALYSIS.MERGE_METRICS
2025-10-21 21:58:15 [runtime] (split_complete)  ID.F08544.SPATIAL_RNA_COUNTER_CS.SPATIAL_RNA_COUNTER.SPATIAL_POST_MATRIX_COMPUTATION._POST_MATRIX_COMPUTATION._CELLS_REPORTER.SUMMARIZE_BASIC_REPORTS
2025-10-21 21:58:15 [runtime] (run:local)       ID.F08544.SPATIAL_RNA_COUNTER_CS.SPATIAL_RNA_COUNTER.SPATIAL_POST_MATRIX_COMPUTATION._POST_MATRIX_COMPUTATION._CELLS_REPORTER.SUMMARIZE_BASIC_REPORTS.fork0.join
2025-10-21 21:58:16 [runtime] (chunks_complete) ID.F08544.SPATIAL_RNA_COUNTER_CS.SPATIAL_RNA_COUNTER.SPATIAL_POST_MATRIX_COMPUTATION.BIN_HD_DATA._BIN_HD_DATA._COMPUTE_BINNED_OUTPUTS.SPATIAL_BINNED_RNA_ANALYZER.ANALYZER_PREFLIGHT.fork_square_002um
2025-10-21 21:58:16 [runtime] (complete)        ID.F08544.SPATIAL_RNA_COUNTER_CS.SPATIAL_RNA_COUNTER.SPATIAL_POST_MATRIX_COMPUTATION.BIN_HD_DATA._BIN_HD_DATA._COMPUTE_BINNED_OUTPUTS.SPATIAL_BINNED_RNA_ANALYZER.ANALYZER_PREFLIGHT.fork_square_002um
2025-10-21 21:58:16 [runtime] (chunks_complete) ID.F08544.SPATIAL_RNA_COUNTER_CS.SPATIAL_RNA_COUNTER.SPATIAL_POST_MATRIX_COMPUTATION.BIN_HD_DATA._BIN_HD_DATA._COMPUTE_BINNED_OUTPUTS.SPATIAL_BINNED_RNA_ANALYZER.ANALYZER_PREFLIGHT.fork_square_016um
2025-10-21 21:58:16 [runtime] (complete)        ID.F08544.SPATIAL_RNA_COUNTER_CS.SPATIAL_RNA_COUNTER.SPATIAL_POST_MATRIX_COMPUTATION.BIN_HD_DATA._BIN_HD_DATA._COMPUTE_BINNED_OUTPUTS.SPATIAL_BINNED_RNA_ANALYZER.ANALYZER_PREFLIGHT.fork_square_002um
2025-10-21 21:58:16 [runtime] (chunks_complete) ID.F08544.SPATIAL_RNA_COUNTER_CS.SPATIAL_RNA_COUNTER.SPATIAL_POST_MATRIX_COMPUTATION.BIN_HD_DATA._BIN_HD_DATA._COMPUTE_BINNED_OUTPUTS.SPATIAL_BINNED_RNA_ANALYZER.ANALYZER_PREFLIGHT.fork_square_008um
2025-10-21 21:58:16 [runtime] (complete)        ID.F08544.SPATIAL_RNA_COUNTER_CS.SPATIAL_RNA_COUNTER.SPATIAL_POST_MATRIX_COMPUTATION.BIN_HD_DATA._BIN_HD_DATA._COMPUTE_BINNED_OUTPUTS.SPATIAL_BINNED_RNA_ANALYZER.ANALYZER_PREFLIGHT.fork_square_016um
2025-10-21 21:58:16 [runtime] (ready)           ID.F08544.SPATIAL_RNA_COUNTER_CS.SPATIAL_RNA_COUNTER.SPATIAL_POST_MATRIX_COMPUTATION.BIN_HD_DATA._BIN_HD_DATA._COMPUTE_BINNED_OUTPUTS.SPATIAL_BINNED_RNA_ANALYZER.PREPROCESS_MATRIX.fork_square_002um
2025-10-21 21:58:16 [runtime] (run:local)       ID.F08544.SPATIAL_RNA_COUNTER_CS.SPATIAL_RNA_COUNTER.SPATIAL_POST_MATRIX_COMPUTATION.BIN_HD_DATA._BIN_HD_DATA._COMPUTE_BINNED_OUTPUTS.SPATIAL_BINNED_RNA_ANALYZER.PREPROCESS_MATRIX.fork_square_002um.split
2025-10-21 21:58:16 [runtime] (ready)           ID.F08544.SPATIAL_RNA_COUNTER_CS.SPATIAL_RNA_COUNTER.SPATIAL_POST_MATRIX_COMPUTATION.BIN_HD_DATA._BIN_HD_DATA._COMPUTE_BINNED_OUTPUTS.SPATIAL_BINNED_RNA_ANALYZER.PREPROCESS_MATRIX.fork_square_008um
2025-10-21 21:58:16 [runtime] (run:local)       ID.F08544.SPATIAL_RNA_COUNTER_CS.SPATIAL_RNA_COUNTER.SPATIAL_POST_MATRIX_COMPUTATION.BIN_HD_DATA._BIN_HD_DATA._COMPUTE_BINNED_OUTPUTS.SPATIAL_BINNED_RNA_ANALYZER.PREPROCESS_MATRIX.fork_square_008um.split
2025-10-21 21:58:16 [runtime] (ready)           ID.F08544.SPATIAL_RNA_COUNTER_CS.SPATIAL_RNA_COUNTER.SPATIAL_POST_MATRIX_COMPUTATION.BIN_HD_DATA._BIN_HD_DATA._COMPUTE_BINNED_OUTPUTS.SPATIAL_BINNED_RNA_ANALYZER.PREPROCESS_MATRIX.fork_square_016um
2025-10-21 21:58:16 [runtime] (run:local)       ID.F08544.SPATIAL_RNA_COUNTER_CS.SPATIAL_RNA_COUNTER.SPATIAL_POST_MATRIX_COMPUTATION.BIN_HD_DATA._BIN_HD_DATA._COMPUTE_BINNED_OUTPUTS.SPATIAL_BINNED_RNA_ANALYZER.PREPROCESS_MATRIX.fork_square_016um.split
2025-10-21 22:01:22 [runtime] (chunks_complete) ID.F08544.SPATIAL_RNA_COUNTER_CS.SPATIAL_RNA_COUNTER.SPATIAL_POST_MATRIX_COMPUTATION.BIN_HD_DATA._BIN_HD_DATA._COMPUTE_BINNED_OUTPUTS.COMPUTE_SUBSAMPLED_BIN_METRICS.fork_square_016um
2025-10-21 22:01:24 [runtime] (chunks_complete) ID.F08544.SPATIAL_RNA_COUNTER_CS.SPATIAL_RNA_COUNTER.SPATIAL_POST_MATRIX_COMPUTATION.BIN_HD_DATA._BIN_HD_DATA._COMPUTE_BINNED_OUTPUTS.COMPUTE_SUBSAMPLED_BIN_METRICS.fork_square_008um
2025-10-21 22:01:24 [runtime] (complete)        ID.F08544.SPATIAL_RNA_COUNTER_CS.SPATIAL_RNA_COUNTER.SPATIAL_POST_MATRIX_COMPUTATION.BIN_HD_DATA._BIN_HD_DATA._COMPUTE_BINNED_OUTPUTS.COMPUTE_SUBSAMPLED_BIN_METRICS.fork_square_016um
2025-10-21 22:01:25 [runtime] (complete)        ID.F08544.SPATIAL_RNA_COUNTER_CS.SPATIAL_RNA_COUNTER.SPATIAL_POST_MATRIX_COMPUTATION.BIN_HD_DATA._BIN_HD_DATA._COMPUTE_BINNED_OUTPUTS.COMPUTE_SUBSAMPLED_BIN_METRICS.fork_square_008um
2025-10-21 22:01:25 [runtime] (complete)        ID.F08544.SPATIAL_RNA_COUNTER_CS.SPATIAL_RNA_COUNTER.SPATIAL_POST_MATRIX_COMPUTATION.BIN_HD_DATA._BIN_HD_DATA._COMPUTE_BINNED_OUTPUTS.COMPUTE_SUBSAMPLED_BIN_METRICS.fork_square_016um
2025-10-21 22:01:25 [runtime] (split_complete)  ID.F08544.SPATIAL_RNA_COUNTER_CS.SPATIAL_RNA_COUNTER.SPATIAL_POST_MATRIX_COMPUTATION.BIN_HD_DATA._BIN_HD_DATA._COMPUTE_BINNED_OUTPUTS.SPATIAL_BINNED_RNA_ANALYZER.PREPROCESS_MATRIX.fork_square_002um
2025-10-21 22:01:25 [runtime] (run:local)       ID.F08544.SPATIAL_RNA_COUNTER_CS.SPATIAL_RNA_COUNTER.SPATIAL_POST_MATRIX_COMPUTATION.BIN_HD_DATA._BIN_HD_DATA._COMPUTE_BINNED_OUTPUTS.SPATIAL_BINNED_RNA_ANALYZER.PREPROCESS_MATRIX.fork_square_002um.join
2025-10-21 22:01:25 [runtime] (complete)        ID.F08544.SPATIAL_RNA_COUNTER_CS.SPATIAL_RNA_COUNTER.SPATIAL_POST_MATRIX_COMPUTATION.BIN_HD_DATA._BIN_HD_DATA._COMPUTE_BINNED_OUTPUTS.COMPUTE_SUBSAMPLED_BIN_METRICS.fork_square_008um
2025-10-21 22:01:25 [runtime] (complete)        ID.F08544.SPATIAL_RNA_COUNTER_CS.SPATIAL_RNA_COUNTER.SPATIAL_POST_MATRIX_COMPUTATION.BIN_HD_DATA._BIN_HD_DATA._COMPUTE_BINNED_OUTPUTS.COMPUTE_SUBSAMPLED_BIN_METRICS.fork_square_016um
2025-10-21 22:01:25 [runtime] (split_complete)  ID.F08544.SPATIAL_RNA_COUNTER_CS.SPATIAL_RNA_COUNTER.SPATIAL_POST_MATRIX_COMPUTATION.BIN_HD_DATA._BIN_HD_DATA._COMPUTE_BINNED_OUTPUTS.SPATIAL_BINNED_RNA_ANALYZER.PREPROCESS_MATRIX.fork_square_016um
2025-10-21 22:01:25 [runtime] (run:local)       ID.F08544.SPATIAL_RNA_COUNTER_CS.SPATIAL_RNA_COUNTER.SPATIAL_POST_MATRIX_COMPUTATION.BIN_HD_DATA._BIN_HD_DATA._COMPUTE_BINNED_OUTPUTS.SPATIAL_BINNED_RNA_ANALYZER.PREPROCESS_MATRIX.fork_square_016um.join
2025-10-21 22:01:25 [runtime] (split_complete)  ID.F08544.SPATIAL_RNA_COUNTER_CS.SPATIAL_RNA_COUNTER.SPATIAL_POST_MATRIX_COMPUTATION.BIN_HD_DATA._BIN_HD_DATA._COMPUTE_BINNED_OUTPUTS.SPATIAL_BINNED_RNA_ANALYZER.PREPROCESS_MATRIX.fork_square_008um
2025-10-21 22:01:25 [runtime] (run:local)       ID.F08544.SPATIAL_RNA_COUNTER_CS.SPATIAL_RNA_COUNTER.SPATIAL_POST_MATRIX_COMPUTATION.BIN_HD_DATA._BIN_HD_DATA._COMPUTE_BINNED_OUTPUTS.SPATIAL_BINNED_RNA_ANALYZER.PREPROCESS_MATRIX.fork_square_008um.join
2025-10-21 22:01:25 [runtime] (complete)        ID.F08544.SPATIAL_RNA_COUNTER_CS.SPATIAL_RNA_COUNTER.SPATIAL_POST_MATRIX_COMPUTATION.BIN_HD_DATA._BIN_HD_DATA._COMPUTE_BINNED_OUTPUTS.COMPUTE_SUBSAMPLED_BIN_METRICS.fork_square_008um
2025-10-21 22:01:25 [runtime] (complete)        ID.F08544.SPATIAL_RNA_COUNTER_CS.SPATIAL_RNA_COUNTER.SPATIAL_POST_MATRIX_COMPUTATION.BIN_HD_DATA._BIN_HD_DATA._COMPUTE_BINNED_OUTPUTS.COMPUTE_SUBSAMPLED_BIN_METRICS.fork_square_016um
2025-10-21 22:01:27 [runtime] (join_complete)   ID.F08544.SPATIAL_RNA_COUNTER_CS.SPATIAL_RNA_COUNTER.SPATIAL_POST_MATRIX_COMPUTATION.BIN_HD_DATA._BIN_HD_DATA._COMPUTE_BINNED_OUTPUTS.SPATIAL_BINNED_RNA_ANALYZER.PREPROCESS_MATRIX.fork_square_002um
2025-10-21 22:01:27 [runtime] (complete)        ID.F08544.SPATIAL_RNA_COUNTER_CS.SPATIAL_RNA_COUNTER.SPATIAL_POST_MATRIX_COMPUTATION.BIN_HD_DATA._BIN_HD_DATA._COMPUTE_BINNED_OUTPUTS.COMPUTE_SUBSAMPLED_BIN_METRICS.fork_square_008um
2025-10-21 22:01:27 [runtime] (complete)        ID.F08544.SPATIAL_RNA_COUNTER_CS.SPATIAL_RNA_COUNTER.SPATIAL_POST_MATRIX_COMPUTATION.BIN_HD_DATA._BIN_HD_DATA._COMPUTE_BINNED_OUTPUTS.COMPUTE_SUBSAMPLED_BIN_METRICS.fork_square_016um
2025-10-21 22:01:30 [runtime] (complete)        ID.F08544.SPATIAL_RNA_COUNTER_CS.SPATIAL_RNA_COUNTER.SPATIAL_POST_MATRIX_COMPUTATION.BIN_HD_DATA._BIN_HD_DATA._COMPUTE_BINNED_OUTPUTS.COMPUTE_SUBSAMPLED_BIN_METRICS.fork_square_008um
2025-10-21 22:01:30 [runtime] (complete)        ID.F08544.SPATIAL_RNA_COUNTER_CS.SPATIAL_RNA_COUNTER.SPATIAL_POST_MATRIX_COMPUTATION.BIN_HD_DATA._BIN_HD_DATA._COMPUTE_BINNED_OUTPUTS.COMPUTE_SUBSAMPLED_BIN_METRICS.fork_square_016um
2025-10-21 22:01:30 [runtime] (complete)        ID.F08544.SPATIAL_RNA_COUNTER_CS.SPATIAL_RNA_COUNTER.SPATIAL_POST_MATRIX_COMPUTATION.BIN_HD_DATA._BIN_HD_DATA._COMPUTE_BINNED_OUTPUTS.SPATIAL_BINNED_RNA_ANALYZER.PREPROCESS_MATRIX.fork_square_002um
2025-10-21 22:01:33 [runtime] (complete)        ID.F08544.SPATIAL_RNA_COUNTER_CS.SPATIAL_RNA_COUNTER.SPATIAL_POST_MATRIX_COMPUTATION.BIN_HD_DATA._BIN_HD_DATA._COMPUTE_BINNED_OUTPUTS.COMPUTE_SUBSAMPLED_BIN_METRICS.fork_square_008um
2025-10-21 22:01:33 [runtime] (complete)        ID.F08544.SPATIAL_RNA_COUNTER_CS.SPATIAL_RNA_COUNTER.SPATIAL_POST_MATRIX_COMPUTATION.BIN_HD_DATA._BIN_HD_DATA._COMPUTE_BINNED_OUTPUTS.COMPUTE_SUBSAMPLED_BIN_METRICS.fork_square_016um
2025-10-21 22:01:33 [runtime] (complete)        ID.F08544.SPATIAL_RNA_COUNTER_CS.SPATIAL_RNA_COUNTER.SPATIAL_POST_MATRIX_COMPUTATION.BIN_HD_DATA._BIN_HD_DATA._COMPUTE_BINNED_OUTPUTS.SPATIAL_BINNED_RNA_ANALYZER.PREPROCESS_MATRIX.fork_square_002um
2025-10-21 22:01:36 [runtime] (complete)        ID.F08544.SPATIAL_RNA_COUNTER_CS.SPATIAL_RNA_COUNTER.SPATIAL_POST_MATRIX_COMPUTATION.BIN_HD_DATA._BIN_HD_DATA._COMPUTE_BINNED_OUTPUTS.COMPUTE_SUBSAMPLED_BIN_METRICS.fork_square_008um
2025-10-21 22:01:36 [runtime] (complete)        ID.F08544.SPATIAL_RNA_COUNTER_CS.SPATIAL_RNA_COUNTER.SPATIAL_POST_MATRIX_COMPUTATION.BIN_HD_DATA._BIN_HD_DATA._COMPUTE_BINNED_OUTPUTS.COMPUTE_SUBSAMPLED_BIN_METRICS.fork_square_016um
2025-10-21 22:01:36 [runtime] (complete)        ID.F08544.SPATIAL_RNA_COUNTER_CS.SPATIAL_RNA_COUNTER.SPATIAL_POST_MATRIX_COMPUTATION.BIN_HD_DATA._BIN_HD_DATA._COMPUTE_BINNED_OUTPUTS.SPATIAL_BINNED_RNA_ANALYZER.PREPROCESS_MATRIX.fork_square_002um
2025-10-21 22:01:39 [runtime] (complete)        ID.F08544.SPATIAL_RNA_COUNTER_CS.SPATIAL_RNA_COUNTER.SPATIAL_POST_MATRIX_COMPUTATION.BIN_HD_DATA._BIN_HD_DATA._COMPUTE_BINNED_OUTPUTS.COMPUTE_SUBSAMPLED_BIN_METRICS.fork_square_008um
2025-10-21 22:01:39 [runtime] (complete)        ID.F08544.SPATIAL_RNA_COUNTER_CS.SPATIAL_RNA_COUNTER.SPATIAL_POST_MATRIX_COMPUTATION.BIN_HD_DATA._BIN_HD_DATA._COMPUTE_BINNED_OUTPUTS.COMPUTE_SUBSAMPLED_BIN_METRICS.fork_square_016um
2025-10-21 22:01:39 [runtime] (complete)        ID.F08544.SPATIAL_RNA_COUNTER_CS.SPATIAL_RNA_COUNTER.SPATIAL_POST_MATRIX_COMPUTATION.BIN_HD_DATA._BIN_HD_DATA._COMPUTE_BINNED_OUTPUTS.SPATIAL_BINNED_RNA_ANALYZER.PREPROCESS_MATRIX.fork_square_002um
2025-10-21 22:01:42 [runtime] (complete)        ID.F08544.SPATIAL_RNA_COUNTER_CS.SPATIAL_RNA_COUNTER.SPATIAL_POST_MATRIX_COMPUTATION.BIN_HD_DATA._BIN_HD_DATA._COMPUTE_BINNED_OUTPUTS.SPATIAL_BINNED_RNA_ANALYZER.PREPROCESS_MATRIX.fork_square_002um
2025-10-21 22:01:42 [runtime] (complete)        ID.F08544.SPATIAL_RNA_COUNTER_CS.SPATIAL_RNA_COUNTER.SPATIAL_POST_MATRIX_COMPUTATION.BIN_HD_DATA._BIN_HD_DATA._COMPUTE_BINNED_OUTPUTS.COMPUTE_SUBSAMPLED_BIN_METRICS.fork_square_008um
2025-10-21 22:01:42 [runtime] (complete)        ID.F08544.SPATIAL_RNA_COUNTER_CS.SPATIAL_RNA_COUNTER.SPATIAL_POST_MATRIX_COMPUTATION.BIN_HD_DATA._BIN_HD_DATA._COMPUTE_BINNED_OUTPUTS.COMPUTE_SUBSAMPLED_BIN_METRICS.fork_square_016um
2025-10-21 22:01:42 [runtime] (chunks_complete) ID.F08544.SPATIAL_RNA_COUNTER_CS.SPATIAL_RNA_COUNTER.SPATIAL_POST_MATRIX_COMPUTATION.BIN_HD_DATA._BIN_HD_DATA._COMPUTE_BINNED_OUTPUTS.COMPUTE_SUBSAMPLED_BIN_METRICS.fork_square_002um
2025-10-21 22:01:42 [runtime] (complete)        ID.F08544.SPATIAL_RNA_COUNTER_CS.SPATIAL_RNA_COUNTER.SPATIAL_POST_MATRIX_COMPUTATION.BIN_HD_DATA._BIN_HD_DATA._COMPUTE_BINNED_OUTPUTS.COMPUTE_SUBSAMPLED_BIN_METRICS.fork_square_008um
2025-10-21 22:01:42 [runtime] (complete)        ID.F08544.SPATIAL_RNA_COUNTER_CS.SPATIAL_RNA_COUNTER.SPATIAL_POST_MATRIX_COMPUTATION.BIN_HD_DATA._BIN_HD_DATA._COMPUTE_BINNED_OUTPUTS.COMPUTE_SUBSAMPLED_BIN_METRICS.fork_square_016um
2025-10-21 22:01:42 [runtime] (complete)        ID.F08544.SPATIAL_RNA_COUNTER_CS.SPATIAL_RNA_COUNTER.SPATIAL_POST_MATRIX_COMPUTATION.BIN_HD_DATA._BIN_HD_DATA._COMPUTE_BINNED_OUTPUTS.SPATIAL_BINNED_RNA_ANALYZER.PREPROCESS_MATRIX.fork_square_002um
2025-10-21 22:01:42 [runtime] (complete)        ID.F08544.SPATIAL_RNA_COUNTER_CS.SPATIAL_RNA_COUNTER.SPATIAL_POST_MATRIX_COMPUTATION.BIN_HD_DATA._BIN_HD_DATA._COMPUTE_BINNED_OUTPUTS.SPATIAL_BINNED_RNA_ANALYZER.PREPROCESS_MATRIX.fork_square_002um
2025-10-21 22:01:42 [runtime] (complete)        ID.F08544.SPATIAL_RNA_COUNTER_CS.SPATIAL_RNA_COUNTER.SPATIAL_POST_MATRIX_COMPUTATION.BIN_HD_DATA._BIN_HD_DATA._COMPUTE_BINNED_OUTPUTS.SPATIAL_BINNED_RNA_ANALYZER.PREPROCESS_MATRIX.fork_square_002um
2025-10-21 22:01:43 [runtime] (ready)           ID.F08544.SPATIAL_RNA_COUNTER_CS.SPATIAL_RNA_COUNTER.SPATIAL_POST_MATRIX_COMPUTATION.BIN_HD_DATA._BIN_HD_DATA._COMPUTE_BINNED_OUTPUTS.RECEIVE_SUBSAMPLED_METRICS.fork_square_002um
2025-10-21 22:01:43 [runtime] (run:local)       ID.F08544.SPATIAL_RNA_COUNTER_CS.SPATIAL_RNA_COUNTER.SPATIAL_POST_MATRIX_COMPUTATION.BIN_HD_DATA._BIN_HD_DATA._COMPUTE_BINNED_OUTPUTS.RECEIVE_SUBSAMPLED_METRICS.fork_square_002um.chnk0.main
2025-10-21 22:01:43 [runtime] (ready)           ID.F08544.SPATIAL_RNA_COUNTER_CS.SPATIAL_RNA_COUNTER.SPATIAL_POST_MATRIX_COMPUTATION.BIN_HD_DATA._BIN_HD_DATA._COMPUTE_BINNED_OUTPUTS.RECEIVE_SUBSAMPLED_METRICS.fork_square_008um
2025-10-21 22:01:43 [runtime] (run:local)       ID.F08544.SPATIAL_RNA_COUNTER_CS.SPATIAL_RNA_COUNTER.SPATIAL_POST_MATRIX_COMPUTATION.BIN_HD_DATA._BIN_HD_DATA._COMPUTE_BINNED_OUTPUTS.RECEIVE_SUBSAMPLED_METRICS.fork_square_008um.chnk0.main
2025-10-21 22:01:43 [runtime] (ready)           ID.F08544.SPATIAL_RNA_COUNTER_CS.SPATIAL_RNA_COUNTER.SPATIAL_POST_MATRIX_COMPUTATION.BIN_HD_DATA._BIN_HD_DATA._COMPUTE_BINNED_OUTPUTS.RECEIVE_SUBSAMPLED_METRICS.fork_square_016um
2025-10-21 22:01:43 [runtime] (run:local)       ID.F08544.SPATIAL_RNA_COUNTER_CS.SPATIAL_RNA_COUNTER.SPATIAL_POST_MATRIX_COMPUTATION.BIN_HD_DATA._BIN_HD_DATA._COMPUTE_BINNED_OUTPUTS.RECEIVE_SUBSAMPLED_METRICS.fork_square_016um.chnk0.main
2025-10-21 22:01:43 [runtime] (complete)        ID.F08544.SPATIAL_RNA_COUNTER_CS.SPATIAL_RNA_COUNTER.SPATIAL_POST_MATRIX_COMPUTATION.BIN_HD_DATA._BIN_HD_DATA._COMPUTE_BINNED_OUTPUTS.SPATIAL_BINNED_RNA_ANALYZER.PREPROCESS_MATRIX.fork_square_002um
2025-10-21 22:01:44 [runtime] (complete)        ID.F08544.SPATIAL_RNA_COUNTER_CS.SPATIAL_RNA_COUNTER.SPATIAL_POST_MATRIX_COMPUTATION.BIN_HD_DATA._BIN_HD_DATA._COMPUTE_BINNED_OUTPUTS.SPATIAL_BINNED_RNA_ANALYZER.PREPROCESS_MATRIX.fork_square_002um
2025-10-21 22:01:44 [runtime] (join_complete)   ID.F08544.SPATIAL_RNA_COUNTER_CS.SPATIAL_RNA_COUNTER.SPATIAL_POST_MATRIX_COMPUTATION.BIN_HD_DATA._BIN_HD_DATA._COMPUTE_BINNED_OUTPUTS.SPATIAL_BINNED_RNA_ANALYZER.PREPROCESS_MATRIX.fork_square_016um
2025-10-21 22:01:47 [runtime] (complete)        ID.F08544.SPATIAL_RNA_COUNTER_CS.SPATIAL_RNA_COUNTER.SPATIAL_POST_MATRIX_COMPUTATION.BIN_HD_DATA._BIN_HD_DATA._COMPUTE_BINNED_OUTPUTS.SPATIAL_BINNED_RNA_ANALYZER.PREPROCESS_MATRIX.fork_square_002um
2025-10-21 22:01:47 [runtime] (complete)        ID.F08544.SPATIAL_RNA_COUNTER_CS.SPATIAL_RNA_COUNTER.SPATIAL_POST_MATRIX_COMPUTATION.BIN_HD_DATA._BIN_HD_DATA._COMPUTE_BINNED_OUTPUTS.SPATIAL_BINNED_RNA_ANALYZER.PREPROCESS_MATRIX.fork_square_016um
2025-10-21 22:01:47 [runtime] (complete)        ID.F08544.SPATIAL_RNA_COUNTER_CS.SPATIAL_RNA_COUNTER.SPATIAL_POST_MATRIX_COMPUTATION.BIN_HD_DATA._BIN_HD_DATA._COMPUTE_BINNED_OUTPUTS.SPATIAL_BINNED_RNA_ANALYZER.PREPROCESS_MATRIX.fork_square_002um
2025-10-21 22:01:47 [runtime] (join_complete)   ID.F08544.SPATIAL_RNA_COUNTER_CS.SPATIAL_RNA_COUNTER.SPATIAL_POST_MATRIX_COMPUTATION.BIN_HD_DATA._BIN_HD_DATA._COMPUTE_BINNED_OUTPUTS.SPATIAL_BINNED_RNA_ANALYZER.PREPROCESS_MATRIX.fork_square_008um
2025-10-21 22:01:47 [runtime] (complete)        ID.F08544.SPATIAL_RNA_COUNTER_CS.SPATIAL_RNA_COUNTER.SPATIAL_POST_MATRIX_COMPUTATION.BIN_HD_DATA._BIN_HD_DATA._COMPUTE_BINNED_OUTPUTS.SPATIAL_BINNED_RNA_ANALYZER.PREPROCESS_MATRIX.fork_square_016um
2025-10-21 22:01:48 [runtime] (ready)           ID.F08544.SPATIAL_RNA_COUNTER_CS.SPATIAL_RNA_COUNTER.SPATIAL_POST_MATRIX_COMPUTATION.BIN_HD_DATA._BIN_HD_DATA._COMPUTE_BINNED_OUTPUTS.SPATIAL_BINNED_RNA_ANALYZER._ANTIBODY_ANALYZER.SUMMARIZE_ANTIBODY_ANALYSIS.fork_square_002um
2025-10-21 22:01:48 [runtime] (ready)           ID.F08544.SPATIAL_RNA_COUNTER_CS.SPATIAL_RNA_COUNTER.SPATIAL_POST_MATRIX_COMPUTATION.BIN_HD_DATA._BIN_HD_DATA._COMPUTE_BINNED_OUTPUTS.SPATIAL_BINNED_RNA_ANALYZER._ANTIBODY_ANALYZER.SUMMARIZE_ANTIBODY_ANALYSIS.fork_square_008um
2025-10-21 22:01:48 [runtime] (ready)           ID.F08544.SPATIAL_RNA_COUNTER_CS.SPATIAL_RNA_COUNTER.SPATIAL_POST_MATRIX_COMPUTATION.BIN_HD_DATA._BIN_HD_DATA._COMPUTE_BINNED_OUTPUTS.SPATIAL_BINNED_RNA_ANALYZER._ANTIBODY_ANALYZER.SUMMARIZE_ANTIBODY_ANALYSIS.fork_square_016um
2025-10-21 22:01:48 [runtime] (ready)           ID.F08544.SPATIAL_RNA_COUNTER_CS.SPATIAL_RNA_COUNTER.SPATIAL_POST_MATRIX_COMPUTATION.BIN_HD_DATA._BIN_HD_DATA._COMPUTE_BINNED_OUTPUTS.SPATIAL_BINNED_RNA_ANALYZER.RUN_BATCH_CORRECTION_PCA.PCA_PREP.fork_square_002um
2025-10-21 22:01:48 [runtime] (ready)           ID.F08544.SPATIAL_RNA_COUNTER_CS.SPATIAL_RNA_COUNTER.SPATIAL_POST_MATRIX_COMPUTATION.BIN_HD_DATA._BIN_HD_DATA._COMPUTE_BINNED_OUTPUTS.SPATIAL_BINNED_RNA_ANALYZER.RUN_BATCH_CORRECTION_PCA.PCA_PREP.fork_square_008um
2025-10-21 22:01:48 [runtime] (ready)           ID.F08544.SPATIAL_RNA_COUNTER_CS.SPATIAL_RNA_COUNTER.SPATIAL_POST_MATRIX_COMPUTATION.BIN_HD_DATA._BIN_HD_DATA._COMPUTE_BINNED_OUTPUTS.SPATIAL_BINNED_RNA_ANALYZER.RUN_BATCH_CORRECTION_PCA.PCA_PREP.fork_square_016um
2025-10-21 22:01:48 [runtime] (ready)           ID.F08544.SPATIAL_RNA_COUNTER_CS.SPATIAL_RNA_COUNTER.SPATIAL_POST_MATRIX_COMPUTATION.BIN_HD_DATA._BIN_HD_DATA._COMPUTE_BINNED_OUTPUTS.SPATIAL_BINNED_RNA_ANALYZER._ANTIGEN_ANALYZER.CALL_ANTIBODIES.fork_square_002um
2025-10-21 22:01:48 [runtime] (ready)           ID.F08544.SPATIAL_RNA_COUNTER_CS.SPATIAL_RNA_COUNTER.SPATIAL_POST_MATRIX_COMPUTATION.BIN_HD_DATA._BIN_HD_DATA._COMPUTE_BINNED_OUTPUTS.SPATIAL_BINNED_RNA_ANALYZER._ANTIGEN_ANALYZER.CALL_ANTIBODIES.fork_square_008um
2025-10-21 22:01:48 [runtime] (ready)           ID.F08544.SPATIAL_RNA_COUNTER_CS.SPATIAL_RNA_COUNTER.SPATIAL_POST_MATRIX_COMPUTATION.BIN_HD_DATA._BIN_HD_DATA._COMPUTE_BINNED_OUTPUTS.SPATIAL_BINNED_RNA_ANALYZER._ANTIGEN_ANALYZER.CALL_ANTIBODIES.fork_square_016um
2025-10-21 22:01:48 [runtime] (ready)           ID.F08544.SPATIAL_RNA_COUNTER_CS.SPATIAL_RNA_COUNTER.SPATIAL_POST_MATRIX_COMPUTATION.BIN_HD_DATA._BIN_HD_DATA._COMPUTE_BINNED_OUTPUTS.SPATIAL_BINNED_RNA_ANALYZER.RUN_MULTIGENOME_ANALYSIS.fork_square_002um
2025-10-21 22:01:48 [runtime] (ready)           ID.F08544.SPATIAL_RNA_COUNTER_CS.SPATIAL_RNA_COUNTER.SPATIAL_POST_MATRIX_COMPUTATION.BIN_HD_DATA._BIN_HD_DATA._COMPUTE_BINNED_OUTPUTS.SPATIAL_BINNED_RNA_ANALYZER.RUN_MULTIGENOME_ANALYSIS.fork_square_008um
2025-10-21 22:01:48 [runtime] (ready)           ID.F08544.SPATIAL_RNA_COUNTER_CS.SPATIAL_RNA_COUNTER.SPATIAL_POST_MATRIX_COMPUTATION.BIN_HD_DATA._BIN_HD_DATA._COMPUTE_BINNED_OUTPUTS.SPATIAL_BINNED_RNA_ANALYZER.RUN_MULTIGENOME_ANALYSIS.fork_square_016um
2025-10-21 22:01:48 [runtime] (ready)           ID.F08544.SPATIAL_RNA_COUNTER_CS.SPATIAL_RNA_COUNTER.SPATIAL_POST_MATRIX_COMPUTATION.BIN_HD_DATA._BIN_HD_DATA._COMPUTE_BINNED_OUTPUTS.SPATIAL_BINNED_RNA_ANALYZER._ANTIBODY_ANALYZER.CALL_ANTIBODIES.fork_square_002um
2025-10-21 22:01:48 [runtime] (ready)           ID.F08544.SPATIAL_RNA_COUNTER_CS.SPATIAL_RNA_COUNTER.SPATIAL_POST_MATRIX_COMPUTATION.BIN_HD_DATA._BIN_HD_DATA._COMPUTE_BINNED_OUTPUTS.SPATIAL_BINNED_RNA_ANALYZER._ANTIBODY_ANALYZER.CALL_ANTIBODIES.fork_square_008um
2025-10-21 22:01:48 [runtime] (ready)           ID.F08544.SPATIAL_RNA_COUNTER_CS.SPATIAL_RNA_COUNTER.SPATIAL_POST_MATRIX_COMPUTATION.BIN_HD_DATA._BIN_HD_DATA._COMPUTE_BINNED_OUTPUTS.SPATIAL_BINNED_RNA_ANALYZER._ANTIBODY_ANALYZER.CALL_ANTIBODIES.fork_square_016um
2025-10-21 22:01:48 [runtime] (ready)           ID.F08544.SPATIAL_RNA_COUNTER_CS.SPATIAL_RNA_COUNTER.SPATIAL_POST_MATRIX_COMPUTATION.BIN_HD_DATA._BIN_HD_DATA._COMPUTE_BINNED_OUTPUTS.SPATIAL_BINNED_RNA_ANALYZER._ANTIGEN_ANALYZER.SUMMARIZE_ANTIBODY_ANALYSIS.fork_square_002um
2025-10-21 22:01:48 [runtime] (ready)           ID.F08544.SPATIAL_RNA_COUNTER_CS.SPATIAL_RNA_COUNTER.SPATIAL_POST_MATRIX_COMPUTATION.BIN_HD_DATA._BIN_HD_DATA._COMPUTE_BINNED_OUTPUTS.SPATIAL_BINNED_RNA_ANALYZER._ANTIGEN_ANALYZER.SUMMARIZE_ANTIBODY_ANALYSIS.fork_square_008um
2025-10-21 22:01:48 [runtime] (ready)           ID.F08544.SPATIAL_RNA_COUNTER_CS.SPATIAL_RNA_COUNTER.SPATIAL_POST_MATRIX_COMPUTATION.BIN_HD_DATA._BIN_HD_DATA._COMPUTE_BINNED_OUTPUTS.SPATIAL_BINNED_RNA_ANALYZER._ANTIGEN_ANALYZER.SUMMARIZE_ANTIBODY_ANALYSIS.fork_square_016um
2025-10-21 22:01:48 [runtime] (ready)           ID.F08544.SPATIAL_RNA_COUNTER_CS.SPATIAL_RNA_COUNTER.SPATIAL_POST_MATRIX_COMPUTATION.BIN_HD_DATA._BIN_HD_DATA._COMPUTE_BINNED_OUTPUTS.SPATIAL_BINNED_RNA_ANALYZER.RUN_BATCH_CORRECTION_PCA.RUN_PCA2.fork_square_002um
2025-10-21 22:01:48 [runtime] (ready)           ID.F08544.SPATIAL_RNA_COUNTER_CS.SPATIAL_RNA_COUNTER.SPATIAL_POST_MATRIX_COMPUTATION.BIN_HD_DATA._BIN_HD_DATA._COMPUTE_BINNED_OUTPUTS.SPATIAL_BINNED_RNA_ANALYZER.RUN_BATCH_CORRECTION_PCA.RUN_PCA2.fork_square_008um
2025-10-21 22:01:48 [runtime] (ready)           ID.F08544.SPATIAL_RNA_COUNTER_CS.SPATIAL_RNA_COUNTER.SPATIAL_POST_MATRIX_COMPUTATION.BIN_HD_DATA._BIN_HD_DATA._COMPUTE_BINNED_OUTPUTS.SPATIAL_BINNED_RNA_ANALYZER.RUN_BATCH_CORRECTION_PCA.RUN_PCA2.fork_square_016um
2025-10-21 22:01:48 [runtime] (ready)           ID.F08544.SPATIAL_RNA_COUNTER_CS.SPATIAL_RNA_COUNTER.SPATIAL_POST_MATRIX_COMPUTATION.BIN_HD_DATA._BIN_HD_DATA._COMPUTE_BINNED_OUTPUTS.SPATIAL_BINNED_RNA_ANALYZER.RUN_BATCH_CORRECTION_PCA.POST_PCA.fork_square_002um
2025-10-21 22:01:48 [runtime] (ready)           ID.F08544.SPATIAL_RNA_COUNTER_CS.SPATIAL_RNA_COUNTER.SPATIAL_POST_MATRIX_COMPUTATION.BIN_HD_DATA._BIN_HD_DATA._COMPUTE_BINNED_OUTPUTS.SPATIAL_BINNED_RNA_ANALYZER.RUN_BATCH_CORRECTION_PCA.POST_PCA.fork_square_008um
2025-10-21 22:01:48 [runtime] (ready)           ID.F08544.SPATIAL_RNA_COUNTER_CS.SPATIAL_RNA_COUNTER.SPATIAL_POST_MATRIX_COMPUTATION.BIN_HD_DATA._BIN_HD_DATA._COMPUTE_BINNED_OUTPUTS.SPATIAL_BINNED_RNA_ANALYZER.RUN_BATCH_CORRECTION_PCA.POST_PCA.fork_square_016um
2025-10-21 22:01:48 [runtime] (ready)           ID.F08544.SPATIAL_RNA_COUNTER_CS.SPATIAL_RNA_COUNTER.SPATIAL_POST_MATRIX_COMPUTATION.BIN_HD_DATA._BIN_HD_DATA._COMPUTE_BINNED_OUTPUTS.SPATIAL_BINNED_RNA_ANALYZER.CORRECT_CHEMISTRY_BATCH.fork_square_002um
2025-10-21 22:01:48 [runtime] (ready)           ID.F08544.SPATIAL_RNA_COUNTER_CS.SPATIAL_RNA_COUNTER.SPATIAL_POST_MATRIX_COMPUTATION.BIN_HD_DATA._BIN_HD_DATA._COMPUTE_BINNED_OUTPUTS.SPATIAL_BINNED_RNA_ANALYZER.CORRECT_CHEMISTRY_BATCH.fork_square_008um
2025-10-21 22:01:48 [runtime] (ready)           ID.F08544.SPATIAL_RNA_COUNTER_CS.SPATIAL_RNA_COUNTER.SPATIAL_POST_MATRIX_COMPUTATION.BIN_HD_DATA._BIN_HD_DATA._COMPUTE_BINNED_OUTPUTS.SPATIAL_BINNED_RNA_ANALYZER.CORRECT_CHEMISTRY_BATCH.fork_square_016um
2025-10-21 22:01:48 [runtime] (ready)           ID.F08544.SPATIAL_RNA_COUNTER_CS.SPATIAL_RNA_COUNTER.SPATIAL_POST_MATRIX_COMPUTATION.BIN_HD_DATA._BIN_HD_DATA._COMPUTE_BINNED_OUTPUTS.SPATIAL_BINNED_RNA_ANALYZER.RUN_PCA.fork_square_002um
2025-10-21 22:01:48 [runtime] (ready)           ID.F08544.SPATIAL_RNA_COUNTER_CS.SPATIAL_RNA_COUNTER.SPATIAL_POST_MATRIX_COMPUTATION.BIN_HD_DATA._BIN_HD_DATA._COMPUTE_BINNED_OUTPUTS.SPATIAL_BINNED_RNA_ANALYZER.RUN_PCA.fork_square_008um
2025-10-21 22:01:48 [runtime] (run:local)       ID.F08544.SPATIAL_RNA_COUNTER_CS.SPATIAL_RNA_COUNTER.SPATIAL_POST_MATRIX_COMPUTATION.BIN_HD_DATA._BIN_HD_DATA._COMPUTE_BINNED_OUTPUTS.SPATIAL_BINNED_RNA_ANALYZER.RUN_PCA.fork_square_008um.split
2025-10-21 22:01:48 [runtime] (ready)           ID.F08544.SPATIAL_RNA_COUNTER_CS.SPATIAL_RNA_COUNTER.SPATIAL_POST_MATRIX_COMPUTATION.BIN_HD_DATA._BIN_HD_DATA._COMPUTE_BINNED_OUTPUTS.SPATIAL_BINNED_RNA_ANALYZER.RUN_PCA.fork_square_016um
2025-10-21 22:01:48 [runtime] (run:local)       ID.F08544.SPATIAL_RNA_COUNTER_CS.SPATIAL_RNA_COUNTER.SPATIAL_POST_MATRIX_COMPUTATION.BIN_HD_DATA._BIN_HD_DATA._COMPUTE_BINNED_OUTPUTS.SPATIAL_BINNED_RNA_ANALYZER.RUN_PCA.fork_square_016um.split
2025-10-21 22:01:48 [runtime] (split_complete)  ID.F08544.SPATIAL_RNA_COUNTER_CS.SPATIAL_RNA_COUNTER.SPATIAL_POST_MATRIX_COMPUTATION.BIN_HD_DATA._BIN_HD_DATA._COMPUTE_BINNED_OUTPUTS.SPATIAL_BINNED_RNA_ANALYZER.RUN_PCA.fork_square_008um
2025-10-21 22:01:48 [runtime] (run:local)       ID.F08544.SPATIAL_RNA_COUNTER_CS.SPATIAL_RNA_COUNTER.SPATIAL_POST_MATRIX_COMPUTATION.BIN_HD_DATA._BIN_HD_DATA._COMPUTE_BINNED_OUTPUTS.SPATIAL_BINNED_RNA_ANALYZER.RUN_PCA.fork_square_008um.chnk0.main
2025-10-21 22:01:48 [runtime] (split_complete)  ID.F08544.SPATIAL_RNA_COUNTER_CS.SPATIAL_RNA_COUNTER.SPATIAL_POST_MATRIX_COMPUTATION.BIN_HD_DATA._BIN_HD_DATA._COMPUTE_BINNED_OUTPUTS.SPATIAL_BINNED_RNA_ANALYZER.RUN_PCA.fork_square_016um
2025-10-21 22:01:48 [runtime] (run:local)       ID.F08544.SPATIAL_RNA_COUNTER_CS.SPATIAL_RNA_COUNTER.SPATIAL_POST_MATRIX_COMPUTATION.BIN_HD_DATA._BIN_HD_DATA._COMPUTE_BINNED_OUTPUTS.SPATIAL_BINNED_RNA_ANALYZER.RUN_PCA.fork_square_016um.chnk0.main
2025-10-21 22:01:58 [runtime] (chunks_complete) ID.F08544.SPATIAL_RNA_COUNTER_CS.SPATIAL_RNA_COUNTER.SPATIAL_POST_MATRIX_COMPUTATION.BIN_HD_DATA._BIN_HD_DATA._COMPUTE_BINNED_OUTPUTS.RECEIVE_SUBSAMPLED_METRICS.fork_square_008um
2025-10-21 22:01:58 [runtime] (chunks_complete) ID.F08544.SPATIAL_RNA_COUNTER_CS.SPATIAL_RNA_COUNTER.SPATIAL_POST_MATRIX_COMPUTATION.BIN_HD_DATA._BIN_HD_DATA._COMPUTE_BINNED_OUTPUTS.RECEIVE_SUBSAMPLED_METRICS.fork_square_016um
2025-10-21 22:01:58 [runtime] (chunks_complete) ID.F08544.SPATIAL_RNA_COUNTER_CS.SPATIAL_RNA_COUNTER.SPATIAL_POST_MATRIX_COMPUTATION.BIN_HD_DATA._BIN_HD_DATA._COMPUTE_BINNED_OUTPUTS.RECEIVE_SUBSAMPLED_METRICS.fork_square_002um
2025-10-21 22:01:58 [runtime] (complete)        ID.F08544.SPATIAL_RNA_COUNTER_CS.SPATIAL_RNA_COUNTER.SPATIAL_POST_MATRIX_COMPUTATION.BIN_HD_DATA._BIN_HD_DATA._COMPUTE_BINNED_OUTPUTS.RECEIVE_SUBSAMPLED_METRICS.fork_square_008um
2025-10-21 22:01:58 [runtime] (complete)        ID.F08544.SPATIAL_RNA_COUNTER_CS.SPATIAL_RNA_COUNTER.SPATIAL_POST_MATRIX_COMPUTATION.BIN_HD_DATA._BIN_HD_DATA._COMPUTE_BINNED_OUTPUTS.RECEIVE_SUBSAMPLED_METRICS.fork_square_016um
2025-10-21 22:01:58 [runtime] (ready)           ID.F08544.SPATIAL_RNA_COUNTER_CS.SPATIAL_RNA_COUNTER.SPATIAL_POST_MATRIX_COMPUTATION.HD_WEBSUMMARY_BUILDER.PICK_SATURATION_PLOT
2025-10-21 22:01:59 [runtime] (run:local)       ID.F08544.SPATIAL_RNA_COUNTER_CS.SPATIAL_RNA_COUNTER.SPATIAL_POST_MATRIX_COMPUTATION.HD_WEBSUMMARY_BUILDER.PICK_SATURATION_PLOT.fork0.chnk0.main
2025-10-21 22:02:00 [runtime] (chunks_complete) ID.F08544.SPATIAL_RNA_COUNTER_CS.SPATIAL_RNA_COUNTER.SPATIAL_POST_MATRIX_COMPUTATION.HD_WEBSUMMARY_BUILDER.PICK_SATURATION_PLOT
2025-10-21 22:02:55 [runtime] (chunks_complete) ID.F08544.SPATIAL_RNA_COUNTER_CS.SPATIAL_RNA_COUNTER.SPATIAL_POST_MATRIX_COMPUTATION.BIN_HD_DATA._BIN_HD_DATA._COMPUTE_BINNED_OUTPUTS.SPATIAL_BINNED_RNA_ANALYZER.RUN_PCA.fork_square_016um
2025-10-21 22:02:55 [runtime] (run:local)       ID.F08544.SPATIAL_RNA_COUNTER_CS.SPATIAL_RNA_COUNTER.SPATIAL_POST_MATRIX_COMPUTATION.BIN_HD_DATA._BIN_HD_DATA._COMPUTE_BINNED_OUTPUTS.SPATIAL_BINNED_RNA_ANALYZER.RUN_PCA.fork_square_016um.join
2025-10-21 22:02:56 [runtime] (join_complete)   ID.F08544.SPATIAL_RNA_COUNTER_CS.SPATIAL_RNA_COUNTER.SPATIAL_POST_MATRIX_COMPUTATION.BIN_HD_DATA._BIN_HD_DATA._COMPUTE_BINNED_OUTPUTS.SPATIAL_BINNED_RNA_ANALYZER.RUN_PCA.fork_square_016um
2025-10-21 22:02:59 [runtime] (complete)        ID.F08544.SPATIAL_RNA_COUNTER_CS.SPATIAL_RNA_COUNTER.SPATIAL_POST_MATRIX_COMPUTATION.BIN_HD_DATA._BIN_HD_DATA._COMPUTE_BINNED_OUTPUTS.SPATIAL_BINNED_RNA_ANALYZER.RUN_PCA.fork_square_016um
2025-10-21 22:03:02 [runtime] (complete)        ID.F08544.SPATIAL_RNA_COUNTER_CS.SPATIAL_RNA_COUNTER.SPATIAL_POST_MATRIX_COMPUTATION.BIN_HD_DATA._BIN_HD_DATA._COMPUTE_BINNED_OUTPUTS.SPATIAL_BINNED_RNA_ANALYZER.RUN_PCA.fork_square_016um
2025-10-21 22:03:05 [runtime] (complete)        ID.F08544.SPATIAL_RNA_COUNTER_CS.SPATIAL_RNA_COUNTER.SPATIAL_POST_MATRIX_COMPUTATION.BIN_HD_DATA._BIN_HD_DATA._COMPUTE_BINNED_OUTPUTS.SPATIAL_BINNED_RNA_ANALYZER.RUN_PCA.fork_square_016um
2025-10-21 22:03:08 [runtime] (complete)        ID.F08544.SPATIAL_RNA_COUNTER_CS.SPATIAL_RNA_COUNTER.SPATIAL_POST_MATRIX_COMPUTATION.BIN_HD_DATA._BIN_HD_DATA._COMPUTE_BINNED_OUTPUTS.SPATIAL_BINNED_RNA_ANALYZER.RUN_PCA.fork_square_016um
2025-10-21 22:03:11 [runtime] (complete)        ID.F08544.SPATIAL_RNA_COUNTER_CS.SPATIAL_RNA_COUNTER.SPATIAL_POST_MATRIX_COMPUTATION.BIN_HD_DATA._BIN_HD_DATA._COMPUTE_BINNED_OUTPUTS.SPATIAL_BINNED_RNA_ANALYZER.RUN_PCA.fork_square_016um
2025-10-21 22:03:14 [runtime] (complete)        ID.F08544.SPATIAL_RNA_COUNTER_CS.SPATIAL_RNA_COUNTER.SPATIAL_POST_MATRIX_COMPUTATION.BIN_HD_DATA._BIN_HD_DATA._COMPUTE_BINNED_OUTPUTS.SPATIAL_BINNED_RNA_ANALYZER.RUN_PCA.fork_square_016um
2025-10-21 22:03:17 [runtime] (complete)        ID.F08544.SPATIAL_RNA_COUNTER_CS.SPATIAL_RNA_COUNTER.SPATIAL_POST_MATRIX_COMPUTATION.BIN_HD_DATA._BIN_HD_DATA._COMPUTE_BINNED_OUTPUTS.SPATIAL_BINNED_RNA_ANALYZER.RUN_PCA.fork_square_016um
2025-10-21 22:03:20 [runtime] (complete)        ID.F08544.SPATIAL_RNA_COUNTER_CS.SPATIAL_RNA_COUNTER.SPATIAL_POST_MATRIX_COMPUTATION.BIN_HD_DATA._BIN_HD_DATA._COMPUTE_BINNED_OUTPUTS.SPATIAL_BINNED_RNA_ANALYZER.RUN_PCA.fork_square_016um
2025-10-21 22:03:23 [runtime] (update)          ID.F08544.SPATIAL_RNA_COUNTER_CS.SPATIAL_RNA_COUNTER.SPATIAL_POST_MATRIX_COMPUTATION._POST_MATRIX_COMPUTATION._CELLS_REPORTER.SUMMARIZE_BASIC_REPORTS.fork0 join_running
2025-10-21 22:03:23 [runtime] (complete)        ID.F08544.SPATIAL_RNA_COUNTER_CS.SPATIAL_RNA_COUNTER.SPATIAL_POST_MATRIX_COMPUTATION.BIN_HD_DATA._BIN_HD_DATA._COMPUTE_BINNED_OUTPUTS.SPATIAL_BINNED_RNA_ANALYZER.RUN_PCA.fork_square_016um
2025-10-21 22:03:27 [runtime] (complete)        ID.F08544.SPATIAL_RNA_COUNTER_CS.SPATIAL_RNA_COUNTER.SPATIAL_POST_MATRIX_COMPUTATION.BIN_HD_DATA._BIN_HD_DATA._COMPUTE_BINNED_OUTPUTS.SPATIAL_BINNED_RNA_ANALYZER.RUN_PCA.fork_square_016um
2025-10-21 22:03:30 [runtime] (complete)        ID.F08544.SPATIAL_RNA_COUNTER_CS.SPATIAL_RNA_COUNTER.SPATIAL_POST_MATRIX_COMPUTATION.BIN_HD_DATA._BIN_HD_DATA._COMPUTE_BINNED_OUTPUTS.SPATIAL_BINNED_RNA_ANALYZER.RUN_PCA.fork_square_016um
2025-10-21 22:03:33 [runtime] (complete)        ID.F08544.SPATIAL_RNA_COUNTER_CS.SPATIAL_RNA_COUNTER.SPATIAL_POST_MATRIX_COMPUTATION.BIN_HD_DATA._BIN_HD_DATA._COMPUTE_BINNED_OUTPUTS.SPATIAL_BINNED_RNA_ANALYZER.RUN_PCA.fork_square_016um
2025-10-21 22:03:36 [runtime] (complete)        ID.F08544.SPATIAL_RNA_COUNTER_CS.SPATIAL_RNA_COUNTER.SPATIAL_POST_MATRIX_COMPUTATION.BIN_HD_DATA._BIN_HD_DATA._COMPUTE_BINNED_OUTPUTS.SPATIAL_BINNED_RNA_ANALYZER.RUN_PCA.fork_square_016um
2025-10-21 22:03:39 [runtime] (complete)        ID.F08544.SPATIAL_RNA_COUNTER_CS.SPATIAL_RNA_COUNTER.SPATIAL_POST_MATRIX_COMPUTATION.BIN_HD_DATA._BIN_HD_DATA._COMPUTE_BINNED_OUTPUTS.SPATIAL_BINNED_RNA_ANALYZER.RUN_PCA.fork_square_016um
2025-10-21 22:03:42 [runtime] (complete)        ID.F08544.SPATIAL_RNA_COUNTER_CS.SPATIAL_RNA_COUNTER.SPATIAL_POST_MATRIX_COMPUTATION.BIN_HD_DATA._BIN_HD_DATA._COMPUTE_BINNED_OUTPUTS.SPATIAL_BINNED_RNA_ANALYZER.RUN_PCA.fork_square_016um
2025-10-21 22:03:44 [runtime] (complete)        ID.F08544.SPATIAL_RNA_COUNTER_CS.SPATIAL_RNA_COUNTER.SPATIAL_POST_MATRIX_COMPUTATION.BIN_HD_DATA._BIN_HD_DATA._COMPUTE_BINNED_OUTPUTS.SPATIAL_BINNED_RNA_ANALYZER.RUN_PCA.fork_square_016um
2025-10-21 22:03:44 [runtime] (join_complete)   ID.F08544.SPATIAL_RNA_COUNTER_CS.SPATIAL_RNA_COUNTER.SPATIAL_POST_MATRIX_COMPUTATION._POST_MATRIX_COMPUTATION._CELLS_REPORTER.SUMMARIZE_BASIC_REPORTS
2025-10-21 22:03:44 [runtime] (complete)        ID.F08544.SPATIAL_RNA_COUNTER_CS.SPATIAL_RNA_COUNTER.SPATIAL_POST_MATRIX_COMPUTATION.BIN_HD_DATA._BIN_HD_DATA._COMPUTE_BINNED_OUTPUTS.SPATIAL_BINNED_RNA_ANALYZER.RUN_PCA.fork_square_016um
2025-10-21 22:03:44 [runtime] (ready)           ID.F08544.SPATIAL_RNA_COUNTER_CS.SPATIAL_RNA_COUNTER.SPATIAL_POST_MATRIX_COMPUTATION._POST_MATRIX_COMPUTATION.MERGE_METRICS
2025-10-21 22:03:44 [runtime] (run:local)       ID.F08544.SPATIAL_RNA_COUNTER_CS.SPATIAL_RNA_COUNTER.SPATIAL_POST_MATRIX_COMPUTATION._POST_MATRIX_COMPUTATION.MERGE_METRICS.fork0.chnk0.main
2025-10-21 22:03:50 [runtime] (chunks_complete) ID.F08544.SPATIAL_RNA_COUNTER_CS.SPATIAL_RNA_COUNTER.SPATIAL_POST_MATRIX_COMPUTATION._POST_MATRIX_COMPUTATION.MERGE_METRICS
2025-10-21 22:03:50 [runtime] (chunks_complete) ID.F08544.SPATIAL_RNA_COUNTER_CS.SPATIAL_RNA_COUNTER.SPATIAL_POST_MATRIX_COMPUTATION.BIN_HD_DATA._BIN_HD_DATA._COMPUTE_BINNED_OUTPUTS.SPATIAL_BINNED_RNA_ANALYZER.RUN_PCA.fork_square_008um
2025-10-21 22:03:50 [runtime] (run:local)       ID.F08544.SPATIAL_RNA_COUNTER_CS.SPATIAL_RNA_COUNTER.SPATIAL_POST_MATRIX_COMPUTATION.BIN_HD_DATA._BIN_HD_DATA._COMPUTE_BINNED_OUTPUTS.SPATIAL_BINNED_RNA_ANALYZER.RUN_PCA.fork_square_008um.join
2025-10-21 22:03:50 [runtime] (complete)        ID.F08544.SPATIAL_RNA_COUNTER_CS.SPATIAL_RNA_COUNTER.SPATIAL_POST_MATRIX_COMPUTATION.BIN_HD_DATA._BIN_HD_DATA._COMPUTE_BINNED_OUTPUTS.SPATIAL_BINNED_RNA_ANALYZER.RUN_PCA.fork_square_016um
2025-10-21 22:03:50 [runtime] (complete)        ID.F08544.SPATIAL_RNA_COUNTER_CS.SPATIAL_RNA_COUNTER.SPATIAL_POST_MATRIX_COMPUTATION.BIN_HD_DATA._BIN_HD_DATA._COMPUTE_BINNED_OUTPUTS.SPATIAL_BINNED_RNA_ANALYZER.RUN_PCA.fork_square_016um
2025-10-21 22:03:51 [runtime] (complete)        ID.F08544.SPATIAL_RNA_COUNTER_CS.SPATIAL_RNA_COUNTER.SPATIAL_POST_MATRIX_COMPUTATION.BIN_HD_DATA._BIN_HD_DATA._COMPUTE_BINNED_OUTPUTS.SPATIAL_BINNED_RNA_ANALYZER.RUN_PCA.fork_square_016um
2025-10-21 22:03:51 [runtime] (ready)           ID.F08544.SPATIAL_RNA_COUNTER_CS.SPATIAL_RNA_COUNTER.SPATIAL_POST_MATRIX_COMPUTATION.BIN_HD_DATA._BIN_HD_DATA._COMPUTE_BINNED_OUTPUTS.COMPUTE_BIN_METRICS.fork_square_002um
2025-10-21 22:03:51 [runtime] (run:local)       ID.F08544.SPATIAL_RNA_COUNTER_CS.SPATIAL_RNA_COUNTER.SPATIAL_POST_MATRIX_COMPUTATION.BIN_HD_DATA._BIN_HD_DATA._COMPUTE_BINNED_OUTPUTS.COMPUTE_BIN_METRICS.fork_square_002um.split
2025-10-21 22:03:51 [runtime] (ready)           ID.F08544.SPATIAL_RNA_COUNTER_CS.SPATIAL_RNA_COUNTER.SPATIAL_POST_MATRIX_COMPUTATION.BIN_HD_DATA._BIN_HD_DATA._COMPUTE_BINNED_OUTPUTS.COMPUTE_BIN_METRICS.fork_square_008um
2025-10-21 22:03:51 [runtime] (run:local)       ID.F08544.SPATIAL_RNA_COUNTER_CS.SPATIAL_RNA_COUNTER.SPATIAL_POST_MATRIX_COMPUTATION.BIN_HD_DATA._BIN_HD_DATA._COMPUTE_BINNED_OUTPUTS.COMPUTE_BIN_METRICS.fork_square_008um.split
2025-10-21 22:03:51 [runtime] (ready)           ID.F08544.SPATIAL_RNA_COUNTER_CS.SPATIAL_RNA_COUNTER.SPATIAL_POST_MATRIX_COMPUTATION.BIN_HD_DATA._BIN_HD_DATA._COMPUTE_BINNED_OUTPUTS.COMPUTE_BIN_METRICS.fork_square_016um
2025-10-21 22:03:51 [runtime] (run:local)       ID.F08544.SPATIAL_RNA_COUNTER_CS.SPATIAL_RNA_COUNTER.SPATIAL_POST_MATRIX_COMPUTATION.BIN_HD_DATA._BIN_HD_DATA._COMPUTE_BINNED_OUTPUTS.COMPUTE_BIN_METRICS.fork_square_016um.split
2025-10-21 22:03:51 [runtime] (ready)           ID.F08544.SPATIAL_RNA_COUNTER_CS.SPATIAL_RNA_COUNTER.SPATIAL_POST_MATRIX_COMPUTATION._TARGETED_ANALYZER.CALCULATE_TARGETED_METRICS
2025-10-21 22:03:51 [runtime] (run:local)       ID.F08544.SPATIAL_RNA_COUNTER_CS.SPATIAL_RNA_COUNTER.SPATIAL_POST_MATRIX_COMPUTATION._TARGETED_ANALYZER.CALCULATE_TARGETED_METRICS.fork0.split
2025-10-21 22:03:52 [runtime] (complete)        ID.F08544.SPATIAL_RNA_COUNTER_CS.SPATIAL_RNA_COUNTER.SPATIAL_POST_MATRIX_COMPUTATION.BIN_HD_DATA._BIN_HD_DATA._COMPUTE_BINNED_OUTPUTS.SPATIAL_BINNED_RNA_ANALYZER.RUN_PCA.fork_square_016um
2025-10-21 22:03:52 [runtime] (split_complete)  ID.F08544.SPATIAL_RNA_COUNTER_CS.SPATIAL_RNA_COUNTER.SPATIAL_POST_MATRIX_COMPUTATION.BIN_HD_DATA._BIN_HD_DATA._COMPUTE_BINNED_OUTPUTS.COMPUTE_BIN_METRICS.fork_square_002um
2025-10-21 22:03:53 [runtime] (run:local)       ID.F08544.SPATIAL_RNA_COUNTER_CS.SPATIAL_RNA_COUNTER.SPATIAL_POST_MATRIX_COMPUTATION.BIN_HD_DATA._BIN_HD_DATA._COMPUTE_BINNED_OUTPUTS.COMPUTE_BIN_METRICS.fork_square_002um.join
2025-10-21 22:03:53 [runtime] (split_complete)  ID.F08544.SPATIAL_RNA_COUNTER_CS.SPATIAL_RNA_COUNTER.SPATIAL_POST_MATRIX_COMPUTATION.BIN_HD_DATA._BIN_HD_DATA._COMPUTE_BINNED_OUTPUTS.COMPUTE_BIN_METRICS.fork_square_008um
2025-10-21 22:03:53 [runtime] (run:local)       ID.F08544.SPATIAL_RNA_COUNTER_CS.SPATIAL_RNA_COUNTER.SPATIAL_POST_MATRIX_COMPUTATION.BIN_HD_DATA._BIN_HD_DATA._COMPUTE_BINNED_OUTPUTS.COMPUTE_BIN_METRICS.fork_square_008um.join
2025-10-21 22:03:53 [runtime] (complete)        ID.F08544.SPATIAL_RNA_COUNTER_CS.SPATIAL_RNA_COUNTER.SPATIAL_POST_MATRIX_COMPUTATION.BIN_HD_DATA._BIN_HD_DATA._COMPUTE_BINNED_OUTPUTS.SPATIAL_BINNED_RNA_ANALYZER.RUN_PCA.fork_square_016um
2025-10-21 22:03:53 [runtime] (split_complete)  ID.F08544.SPATIAL_RNA_COUNTER_CS.SPATIAL_RNA_COUNTER.SPATIAL_POST_MATRIX_COMPUTATION.BIN_HD_DATA._BIN_HD_DATA._COMPUTE_BINNED_OUTPUTS.COMPUTE_BIN_METRICS.fork_square_016um
2025-10-21 22:03:53 [runtime] (run:local)       ID.F08544.SPATIAL_RNA_COUNTER_CS.SPATIAL_RNA_COUNTER.SPATIAL_POST_MATRIX_COMPUTATION.BIN_HD_DATA._BIN_HD_DATA._COMPUTE_BINNED_OUTPUTS.COMPUTE_BIN_METRICS.fork_square_016um.join
2025-10-21 22:03:53 [runtime] (join_complete)   ID.F08544.SPATIAL_RNA_COUNTER_CS.SPATIAL_RNA_COUNTER.SPATIAL_POST_MATRIX_COMPUTATION.BIN_HD_DATA._BIN_HD_DATA._COMPUTE_BINNED_OUTPUTS.SPATIAL_BINNED_RNA_ANALYZER.RUN_PCA.fork_square_008um
2025-10-21 22:03:53 [runtime] (complete)        ID.F08544.SPATIAL_RNA_COUNTER_CS.SPATIAL_RNA_COUNTER.SPATIAL_POST_MATRIX_COMPUTATION.BIN_HD_DATA._BIN_HD_DATA._COMPUTE_BINNED_OUTPUTS.SPATIAL_BINNED_RNA_ANALYZER.RUN_PCA.fork_square_016um
2025-10-21 22:03:53 [runtime] (ready)           ID.F08544.SPATIAL_RNA_COUNTER_CS.SPATIAL_RNA_COUNTER.SPATIAL_POST_MATRIX_COMPUTATION.BIN_HD_DATA._BIN_HD_DATA._COMPUTE_BINNED_OUTPUTS.SPATIAL_BINNED_RNA_ANALYZER.RUN_UMAP.fork_square_002um
2025-10-21 22:03:53 [runtime] (ready)           ID.F08544.SPATIAL_RNA_COUNTER_CS.SPATIAL_RNA_COUNTER.SPATIAL_POST_MATRIX_COMPUTATION.BIN_HD_DATA._BIN_HD_DATA._COMPUTE_BINNED_OUTPUTS.SPATIAL_BINNED_RNA_ANALYZER.RUN_UMAP.fork_square_008um
2025-10-21 22:03:53 [runtime] (run:local)       ID.F08544.SPATIAL_RNA_COUNTER_CS.SPATIAL_RNA_COUNTER.SPATIAL_POST_MATRIX_COMPUTATION.BIN_HD_DATA._BIN_HD_DATA._COMPUTE_BINNED_OUTPUTS.SPATIAL_BINNED_RNA_ANALYZER.RUN_UMAP.fork_square_008um.split
2025-10-21 22:03:53 [runtime] (ready)           ID.F08544.SPATIAL_RNA_COUNTER_CS.SPATIAL_RNA_COUNTER.SPATIAL_POST_MATRIX_COMPUTATION.BIN_HD_DATA._BIN_HD_DATA._COMPUTE_BINNED_OUTPUTS.SPATIAL_BINNED_RNA_ANALYZER.RUN_UMAP.fork_square_016um
2025-10-21 22:03:53 [runtime] (run:local)       ID.F08544.SPATIAL_RNA_COUNTER_CS.SPATIAL_RNA_COUNTER.SPATIAL_POST_MATRIX_COMPUTATION.BIN_HD_DATA._BIN_HD_DATA._COMPUTE_BINNED_OUTPUTS.SPATIAL_BINNED_RNA_ANALYZER.RUN_UMAP.fork_square_016um.split
2025-10-21 22:03:53 [runtime] (ready)           ID.F08544.SPATIAL_RNA_COUNTER_CS.SPATIAL_RNA_COUNTER.SPATIAL_POST_MATRIX_COMPUTATION.BIN_HD_DATA._BIN_HD_DATA._COMPUTE_BINNED_OUTPUTS.SPATIAL_BINNED_RNA_ANALYZER.RUN_TSNE.fork_square_002um
2025-10-21 22:03:53 [runtime] (ready)           ID.F08544.SPATIAL_RNA_COUNTER_CS.SPATIAL_RNA_COUNTER.SPATIAL_POST_MATRIX_COMPUTATION.BIN_HD_DATA._BIN_HD_DATA._COMPUTE_BINNED_OUTPUTS.SPATIAL_BINNED_RNA_ANALYZER.RUN_TSNE.fork_square_008um
2025-10-21 22:03:53 [runtime] (ready)           ID.F08544.SPATIAL_RNA_COUNTER_CS.SPATIAL_RNA_COUNTER.SPATIAL_POST_MATRIX_COMPUTATION.BIN_HD_DATA._BIN_HD_DATA._COMPUTE_BINNED_OUTPUTS.SPATIAL_BINNED_RNA_ANALYZER.RUN_TSNE.fork_square_016um
2025-10-21 22:03:53 [runtime] (ready)           ID.F08544.SPATIAL_RNA_COUNTER_CS.SPATIAL_RNA_COUNTER.SPATIAL_POST_MATRIX_COMPUTATION.BIN_HD_DATA._BIN_HD_DATA._COMPUTE_BINNED_OUTPUTS.SPATIAL_BINNED_RNA_ANALYZER.RUN_KMEANS.fork_square_002um
2025-10-21 22:03:53 [runtime] (ready)           ID.F08544.SPATIAL_RNA_COUNTER_CS.SPATIAL_RNA_COUNTER.SPATIAL_POST_MATRIX_COMPUTATION.BIN_HD_DATA._BIN_HD_DATA._COMPUTE_BINNED_OUTPUTS.SPATIAL_BINNED_RNA_ANALYZER.RUN_KMEANS.fork_square_008um
2025-10-21 22:03:53 [runtime] (run:local)       ID.F08544.SPATIAL_RNA_COUNTER_CS.SPATIAL_RNA_COUNTER.SPATIAL_POST_MATRIX_COMPUTATION.BIN_HD_DATA._BIN_HD_DATA._COMPUTE_BINNED_OUTPUTS.SPATIAL_BINNED_RNA_ANALYZER.RUN_KMEANS.fork_square_008um.split
2025-10-21 22:03:53 [runtime] (ready)           ID.F08544.SPATIAL_RNA_COUNTER_CS.SPATIAL_RNA_COUNTER.SPATIAL_POST_MATRIX_COMPUTATION.BIN_HD_DATA._BIN_HD_DATA._COMPUTE_BINNED_OUTPUTS.SPATIAL_BINNED_RNA_ANALYZER.RUN_KMEANS.fork_square_016um
2025-10-21 22:03:53 [runtime] (run:local)       ID.F08544.SPATIAL_RNA_COUNTER_CS.SPATIAL_RNA_COUNTER.SPATIAL_POST_MATRIX_COMPUTATION.BIN_HD_DATA._BIN_HD_DATA._COMPUTE_BINNED_OUTPUTS.SPATIAL_BINNED_RNA_ANALYZER.RUN_KMEANS.fork_square_016um.split
2025-10-21 22:03:53 [runtime] (ready)           ID.F08544.SPATIAL_RNA_COUNTER_CS.SPATIAL_RNA_COUNTER.SPATIAL_POST_MATRIX_COMPUTATION.BIN_HD_DATA._BIN_HD_DATA._COMPUTE_BINNED_OUTPUTS.SPATIAL_BINNED_RNA_ANALYZER.RUN_GRAPH_CLUSTERING.fork_square_002um
2025-10-21 22:03:53 [runtime] (ready)           ID.F08544.SPATIAL_RNA_COUNTER_CS.SPATIAL_RNA_COUNTER.SPATIAL_POST_MATRIX_COMPUTATION.BIN_HD_DATA._BIN_HD_DATA._COMPUTE_BINNED_OUTPUTS.SPATIAL_BINNED_RNA_ANALYZER.RUN_GRAPH_CLUSTERING.fork_square_008um
2025-10-21 22:03:53 [runtime] (run:local)       ID.F08544.SPATIAL_RNA_COUNTER_CS.SPATIAL_RNA_COUNTER.SPATIAL_POST_MATRIX_COMPUTATION.BIN_HD_DATA._BIN_HD_DATA._COMPUTE_BINNED_OUTPUTS.SPATIAL_BINNED_RNA_ANALYZER.RUN_GRAPH_CLUSTERING.fork_square_008um.split
2025-10-21 22:03:53 [runtime] (ready)           ID.F08544.SPATIAL_RNA_COUNTER_CS.SPATIAL_RNA_COUNTER.SPATIAL_POST_MATRIX_COMPUTATION.BIN_HD_DATA._BIN_HD_DATA._COMPUTE_BINNED_OUTPUTS.SPATIAL_BINNED_RNA_ANALYZER.RUN_GRAPH_CLUSTERING.fork_square_016um
2025-10-21 22:03:53 [runtime] (run:local)       ID.F08544.SPATIAL_RNA_COUNTER_CS.SPATIAL_RNA_COUNTER.SPATIAL_POST_MATRIX_COMPUTATION.BIN_HD_DATA._BIN_HD_DATA._COMPUTE_BINNED_OUTPUTS.SPATIAL_BINNED_RNA_ANALYZER.RUN_GRAPH_CLUSTERING.fork_square_016um.split
2025-10-21 22:03:53 [runtime] (split_complete)  ID.F08544.SPATIAL_RNA_COUNTER_CS.SPATIAL_RNA_COUNTER.SPATIAL_POST_MATRIX_COMPUTATION.BIN_HD_DATA._BIN_HD_DATA._COMPUTE_BINNED_OUTPUTS.SPATIAL_BINNED_RNA_ANALYZER.RUN_UMAP.fork_square_008um
2025-10-21 22:03:53 [runtime] (run:local)       ID.F08544.SPATIAL_RNA_COUNTER_CS.SPATIAL_RNA_COUNTER.SPATIAL_POST_MATRIX_COMPUTATION.BIN_HD_DATA._BIN_HD_DATA._COMPUTE_BINNED_OUTPUTS.SPATIAL_BINNED_RNA_ANALYZER.RUN_UMAP.fork_square_008um.chnk0.main
2025-10-21 22:03:53 [runtime] (split_complete)  ID.F08544.SPATIAL_RNA_COUNTER_CS.SPATIAL_RNA_COUNTER.SPATIAL_POST_MATRIX_COMPUTATION.BIN_HD_DATA._BIN_HD_DATA._COMPUTE_BINNED_OUTPUTS.SPATIAL_BINNED_RNA_ANALYZER.RUN_UMAP.fork_square_016um
2025-10-21 22:03:53 [runtime] (run:local)       ID.F08544.SPATIAL_RNA_COUNTER_CS.SPATIAL_RNA_COUNTER.SPATIAL_POST_MATRIX_COMPUTATION.BIN_HD_DATA._BIN_HD_DATA._COMPUTE_BINNED_OUTPUTS.SPATIAL_BINNED_RNA_ANALYZER.RUN_UMAP.fork_square_016um.chnk0.main
2025-10-21 22:03:54 [runtime] (split_complete)  ID.F08544.SPATIAL_RNA_COUNTER_CS.SPATIAL_RNA_COUNTER.SPATIAL_POST_MATRIX_COMPUTATION.BIN_HD_DATA._BIN_HD_DATA._COMPUTE_BINNED_OUTPUTS.SPATIAL_BINNED_RNA_ANALYZER.RUN_GRAPH_CLUSTERING.fork_square_008um
2025-10-21 22:03:54 [runtime] (run:local)       ID.F08544.SPATIAL_RNA_COUNTER_CS.SPATIAL_RNA_COUNTER.SPATIAL_POST_MATRIX_COMPUTATION.BIN_HD_DATA._BIN_HD_DATA._COMPUTE_BINNED_OUTPUTS.SPATIAL_BINNED_RNA_ANALYZER.RUN_GRAPH_CLUSTERING.fork_square_008um.chnk0.main
2025-10-21 22:03:54 [runtime] (split_complete)  ID.F08544.SPATIAL_RNA_COUNTER_CS.SPATIAL_RNA_COUNTER.SPATIAL_POST_MATRIX_COMPUTATION.BIN_HD_DATA._BIN_HD_DATA._COMPUTE_BINNED_OUTPUTS.SPATIAL_BINNED_RNA_ANALYZER.RUN_GRAPH_CLUSTERING.fork_square_016um
2025-10-21 22:03:54 [runtime] (run:local)       ID.F08544.SPATIAL_RNA_COUNTER_CS.SPATIAL_RNA_COUNTER.SPATIAL_POST_MATRIX_COMPUTATION.BIN_HD_DATA._BIN_HD_DATA._COMPUTE_BINNED_OUTPUTS.SPATIAL_BINNED_RNA_ANALYZER.RUN_GRAPH_CLUSTERING.fork_square_016um.chnk0.main
2025-10-21 22:03:56 [runtime] (join_complete)   ID.F08544.SPATIAL_RNA_COUNTER_CS.SPATIAL_RNA_COUNTER.SPATIAL_POST_MATRIX_COMPUTATION.BIN_HD_DATA._BIN_HD_DATA._COMPUTE_BINNED_OUTPUTS.COMPUTE_BIN_METRICS.fork_square_016um
2025-10-21 22:03:56 [runtime] (join_complete)   ID.F08544.SPATIAL_RNA_COUNTER_CS.SPATIAL_RNA_COUNTER.SPATIAL_POST_MATRIX_COMPUTATION.BIN_HD_DATA._BIN_HD_DATA._COMPUTE_BINNED_OUTPUTS.COMPUTE_BIN_METRICS.fork_square_008um
2025-10-21 22:03:56 [runtime] (complete)        ID.F08544.SPATIAL_RNA_COUNTER_CS.SPATIAL_RNA_COUNTER.SPATIAL_POST_MATRIX_COMPUTATION.BIN_HD_DATA._BIN_HD_DATA._COMPUTE_BINNED_OUTPUTS.COMPUTE_BIN_METRICS.fork_square_016um
2025-10-21 22:03:59 [runtime] (complete)        ID.F08544.SPATIAL_RNA_COUNTER_CS.SPATIAL_RNA_COUNTER.SPATIAL_POST_MATRIX_COMPUTATION.BIN_HD_DATA._BIN_HD_DATA._COMPUTE_BINNED_OUTPUTS.COMPUTE_BIN_METRICS.fork_square_008um
2025-10-21 22:03:59 [runtime] (complete)        ID.F08544.SPATIAL_RNA_COUNTER_CS.SPATIAL_RNA_COUNTER.SPATIAL_POST_MATRIX_COMPUTATION.BIN_HD_DATA._BIN_HD_DATA._COMPUTE_BINNED_OUTPUTS.COMPUTE_BIN_METRICS.fork_square_016um
2025-10-21 22:04:00 [runtime] (join_complete)   ID.F08544.SPATIAL_RNA_COUNTER_CS.SPATIAL_RNA_COUNTER.SPATIAL_POST_MATRIX_COMPUTATION.BIN_HD_DATA._BIN_HD_DATA._COMPUTE_BINNED_OUTPUTS.COMPUTE_BIN_METRICS.fork_square_002um
2025-10-21 22:04:00 [runtime] (complete)        ID.F08544.SPATIAL_RNA_COUNTER_CS.SPATIAL_RNA_COUNTER.SPATIAL_POST_MATRIX_COMPUTATION.BIN_HD_DATA._BIN_HD_DATA._COMPUTE_BINNED_OUTPUTS.COMPUTE_BIN_METRICS.fork_square_008um
2025-10-21 22:04:00 [runtime] (complete)        ID.F08544.SPATIAL_RNA_COUNTER_CS.SPATIAL_RNA_COUNTER.SPATIAL_POST_MATRIX_COMPUTATION.BIN_HD_DATA._BIN_HD_DATA._COMPUTE_BINNED_OUTPUTS.COMPUTE_BIN_METRICS.fork_square_016um
2025-10-21 22:04:00 [runtime] (ready)           ID.F08544.SPATIAL_RNA_COUNTER_CS.SPATIAL_RNA_COUNTER.SPATIAL_POST_MATRIX_COMPUTATION.BIN_HD_DATA._BIN_HD_DATA.MERGE_BIN_METRICS
2025-10-21 22:04:01 [runtime] (run:local)       ID.F08544.SPATIAL_RNA_COUNTER_CS.SPATIAL_RNA_COUNTER.SPATIAL_POST_MATRIX_COMPUTATION.BIN_HD_DATA._BIN_HD_DATA.MERGE_BIN_METRICS.fork0.chnk0.main
2025-10-21 22:04:12 [runtime] (split_complete)  ID.F08544.SPATIAL_RNA_COUNTER_CS.SPATIAL_RNA_COUNTER.SPATIAL_POST_MATRIX_COMPUTATION._TARGETED_ANALYZER.CALCULATE_TARGETED_METRICS
2025-10-21 22:04:12 [runtime] (run:local)       ID.F08544.SPATIAL_RNA_COUNTER_CS.SPATIAL_RNA_COUNTER.SPATIAL_POST_MATRIX_COMPUTATION._TARGETED_ANALYZER.CALCULATE_TARGETED_METRICS.fork0.join
2025-10-21 22:04:12 [runtime] (split_complete)  ID.F08544.SPATIAL_RNA_COUNTER_CS.SPATIAL_RNA_COUNTER.SPATIAL_POST_MATRIX_COMPUTATION.BIN_HD_DATA._BIN_HD_DATA._COMPUTE_BINNED_OUTPUTS.SPATIAL_BINNED_RNA_ANALYZER.RUN_KMEANS.fork_square_016um
2025-10-21 22:04:12 [runtime] (run:local)       ID.F08544.SPATIAL_RNA_COUNTER_CS.SPATIAL_RNA_COUNTER.SPATIAL_POST_MATRIX_COMPUTATION.BIN_HD_DATA._BIN_HD_DATA._COMPUTE_BINNED_OUTPUTS.SPATIAL_BINNED_RNA_ANALYZER.RUN_KMEANS.fork_square_016um.chnk0.main
2025-10-21 22:04:12 [runtime] (run:local)       ID.F08544.SPATIAL_RNA_COUNTER_CS.SPATIAL_RNA_COUNTER.SPATIAL_POST_MATRIX_COMPUTATION.BIN_HD_DATA._BIN_HD_DATA._COMPUTE_BINNED_OUTPUTS.SPATIAL_BINNED_RNA_ANALYZER.RUN_KMEANS.fork_square_016um.chnk1.main
2025-10-21 22:04:12 [runtime] (run:local)       ID.F08544.SPATIAL_RNA_COUNTER_CS.SPATIAL_RNA_COUNTER.SPATIAL_POST_MATRIX_COMPUTATION.BIN_HD_DATA._BIN_HD_DATA._COMPUTE_BINNED_OUTPUTS.SPATIAL_BINNED_RNA_ANALYZER.RUN_KMEANS.fork_square_016um.chnk2.main
2025-10-21 22:04:12 [runtime] (run:local)       ID.F08544.SPATIAL_RNA_COUNTER_CS.SPATIAL_RNA_COUNTER.SPATIAL_POST_MATRIX_COMPUTATION.BIN_HD_DATA._BIN_HD_DATA._COMPUTE_BINNED_OUTPUTS.SPATIAL_BINNED_RNA_ANALYZER.RUN_KMEANS.fork_square_016um.chnk3.main
2025-10-21 22:04:12 [runtime] (run:local)       ID.F08544.SPATIAL_RNA_COUNTER_CS.SPATIAL_RNA_COUNTER.SPATIAL_POST_MATRIX_COMPUTATION.BIN_HD_DATA._BIN_HD_DATA._COMPUTE_BINNED_OUTPUTS.SPATIAL_BINNED_RNA_ANALYZER.RUN_KMEANS.fork_square_016um.chnk4.main
2025-10-21 22:04:12 [runtime] (run:local)       ID.F08544.SPATIAL_RNA_COUNTER_CS.SPATIAL_RNA_COUNTER.SPATIAL_POST_MATRIX_COMPUTATION.BIN_HD_DATA._BIN_HD_DATA._COMPUTE_BINNED_OUTPUTS.SPATIAL_BINNED_RNA_ANALYZER.RUN_KMEANS.fork_square_016um.chnk5.main
2025-10-21 22:04:12 [runtime] (run:local)       ID.F08544.SPATIAL_RNA_COUNTER_CS.SPATIAL_RNA_COUNTER.SPATIAL_POST_MATRIX_COMPUTATION.BIN_HD_DATA._BIN_HD_DATA._COMPUTE_BINNED_OUTPUTS.SPATIAL_BINNED_RNA_ANALYZER.RUN_KMEANS.fork_square_016um.chnk6.main
2025-10-21 22:04:12 [runtime] (run:local)       ID.F08544.SPATIAL_RNA_COUNTER_CS.SPATIAL_RNA_COUNTER.SPATIAL_POST_MATRIX_COMPUTATION.BIN_HD_DATA._BIN_HD_DATA._COMPUTE_BINNED_OUTPUTS.SPATIAL_BINNED_RNA_ANALYZER.RUN_KMEANS.fork_square_016um.chnk7.main
2025-10-21 22:04:12 [runtime] (run:local)       ID.F08544.SPATIAL_RNA_COUNTER_CS.SPATIAL_RNA_COUNTER.SPATIAL_POST_MATRIX_COMPUTATION.BIN_HD_DATA._BIN_HD_DATA._COMPUTE_BINNED_OUTPUTS.SPATIAL_BINNED_RNA_ANALYZER.RUN_KMEANS.fork_square_016um.chnk8.main
2025-10-21 22:04:12 [runtime] (split_complete)  ID.F08544.SPATIAL_RNA_COUNTER_CS.SPATIAL_RNA_COUNTER.SPATIAL_POST_MATRIX_COMPUTATION.BIN_HD_DATA._BIN_HD_DATA._COMPUTE_BINNED_OUTPUTS.SPATIAL_BINNED_RNA_ANALYZER.RUN_KMEANS.fork_square_008um
2025-10-21 22:04:12 [runtime] (run:local)       ID.F08544.SPATIAL_RNA_COUNTER_CS.SPATIAL_RNA_COUNTER.SPATIAL_POST_MATRIX_COMPUTATION.BIN_HD_DATA._BIN_HD_DATA._COMPUTE_BINNED_OUTPUTS.SPATIAL_BINNED_RNA_ANALYZER.RUN_KMEANS.fork_square_008um.chnk0.main
2025-10-21 22:04:12 [runtime] (run:local)       ID.F08544.SPATIAL_RNA_COUNTER_CS.SPATIAL_RNA_COUNTER.SPATIAL_POST_MATRIX_COMPUTATION.BIN_HD_DATA._BIN_HD_DATA._COMPUTE_BINNED_OUTPUTS.SPATIAL_BINNED_RNA_ANALYZER.RUN_KMEANS.fork_square_008um.chnk1.main
2025-10-21 22:04:12 [runtime] (run:local)       ID.F08544.SPATIAL_RNA_COUNTER_CS.SPATIAL_RNA_COUNTER.SPATIAL_POST_MATRIX_COMPUTATION.BIN_HD_DATA._BIN_HD_DATA._COMPUTE_BINNED_OUTPUTS.SPATIAL_BINNED_RNA_ANALYZER.RUN_KMEANS.fork_square_008um.chnk2.main
2025-10-21 22:04:12 [runtime] (run:local)       ID.F08544.SPATIAL_RNA_COUNTER_CS.SPATIAL_RNA_COUNTER.SPATIAL_POST_MATRIX_COMPUTATION.BIN_HD_DATA._BIN_HD_DATA._COMPUTE_BINNED_OUTPUTS.SPATIAL_BINNED_RNA_ANALYZER.RUN_KMEANS.fork_square_008um.chnk3.main
2025-10-21 22:04:12 [runtime] (run:local)       ID.F08544.SPATIAL_RNA_COUNTER_CS.SPATIAL_RNA_COUNTER.SPATIAL_POST_MATRIX_COMPUTATION.BIN_HD_DATA._BIN_HD_DATA._COMPUTE_BINNED_OUTPUTS.SPATIAL_BINNED_RNA_ANALYZER.RUN_KMEANS.fork_square_008um.chnk4.main
2025-10-21 22:04:12 [runtime] (run:local)       ID.F08544.SPATIAL_RNA_COUNTER_CS.SPATIAL_RNA_COUNTER.SPATIAL_POST_MATRIX_COMPUTATION.BIN_HD_DATA._BIN_HD_DATA._COMPUTE_BINNED_OUTPUTS.SPATIAL_BINNED_RNA_ANALYZER.RUN_KMEANS.fork_square_008um.chnk5.main
2025-10-21 22:04:12 [runtime] (run:local)       ID.F08544.SPATIAL_RNA_COUNTER_CS.SPATIAL_RNA_COUNTER.SPATIAL_POST_MATRIX_COMPUTATION.BIN_HD_DATA._BIN_HD_DATA._COMPUTE_BINNED_OUTPUTS.SPATIAL_BINNED_RNA_ANALYZER.RUN_KMEANS.fork_square_008um.chnk6.main
2025-10-21 22:04:12 [runtime] (run:local)       ID.F08544.SPATIAL_RNA_COUNTER_CS.SPATIAL_RNA_COUNTER.SPATIAL_POST_MATRIX_COMPUTATION.BIN_HD_DATA._BIN_HD_DATA._COMPUTE_BINNED_OUTPUTS.SPATIAL_BINNED_RNA_ANALYZER.RUN_KMEANS.fork_square_008um.chnk7.main
2025-10-21 22:04:12 [runtime] (run:local)       ID.F08544.SPATIAL_RNA_COUNTER_CS.SPATIAL_RNA_COUNTER.SPATIAL_POST_MATRIX_COMPUTATION.BIN_HD_DATA._BIN_HD_DATA._COMPUTE_BINNED_OUTPUTS.SPATIAL_BINNED_RNA_ANALYZER.RUN_KMEANS.fork_square_008um.chnk8.main
2025-10-21 22:10:02 [runtime] (update)          ID.F08544.SPATIAL_RNA_COUNTER_CS.SPATIAL_RNA_COUNTER.SPATIAL_POST_MATRIX_COMPUTATION.BIN_HD_DATA._BIN_HD_DATA._COMPUTE_BINNED_OUTPUTS.SPATIAL_BINNED_RNA_ANALYZER.RUN_UMAP.fork_square_008um chunks_running
2025-10-21 22:16:03 [runtime] (update)          ID.F08544.SPATIAL_RNA_COUNTER_CS.SPATIAL_RNA_COUNTER.SPATIAL_POST_MATRIX_COMPUTATION.BIN_HD_DATA._BIN_HD_DATA._COMPUTE_BINNED_OUTPUTS.SPATIAL_BINNED_RNA_ANALYZER.RUN_UMAP.fork_square_008um chunks_running
2025-10-21 22:22:02 [runtime] (update)          ID.F08544.SPATIAL_RNA_COUNTER_CS.SPATIAL_RNA_COUNTER.SPATIAL_POST_MATRIX_COMPUTATION.BIN_HD_DATA._BIN_HD_DATA._COMPUTE_BINNED_OUTPUTS.SPATIAL_BINNED_RNA_ANALYZER.RUN_UMAP.fork_square_008um chunks_running
2025-10-21 22:28:03 [runtime] (update)          ID.F08544.SPATIAL_RNA_COUNTER_CS.SPATIAL_RNA_COUNTER.SPATIAL_POST_MATRIX_COMPUTATION.BIN_HD_DATA._BIN_HD_DATA._COMPUTE_BINNED_OUTPUTS.SPATIAL_BINNED_RNA_ANALYZER.RUN_UMAP.fork_square_008um chunks_running
2025-10-21 22:32:35 [runtime] (chunks_complete) ID.F08544.SPATIAL_RNA_COUNTER_CS.SPATIAL_RNA_COUNTER.SPATIAL_POST_MATRIX_COMPUTATION.BIN_HD_DATA._BIN_HD_DATA._COMPUTE_BINNED_OUTPUTS.SPATIAL_BINNED_RNA_ANALYZER.RUN_UMAP.fork_square_008um
2025-10-21 22:32:35 [runtime] (run:local)       ID.F08544.SPATIAL_RNA_COUNTER_CS.SPATIAL_RNA_COUNTER.SPATIAL_POST_MATRIX_COMPUTATION.BIN_HD_DATA._BIN_HD_DATA._COMPUTE_BINNED_OUTPUTS.SPATIAL_BINNED_RNA_ANALYZER.RUN_UMAP.fork_square_008um.join
2025-10-21 22:32:39 [runtime] (update)          ID.F08544.SPATIAL_RNA_COUNTER_CS.SPATIAL_RNA_COUNTER.SPATIAL_POST_MATRIX_COMPUTATION.BIN_HD_DATA._BIN_HD_DATA._COMPUTE_BINNED_OUTPUTS.SPATIAL_BINNED_RNA_ANALYZER.RUN_UMAP.fork_square_016um chunks_running
2025-10-21 22:38:37 [runtime] (update)          ID.F08544.SPATIAL_RNA_COUNTER_CS.SPATIAL_RNA_COUNTER.SPATIAL_POST_MATRIX_COMPUTATION.BIN_HD_DATA._BIN_HD_DATA._COMPUTE_BINNED_OUTPUTS.SPATIAL_BINNED_RNA_ANALYZER.RUN_UMAP.fork_square_016um chunks_running
2025-10-21 22:39:20 [runtime] (chunks_complete) ID.F08544.SPATIAL_RNA_COUNTER_CS.SPATIAL_RNA_COUNTER.SPATIAL_POST_MATRIX_COMPUTATION.BIN_HD_DATA._BIN_HD_DATA._COMPUTE_BINNED_OUTPUTS.SPATIAL_BINNED_RNA_ANALYZER.RUN_UMAP.fork_square_016um
2025-10-21 22:39:20 [runtime] (run:local)       ID.F08544.SPATIAL_RNA_COUNTER_CS.SPATIAL_RNA_COUNTER.SPATIAL_POST_MATRIX_COMPUTATION.BIN_HD_DATA._BIN_HD_DATA._COMPUTE_BINNED_OUTPUTS.SPATIAL_BINNED_RNA_ANALYZER.RUN_UMAP.fork_square_016um.join
2025-10-21 22:39:23 [runtime] (update)          ID.F08544.SPATIAL_RNA_COUNTER_CS.SPATIAL_RNA_COUNTER.SPATIAL_POST_MATRIX_COMPUTATION.BIN_HD_DATA._BIN_HD_DATA._COMPUTE_BINNED_OUTPUTS.SPATIAL_BINNED_RNA_ANALYZER.RUN_GRAPH_CLUSTERING.fork_square_016um chunks_running
2025-10-21 22:39:23 [runtime] (update)          ID.F08544.SPATIAL_RNA_COUNTER_CS.SPATIAL_RNA_COUNTER.SPATIAL_POST_MATRIX_COMPUTATION.BIN_HD_DATA._BIN_HD_DATA._COMPUTE_BINNED_OUTPUTS.SPATIAL_BINNED_RNA_ANALYZER.RUN_GRAPH_CLUSTERING.fork_square_008um chunks_running
2025-10-21 22:42:53 [runtime] (chunks_complete) ID.F08544.SPATIAL_RNA_COUNTER_CS.SPATIAL_RNA_COUNTER.SPATIAL_POST_MATRIX_COMPUTATION.BIN_HD_DATA._BIN_HD_DATA._COMPUTE_BINNED_OUTPUTS.SPATIAL_BINNED_RNA_ANALYZER.RUN_GRAPH_CLUSTERING.fork_square_016um
2025-10-21 22:42:53 [runtime] (run:local)       ID.F08544.SPATIAL_RNA_COUNTER_CS.SPATIAL_RNA_COUNTER.SPATIAL_POST_MATRIX_COMPUTATION.BIN_HD_DATA._BIN_HD_DATA._COMPUTE_BINNED_OUTPUTS.SPATIAL_BINNED_RNA_ANALYZER.RUN_GRAPH_CLUSTERING.fork_square_016um.join
2025-10-21 22:42:53 [runtime] (update)          ID.F08544.SPATIAL_RNA_COUNTER_CS.SPATIAL_RNA_COUNTER.SPATIAL_POST_MATRIX_COMPUTATION.BIN_HD_DATA._BIN_HD_DATA._COMPUTE_BINNED_OUTPUTS.SPATIAL_BINNED_RNA_ANALYZER.RUN_KMEANS.fork_square_016um chunks running (0/9 completed)
2025-10-21 22:42:53 [runtime] (update)          ID.F08544.SPATIAL_RNA_COUNTER_CS.SPATIAL_RNA_COUNTER.SPATIAL_POST_MATRIX_COMPUTATION._TARGETED_ANALYZER.CALCULATE_TARGETED_METRICS.fork0 join_running
2025-10-21 22:42:53 [runtime] (chunks_complete) ID.F08544.SPATIAL_RNA_COUNTER_CS.SPATIAL_RNA_COUNTER.SPATIAL_POST_MATRIX_COMPUTATION.BIN_HD_DATA._BIN_HD_DATA.MERGE_BIN_METRICS
2025-10-21 22:43:07 [runtime] (update)          ID.F08544.SPATIAL_RNA_COUNTER_CS.SPATIAL_RNA_COUNTER.SPATIAL_POST_MATRIX_COMPUTATION.BIN_HD_DATA._BIN_HD_DATA._COMPUTE_BINNED_OUTPUTS.SPATIAL_BINNED_RNA_ANALYZER.RUN_KMEANS.fork_square_008um chunks running (0/9 completed)
2025-10-21 22:43:07 [runtime] (chunks_complete) ID.F08544.SPATIAL_RNA_COUNTER_CS.SPATIAL_RNA_COUNTER.SPATIAL_POST_MATRIX_COMPUTATION.BIN_HD_DATA._BIN_HD_DATA._COMPUTE_BINNED_OUTPUTS.SPATIAL_BINNED_RNA_ANALYZER.RUN_KMEANS.fork_square_016um
2025-10-21 22:43:07 [runtime] (run:local)       ID.F08544.SPATIAL_RNA_COUNTER_CS.SPATIAL_RNA_COUNTER.SPATIAL_POST_MATRIX_COMPUTATION.BIN_HD_DATA._BIN_HD_DATA._COMPUTE_BINNED_OUTPUTS.SPATIAL_BINNED_RNA_ANALYZER.RUN_KMEANS.fork_square_016um.join
2025-10-21 22:43:35 [runtime] (join_complete)   ID.F08544.SPATIAL_RNA_COUNTER_CS.SPATIAL_RNA_COUNTER.SPATIAL_POST_MATRIX_COMPUTATION.BIN_HD_DATA._BIN_HD_DATA._COMPUTE_BINNED_OUTPUTS.SPATIAL_BINNED_RNA_ANALYZER.RUN_UMAP.fork_square_008um
2025-10-21 22:43:36 [runtime] (complete)        ID.F08544.SPATIAL_RNA_COUNTER_CS.SPATIAL_RNA_COUNTER.SPATIAL_POST_MATRIX_COMPUTATION.BIN_HD_DATA._BIN_HD_DATA._COMPUTE_BINNED_OUTPUTS.SPATIAL_BINNED_RNA_ANALYZER.RUN_UMAP.fork_square_008um
2025-10-21 22:43:36 [runtime] (join_complete)   ID.F08544.SPATIAL_RNA_COUNTER_CS.SPATIAL_RNA_COUNTER.SPATIAL_POST_MATRIX_COMPUTATION.BIN_HD_DATA._BIN_HD_DATA._COMPUTE_BINNED_OUTPUTS.SPATIAL_BINNED_RNA_ANALYZER.RUN_GRAPH_CLUSTERING.fork_square_016um
2025-10-21 22:43:36 [runtime] (complete)        ID.F08544.SPATIAL_RNA_COUNTER_CS.SPATIAL_RNA_COUNTER.SPATIAL_POST_MATRIX_COMPUTATION.BIN_HD_DATA._BIN_HD_DATA._COMPUTE_BINNED_OUTPUTS.SPATIAL_BINNED_RNA_ANALYZER.RUN_UMAP.fork_square_008um
2025-10-21 22:43:36 [runtime] (join_complete)   ID.F08544.SPATIAL_RNA_COUNTER_CS.SPATIAL_RNA_COUNTER.SPATIAL_POST_MATRIX_COMPUTATION.BIN_HD_DATA._BIN_HD_DATA._COMPUTE_BINNED_OUTPUTS.SPATIAL_BINNED_RNA_ANALYZER.RUN_UMAP.fork_square_016um
2025-10-21 22:43:36 [runtime] (complete)        ID.F08544.SPATIAL_RNA_COUNTER_CS.SPATIAL_RNA_COUNTER.SPATIAL_POST_MATRIX_COMPUTATION.BIN_HD_DATA._BIN_HD_DATA._COMPUTE_BINNED_OUTPUTS.SPATIAL_BINNED_RNA_ANALYZER.RUN_GRAPH_CLUSTERING.fork_square_016um
2025-10-21 22:43:37 [runtime] (chunks_complete) ID.F08544.SPATIAL_RNA_COUNTER_CS.SPATIAL_RNA_COUNTER.SPATIAL_POST_MATRIX_COMPUTATION.BIN_HD_DATA._BIN_HD_DATA._COMPUTE_BINNED_OUTPUTS.SPATIAL_BINNED_RNA_ANALYZER.RUN_KMEANS.fork_square_008um
2025-10-21 22:43:37 [runtime] (run:local)       ID.F08544.SPATIAL_RNA_COUNTER_CS.SPATIAL_RNA_COUNTER.SPATIAL_POST_MATRIX_COMPUTATION.BIN_HD_DATA._BIN_HD_DATA._COMPUTE_BINNED_OUTPUTS.SPATIAL_BINNED_RNA_ANALYZER.RUN_KMEANS.fork_square_008um.join
2025-10-21 22:43:37 [runtime] (complete)        ID.F08544.SPATIAL_RNA_COUNTER_CS.SPATIAL_RNA_COUNTER.SPATIAL_POST_MATRIX_COMPUTATION.BIN_HD_DATA._BIN_HD_DATA._COMPUTE_BINNED_OUTPUTS.SPATIAL_BINNED_RNA_ANALYZER.RUN_GRAPH_CLUSTERING.fork_square_016um
2025-10-21 22:43:39 [runtime] (join_complete)   ID.F08544.SPATIAL_RNA_COUNTER_CS.SPATIAL_RNA_COUNTER.SPATIAL_POST_MATRIX_COMPUTATION.BIN_HD_DATA._BIN_HD_DATA._COMPUTE_BINNED_OUTPUTS.SPATIAL_BINNED_RNA_ANALYZER.RUN_KMEANS.fork_square_016um
2025-10-21 22:43:39 [runtime] (complete)        ID.F08544.SPATIAL_RNA_COUNTER_CS.SPATIAL_RNA_COUNTER.SPATIAL_POST_MATRIX_COMPUTATION.BIN_HD_DATA._BIN_HD_DATA._COMPUTE_BINNED_OUTPUTS.SPATIAL_BINNED_RNA_ANALYZER.RUN_GRAPH_CLUSTERING.fork_square_016um
2025-10-21 22:43:40 [runtime] (join_complete)   ID.F08544.SPATIAL_RNA_COUNTER_CS.SPATIAL_RNA_COUNTER.SPATIAL_POST_MATRIX_COMPUTATION.BIN_HD_DATA._BIN_HD_DATA._COMPUTE_BINNED_OUTPUTS.SPATIAL_BINNED_RNA_ANALYZER.RUN_KMEANS.fork_square_008um
2025-10-21 22:43:40 [runtime] (complete)        ID.F08544.SPATIAL_RNA_COUNTER_CS.SPATIAL_RNA_COUNTER.SPATIAL_POST_MATRIX_COMPUTATION.BIN_HD_DATA._BIN_HD_DATA._COMPUTE_BINNED_OUTPUTS.SPATIAL_BINNED_RNA_ANALYZER.RUN_KMEANS.fork_square_016um
2025-10-21 22:43:40 [runtime] (complete)        ID.F08544.SPATIAL_RNA_COUNTER_CS.SPATIAL_RNA_COUNTER.SPATIAL_POST_MATRIX_COMPUTATION.BIN_HD_DATA._BIN_HD_DATA._COMPUTE_BINNED_OUTPUTS.SPATIAL_BINNED_RNA_ANALYZER.RUN_GRAPH_CLUSTERING.fork_square_016um
2025-10-21 22:43:40 [runtime] (complete)        ID.F08544.SPATIAL_RNA_COUNTER_CS.SPATIAL_RNA_COUNTER.SPATIAL_POST_MATRIX_COMPUTATION.BIN_HD_DATA._BIN_HD_DATA._COMPUTE_BINNED_OUTPUTS.SPATIAL_BINNED_RNA_ANALYZER.RUN_GRAPH_CLUSTERING.fork_square_016um
2025-10-21 22:43:43 [runtime] (complete)        ID.F08544.SPATIAL_RNA_COUNTER_CS.SPATIAL_RNA_COUNTER.SPATIAL_POST_MATRIX_COMPUTATION.BIN_HD_DATA._BIN_HD_DATA._COMPUTE_BINNED_OUTPUTS.SPATIAL_BINNED_RNA_ANALYZER.RUN_GRAPH_CLUSTERING.fork_square_016um
2025-10-21 22:43:46 [runtime] (complete)        ID.F08544.SPATIAL_RNA_COUNTER_CS.SPATIAL_RNA_COUNTER.SPATIAL_POST_MATRIX_COMPUTATION.BIN_HD_DATA._BIN_HD_DATA._COMPUTE_BINNED_OUTPUTS.SPATIAL_BINNED_RNA_ANALYZER.RUN_GRAPH_CLUSTERING.fork_square_016um
2025-10-21 22:43:49 [runtime] (complete)        ID.F08544.SPATIAL_RNA_COUNTER_CS.SPATIAL_RNA_COUNTER.SPATIAL_POST_MATRIX_COMPUTATION.BIN_HD_DATA._BIN_HD_DATA._COMPUTE_BINNED_OUTPUTS.SPATIAL_BINNED_RNA_ANALYZER.RUN_GRAPH_CLUSTERING.fork_square_016um
2025-10-21 22:43:52 [runtime] (complete)        ID.F08544.SPATIAL_RNA_COUNTER_CS.SPATIAL_RNA_COUNTER.SPATIAL_POST_MATRIX_COMPUTATION.BIN_HD_DATA._BIN_HD_DATA._COMPUTE_BINNED_OUTPUTS.SPATIAL_BINNED_RNA_ANALYZER.RUN_GRAPH_CLUSTERING.fork_square_016um
2025-10-21 22:43:55 [runtime] (complete)        ID.F08544.SPATIAL_RNA_COUNTER_CS.SPATIAL_RNA_COUNTER.SPATIAL_POST_MATRIX_COMPUTATION.BIN_HD_DATA._BIN_HD_DATA._COMPUTE_BINNED_OUTPUTS.SPATIAL_BINNED_RNA_ANALYZER.RUN_GRAPH_CLUSTERING.fork_square_016um
2025-10-21 22:43:58 [runtime] (complete)        ID.F08544.SPATIAL_RNA_COUNTER_CS.SPATIAL_RNA_COUNTER.SPATIAL_POST_MATRIX_COMPUTATION.BIN_HD_DATA._BIN_HD_DATA._COMPUTE_BINNED_OUTPUTS.SPATIAL_BINNED_RNA_ANALYZER.RUN_GRAPH_CLUSTERING.fork_square_016um
2025-10-21 22:44:01 [runtime] (complete)        ID.F08544.SPATIAL_RNA_COUNTER_CS.SPATIAL_RNA_COUNTER.SPATIAL_POST_MATRIX_COMPUTATION.BIN_HD_DATA._BIN_HD_DATA._COMPUTE_BINNED_OUTPUTS.SPATIAL_BINNED_RNA_ANALYZER.RUN_GRAPH_CLUSTERING.fork_square_016um
2025-10-21 22:44:04 [runtime] (complete)        ID.F08544.SPATIAL_RNA_COUNTER_CS.SPATIAL_RNA_COUNTER.SPATIAL_POST_MATRIX_COMPUTATION.BIN_HD_DATA._BIN_HD_DATA._COMPUTE_BINNED_OUTPUTS.SPATIAL_BINNED_RNA_ANALYZER.RUN_GRAPH_CLUSTERING.fork_square_016um
2025-10-21 22:44:07 [runtime] (complete)        ID.F08544.SPATIAL_RNA_COUNTER_CS.SPATIAL_RNA_COUNTER.SPATIAL_POST_MATRIX_COMPUTATION.BIN_HD_DATA._BIN_HD_DATA._COMPUTE_BINNED_OUTPUTS.SPATIAL_BINNED_RNA_ANALYZER.RUN_GRAPH_CLUSTERING.fork_square_016um
2025-10-21 22:44:10 [runtime] (complete)        ID.F08544.SPATIAL_RNA_COUNTER_CS.SPATIAL_RNA_COUNTER.SPATIAL_POST_MATRIX_COMPUTATION.BIN_HD_DATA._BIN_HD_DATA._COMPUTE_BINNED_OUTPUTS.SPATIAL_BINNED_RNA_ANALYZER.RUN_GRAPH_CLUSTERING.fork_square_016um
2025-10-21 22:44:13 [runtime] (complete)        ID.F08544.SPATIAL_RNA_COUNTER_CS.SPATIAL_RNA_COUNTER.SPATIAL_POST_MATRIX_COMPUTATION.BIN_HD_DATA._BIN_HD_DATA._COMPUTE_BINNED_OUTPUTS.SPATIAL_BINNED_RNA_ANALYZER.RUN_GRAPH_CLUSTERING.fork_square_016um
2025-10-21 22:44:16 [runtime] (complete)        ID.F08544.SPATIAL_RNA_COUNTER_CS.SPATIAL_RNA_COUNTER.SPATIAL_POST_MATRIX_COMPUTATION.BIN_HD_DATA._BIN_HD_DATA._COMPUTE_BINNED_OUTPUTS.SPATIAL_BINNED_RNA_ANALYZER.RUN_GRAPH_CLUSTERING.fork_square_016um
2025-10-21 22:44:19 [runtime] (complete)        ID.F08544.SPATIAL_RNA_COUNTER_CS.SPATIAL_RNA_COUNTER.SPATIAL_POST_MATRIX_COMPUTATION.BIN_HD_DATA._BIN_HD_DATA._COMPUTE_BINNED_OUTPUTS.SPATIAL_BINNED_RNA_ANALYZER.RUN_GRAPH_CLUSTERING.fork_square_016um
2025-10-21 22:44:22 [runtime] (complete)        ID.F08544.SPATIAL_RNA_COUNTER_CS.SPATIAL_RNA_COUNTER.SPATIAL_POST_MATRIX_COMPUTATION.BIN_HD_DATA._BIN_HD_DATA._COMPUTE_BINNED_OUTPUTS.SPATIAL_BINNED_RNA_ANALYZER.RUN_GRAPH_CLUSTERING.fork_square_016um
2025-10-21 22:44:25 [runtime] (complete)        ID.F08544.SPATIAL_RNA_COUNTER_CS.SPATIAL_RNA_COUNTER.SPATIAL_POST_MATRIX_COMPUTATION.BIN_HD_DATA._BIN_HD_DATA._COMPUTE_BINNED_OUTPUTS.SPATIAL_BINNED_RNA_ANALYZER.RUN_GRAPH_CLUSTERING.fork_square_016um
2025-10-21 22:44:28 [runtime] (complete)        ID.F08544.SPATIAL_RNA_COUNTER_CS.SPATIAL_RNA_COUNTER.SPATIAL_POST_MATRIX_COMPUTATION.BIN_HD_DATA._BIN_HD_DATA._COMPUTE_BINNED_OUTPUTS.SPATIAL_BINNED_RNA_ANALYZER.RUN_GRAPH_CLUSTERING.fork_square_016um
2025-10-21 22:44:31 [runtime] (complete)        ID.F08544.SPATIAL_RNA_COUNTER_CS.SPATIAL_RNA_COUNTER.SPATIAL_POST_MATRIX_COMPUTATION.BIN_HD_DATA._BIN_HD_DATA._COMPUTE_BINNED_OUTPUTS.SPATIAL_BINNED_RNA_ANALYZER.RUN_GRAPH_CLUSTERING.fork_square_016um
2025-10-21 22:44:34 [runtime] (complete)        ID.F08544.SPATIAL_RNA_COUNTER_CS.SPATIAL_RNA_COUNTER.SPATIAL_POST_MATRIX_COMPUTATION.BIN_HD_DATA._BIN_HD_DATA._COMPUTE_BINNED_OUTPUTS.SPATIAL_BINNED_RNA_ANALYZER.RUN_GRAPH_CLUSTERING.fork_square_016um
2025-10-21 22:44:37 [runtime] (complete)        ID.F08544.SPATIAL_RNA_COUNTER_CS.SPATIAL_RNA_COUNTER.SPATIAL_POST_MATRIX_COMPUTATION.BIN_HD_DATA._BIN_HD_DATA._COMPUTE_BINNED_OUTPUTS.SPATIAL_BINNED_RNA_ANALYZER.RUN_GRAPH_CLUSTERING.fork_square_016um
2025-10-21 22:44:40 [runtime] (complete)        ID.F08544.SPATIAL_RNA_COUNTER_CS.SPATIAL_RNA_COUNTER.SPATIAL_POST_MATRIX_COMPUTATION.BIN_HD_DATA._BIN_HD_DATA._COMPUTE_BINNED_OUTPUTS.SPATIAL_BINNED_RNA_ANALYZER.RUN_GRAPH_CLUSTERING.fork_square_016um
2025-10-21 22:44:43 [runtime] (complete)        ID.F08544.SPATIAL_RNA_COUNTER_CS.SPATIAL_RNA_COUNTER.SPATIAL_POST_MATRIX_COMPUTATION.BIN_HD_DATA._BIN_HD_DATA._COMPUTE_BINNED_OUTPUTS.SPATIAL_BINNED_RNA_ANALYZER.RUN_GRAPH_CLUSTERING.fork_square_016um
2025-10-21 22:44:46 [runtime] (complete)        ID.F08544.SPATIAL_RNA_COUNTER_CS.SPATIAL_RNA_COUNTER.SPATIAL_POST_MATRIX_COMPUTATION.BIN_HD_DATA._BIN_HD_DATA._COMPUTE_BINNED_OUTPUTS.SPATIAL_BINNED_RNA_ANALYZER.RUN_GRAPH_CLUSTERING.fork_square_016um
2025-10-21 22:44:49 [runtime] (complete)        ID.F08544.SPATIAL_RNA_COUNTER_CS.SPATIAL_RNA_COUNTER.SPATIAL_POST_MATRIX_COMPUTATION.BIN_HD_DATA._BIN_HD_DATA._COMPUTE_BINNED_OUTPUTS.SPATIAL_BINNED_RNA_ANALYZER.RUN_GRAPH_CLUSTERING.fork_square_016um
2025-10-21 22:44:52 [runtime] (complete)        ID.F08544.SPATIAL_RNA_COUNTER_CS.SPATIAL_RNA_COUNTER.SPATIAL_POST_MATRIX_COMPUTATION.BIN_HD_DATA._BIN_HD_DATA._COMPUTE_BINNED_OUTPUTS.SPATIAL_BINNED_RNA_ANALYZER.RUN_GRAPH_CLUSTERING.fork_square_016um
2025-10-21 22:44:55 [runtime] (complete)        ID.F08544.SPATIAL_RNA_COUNTER_CS.SPATIAL_RNA_COUNTER.SPATIAL_POST_MATRIX_COMPUTATION.BIN_HD_DATA._BIN_HD_DATA._COMPUTE_BINNED_OUTPUTS.SPATIAL_BINNED_RNA_ANALYZER.RUN_GRAPH_CLUSTERING.fork_square_016um
2025-10-21 22:44:58 [runtime] (complete)        ID.F08544.SPATIAL_RNA_COUNTER_CS.SPATIAL_RNA_COUNTER.SPATIAL_POST_MATRIX_COMPUTATION.BIN_HD_DATA._BIN_HD_DATA._COMPUTE_BINNED_OUTPUTS.SPATIAL_BINNED_RNA_ANALYZER.RUN_GRAPH_CLUSTERING.fork_square_016um
2025-10-21 22:45:01 [runtime] (complete)        ID.F08544.SPATIAL_RNA_COUNTER_CS.SPATIAL_RNA_COUNTER.SPATIAL_POST_MATRIX_COMPUTATION.BIN_HD_DATA._BIN_HD_DATA._COMPUTE_BINNED_OUTPUTS.SPATIAL_BINNED_RNA_ANALYZER.RUN_GRAPH_CLUSTERING.fork_square_016um
2025-10-21 22:45:04 [runtime] (complete)        ID.F08544.SPATIAL_RNA_COUNTER_CS.SPATIAL_RNA_COUNTER.SPATIAL_POST_MATRIX_COMPUTATION.BIN_HD_DATA._BIN_HD_DATA._COMPUTE_BINNED_OUTPUTS.SPATIAL_BINNED_RNA_ANALYZER.RUN_GRAPH_CLUSTERING.fork_square_016um
2025-10-21 22:45:07 [runtime] (complete)        ID.F08544.SPATIAL_RNA_COUNTER_CS.SPATIAL_RNA_COUNTER.SPATIAL_POST_MATRIX_COMPUTATION.BIN_HD_DATA._BIN_HD_DATA._COMPUTE_BINNED_OUTPUTS.SPATIAL_BINNED_RNA_ANALYZER.RUN_GRAPH_CLUSTERING.fork_square_016um
2025-10-21 22:45:10 [runtime] (complete)        ID.F08544.SPATIAL_RNA_COUNTER_CS.SPATIAL_RNA_COUNTER.SPATIAL_POST_MATRIX_COMPUTATION.BIN_HD_DATA._BIN_HD_DATA._COMPUTE_BINNED_OUTPUTS.SPATIAL_BINNED_RNA_ANALYZER.RUN_GRAPH_CLUSTERING.fork_square_016um
2025-10-21 22:45:13 [runtime] (complete)        ID.F08544.SPATIAL_RNA_COUNTER_CS.SPATIAL_RNA_COUNTER.SPATIAL_POST_MATRIX_COMPUTATION.BIN_HD_DATA._BIN_HD_DATA._COMPUTE_BINNED_OUTPUTS.SPATIAL_BINNED_RNA_ANALYZER.RUN_GRAPH_CLUSTERING.fork_square_016um
2025-10-21 22:45:16 [runtime] (complete)        ID.F08544.SPATIAL_RNA_COUNTER_CS.SPATIAL_RNA_COUNTER.SPATIAL_POST_MATRIX_COMPUTATION.BIN_HD_DATA._BIN_HD_DATA._COMPUTE_BINNED_OUTPUTS.SPATIAL_BINNED_RNA_ANALYZER.RUN_GRAPH_CLUSTERING.fork_square_016um
2025-10-21 22:45:19 [runtime] (complete)        ID.F08544.SPATIAL_RNA_COUNTER_CS.SPATIAL_RNA_COUNTER.SPATIAL_POST_MATRIX_COMPUTATION.BIN_HD_DATA._BIN_HD_DATA._COMPUTE_BINNED_OUTPUTS.SPATIAL_BINNED_RNA_ANALYZER.RUN_GRAPH_CLUSTERING.fork_square_016um
2025-10-21 22:45:22 [runtime] (update)          ID.F08544.SPATIAL_RNA_COUNTER_CS.SPATIAL_RNA_COUNTER.SPATIAL_POST_MATRIX_COMPUTATION.BIN_HD_DATA._BIN_HD_DATA._COMPUTE_BINNED_OUTPUTS.SPATIAL_BINNED_RNA_ANALYZER.RUN_GRAPH_CLUSTERING.fork_square_008um chunks_running
2025-10-21 22:45:22 [runtime] (complete)        ID.F08544.SPATIAL_RNA_COUNTER_CS.SPATIAL_RNA_COUNTER.SPATIAL_POST_MATRIX_COMPUTATION.BIN_HD_DATA._BIN_HD_DATA._COMPUTE_BINNED_OUTPUTS.SPATIAL_BINNED_RNA_ANALYZER.RUN_GRAPH_CLUSTERING.fork_square_016um
2025-10-21 22:45:25 [runtime] (complete)        ID.F08544.SPATIAL_RNA_COUNTER_CS.SPATIAL_RNA_COUNTER.SPATIAL_POST_MATRIX_COMPUTATION.BIN_HD_DATA._BIN_HD_DATA._COMPUTE_BINNED_OUTPUTS.SPATIAL_BINNED_RNA_ANALYZER.RUN_GRAPH_CLUSTERING.fork_square_016um
2025-10-21 22:45:28 [runtime] (complete)        ID.F08544.SPATIAL_RNA_COUNTER_CS.SPATIAL_RNA_COUNTER.SPATIAL_POST_MATRIX_COMPUTATION.BIN_HD_DATA._BIN_HD_DATA._COMPUTE_BINNED_OUTPUTS.SPATIAL_BINNED_RNA_ANALYZER.RUN_GRAPH_CLUSTERING.fork_square_016um
2025-10-21 22:45:31 [runtime] (complete)        ID.F08544.SPATIAL_RNA_COUNTER_CS.SPATIAL_RNA_COUNTER.SPATIAL_POST_MATRIX_COMPUTATION.BIN_HD_DATA._BIN_HD_DATA._COMPUTE_BINNED_OUTPUTS.SPATIAL_BINNED_RNA_ANALYZER.RUN_GRAPH_CLUSTERING.fork_square_016um
2025-10-21 22:45:34 [runtime] (complete)        ID.F08544.SPATIAL_RNA_COUNTER_CS.SPATIAL_RNA_COUNTER.SPATIAL_POST_MATRIX_COMPUTATION.BIN_HD_DATA._BIN_HD_DATA._COMPUTE_BINNED_OUTPUTS.SPATIAL_BINNED_RNA_ANALYZER.RUN_GRAPH_CLUSTERING.fork_square_016um
2025-10-21 22:45:37 [runtime] (complete)        ID.F08544.SPATIAL_RNA_COUNTER_CS.SPATIAL_RNA_COUNTER.SPATIAL_POST_MATRIX_COMPUTATION.BIN_HD_DATA._BIN_HD_DATA._COMPUTE_BINNED_OUTPUTS.SPATIAL_BINNED_RNA_ANALYZER.RUN_GRAPH_CLUSTERING.fork_square_016um
2025-10-21 22:45:41 [runtime] (complete)        ID.F08544.SPATIAL_RNA_COUNTER_CS.SPATIAL_RNA_COUNTER.SPATIAL_POST_MATRIX_COMPUTATION.BIN_HD_DATA._BIN_HD_DATA._COMPUTE_BINNED_OUTPUTS.SPATIAL_BINNED_RNA_ANALYZER.RUN_GRAPH_CLUSTERING.fork_square_016um
2025-10-21 22:45:44 [runtime] (complete)        ID.F08544.SPATIAL_RNA_COUNTER_CS.SPATIAL_RNA_COUNTER.SPATIAL_POST_MATRIX_COMPUTATION.BIN_HD_DATA._BIN_HD_DATA._COMPUTE_BINNED_OUTPUTS.SPATIAL_BINNED_RNA_ANALYZER.RUN_GRAPH_CLUSTERING.fork_square_016um
2025-10-21 22:45:47 [runtime] (complete)        ID.F08544.SPATIAL_RNA_COUNTER_CS.SPATIAL_RNA_COUNTER.SPATIAL_POST_MATRIX_COMPUTATION.BIN_HD_DATA._BIN_HD_DATA._COMPUTE_BINNED_OUTPUTS.SPATIAL_BINNED_RNA_ANALYZER.RUN_GRAPH_CLUSTERING.fork_square_016um
2025-10-21 22:45:50 [runtime] (complete)        ID.F08544.SPATIAL_RNA_COUNTER_CS.SPATIAL_RNA_COUNTER.SPATIAL_POST_MATRIX_COMPUTATION.BIN_HD_DATA._BIN_HD_DATA._COMPUTE_BINNED_OUTPUTS.SPATIAL_BINNED_RNA_ANALYZER.RUN_GRAPH_CLUSTERING.fork_square_016um
2025-10-21 22:45:53 [runtime] (complete)        ID.F08544.SPATIAL_RNA_COUNTER_CS.SPATIAL_RNA_COUNTER.SPATIAL_POST_MATRIX_COMPUTATION.BIN_HD_DATA._BIN_HD_DATA._COMPUTE_BINNED_OUTPUTS.SPATIAL_BINNED_RNA_ANALYZER.RUN_GRAPH_CLUSTERING.fork_square_016um
2025-10-21 22:45:56 [runtime] (complete)        ID.F08544.SPATIAL_RNA_COUNTER_CS.SPATIAL_RNA_COUNTER.SPATIAL_POST_MATRIX_COMPUTATION.BIN_HD_DATA._BIN_HD_DATA._COMPUTE_BINNED_OUTPUTS.SPATIAL_BINNED_RNA_ANALYZER.RUN_GRAPH_CLUSTERING.fork_square_016um
2025-10-21 22:45:59 [runtime] (complete)        ID.F08544.SPATIAL_RNA_COUNTER_CS.SPATIAL_RNA_COUNTER.SPATIAL_POST_MATRIX_COMPUTATION.BIN_HD_DATA._BIN_HD_DATA._COMPUTE_BINNED_OUTPUTS.SPATIAL_BINNED_RNA_ANALYZER.RUN_GRAPH_CLUSTERING.fork_square_016um
2025-10-21 22:46:02 [runtime] (complete)        ID.F08544.SPATIAL_RNA_COUNTER_CS.SPATIAL_RNA_COUNTER.SPATIAL_POST_MATRIX_COMPUTATION.BIN_HD_DATA._BIN_HD_DATA._COMPUTE_BINNED_OUTPUTS.SPATIAL_BINNED_RNA_ANALYZER.RUN_GRAPH_CLUSTERING.fork_square_016um
2025-10-21 22:46:05 [runtime] (complete)        ID.F08544.SPATIAL_RNA_COUNTER_CS.SPATIAL_RNA_COUNTER.SPATIAL_POST_MATRIX_COMPUTATION.BIN_HD_DATA._BIN_HD_DATA._COMPUTE_BINNED_OUTPUTS.SPATIAL_BINNED_RNA_ANALYZER.RUN_GRAPH_CLUSTERING.fork_square_016um
2025-10-21 22:46:08 [runtime] (complete)        ID.F08544.SPATIAL_RNA_COUNTER_CS.SPATIAL_RNA_COUNTER.SPATIAL_POST_MATRIX_COMPUTATION.BIN_HD_DATA._BIN_HD_DATA._COMPUTE_BINNED_OUTPUTS.SPATIAL_BINNED_RNA_ANALYZER.RUN_GRAPH_CLUSTERING.fork_square_016um
2025-10-21 22:46:11 [runtime] (complete)        ID.F08544.SPATIAL_RNA_COUNTER_CS.SPATIAL_RNA_COUNTER.SPATIAL_POST_MATRIX_COMPUTATION.BIN_HD_DATA._BIN_HD_DATA._COMPUTE_BINNED_OUTPUTS.SPATIAL_BINNED_RNA_ANALYZER.RUN_GRAPH_CLUSTERING.fork_square_016um
2025-10-21 22:46:14 [runtime] (complete)        ID.F08544.SPATIAL_RNA_COUNTER_CS.SPATIAL_RNA_COUNTER.SPATIAL_POST_MATRIX_COMPUTATION.BIN_HD_DATA._BIN_HD_DATA._COMPUTE_BINNED_OUTPUTS.SPATIAL_BINNED_RNA_ANALYZER.RUN_GRAPH_CLUSTERING.fork_square_016um
2025-10-21 22:46:17 [runtime] (complete)        ID.F08544.SPATIAL_RNA_COUNTER_CS.SPATIAL_RNA_COUNTER.SPATIAL_POST_MATRIX_COMPUTATION.BIN_HD_DATA._BIN_HD_DATA._COMPUTE_BINNED_OUTPUTS.SPATIAL_BINNED_RNA_ANALYZER.RUN_GRAPH_CLUSTERING.fork_square_016um
2025-10-21 22:46:20 [runtime] (complete)        ID.F08544.SPATIAL_RNA_COUNTER_CS.SPATIAL_RNA_COUNTER.SPATIAL_POST_MATRIX_COMPUTATION.BIN_HD_DATA._BIN_HD_DATA._COMPUTE_BINNED_OUTPUTS.SPATIAL_BINNED_RNA_ANALYZER.RUN_GRAPH_CLUSTERING.fork_square_016um
2025-10-21 22:46:20 [runtime] (complete)        ID.F08544.SPATIAL_RNA_COUNTER_CS.SPATIAL_RNA_COUNTER.SPATIAL_POST_MATRIX_COMPUTATION.BIN_HD_DATA._BIN_HD_DATA._COMPUTE_BINNED_OUTPUTS.SPATIAL_BINNED_RNA_ANALYZER.RUN_GRAPH_CLUSTERING.fork_square_016um
2025-10-21 22:46:20 [runtime] (join_complete)   ID.F08544.SPATIAL_RNA_COUNTER_CS.SPATIAL_RNA_COUNTER.SPATIAL_POST_MATRIX_COMPUTATION._TARGETED_ANALYZER.CALCULATE_TARGETED_METRICS
2025-10-21 22:46:20 [runtime] (complete)        ID.F08544.SPATIAL_RNA_COUNTER_CS.SPATIAL_RNA_COUNTER.SPATIAL_POST_MATRIX_COMPUTATION.BIN_HD_DATA._BIN_HD_DATA._COMPUTE_BINNED_OUTPUTS.SPATIAL_BINNED_RNA_ANALYZER.RUN_GRAPH_CLUSTERING.fork_square_016um
2025-10-21 22:46:20 [runtime] (complete)        ID.F08544.SPATIAL_RNA_COUNTER_CS.SPATIAL_RNA_COUNTER.SPATIAL_POST_MATRIX_COMPUTATION.BIN_HD_DATA._BIN_HD_DATA._COMPUTE_BINNED_OUTPUTS.SPATIAL_BINNED_RNA_ANALYZER.RUN_GRAPH_CLUSTERING.fork_square_016um
2025-10-21 22:46:20 [runtime] (ready)           ID.F08544.SPATIAL_RNA_COUNTER_CS.SPATIAL_RNA_COUNTER.SPATIAL_POST_MATRIX_COMPUTATION._TARGETED_ANALYZER.MERGE_METRICS
2025-10-21 22:46:20 [runtime] (run:local)       ID.F08544.SPATIAL_RNA_COUNTER_CS.SPATIAL_RNA_COUNTER.SPATIAL_POST_MATRIX_COMPUTATION._TARGETED_ANALYZER.MERGE_METRICS.fork0.chnk0.main
2025-10-21 22:46:20 [runtime] (complete)        ID.F08544.SPATIAL_RNA_COUNTER_CS.SPATIAL_RNA_COUNTER.SPATIAL_POST_MATRIX_COMPUTATION.BIN_HD_DATA._BIN_HD_DATA._COMPUTE_BINNED_OUTPUTS.SPATIAL_BINNED_RNA_ANALYZER.RUN_GRAPH_CLUSTERING.fork_square_016um
2025-10-21 22:46:20 [runtime] (chunks_complete) ID.F08544.SPATIAL_RNA_COUNTER_CS.SPATIAL_RNA_COUNTER.SPATIAL_POST_MATRIX_COMPUTATION._TARGETED_ANALYZER.MERGE_METRICS
2025-10-21 22:46:21 [runtime] (complete)        ID.F08544.SPATIAL_RNA_COUNTER_CS.SPATIAL_RNA_COUNTER.SPATIAL_POST_MATRIX_COMPUTATION.BIN_HD_DATA._BIN_HD_DATA._COMPUTE_BINNED_OUTPUTS.SPATIAL_BINNED_RNA_ANALYZER.RUN_GRAPH_CLUSTERING.fork_square_016um
2025-10-21 22:46:21 [runtime] (complete)        ID.F08544.SPATIAL_RNA_COUNTER_CS.SPATIAL_RNA_COUNTER.SPATIAL_POST_MATRIX_COMPUTATION.BIN_HD_DATA._BIN_HD_DATA._COMPUTE_BINNED_OUTPUTS.SPATIAL_BINNED_RNA_ANALYZER.RUN_GRAPH_CLUSTERING.fork_square_016um
2025-10-21 22:46:24 [runtime] (complete)        ID.F08544.SPATIAL_RNA_COUNTER_CS.SPATIAL_RNA_COUNTER.SPATIAL_POST_MATRIX_COMPUTATION.BIN_HD_DATA._BIN_HD_DATA._COMPUTE_BINNED_OUTPUTS.SPATIAL_BINNED_RNA_ANALYZER.RUN_GRAPH_CLUSTERING.fork_square_016um
2025-10-21 22:46:27 [runtime] (complete)        ID.F08544.SPATIAL_RNA_COUNTER_CS.SPATIAL_RNA_COUNTER.SPATIAL_POST_MATRIX_COMPUTATION.BIN_HD_DATA._BIN_HD_DATA._COMPUTE_BINNED_OUTPUTS.SPATIAL_BINNED_RNA_ANALYZER.RUN_GRAPH_CLUSTERING.fork_square_016um
2025-10-21 22:46:30 [runtime] (complete)        ID.F08544.SPATIAL_RNA_COUNTER_CS.SPATIAL_RNA_COUNTER.SPATIAL_POST_MATRIX_COMPUTATION.BIN_HD_DATA._BIN_HD_DATA._COMPUTE_BINNED_OUTPUTS.SPATIAL_BINNED_RNA_ANALYZER.RUN_GRAPH_CLUSTERING.fork_square_016um
2025-10-21 22:46:33 [runtime] (complete)        ID.F08544.SPATIAL_RNA_COUNTER_CS.SPATIAL_RNA_COUNTER.SPATIAL_POST_MATRIX_COMPUTATION.BIN_HD_DATA._BIN_HD_DATA._COMPUTE_BINNED_OUTPUTS.SPATIAL_BINNED_RNA_ANALYZER.RUN_GRAPH_CLUSTERING.fork_square_016um
2025-10-21 22:46:36 [runtime] (complete)        ID.F08544.SPATIAL_RNA_COUNTER_CS.SPATIAL_RNA_COUNTER.SPATIAL_POST_MATRIX_COMPUTATION.BIN_HD_DATA._BIN_HD_DATA._COMPUTE_BINNED_OUTPUTS.SPATIAL_BINNED_RNA_ANALYZER.RUN_GRAPH_CLUSTERING.fork_square_016um
2025-10-21 22:46:39 [runtime] (complete)        ID.F08544.SPATIAL_RNA_COUNTER_CS.SPATIAL_RNA_COUNTER.SPATIAL_POST_MATRIX_COMPUTATION.BIN_HD_DATA._BIN_HD_DATA._COMPUTE_BINNED_OUTPUTS.SPATIAL_BINNED_RNA_ANALYZER.RUN_GRAPH_CLUSTERING.fork_square_016um
2025-10-21 22:46:42 [runtime] (complete)        ID.F08544.SPATIAL_RNA_COUNTER_CS.SPATIAL_RNA_COUNTER.SPATIAL_POST_MATRIX_COMPUTATION.BIN_HD_DATA._BIN_HD_DATA._COMPUTE_BINNED_OUTPUTS.SPATIAL_BINNED_RNA_ANALYZER.RUN_GRAPH_CLUSTERING.fork_square_016um
2025-10-21 22:46:45 [runtime] (complete)        ID.F08544.SPATIAL_RNA_COUNTER_CS.SPATIAL_RNA_COUNTER.SPATIAL_POST_MATRIX_COMPUTATION.BIN_HD_DATA._BIN_HD_DATA._COMPUTE_BINNED_OUTPUTS.SPATIAL_BINNED_RNA_ANALYZER.RUN_GRAPH_CLUSTERING.fork_square_016um
2025-10-21 22:46:48 [runtime] (complete)        ID.F08544.SPATIAL_RNA_COUNTER_CS.SPATIAL_RNA_COUNTER.SPATIAL_POST_MATRIX_COMPUTATION.BIN_HD_DATA._BIN_HD_DATA._COMPUTE_BINNED_OUTPUTS.SPATIAL_BINNED_RNA_ANALYZER.RUN_GRAPH_CLUSTERING.fork_square_016um
2025-10-21 22:46:51 [runtime] (complete)        ID.F08544.SPATIAL_RNA_COUNTER_CS.SPATIAL_RNA_COUNTER.SPATIAL_POST_MATRIX_COMPUTATION.BIN_HD_DATA._BIN_HD_DATA._COMPUTE_BINNED_OUTPUTS.SPATIAL_BINNED_RNA_ANALYZER.RUN_GRAPH_CLUSTERING.fork_square_016um
2025-10-21 22:46:54 [runtime] (complete)        ID.F08544.SPATIAL_RNA_COUNTER_CS.SPATIAL_RNA_COUNTER.SPATIAL_POST_MATRIX_COMPUTATION.BIN_HD_DATA._BIN_HD_DATA._COMPUTE_BINNED_OUTPUTS.SPATIAL_BINNED_RNA_ANALYZER.RUN_GRAPH_CLUSTERING.fork_square_016um
2025-10-21 22:46:57 [runtime] (complete)        ID.F08544.SPATIAL_RNA_COUNTER_CS.SPATIAL_RNA_COUNTER.SPATIAL_POST_MATRIX_COMPUTATION.BIN_HD_DATA._BIN_HD_DATA._COMPUTE_BINNED_OUTPUTS.SPATIAL_BINNED_RNA_ANALYZER.RUN_GRAPH_CLUSTERING.fork_square_016um
2025-10-21 22:47:00 [runtime] (complete)        ID.F08544.SPATIAL_RNA_COUNTER_CS.SPATIAL_RNA_COUNTER.SPATIAL_POST_MATRIX_COMPUTATION.BIN_HD_DATA._BIN_HD_DATA._COMPUTE_BINNED_OUTPUTS.SPATIAL_BINNED_RNA_ANALYZER.RUN_GRAPH_CLUSTERING.fork_square_016um
2025-10-21 22:47:03 [runtime] (complete)        ID.F08544.SPATIAL_RNA_COUNTER_CS.SPATIAL_RNA_COUNTER.SPATIAL_POST_MATRIX_COMPUTATION.BIN_HD_DATA._BIN_HD_DATA._COMPUTE_BINNED_OUTPUTS.SPATIAL_BINNED_RNA_ANALYZER.RUN_GRAPH_CLUSTERING.fork_square_016um
2025-10-21 22:47:06 [runtime] (complete)        ID.F08544.SPATIAL_RNA_COUNTER_CS.SPATIAL_RNA_COUNTER.SPATIAL_POST_MATRIX_COMPUTATION.BIN_HD_DATA._BIN_HD_DATA._COMPUTE_BINNED_OUTPUTS.SPATIAL_BINNED_RNA_ANALYZER.RUN_GRAPH_CLUSTERING.fork_square_016um
2025-10-21 22:47:09 [runtime] (complete)        ID.F08544.SPATIAL_RNA_COUNTER_CS.SPATIAL_RNA_COUNTER.SPATIAL_POST_MATRIX_COMPUTATION.BIN_HD_DATA._BIN_HD_DATA._COMPUTE_BINNED_OUTPUTS.SPATIAL_BINNED_RNA_ANALYZER.RUN_GRAPH_CLUSTERING.fork_square_016um
2025-10-21 22:47:12 [runtime] (complete)        ID.F08544.SPATIAL_RNA_COUNTER_CS.SPATIAL_RNA_COUNTER.SPATIAL_POST_MATRIX_COMPUTATION.BIN_HD_DATA._BIN_HD_DATA._COMPUTE_BINNED_OUTPUTS.SPATIAL_BINNED_RNA_ANALYZER.RUN_GRAPH_CLUSTERING.fork_square_016um
2025-10-21 22:47:15 [runtime] (complete)        ID.F08544.SPATIAL_RNA_COUNTER_CS.SPATIAL_RNA_COUNTER.SPATIAL_POST_MATRIX_COMPUTATION.BIN_HD_DATA._BIN_HD_DATA._COMPUTE_BINNED_OUTPUTS.SPATIAL_BINNED_RNA_ANALYZER.RUN_GRAPH_CLUSTERING.fork_square_016um
2025-10-21 22:47:18 [runtime] (complete)        ID.F08544.SPATIAL_RNA_COUNTER_CS.SPATIAL_RNA_COUNTER.SPATIAL_POST_MATRIX_COMPUTATION.BIN_HD_DATA._BIN_HD_DATA._COMPUTE_BINNED_OUTPUTS.SPATIAL_BINNED_RNA_ANALYZER.RUN_GRAPH_CLUSTERING.fork_square_016um
2025-10-21 22:47:21 [runtime] (complete)        ID.F08544.SPATIAL_RNA_COUNTER_CS.SPATIAL_RNA_COUNTER.SPATIAL_POST_MATRIX_COMPUTATION.BIN_HD_DATA._BIN_HD_DATA._COMPUTE_BINNED_OUTPUTS.SPATIAL_BINNED_RNA_ANALYZER.RUN_GRAPH_CLUSTERING.fork_square_016um
2025-10-21 22:47:24 [runtime] (complete)        ID.F08544.SPATIAL_RNA_COUNTER_CS.SPATIAL_RNA_COUNTER.SPATIAL_POST_MATRIX_COMPUTATION.BIN_HD_DATA._BIN_HD_DATA._COMPUTE_BINNED_OUTPUTS.SPATIAL_BINNED_RNA_ANALYZER.RUN_GRAPH_CLUSTERING.fork_square_016um
2025-10-21 22:47:27 [runtime] (complete)        ID.F08544.SPATIAL_RNA_COUNTER_CS.SPATIAL_RNA_COUNTER.SPATIAL_POST_MATRIX_COMPUTATION.BIN_HD_DATA._BIN_HD_DATA._COMPUTE_BINNED_OUTPUTS.SPATIAL_BINNED_RNA_ANALYZER.RUN_GRAPH_CLUSTERING.fork_square_016um
2025-10-21 22:47:30 [runtime] (complete)        ID.F08544.SPATIAL_RNA_COUNTER_CS.SPATIAL_RNA_COUNTER.SPATIAL_POST_MATRIX_COMPUTATION.BIN_HD_DATA._BIN_HD_DATA._COMPUTE_BINNED_OUTPUTS.SPATIAL_BINNED_RNA_ANALYZER.RUN_GRAPH_CLUSTERING.fork_square_016um
2025-10-21 22:47:33 [runtime] (complete)        ID.F08544.SPATIAL_RNA_COUNTER_CS.SPATIAL_RNA_COUNTER.SPATIAL_POST_MATRIX_COMPUTATION.BIN_HD_DATA._BIN_HD_DATA._COMPUTE_BINNED_OUTPUTS.SPATIAL_BINNED_RNA_ANALYZER.RUN_GRAPH_CLUSTERING.fork_square_016um
2025-10-21 22:47:36 [runtime] (complete)        ID.F08544.SPATIAL_RNA_COUNTER_CS.SPATIAL_RNA_COUNTER.SPATIAL_POST_MATRIX_COMPUTATION.BIN_HD_DATA._BIN_HD_DATA._COMPUTE_BINNED_OUTPUTS.SPATIAL_BINNED_RNA_ANALYZER.RUN_GRAPH_CLUSTERING.fork_square_016um
2025-10-21 22:47:39 [runtime] (complete)        ID.F08544.SPATIAL_RNA_COUNTER_CS.SPATIAL_RNA_COUNTER.SPATIAL_POST_MATRIX_COMPUTATION.BIN_HD_DATA._BIN_HD_DATA._COMPUTE_BINNED_OUTPUTS.SPATIAL_BINNED_RNA_ANALYZER.RUN_GRAPH_CLUSTERING.fork_square_016um
2025-10-21 22:47:42 [runtime] (complete)        ID.F08544.SPATIAL_RNA_COUNTER_CS.SPATIAL_RNA_COUNTER.SPATIAL_POST_MATRIX_COMPUTATION.BIN_HD_DATA._BIN_HD_DATA._COMPUTE_BINNED_OUTPUTS.SPATIAL_BINNED_RNA_ANALYZER.RUN_GRAPH_CLUSTERING.fork_square_016um
2025-10-21 22:47:45 [runtime] (complete)        ID.F08544.SPATIAL_RNA_COUNTER_CS.SPATIAL_RNA_COUNTER.SPATIAL_POST_MATRIX_COMPUTATION.BIN_HD_DATA._BIN_HD_DATA._COMPUTE_BINNED_OUTPUTS.SPATIAL_BINNED_RNA_ANALYZER.RUN_GRAPH_CLUSTERING.fork_square_016um
2025-10-21 22:47:48 [runtime] (complete)        ID.F08544.SPATIAL_RNA_COUNTER_CS.SPATIAL_RNA_COUNTER.SPATIAL_POST_MATRIX_COMPUTATION.BIN_HD_DATA._BIN_HD_DATA._COMPUTE_BINNED_OUTPUTS.SPATIAL_BINNED_RNA_ANALYZER.RUN_GRAPH_CLUSTERING.fork_square_016um
2025-10-21 22:47:51 [runtime] (complete)        ID.F08544.SPATIAL_RNA_COUNTER_CS.SPATIAL_RNA_COUNTER.SPATIAL_POST_MATRIX_COMPUTATION.BIN_HD_DATA._BIN_HD_DATA._COMPUTE_BINNED_OUTPUTS.SPATIAL_BINNED_RNA_ANALYZER.RUN_GRAPH_CLUSTERING.fork_square_016um
2025-10-21 22:47:54 [runtime] (complete)        ID.F08544.SPATIAL_RNA_COUNTER_CS.SPATIAL_RNA_COUNTER.SPATIAL_POST_MATRIX_COMPUTATION.BIN_HD_DATA._BIN_HD_DATA._COMPUTE_BINNED_OUTPUTS.SPATIAL_BINNED_RNA_ANALYZER.RUN_GRAPH_CLUSTERING.fork_square_016um
2025-10-21 22:47:57 [runtime] (complete)        ID.F08544.SPATIAL_RNA_COUNTER_CS.SPATIAL_RNA_COUNTER.SPATIAL_POST_MATRIX_COMPUTATION.BIN_HD_DATA._BIN_HD_DATA._COMPUTE_BINNED_OUTPUTS.SPATIAL_BINNED_RNA_ANALYZER.RUN_GRAPH_CLUSTERING.fork_square_016um
2025-10-21 22:48:00 [runtime] (complete)        ID.F08544.SPATIAL_RNA_COUNTER_CS.SPATIAL_RNA_COUNTER.SPATIAL_POST_MATRIX_COMPUTATION.BIN_HD_DATA._BIN_HD_DATA._COMPUTE_BINNED_OUTPUTS.SPATIAL_BINNED_RNA_ANALYZER.RUN_GRAPH_CLUSTERING.fork_square_016um
2025-10-21 22:48:03 [runtime] (complete)        ID.F08544.SPATIAL_RNA_COUNTER_CS.SPATIAL_RNA_COUNTER.SPATIAL_POST_MATRIX_COMPUTATION.BIN_HD_DATA._BIN_HD_DATA._COMPUTE_BINNED_OUTPUTS.SPATIAL_BINNED_RNA_ANALYZER.RUN_GRAPH_CLUSTERING.fork_square_016um
2025-10-21 22:48:06 [runtime] (complete)        ID.F08544.SPATIAL_RNA_COUNTER_CS.SPATIAL_RNA_COUNTER.SPATIAL_POST_MATRIX_COMPUTATION.BIN_HD_DATA._BIN_HD_DATA._COMPUTE_BINNED_OUTPUTS.SPATIAL_BINNED_RNA_ANALYZER.RUN_GRAPH_CLUSTERING.fork_square_016um
2025-10-21 22:48:09 [runtime] (complete)        ID.F08544.SPATIAL_RNA_COUNTER_CS.SPATIAL_RNA_COUNTER.SPATIAL_POST_MATRIX_COMPUTATION.BIN_HD_DATA._BIN_HD_DATA._COMPUTE_BINNED_OUTPUTS.SPATIAL_BINNED_RNA_ANALYZER.RUN_GRAPH_CLUSTERING.fork_square_016um
2025-10-21 22:48:12 [runtime] (complete)        ID.F08544.SPATIAL_RNA_COUNTER_CS.SPATIAL_RNA_COUNTER.SPATIAL_POST_MATRIX_COMPUTATION.BIN_HD_DATA._BIN_HD_DATA._COMPUTE_BINNED_OUTPUTS.SPATIAL_BINNED_RNA_ANALYZER.RUN_GRAPH_CLUSTERING.fork_square_016um
2025-10-21 22:48:15 [runtime] (complete)        ID.F08544.SPATIAL_RNA_COUNTER_CS.SPATIAL_RNA_COUNTER.SPATIAL_POST_MATRIX_COMPUTATION.BIN_HD_DATA._BIN_HD_DATA._COMPUTE_BINNED_OUTPUTS.SPATIAL_BINNED_RNA_ANALYZER.RUN_GRAPH_CLUSTERING.fork_square_016um
2025-10-21 22:48:18 [runtime] (complete)        ID.F08544.SPATIAL_RNA_COUNTER_CS.SPATIAL_RNA_COUNTER.SPATIAL_POST_MATRIX_COMPUTATION.BIN_HD_DATA._BIN_HD_DATA._COMPUTE_BINNED_OUTPUTS.SPATIAL_BINNED_RNA_ANALYZER.RUN_GRAPH_CLUSTERING.fork_square_016um
2025-10-21 22:48:21 [runtime] (complete)        ID.F08544.SPATIAL_RNA_COUNTER_CS.SPATIAL_RNA_COUNTER.SPATIAL_POST_MATRIX_COMPUTATION.BIN_HD_DATA._BIN_HD_DATA._COMPUTE_BINNED_OUTPUTS.SPATIAL_BINNED_RNA_ANALYZER.RUN_GRAPH_CLUSTERING.fork_square_016um
2025-10-21 22:48:24 [runtime] (complete)        ID.F08544.SPATIAL_RNA_COUNTER_CS.SPATIAL_RNA_COUNTER.SPATIAL_POST_MATRIX_COMPUTATION.BIN_HD_DATA._BIN_HD_DATA._COMPUTE_BINNED_OUTPUTS.SPATIAL_BINNED_RNA_ANALYZER.RUN_GRAPH_CLUSTERING.fork_square_016um
2025-10-21 22:48:27 [runtime] (complete)        ID.F08544.SPATIAL_RNA_COUNTER_CS.SPATIAL_RNA_COUNTER.SPATIAL_POST_MATRIX_COMPUTATION.BIN_HD_DATA._BIN_HD_DATA._COMPUTE_BINNED_OUTPUTS.SPATIAL_BINNED_RNA_ANALYZER.RUN_GRAPH_CLUSTERING.fork_square_016um
2025-10-21 22:48:30 [runtime] (complete)        ID.F08544.SPATIAL_RNA_COUNTER_CS.SPATIAL_RNA_COUNTER.SPATIAL_POST_MATRIX_COMPUTATION.BIN_HD_DATA._BIN_HD_DATA._COMPUTE_BINNED_OUTPUTS.SPATIAL_BINNED_RNA_ANALYZER.RUN_GRAPH_CLUSTERING.fork_square_016um
2025-10-21 22:48:33 [runtime] (complete)        ID.F08544.SPATIAL_RNA_COUNTER_CS.SPATIAL_RNA_COUNTER.SPATIAL_POST_MATRIX_COMPUTATION.BIN_HD_DATA._BIN_HD_DATA._COMPUTE_BINNED_OUTPUTS.SPATIAL_BINNED_RNA_ANALYZER.RUN_GRAPH_CLUSTERING.fork_square_016um
2025-10-21 22:48:36 [runtime] (complete)        ID.F08544.SPATIAL_RNA_COUNTER_CS.SPATIAL_RNA_COUNTER.SPATIAL_POST_MATRIX_COMPUTATION.BIN_HD_DATA._BIN_HD_DATA._COMPUTE_BINNED_OUTPUTS.SPATIAL_BINNED_RNA_ANALYZER.RUN_GRAPH_CLUSTERING.fork_square_016um
2025-10-21 22:48:39 [runtime] (complete)        ID.F08544.SPATIAL_RNA_COUNTER_CS.SPATIAL_RNA_COUNTER.SPATIAL_POST_MATRIX_COMPUTATION.BIN_HD_DATA._BIN_HD_DATA._COMPUTE_BINNED_OUTPUTS.SPATIAL_BINNED_RNA_ANALYZER.RUN_GRAPH_CLUSTERING.fork_square_016um
2025-10-21 22:48:42 [runtime] (complete)        ID.F08544.SPATIAL_RNA_COUNTER_CS.SPATIAL_RNA_COUNTER.SPATIAL_POST_MATRIX_COMPUTATION.BIN_HD_DATA._BIN_HD_DATA._COMPUTE_BINNED_OUTPUTS.SPATIAL_BINNED_RNA_ANALYZER.RUN_GRAPH_CLUSTERING.fork_square_016um
2025-10-21 22:48:45 [runtime] (complete)        ID.F08544.SPATIAL_RNA_COUNTER_CS.SPATIAL_RNA_COUNTER.SPATIAL_POST_MATRIX_COMPUTATION.BIN_HD_DATA._BIN_HD_DATA._COMPUTE_BINNED_OUTPUTS.SPATIAL_BINNED_RNA_ANALYZER.RUN_GRAPH_CLUSTERING.fork_square_016um
2025-10-21 22:48:48 [runtime] (complete)        ID.F08544.SPATIAL_RNA_COUNTER_CS.SPATIAL_RNA_COUNTER.SPATIAL_POST_MATRIX_COMPUTATION.BIN_HD_DATA._BIN_HD_DATA._COMPUTE_BINNED_OUTPUTS.SPATIAL_BINNED_RNA_ANALYZER.RUN_GRAPH_CLUSTERING.fork_square_016um
2025-10-21 22:48:51 [runtime] (complete)        ID.F08544.SPATIAL_RNA_COUNTER_CS.SPATIAL_RNA_COUNTER.SPATIAL_POST_MATRIX_COMPUTATION.BIN_HD_DATA._BIN_HD_DATA._COMPUTE_BINNED_OUTPUTS.SPATIAL_BINNED_RNA_ANALYZER.RUN_GRAPH_CLUSTERING.fork_square_016um
2025-10-21 22:48:54 [runtime] (complete)        ID.F08544.SPATIAL_RNA_COUNTER_CS.SPATIAL_RNA_COUNTER.SPATIAL_POST_MATRIX_COMPUTATION.BIN_HD_DATA._BIN_HD_DATA._COMPUTE_BINNED_OUTPUTS.SPATIAL_BINNED_RNA_ANALYZER.RUN_GRAPH_CLUSTERING.fork_square_016um
2025-10-21 22:48:57 [runtime] (complete)        ID.F08544.SPATIAL_RNA_COUNTER_CS.SPATIAL_RNA_COUNTER.SPATIAL_POST_MATRIX_COMPUTATION.BIN_HD_DATA._BIN_HD_DATA._COMPUTE_BINNED_OUTPUTS.SPATIAL_BINNED_RNA_ANALYZER.RUN_GRAPH_CLUSTERING.fork_square_016um
2025-10-21 22:49:00 [runtime] (complete)        ID.F08544.SPATIAL_RNA_COUNTER_CS.SPATIAL_RNA_COUNTER.SPATIAL_POST_MATRIX_COMPUTATION.BIN_HD_DATA._BIN_HD_DATA._COMPUTE_BINNED_OUTPUTS.SPATIAL_BINNED_RNA_ANALYZER.RUN_GRAPH_CLUSTERING.fork_square_016um
2025-10-21 22:49:03 [runtime] (complete)        ID.F08544.SPATIAL_RNA_COUNTER_CS.SPATIAL_RNA_COUNTER.SPATIAL_POST_MATRIX_COMPUTATION.BIN_HD_DATA._BIN_HD_DATA._COMPUTE_BINNED_OUTPUTS.SPATIAL_BINNED_RNA_ANALYZER.RUN_GRAPH_CLUSTERING.fork_square_016um
2025-10-21 22:49:06 [runtime] (complete)        ID.F08544.SPATIAL_RNA_COUNTER_CS.SPATIAL_RNA_COUNTER.SPATIAL_POST_MATRIX_COMPUTATION.BIN_HD_DATA._BIN_HD_DATA._COMPUTE_BINNED_OUTPUTS.SPATIAL_BINNED_RNA_ANALYZER.RUN_GRAPH_CLUSTERING.fork_square_016um
2025-10-21 22:49:09 [runtime] (complete)        ID.F08544.SPATIAL_RNA_COUNTER_CS.SPATIAL_RNA_COUNTER.SPATIAL_POST_MATRIX_COMPUTATION.BIN_HD_DATA._BIN_HD_DATA._COMPUTE_BINNED_OUTPUTS.SPATIAL_BINNED_RNA_ANALYZER.RUN_GRAPH_CLUSTERING.fork_square_016um
2025-10-21 22:49:12 [runtime] (complete)        ID.F08544.SPATIAL_RNA_COUNTER_CS.SPATIAL_RNA_COUNTER.SPATIAL_POST_MATRIX_COMPUTATION.BIN_HD_DATA._BIN_HD_DATA._COMPUTE_BINNED_OUTPUTS.SPATIAL_BINNED_RNA_ANALYZER.RUN_GRAPH_CLUSTERING.fork_square_016um
2025-10-21 22:49:15 [runtime] (complete)        ID.F08544.SPATIAL_RNA_COUNTER_CS.SPATIAL_RNA_COUNTER.SPATIAL_POST_MATRIX_COMPUTATION.BIN_HD_DATA._BIN_HD_DATA._COMPUTE_BINNED_OUTPUTS.SPATIAL_BINNED_RNA_ANALYZER.RUN_GRAPH_CLUSTERING.fork_square_016um
2025-10-21 22:49:18 [runtime] (complete)        ID.F08544.SPATIAL_RNA_COUNTER_CS.SPATIAL_RNA_COUNTER.SPATIAL_POST_MATRIX_COMPUTATION.BIN_HD_DATA._BIN_HD_DATA._COMPUTE_BINNED_OUTPUTS.SPATIAL_BINNED_RNA_ANALYZER.RUN_GRAPH_CLUSTERING.fork_square_016um
2025-10-21 22:49:21 [runtime] (complete)        ID.F08544.SPATIAL_RNA_COUNTER_CS.SPATIAL_RNA_COUNTER.SPATIAL_POST_MATRIX_COMPUTATION.BIN_HD_DATA._BIN_HD_DATA._COMPUTE_BINNED_OUTPUTS.SPATIAL_BINNED_RNA_ANALYZER.RUN_GRAPH_CLUSTERING.fork_square_016um
2025-10-21 22:49:24 [runtime] (complete)        ID.F08544.SPATIAL_RNA_COUNTER_CS.SPATIAL_RNA_COUNTER.SPATIAL_POST_MATRIX_COMPUTATION.BIN_HD_DATA._BIN_HD_DATA._COMPUTE_BINNED_OUTPUTS.SPATIAL_BINNED_RNA_ANALYZER.RUN_GRAPH_CLUSTERING.fork_square_016um
2025-10-21 22:49:27 [runtime] (complete)        ID.F08544.SPATIAL_RNA_COUNTER_CS.SPATIAL_RNA_COUNTER.SPATIAL_POST_MATRIX_COMPUTATION.BIN_HD_DATA._BIN_HD_DATA._COMPUTE_BINNED_OUTPUTS.SPATIAL_BINNED_RNA_ANALYZER.RUN_GRAPH_CLUSTERING.fork_square_016um
2025-10-21 22:49:30 [runtime] (complete)        ID.F08544.SPATIAL_RNA_COUNTER_CS.SPATIAL_RNA_COUNTER.SPATIAL_POST_MATRIX_COMPUTATION.BIN_HD_DATA._BIN_HD_DATA._COMPUTE_BINNED_OUTPUTS.SPATIAL_BINNED_RNA_ANALYZER.RUN_GRAPH_CLUSTERING.fork_square_016um
2025-10-21 22:49:33 [runtime] (complete)        ID.F08544.SPATIAL_RNA_COUNTER_CS.SPATIAL_RNA_COUNTER.SPATIAL_POST_MATRIX_COMPUTATION.BIN_HD_DATA._BIN_HD_DATA._COMPUTE_BINNED_OUTPUTS.SPATIAL_BINNED_RNA_ANALYZER.RUN_GRAPH_CLUSTERING.fork_square_016um
2025-10-21 22:49:36 [runtime] (complete)        ID.F08544.SPATIAL_RNA_COUNTER_CS.SPATIAL_RNA_COUNTER.SPATIAL_POST_MATRIX_COMPUTATION.BIN_HD_DATA._BIN_HD_DATA._COMPUTE_BINNED_OUTPUTS.SPATIAL_BINNED_RNA_ANALYZER.RUN_GRAPH_CLUSTERING.fork_square_016um
2025-10-21 22:49:39 [runtime] (complete)        ID.F08544.SPATIAL_RNA_COUNTER_CS.SPATIAL_RNA_COUNTER.SPATIAL_POST_MATRIX_COMPUTATION.BIN_HD_DATA._BIN_HD_DATA._COMPUTE_BINNED_OUTPUTS.SPATIAL_BINNED_RNA_ANALYZER.RUN_GRAPH_CLUSTERING.fork_square_016um
2025-10-21 22:49:42 [runtime] (complete)        ID.F08544.SPATIAL_RNA_COUNTER_CS.SPATIAL_RNA_COUNTER.SPATIAL_POST_MATRIX_COMPUTATION.BIN_HD_DATA._BIN_HD_DATA._COMPUTE_BINNED_OUTPUTS.SPATIAL_BINNED_RNA_ANALYZER.RUN_GRAPH_CLUSTERING.fork_square_016um
2025-10-21 22:49:45 [runtime] (complete)        ID.F08544.SPATIAL_RNA_COUNTER_CS.SPATIAL_RNA_COUNTER.SPATIAL_POST_MATRIX_COMPUTATION.BIN_HD_DATA._BIN_HD_DATA._COMPUTE_BINNED_OUTPUTS.SPATIAL_BINNED_RNA_ANALYZER.RUN_GRAPH_CLUSTERING.fork_square_016um
2025-10-21 22:49:48 [runtime] (complete)        ID.F08544.SPATIAL_RNA_COUNTER_CS.SPATIAL_RNA_COUNTER.SPATIAL_POST_MATRIX_COMPUTATION.BIN_HD_DATA._BIN_HD_DATA._COMPUTE_BINNED_OUTPUTS.SPATIAL_BINNED_RNA_ANALYZER.RUN_GRAPH_CLUSTERING.fork_square_016um
2025-10-21 22:49:51 [runtime] (complete)        ID.F08544.SPATIAL_RNA_COUNTER_CS.SPATIAL_RNA_COUNTER.SPATIAL_POST_MATRIX_COMPUTATION.BIN_HD_DATA._BIN_HD_DATA._COMPUTE_BINNED_OUTPUTS.SPATIAL_BINNED_RNA_ANALYZER.RUN_GRAPH_CLUSTERING.fork_square_016um
2025-10-21 22:49:55 [runtime] (complete)        ID.F08544.SPATIAL_RNA_COUNTER_CS.SPATIAL_RNA_COUNTER.SPATIAL_POST_MATRIX_COMPUTATION.BIN_HD_DATA._BIN_HD_DATA._COMPUTE_BINNED_OUTPUTS.SPATIAL_BINNED_RNA_ANALYZER.RUN_GRAPH_CLUSTERING.fork_square_016um
2025-10-21 22:49:58 [runtime] (complete)        ID.F08544.SPATIAL_RNA_COUNTER_CS.SPATIAL_RNA_COUNTER.SPATIAL_POST_MATRIX_COMPUTATION.BIN_HD_DATA._BIN_HD_DATA._COMPUTE_BINNED_OUTPUTS.SPATIAL_BINNED_RNA_ANALYZER.RUN_GRAPH_CLUSTERING.fork_square_016um
2025-10-21 22:50:01 [runtime] (complete)        ID.F08544.SPATIAL_RNA_COUNTER_CS.SPATIAL_RNA_COUNTER.SPATIAL_POST_MATRIX_COMPUTATION.BIN_HD_DATA._BIN_HD_DATA._COMPUTE_BINNED_OUTPUTS.SPATIAL_BINNED_RNA_ANALYZER.RUN_GRAPH_CLUSTERING.fork_square_016um
2025-10-21 22:50:04 [runtime] (complete)        ID.F08544.SPATIAL_RNA_COUNTER_CS.SPATIAL_RNA_COUNTER.SPATIAL_POST_MATRIX_COMPUTATION.BIN_HD_DATA._BIN_HD_DATA._COMPUTE_BINNED_OUTPUTS.SPATIAL_BINNED_RNA_ANALYZER.RUN_GRAPH_CLUSTERING.fork_square_016um
2025-10-21 22:50:07 [runtime] (complete)        ID.F08544.SPATIAL_RNA_COUNTER_CS.SPATIAL_RNA_COUNTER.SPATIAL_POST_MATRIX_COMPUTATION.BIN_HD_DATA._BIN_HD_DATA._COMPUTE_BINNED_OUTPUTS.SPATIAL_BINNED_RNA_ANALYZER.RUN_GRAPH_CLUSTERING.fork_square_016um
2025-10-21 22:50:10 [runtime] (complete)        ID.F08544.SPATIAL_RNA_COUNTER_CS.SPATIAL_RNA_COUNTER.SPATIAL_POST_MATRIX_COMPUTATION.BIN_HD_DATA._BIN_HD_DATA._COMPUTE_BINNED_OUTPUTS.SPATIAL_BINNED_RNA_ANALYZER.RUN_GRAPH_CLUSTERING.fork_square_016um
2025-10-21 22:50:13 [runtime] (complete)        ID.F08544.SPATIAL_RNA_COUNTER_CS.SPATIAL_RNA_COUNTER.SPATIAL_POST_MATRIX_COMPUTATION.BIN_HD_DATA._BIN_HD_DATA._COMPUTE_BINNED_OUTPUTS.SPATIAL_BINNED_RNA_ANALYZER.RUN_GRAPH_CLUSTERING.fork_square_016um
2025-10-21 22:50:16 [runtime] (complete)        ID.F08544.SPATIAL_RNA_COUNTER_CS.SPATIAL_RNA_COUNTER.SPATIAL_POST_MATRIX_COMPUTATION.BIN_HD_DATA._BIN_HD_DATA._COMPUTE_BINNED_OUTPUTS.SPATIAL_BINNED_RNA_ANALYZER.RUN_GRAPH_CLUSTERING.fork_square_016um
2025-10-21 22:50:19 [runtime] (complete)        ID.F08544.SPATIAL_RNA_COUNTER_CS.SPATIAL_RNA_COUNTER.SPATIAL_POST_MATRIX_COMPUTATION.BIN_HD_DATA._BIN_HD_DATA._COMPUTE_BINNED_OUTPUTS.SPATIAL_BINNED_RNA_ANALYZER.RUN_GRAPH_CLUSTERING.fork_square_016um
2025-10-21 22:50:22 [runtime] (complete)        ID.F08544.SPATIAL_RNA_COUNTER_CS.SPATIAL_RNA_COUNTER.SPATIAL_POST_MATRIX_COMPUTATION.BIN_HD_DATA._BIN_HD_DATA._COMPUTE_BINNED_OUTPUTS.SPATIAL_BINNED_RNA_ANALYZER.RUN_GRAPH_CLUSTERING.fork_square_016um
2025-10-21 22:50:25 [runtime] (complete)        ID.F08544.SPATIAL_RNA_COUNTER_CS.SPATIAL_RNA_COUNTER.SPATIAL_POST_MATRIX_COMPUTATION.BIN_HD_DATA._BIN_HD_DATA._COMPUTE_BINNED_OUTPUTS.SPATIAL_BINNED_RNA_ANALYZER.RUN_GRAPH_CLUSTERING.fork_square_016um
2025-10-21 22:50:28 [runtime] (complete)        ID.F08544.SPATIAL_RNA_COUNTER_CS.SPATIAL_RNA_COUNTER.SPATIAL_POST_MATRIX_COMPUTATION.BIN_HD_DATA._BIN_HD_DATA._COMPUTE_BINNED_OUTPUTS.SPATIAL_BINNED_RNA_ANALYZER.RUN_GRAPH_CLUSTERING.fork_square_016um
2025-10-21 22:50:31 [runtime] (complete)        ID.F08544.SPATIAL_RNA_COUNTER_CS.SPATIAL_RNA_COUNTER.SPATIAL_POST_MATRIX_COMPUTATION.BIN_HD_DATA._BIN_HD_DATA._COMPUTE_BINNED_OUTPUTS.SPATIAL_BINNED_RNA_ANALYZER.RUN_GRAPH_CLUSTERING.fork_square_016um
2025-10-21 22:50:34 [runtime] (complete)        ID.F08544.SPATIAL_RNA_COUNTER_CS.SPATIAL_RNA_COUNTER.SPATIAL_POST_MATRIX_COMPUTATION.BIN_HD_DATA._BIN_HD_DATA._COMPUTE_BINNED_OUTPUTS.SPATIAL_BINNED_RNA_ANALYZER.RUN_GRAPH_CLUSTERING.fork_square_016um
2025-10-21 22:50:37 [runtime] (complete)        ID.F08544.SPATIAL_RNA_COUNTER_CS.SPATIAL_RNA_COUNTER.SPATIAL_POST_MATRIX_COMPUTATION.BIN_HD_DATA._BIN_HD_DATA._COMPUTE_BINNED_OUTPUTS.SPATIAL_BINNED_RNA_ANALYZER.RUN_GRAPH_CLUSTERING.fork_square_016um
2025-10-21 22:50:40 [runtime] (complete)        ID.F08544.SPATIAL_RNA_COUNTER_CS.SPATIAL_RNA_COUNTER.SPATIAL_POST_MATRIX_COMPUTATION.BIN_HD_DATA._BIN_HD_DATA._COMPUTE_BINNED_OUTPUTS.SPATIAL_BINNED_RNA_ANALYZER.RUN_GRAPH_CLUSTERING.fork_square_016um
2025-10-21 22:50:43 [runtime] (complete)        ID.F08544.SPATIAL_RNA_COUNTER_CS.SPATIAL_RNA_COUNTER.SPATIAL_POST_MATRIX_COMPUTATION.BIN_HD_DATA._BIN_HD_DATA._COMPUTE_BINNED_OUTPUTS.SPATIAL_BINNED_RNA_ANALYZER.RUN_GRAPH_CLUSTERING.fork_square_016um
2025-10-21 22:50:46 [runtime] (complete)        ID.F08544.SPATIAL_RNA_COUNTER_CS.SPATIAL_RNA_COUNTER.SPATIAL_POST_MATRIX_COMPUTATION.BIN_HD_DATA._BIN_HD_DATA._COMPUTE_BINNED_OUTPUTS.SPATIAL_BINNED_RNA_ANALYZER.RUN_GRAPH_CLUSTERING.fork_square_016um
2025-10-21 22:50:49 [runtime] (complete)        ID.F08544.SPATIAL_RNA_COUNTER_CS.SPATIAL_RNA_COUNTER.SPATIAL_POST_MATRIX_COMPUTATION.BIN_HD_DATA._BIN_HD_DATA._COMPUTE_BINNED_OUTPUTS.SPATIAL_BINNED_RNA_ANALYZER.RUN_GRAPH_CLUSTERING.fork_square_016um
2025-10-21 22:50:52 [runtime] (complete)        ID.F08544.SPATIAL_RNA_COUNTER_CS.SPATIAL_RNA_COUNTER.SPATIAL_POST_MATRIX_COMPUTATION.BIN_HD_DATA._BIN_HD_DATA._COMPUTE_BINNED_OUTPUTS.SPATIAL_BINNED_RNA_ANALYZER.RUN_GRAPH_CLUSTERING.fork_square_016um
2025-10-21 22:50:55 [runtime] (complete)        ID.F08544.SPATIAL_RNA_COUNTER_CS.SPATIAL_RNA_COUNTER.SPATIAL_POST_MATRIX_COMPUTATION.BIN_HD_DATA._BIN_HD_DATA._COMPUTE_BINNED_OUTPUTS.SPATIAL_BINNED_RNA_ANALYZER.RUN_GRAPH_CLUSTERING.fork_square_016um
2025-10-21 22:50:58 [runtime] (complete)        ID.F08544.SPATIAL_RNA_COUNTER_CS.SPATIAL_RNA_COUNTER.SPATIAL_POST_MATRIX_COMPUTATION.BIN_HD_DATA._BIN_HD_DATA._COMPUTE_BINNED_OUTPUTS.SPATIAL_BINNED_RNA_ANALYZER.RUN_GRAPH_CLUSTERING.fork_square_016um
2025-10-21 22:51:01 [runtime] (complete)        ID.F08544.SPATIAL_RNA_COUNTER_CS.SPATIAL_RNA_COUNTER.SPATIAL_POST_MATRIX_COMPUTATION.BIN_HD_DATA._BIN_HD_DATA._COMPUTE_BINNED_OUTPUTS.SPATIAL_BINNED_RNA_ANALYZER.RUN_GRAPH_CLUSTERING.fork_square_016um
2025-10-21 22:51:04 [runtime] (complete)        ID.F08544.SPATIAL_RNA_COUNTER_CS.SPATIAL_RNA_COUNTER.SPATIAL_POST_MATRIX_COMPUTATION.BIN_HD_DATA._BIN_HD_DATA._COMPUTE_BINNED_OUTPUTS.SPATIAL_BINNED_RNA_ANALYZER.RUN_GRAPH_CLUSTERING.fork_square_016um
2025-10-21 22:51:07 [runtime] (complete)        ID.F08544.SPATIAL_RNA_COUNTER_CS.SPATIAL_RNA_COUNTER.SPATIAL_POST_MATRIX_COMPUTATION.BIN_HD_DATA._BIN_HD_DATA._COMPUTE_BINNED_OUTPUTS.SPATIAL_BINNED_RNA_ANALYZER.RUN_GRAPH_CLUSTERING.fork_square_016um
2025-10-21 22:51:10 [runtime] (complete)        ID.F08544.SPATIAL_RNA_COUNTER_CS.SPATIAL_RNA_COUNTER.SPATIAL_POST_MATRIX_COMPUTATION.BIN_HD_DATA._BIN_HD_DATA._COMPUTE_BINNED_OUTPUTS.SPATIAL_BINNED_RNA_ANALYZER.RUN_GRAPH_CLUSTERING.fork_square_016um
2025-10-21 22:51:13 [runtime] (complete)        ID.F08544.SPATIAL_RNA_COUNTER_CS.SPATIAL_RNA_COUNTER.SPATIAL_POST_MATRIX_COMPUTATION.BIN_HD_DATA._BIN_HD_DATA._COMPUTE_BINNED_OUTPUTS.SPATIAL_BINNED_RNA_ANALYZER.RUN_GRAPH_CLUSTERING.fork_square_016um
2025-10-21 22:51:16 [runtime] (complete)        ID.F08544.SPATIAL_RNA_COUNTER_CS.SPATIAL_RNA_COUNTER.SPATIAL_POST_MATRIX_COMPUTATION.BIN_HD_DATA._BIN_HD_DATA._COMPUTE_BINNED_OUTPUTS.SPATIAL_BINNED_RNA_ANALYZER.RUN_GRAPH_CLUSTERING.fork_square_016um
2025-10-21 22:51:19 [runtime] (complete)        ID.F08544.SPATIAL_RNA_COUNTER_CS.SPATIAL_RNA_COUNTER.SPATIAL_POST_MATRIX_COMPUTATION.BIN_HD_DATA._BIN_HD_DATA._COMPUTE_BINNED_OUTPUTS.SPATIAL_BINNED_RNA_ANALYZER.RUN_GRAPH_CLUSTERING.fork_square_016um
2025-10-21 22:51:22 [runtime] (update)          ID.F08544.SPATIAL_RNA_COUNTER_CS.SPATIAL_RNA_COUNTER.SPATIAL_POST_MATRIX_COMPUTATION.BIN_HD_DATA._BIN_HD_DATA._COMPUTE_BINNED_OUTPUTS.SPATIAL_BINNED_RNA_ANALYZER.RUN_GRAPH_CLUSTERING.fork_square_008um chunks_running
2025-10-21 22:51:22 [runtime] (complete)        ID.F08544.SPATIAL_RNA_COUNTER_CS.SPATIAL_RNA_COUNTER.SPATIAL_POST_MATRIX_COMPUTATION.BIN_HD_DATA._BIN_HD_DATA._COMPUTE_BINNED_OUTPUTS.SPATIAL_BINNED_RNA_ANALYZER.RUN_GRAPH_CLUSTERING.fork_square_016um
2025-10-21 22:51:25 [runtime] (complete)        ID.F08544.SPATIAL_RNA_COUNTER_CS.SPATIAL_RNA_COUNTER.SPATIAL_POST_MATRIX_COMPUTATION.BIN_HD_DATA._BIN_HD_DATA._COMPUTE_BINNED_OUTPUTS.SPATIAL_BINNED_RNA_ANALYZER.RUN_GRAPH_CLUSTERING.fork_square_016um
2025-10-21 22:51:28 [runtime] (complete)        ID.F08544.SPATIAL_RNA_COUNTER_CS.SPATIAL_RNA_COUNTER.SPATIAL_POST_MATRIX_COMPUTATION.BIN_HD_DATA._BIN_HD_DATA._COMPUTE_BINNED_OUTPUTS.SPATIAL_BINNED_RNA_ANALYZER.RUN_GRAPH_CLUSTERING.fork_square_016um
2025-10-21 22:51:31 [runtime] (complete)        ID.F08544.SPATIAL_RNA_COUNTER_CS.SPATIAL_RNA_COUNTER.SPATIAL_POST_MATRIX_COMPUTATION.BIN_HD_DATA._BIN_HD_DATA._COMPUTE_BINNED_OUTPUTS.SPATIAL_BINNED_RNA_ANALYZER.RUN_GRAPH_CLUSTERING.fork_square_016um
2025-10-21 22:51:34 [runtime] (complete)        ID.F08544.SPATIAL_RNA_COUNTER_CS.SPATIAL_RNA_COUNTER.SPATIAL_POST_MATRIX_COMPUTATION.BIN_HD_DATA._BIN_HD_DATA._COMPUTE_BINNED_OUTPUTS.SPATIAL_BINNED_RNA_ANALYZER.RUN_GRAPH_CLUSTERING.fork_square_016um
2025-10-21 22:51:37 [runtime] (complete)        ID.F08544.SPATIAL_RNA_COUNTER_CS.SPATIAL_RNA_COUNTER.SPATIAL_POST_MATRIX_COMPUTATION.BIN_HD_DATA._BIN_HD_DATA._COMPUTE_BINNED_OUTPUTS.SPATIAL_BINNED_RNA_ANALYZER.RUN_GRAPH_CLUSTERING.fork_square_016um
2025-10-21 22:51:40 [runtime] (complete)        ID.F08544.SPATIAL_RNA_COUNTER_CS.SPATIAL_RNA_COUNTER.SPATIAL_POST_MATRIX_COMPUTATION.BIN_HD_DATA._BIN_HD_DATA._COMPUTE_BINNED_OUTPUTS.SPATIAL_BINNED_RNA_ANALYZER.RUN_GRAPH_CLUSTERING.fork_square_016um
2025-10-21 22:51:43 [runtime] (complete)        ID.F08544.SPATIAL_RNA_COUNTER_CS.SPATIAL_RNA_COUNTER.SPATIAL_POST_MATRIX_COMPUTATION.BIN_HD_DATA._BIN_HD_DATA._COMPUTE_BINNED_OUTPUTS.SPATIAL_BINNED_RNA_ANALYZER.RUN_GRAPH_CLUSTERING.fork_square_016um
2025-10-21 22:51:46 [runtime] (complete)        ID.F08544.SPATIAL_RNA_COUNTER_CS.SPATIAL_RNA_COUNTER.SPATIAL_POST_MATRIX_COMPUTATION.BIN_HD_DATA._BIN_HD_DATA._COMPUTE_BINNED_OUTPUTS.SPATIAL_BINNED_RNA_ANALYZER.RUN_GRAPH_CLUSTERING.fork_square_016um
2025-10-21 22:51:49 [runtime] (complete)        ID.F08544.SPATIAL_RNA_COUNTER_CS.SPATIAL_RNA_COUNTER.SPATIAL_POST_MATRIX_COMPUTATION.BIN_HD_DATA._BIN_HD_DATA._COMPUTE_BINNED_OUTPUTS.SPATIAL_BINNED_RNA_ANALYZER.RUN_GRAPH_CLUSTERING.fork_square_016um
2025-10-21 22:51:52 [runtime] (complete)        ID.F08544.SPATIAL_RNA_COUNTER_CS.SPATIAL_RNA_COUNTER.SPATIAL_POST_MATRIX_COMPUTATION.BIN_HD_DATA._BIN_HD_DATA._COMPUTE_BINNED_OUTPUTS.SPATIAL_BINNED_RNA_ANALYZER.RUN_GRAPH_CLUSTERING.fork_square_016um
2025-10-21 22:51:55 [runtime] (complete)        ID.F08544.SPATIAL_RNA_COUNTER_CS.SPATIAL_RNA_COUNTER.SPATIAL_POST_MATRIX_COMPUTATION.BIN_HD_DATA._BIN_HD_DATA._COMPUTE_BINNED_OUTPUTS.SPATIAL_BINNED_RNA_ANALYZER.RUN_GRAPH_CLUSTERING.fork_square_016um
2025-10-21 22:51:58 [runtime] (complete)        ID.F08544.SPATIAL_RNA_COUNTER_CS.SPATIAL_RNA_COUNTER.SPATIAL_POST_MATRIX_COMPUTATION.BIN_HD_DATA._BIN_HD_DATA._COMPUTE_BINNED_OUTPUTS.SPATIAL_BINNED_RNA_ANALYZER.RUN_GRAPH_CLUSTERING.fork_square_016um
2025-10-21 22:52:01 [runtime] (complete)        ID.F08544.SPATIAL_RNA_COUNTER_CS.SPATIAL_RNA_COUNTER.SPATIAL_POST_MATRIX_COMPUTATION.BIN_HD_DATA._BIN_HD_DATA._COMPUTE_BINNED_OUTPUTS.SPATIAL_BINNED_RNA_ANALYZER.RUN_GRAPH_CLUSTERING.fork_square_016um
2025-10-21 22:52:04 [runtime] (complete)        ID.F08544.SPATIAL_RNA_COUNTER_CS.SPATIAL_RNA_COUNTER.SPATIAL_POST_MATRIX_COMPUTATION.BIN_HD_DATA._BIN_HD_DATA._COMPUTE_BINNED_OUTPUTS.SPATIAL_BINNED_RNA_ANALYZER.RUN_GRAPH_CLUSTERING.fork_square_016um
2025-10-21 22:52:07 [runtime] (complete)        ID.F08544.SPATIAL_RNA_COUNTER_CS.SPATIAL_RNA_COUNTER.SPATIAL_POST_MATRIX_COMPUTATION.BIN_HD_DATA._BIN_HD_DATA._COMPUTE_BINNED_OUTPUTS.SPATIAL_BINNED_RNA_ANALYZER.RUN_GRAPH_CLUSTERING.fork_square_016um
2025-10-21 22:52:10 [runtime] (complete)        ID.F08544.SPATIAL_RNA_COUNTER_CS.SPATIAL_RNA_COUNTER.SPATIAL_POST_MATRIX_COMPUTATION.BIN_HD_DATA._BIN_HD_DATA._COMPUTE_BINNED_OUTPUTS.SPATIAL_BINNED_RNA_ANALYZER.RUN_GRAPH_CLUSTERING.fork_square_016um
2025-10-21 22:52:13 [runtime] (complete)        ID.F08544.SPATIAL_RNA_COUNTER_CS.SPATIAL_RNA_COUNTER.SPATIAL_POST_MATRIX_COMPUTATION.BIN_HD_DATA._BIN_HD_DATA._COMPUTE_BINNED_OUTPUTS.SPATIAL_BINNED_RNA_ANALYZER.RUN_GRAPH_CLUSTERING.fork_square_016um
2025-10-21 22:52:16 [runtime] (complete)        ID.F08544.SPATIAL_RNA_COUNTER_CS.SPATIAL_RNA_COUNTER.SPATIAL_POST_MATRIX_COMPUTATION.BIN_HD_DATA._BIN_HD_DATA._COMPUTE_BINNED_OUTPUTS.SPATIAL_BINNED_RNA_ANALYZER.RUN_GRAPH_CLUSTERING.fork_square_016um
2025-10-21 22:52:19 [runtime] (complete)        ID.F08544.SPATIAL_RNA_COUNTER_CS.SPATIAL_RNA_COUNTER.SPATIAL_POST_MATRIX_COMPUTATION.BIN_HD_DATA._BIN_HD_DATA._COMPUTE_BINNED_OUTPUTS.SPATIAL_BINNED_RNA_ANALYZER.RUN_GRAPH_CLUSTERING.fork_square_016um
2025-10-21 22:52:22 [runtime] (complete)        ID.F08544.SPATIAL_RNA_COUNTER_CS.SPATIAL_RNA_COUNTER.SPATIAL_POST_MATRIX_COMPUTATION.BIN_HD_DATA._BIN_HD_DATA._COMPUTE_BINNED_OUTPUTS.SPATIAL_BINNED_RNA_ANALYZER.RUN_GRAPH_CLUSTERING.fork_square_016um
2025-10-21 22:52:25 [runtime] (complete)        ID.F08544.SPATIAL_RNA_COUNTER_CS.SPATIAL_RNA_COUNTER.SPATIAL_POST_MATRIX_COMPUTATION.BIN_HD_DATA._BIN_HD_DATA._COMPUTE_BINNED_OUTPUTS.SPATIAL_BINNED_RNA_ANALYZER.RUN_GRAPH_CLUSTERING.fork_square_016um
2025-10-21 22:52:28 [runtime] (complete)        ID.F08544.SPATIAL_RNA_COUNTER_CS.SPATIAL_RNA_COUNTER.SPATIAL_POST_MATRIX_COMPUTATION.BIN_HD_DATA._BIN_HD_DATA._COMPUTE_BINNED_OUTPUTS.SPATIAL_BINNED_RNA_ANALYZER.RUN_GRAPH_CLUSTERING.fork_square_016um
2025-10-21 22:52:31 [runtime] (complete)        ID.F08544.SPATIAL_RNA_COUNTER_CS.SPATIAL_RNA_COUNTER.SPATIAL_POST_MATRIX_COMPUTATION.BIN_HD_DATA._BIN_HD_DATA._COMPUTE_BINNED_OUTPUTS.SPATIAL_BINNED_RNA_ANALYZER.RUN_GRAPH_CLUSTERING.fork_square_016um
2025-10-21 22:52:34 [runtime] (complete)        ID.F08544.SPATIAL_RNA_COUNTER_CS.SPATIAL_RNA_COUNTER.SPATIAL_POST_MATRIX_COMPUTATION.BIN_HD_DATA._BIN_HD_DATA._COMPUTE_BINNED_OUTPUTS.SPATIAL_BINNED_RNA_ANALYZER.RUN_GRAPH_CLUSTERING.fork_square_016um
2025-10-21 22:52:37 [runtime] (complete)        ID.F08544.SPATIAL_RNA_COUNTER_CS.SPATIAL_RNA_COUNTER.SPATIAL_POST_MATRIX_COMPUTATION.BIN_HD_DATA._BIN_HD_DATA._COMPUTE_BINNED_OUTPUTS.SPATIAL_BINNED_RNA_ANALYZER.RUN_GRAPH_CLUSTERING.fork_square_016um
2025-10-21 22:52:40 [runtime] (complete)        ID.F08544.SPATIAL_RNA_COUNTER_CS.SPATIAL_RNA_COUNTER.SPATIAL_POST_MATRIX_COMPUTATION.BIN_HD_DATA._BIN_HD_DATA._COMPUTE_BINNED_OUTPUTS.SPATIAL_BINNED_RNA_ANALYZER.RUN_GRAPH_CLUSTERING.fork_square_016um
2025-10-21 22:52:43 [runtime] (complete)        ID.F08544.SPATIAL_RNA_COUNTER_CS.SPATIAL_RNA_COUNTER.SPATIAL_POST_MATRIX_COMPUTATION.BIN_HD_DATA._BIN_HD_DATA._COMPUTE_BINNED_OUTPUTS.SPATIAL_BINNED_RNA_ANALYZER.RUN_GRAPH_CLUSTERING.fork_square_016um
2025-10-21 22:52:46 [runtime] (complete)        ID.F08544.SPATIAL_RNA_COUNTER_CS.SPATIAL_RNA_COUNTER.SPATIAL_POST_MATRIX_COMPUTATION.BIN_HD_DATA._BIN_HD_DATA._COMPUTE_BINNED_OUTPUTS.SPATIAL_BINNED_RNA_ANALYZER.RUN_GRAPH_CLUSTERING.fork_square_016um
2025-10-21 22:52:49 [runtime] (complete)        ID.F08544.SPATIAL_RNA_COUNTER_CS.SPATIAL_RNA_COUNTER.SPATIAL_POST_MATRIX_COMPUTATION.BIN_HD_DATA._BIN_HD_DATA._COMPUTE_BINNED_OUTPUTS.SPATIAL_BINNED_RNA_ANALYZER.RUN_GRAPH_CLUSTERING.fork_square_016um
2025-10-21 22:52:52 [runtime] (complete)        ID.F08544.SPATIAL_RNA_COUNTER_CS.SPATIAL_RNA_COUNTER.SPATIAL_POST_MATRIX_COMPUTATION.BIN_HD_DATA._BIN_HD_DATA._COMPUTE_BINNED_OUTPUTS.SPATIAL_BINNED_RNA_ANALYZER.RUN_GRAPH_CLUSTERING.fork_square_016um
2025-10-21 22:52:55 [runtime] (complete)        ID.F08544.SPATIAL_RNA_COUNTER_CS.SPATIAL_RNA_COUNTER.SPATIAL_POST_MATRIX_COMPUTATION.BIN_HD_DATA._BIN_HD_DATA._COMPUTE_BINNED_OUTPUTS.SPATIAL_BINNED_RNA_ANALYZER.RUN_GRAPH_CLUSTERING.fork_square_016um
2025-10-21 22:52:58 [runtime] (complete)        ID.F08544.SPATIAL_RNA_COUNTER_CS.SPATIAL_RNA_COUNTER.SPATIAL_POST_MATRIX_COMPUTATION.BIN_HD_DATA._BIN_HD_DATA._COMPUTE_BINNED_OUTPUTS.SPATIAL_BINNED_RNA_ANALYZER.RUN_GRAPH_CLUSTERING.fork_square_016um
2025-10-21 22:53:01 [runtime] (complete)        ID.F08544.SPATIAL_RNA_COUNTER_CS.SPATIAL_RNA_COUNTER.SPATIAL_POST_MATRIX_COMPUTATION.BIN_HD_DATA._BIN_HD_DATA._COMPUTE_BINNED_OUTPUTS.SPATIAL_BINNED_RNA_ANALYZER.RUN_GRAPH_CLUSTERING.fork_square_016um
2025-10-21 22:53:04 [runtime] (complete)        ID.F08544.SPATIAL_RNA_COUNTER_CS.SPATIAL_RNA_COUNTER.SPATIAL_POST_MATRIX_COMPUTATION.BIN_HD_DATA._BIN_HD_DATA._COMPUTE_BINNED_OUTPUTS.SPATIAL_BINNED_RNA_ANALYZER.RUN_GRAPH_CLUSTERING.fork_square_016um
2025-10-21 22:53:07 [runtime] (complete)        ID.F08544.SPATIAL_RNA_COUNTER_CS.SPATIAL_RNA_COUNTER.SPATIAL_POST_MATRIX_COMPUTATION.BIN_HD_DATA._BIN_HD_DATA._COMPUTE_BINNED_OUTPUTS.SPATIAL_BINNED_RNA_ANALYZER.RUN_GRAPH_CLUSTERING.fork_square_016um
2025-10-21 22:53:10 [runtime] (complete)        ID.F08544.SPATIAL_RNA_COUNTER_CS.SPATIAL_RNA_COUNTER.SPATIAL_POST_MATRIX_COMPUTATION.BIN_HD_DATA._BIN_HD_DATA._COMPUTE_BINNED_OUTPUTS.SPATIAL_BINNED_RNA_ANALYZER.RUN_GRAPH_CLUSTERING.fork_square_016um
2025-10-21 22:53:13 [runtime] (complete)        ID.F08544.SPATIAL_RNA_COUNTER_CS.SPATIAL_RNA_COUNTER.SPATIAL_POST_MATRIX_COMPUTATION.BIN_HD_DATA._BIN_HD_DATA._COMPUTE_BINNED_OUTPUTS.SPATIAL_BINNED_RNA_ANALYZER.RUN_GRAPH_CLUSTERING.fork_square_016um
2025-10-21 22:53:16 [runtime] (complete)        ID.F08544.SPATIAL_RNA_COUNTER_CS.SPATIAL_RNA_COUNTER.SPATIAL_POST_MATRIX_COMPUTATION.BIN_HD_DATA._BIN_HD_DATA._COMPUTE_BINNED_OUTPUTS.SPATIAL_BINNED_RNA_ANALYZER.RUN_GRAPH_CLUSTERING.fork_square_016um
2025-10-21 22:53:19 [runtime] (complete)        ID.F08544.SPATIAL_RNA_COUNTER_CS.SPATIAL_RNA_COUNTER.SPATIAL_POST_MATRIX_COMPUTATION.BIN_HD_DATA._BIN_HD_DATA._COMPUTE_BINNED_OUTPUTS.SPATIAL_BINNED_RNA_ANALYZER.RUN_GRAPH_CLUSTERING.fork_square_016um
2025-10-21 22:53:22 [runtime] (complete)        ID.F08544.SPATIAL_RNA_COUNTER_CS.SPATIAL_RNA_COUNTER.SPATIAL_POST_MATRIX_COMPUTATION.BIN_HD_DATA._BIN_HD_DATA._COMPUTE_BINNED_OUTPUTS.SPATIAL_BINNED_RNA_ANALYZER.RUN_GRAPH_CLUSTERING.fork_square_016um
2025-10-21 22:53:25 [runtime] (complete)        ID.F08544.SPATIAL_RNA_COUNTER_CS.SPATIAL_RNA_COUNTER.SPATIAL_POST_MATRIX_COMPUTATION.BIN_HD_DATA._BIN_HD_DATA._COMPUTE_BINNED_OUTPUTS.SPATIAL_BINNED_RNA_ANALYZER.RUN_GRAPH_CLUSTERING.fork_square_016um
2025-10-21 22:53:28 [runtime] (complete)        ID.F08544.SPATIAL_RNA_COUNTER_CS.SPATIAL_RNA_COUNTER.SPATIAL_POST_MATRIX_COMPUTATION.BIN_HD_DATA._BIN_HD_DATA._COMPUTE_BINNED_OUTPUTS.SPATIAL_BINNED_RNA_ANALYZER.RUN_GRAPH_CLUSTERING.fork_square_016um
2025-10-21 22:53:31 [runtime] (complete)        ID.F08544.SPATIAL_RNA_COUNTER_CS.SPATIAL_RNA_COUNTER.SPATIAL_POST_MATRIX_COMPUTATION.BIN_HD_DATA._BIN_HD_DATA._COMPUTE_BINNED_OUTPUTS.SPATIAL_BINNED_RNA_ANALYZER.RUN_GRAPH_CLUSTERING.fork_square_016um
2025-10-21 22:53:34 [runtime] (complete)        ID.F08544.SPATIAL_RNA_COUNTER_CS.SPATIAL_RNA_COUNTER.SPATIAL_POST_MATRIX_COMPUTATION.BIN_HD_DATA._BIN_HD_DATA._COMPUTE_BINNED_OUTPUTS.SPATIAL_BINNED_RNA_ANALYZER.RUN_GRAPH_CLUSTERING.fork_square_016um
2025-10-21 22:53:37 [runtime] (complete)        ID.F08544.SPATIAL_RNA_COUNTER_CS.SPATIAL_RNA_COUNTER.SPATIAL_POST_MATRIX_COMPUTATION.BIN_HD_DATA._BIN_HD_DATA._COMPUTE_BINNED_OUTPUTS.SPATIAL_BINNED_RNA_ANALYZER.RUN_GRAPH_CLUSTERING.fork_square_016um
2025-10-21 22:53:40 [runtime] (complete)        ID.F08544.SPATIAL_RNA_COUNTER_CS.SPATIAL_RNA_COUNTER.SPATIAL_POST_MATRIX_COMPUTATION.BIN_HD_DATA._BIN_HD_DATA._COMPUTE_BINNED_OUTPUTS.SPATIAL_BINNED_RNA_ANALYZER.RUN_GRAPH_CLUSTERING.fork_square_016um
2025-10-21 22:53:44 [runtime] (complete)        ID.F08544.SPATIAL_RNA_COUNTER_CS.SPATIAL_RNA_COUNTER.SPATIAL_POST_MATRIX_COMPUTATION.BIN_HD_DATA._BIN_HD_DATA._COMPUTE_BINNED_OUTPUTS.SPATIAL_BINNED_RNA_ANALYZER.RUN_GRAPH_CLUSTERING.fork_square_016um
2025-10-21 22:53:47 [runtime] (complete)        ID.F08544.SPATIAL_RNA_COUNTER_CS.SPATIAL_RNA_COUNTER.SPATIAL_POST_MATRIX_COMPUTATION.BIN_HD_DATA._BIN_HD_DATA._COMPUTE_BINNED_OUTPUTS.SPATIAL_BINNED_RNA_ANALYZER.RUN_GRAPH_CLUSTERING.fork_square_016um
2025-10-21 22:53:50 [runtime] (complete)        ID.F08544.SPATIAL_RNA_COUNTER_CS.SPATIAL_RNA_COUNTER.SPATIAL_POST_MATRIX_COMPUTATION.BIN_HD_DATA._BIN_HD_DATA._COMPUTE_BINNED_OUTPUTS.SPATIAL_BINNED_RNA_ANALYZER.RUN_GRAPH_CLUSTERING.fork_square_016um
2025-10-21 22:53:53 [runtime] (complete)        ID.F08544.SPATIAL_RNA_COUNTER_CS.SPATIAL_RNA_COUNTER.SPATIAL_POST_MATRIX_COMPUTATION.BIN_HD_DATA._BIN_HD_DATA._COMPUTE_BINNED_OUTPUTS.SPATIAL_BINNED_RNA_ANALYZER.RUN_GRAPH_CLUSTERING.fork_square_016um
2025-10-21 22:53:56 [runtime] (complete)        ID.F08544.SPATIAL_RNA_COUNTER_CS.SPATIAL_RNA_COUNTER.SPATIAL_POST_MATRIX_COMPUTATION.BIN_HD_DATA._BIN_HD_DATA._COMPUTE_BINNED_OUTPUTS.SPATIAL_BINNED_RNA_ANALYZER.RUN_GRAPH_CLUSTERING.fork_square_016um
2025-10-21 22:53:59 [runtime] (complete)        ID.F08544.SPATIAL_RNA_COUNTER_CS.SPATIAL_RNA_COUNTER.SPATIAL_POST_MATRIX_COMPUTATION.BIN_HD_DATA._BIN_HD_DATA._COMPUTE_BINNED_OUTPUTS.SPATIAL_BINNED_RNA_ANALYZER.RUN_GRAPH_CLUSTERING.fork_square_016um
2025-10-21 22:54:02 [runtime] (complete)        ID.F08544.SPATIAL_RNA_COUNTER_CS.SPATIAL_RNA_COUNTER.SPATIAL_POST_MATRIX_COMPUTATION.BIN_HD_DATA._BIN_HD_DATA._COMPUTE_BINNED_OUTPUTS.SPATIAL_BINNED_RNA_ANALYZER.RUN_GRAPH_CLUSTERING.fork_square_016um
2025-10-21 22:54:05 [runtime] (complete)        ID.F08544.SPATIAL_RNA_COUNTER_CS.SPATIAL_RNA_COUNTER.SPATIAL_POST_MATRIX_COMPUTATION.BIN_HD_DATA._BIN_HD_DATA._COMPUTE_BINNED_OUTPUTS.SPATIAL_BINNED_RNA_ANALYZER.RUN_GRAPH_CLUSTERING.fork_square_016um
2025-10-21 22:54:08 [runtime] (complete)        ID.F08544.SPATIAL_RNA_COUNTER_CS.SPATIAL_RNA_COUNTER.SPATIAL_POST_MATRIX_COMPUTATION.BIN_HD_DATA._BIN_HD_DATA._COMPUTE_BINNED_OUTPUTS.SPATIAL_BINNED_RNA_ANALYZER.RUN_GRAPH_CLUSTERING.fork_square_016um
2025-10-21 22:54:11 [runtime] (complete)        ID.F08544.SPATIAL_RNA_COUNTER_CS.SPATIAL_RNA_COUNTER.SPATIAL_POST_MATRIX_COMPUTATION.BIN_HD_DATA._BIN_HD_DATA._COMPUTE_BINNED_OUTPUTS.SPATIAL_BINNED_RNA_ANALYZER.RUN_GRAPH_CLUSTERING.fork_square_016um
2025-10-21 22:54:14 [runtime] (complete)        ID.F08544.SPATIAL_RNA_COUNTER_CS.SPATIAL_RNA_COUNTER.SPATIAL_POST_MATRIX_COMPUTATION.BIN_HD_DATA._BIN_HD_DATA._COMPUTE_BINNED_OUTPUTS.SPATIAL_BINNED_RNA_ANALYZER.RUN_GRAPH_CLUSTERING.fork_square_016um
2025-10-21 22:54:17 [runtime] (complete)        ID.F08544.SPATIAL_RNA_COUNTER_CS.SPATIAL_RNA_COUNTER.SPATIAL_POST_MATRIX_COMPUTATION.BIN_HD_DATA._BIN_HD_DATA._COMPUTE_BINNED_OUTPUTS.SPATIAL_BINNED_RNA_ANALYZER.RUN_GRAPH_CLUSTERING.fork_square_016um
2025-10-21 22:54:20 [runtime] (complete)        ID.F08544.SPATIAL_RNA_COUNTER_CS.SPATIAL_RNA_COUNTER.SPATIAL_POST_MATRIX_COMPUTATION.BIN_HD_DATA._BIN_HD_DATA._COMPUTE_BINNED_OUTPUTS.SPATIAL_BINNED_RNA_ANALYZER.RUN_GRAPH_CLUSTERING.fork_square_016um
2025-10-21 22:54:23 [runtime] (complete)        ID.F08544.SPATIAL_RNA_COUNTER_CS.SPATIAL_RNA_COUNTER.SPATIAL_POST_MATRIX_COMPUTATION.BIN_HD_DATA._BIN_HD_DATA._COMPUTE_BINNED_OUTPUTS.SPATIAL_BINNED_RNA_ANALYZER.RUN_GRAPH_CLUSTERING.fork_square_016um
2025-10-21 22:54:26 [runtime] (complete)        ID.F08544.SPATIAL_RNA_COUNTER_CS.SPATIAL_RNA_COUNTER.SPATIAL_POST_MATRIX_COMPUTATION.BIN_HD_DATA._BIN_HD_DATA._COMPUTE_BINNED_OUTPUTS.SPATIAL_BINNED_RNA_ANALYZER.RUN_GRAPH_CLUSTERING.fork_square_016um
2025-10-21 22:54:29 [runtime] (complete)        ID.F08544.SPATIAL_RNA_COUNTER_CS.SPATIAL_RNA_COUNTER.SPATIAL_POST_MATRIX_COMPUTATION.BIN_HD_DATA._BIN_HD_DATA._COMPUTE_BINNED_OUTPUTS.SPATIAL_BINNED_RNA_ANALYZER.RUN_GRAPH_CLUSTERING.fork_square_016um
2025-10-21 22:54:32 [runtime] (complete)        ID.F08544.SPATIAL_RNA_COUNTER_CS.SPATIAL_RNA_COUNTER.SPATIAL_POST_MATRIX_COMPUTATION.BIN_HD_DATA._BIN_HD_DATA._COMPUTE_BINNED_OUTPUTS.SPATIAL_BINNED_RNA_ANALYZER.RUN_GRAPH_CLUSTERING.fork_square_016um
2025-10-21 22:54:35 [runtime] (complete)        ID.F08544.SPATIAL_RNA_COUNTER_CS.SPATIAL_RNA_COUNTER.SPATIAL_POST_MATRIX_COMPUTATION.BIN_HD_DATA._BIN_HD_DATA._COMPUTE_BINNED_OUTPUTS.SPATIAL_BINNED_RNA_ANALYZER.RUN_GRAPH_CLUSTERING.fork_square_016um
2025-10-21 22:54:38 [runtime] (complete)        ID.F08544.SPATIAL_RNA_COUNTER_CS.SPATIAL_RNA_COUNTER.SPATIAL_POST_MATRIX_COMPUTATION.BIN_HD_DATA._BIN_HD_DATA._COMPUTE_BINNED_OUTPUTS.SPATIAL_BINNED_RNA_ANALYZER.RUN_GRAPH_CLUSTERING.fork_square_016um
2025-10-21 22:54:41 [runtime] (complete)        ID.F08544.SPATIAL_RNA_COUNTER_CS.SPATIAL_RNA_COUNTER.SPATIAL_POST_MATRIX_COMPUTATION.BIN_HD_DATA._BIN_HD_DATA._COMPUTE_BINNED_OUTPUTS.SPATIAL_BINNED_RNA_ANALYZER.RUN_GRAPH_CLUSTERING.fork_square_016um
2025-10-21 22:54:44 [runtime] (complete)        ID.F08544.SPATIAL_RNA_COUNTER_CS.SPATIAL_RNA_COUNTER.SPATIAL_POST_MATRIX_COMPUTATION.BIN_HD_DATA._BIN_HD_DATA._COMPUTE_BINNED_OUTPUTS.SPATIAL_BINNED_RNA_ANALYZER.RUN_GRAPH_CLUSTERING.fork_square_016um
2025-10-21 22:54:47 [runtime] (complete)        ID.F08544.SPATIAL_RNA_COUNTER_CS.SPATIAL_RNA_COUNTER.SPATIAL_POST_MATRIX_COMPUTATION.BIN_HD_DATA._BIN_HD_DATA._COMPUTE_BINNED_OUTPUTS.SPATIAL_BINNED_RNA_ANALYZER.RUN_GRAPH_CLUSTERING.fork_square_016um
2025-10-21 22:54:50 [runtime] (complete)        ID.F08544.SPATIAL_RNA_COUNTER_CS.SPATIAL_RNA_COUNTER.SPATIAL_POST_MATRIX_COMPUTATION.BIN_HD_DATA._BIN_HD_DATA._COMPUTE_BINNED_OUTPUTS.SPATIAL_BINNED_RNA_ANALYZER.RUN_GRAPH_CLUSTERING.fork_square_016um
2025-10-21 22:54:53 [runtime] (complete)        ID.F08544.SPATIAL_RNA_COUNTER_CS.SPATIAL_RNA_COUNTER.SPATIAL_POST_MATRIX_COMPUTATION.BIN_HD_DATA._BIN_HD_DATA._COMPUTE_BINNED_OUTPUTS.SPATIAL_BINNED_RNA_ANALYZER.RUN_GRAPH_CLUSTERING.fork_square_016um
2025-10-21 22:54:56 [runtime] (complete)        ID.F08544.SPATIAL_RNA_COUNTER_CS.SPATIAL_RNA_COUNTER.SPATIAL_POST_MATRIX_COMPUTATION.BIN_HD_DATA._BIN_HD_DATA._COMPUTE_BINNED_OUTPUTS.SPATIAL_BINNED_RNA_ANALYZER.RUN_GRAPH_CLUSTERING.fork_square_016um
2025-10-21 22:54:59 [runtime] (complete)        ID.F08544.SPATIAL_RNA_COUNTER_CS.SPATIAL_RNA_COUNTER.SPATIAL_POST_MATRIX_COMPUTATION.BIN_HD_DATA._BIN_HD_DATA._COMPUTE_BINNED_OUTPUTS.SPATIAL_BINNED_RNA_ANALYZER.RUN_GRAPH_CLUSTERING.fork_square_016um
2025-10-21 22:55:02 [runtime] (complete)        ID.F08544.SPATIAL_RNA_COUNTER_CS.SPATIAL_RNA_COUNTER.SPATIAL_POST_MATRIX_COMPUTATION.BIN_HD_DATA._BIN_HD_DATA._COMPUTE_BINNED_OUTPUTS.SPATIAL_BINNED_RNA_ANALYZER.RUN_GRAPH_CLUSTERING.fork_square_016um
2025-10-21 22:55:05 [runtime] (complete)        ID.F08544.SPATIAL_RNA_COUNTER_CS.SPATIAL_RNA_COUNTER.SPATIAL_POST_MATRIX_COMPUTATION.BIN_HD_DATA._BIN_HD_DATA._COMPUTE_BINNED_OUTPUTS.SPATIAL_BINNED_RNA_ANALYZER.RUN_GRAPH_CLUSTERING.fork_square_016um
2025-10-21 22:55:08 [runtime] (complete)        ID.F08544.SPATIAL_RNA_COUNTER_CS.SPATIAL_RNA_COUNTER.SPATIAL_POST_MATRIX_COMPUTATION.BIN_HD_DATA._BIN_HD_DATA._COMPUTE_BINNED_OUTPUTS.SPATIAL_BINNED_RNA_ANALYZER.RUN_GRAPH_CLUSTERING.fork_square_016um
2025-10-21 22:55:11 [runtime] (complete)        ID.F08544.SPATIAL_RNA_COUNTER_CS.SPATIAL_RNA_COUNTER.SPATIAL_POST_MATRIX_COMPUTATION.BIN_HD_DATA._BIN_HD_DATA._COMPUTE_BINNED_OUTPUTS.SPATIAL_BINNED_RNA_ANALYZER.RUN_GRAPH_CLUSTERING.fork_square_016um
2025-10-21 22:55:14 [runtime] (complete)        ID.F08544.SPATIAL_RNA_COUNTER_CS.SPATIAL_RNA_COUNTER.SPATIAL_POST_MATRIX_COMPUTATION.BIN_HD_DATA._BIN_HD_DATA._COMPUTE_BINNED_OUTPUTS.SPATIAL_BINNED_RNA_ANALYZER.RUN_GRAPH_CLUSTERING.fork_square_016um
2025-10-21 22:55:17 [runtime] (complete)        ID.F08544.SPATIAL_RNA_COUNTER_CS.SPATIAL_RNA_COUNTER.SPATIAL_POST_MATRIX_COMPUTATION.BIN_HD_DATA._BIN_HD_DATA._COMPUTE_BINNED_OUTPUTS.SPATIAL_BINNED_RNA_ANALYZER.RUN_GRAPH_CLUSTERING.fork_square_016um
2025-10-21 22:55:20 [runtime] (complete)        ID.F08544.SPATIAL_RNA_COUNTER_CS.SPATIAL_RNA_COUNTER.SPATIAL_POST_MATRIX_COMPUTATION.BIN_HD_DATA._BIN_HD_DATA._COMPUTE_BINNED_OUTPUTS.SPATIAL_BINNED_RNA_ANALYZER.RUN_GRAPH_CLUSTERING.fork_square_016um
2025-10-21 22:55:23 [runtime] (complete)        ID.F08544.SPATIAL_RNA_COUNTER_CS.SPATIAL_RNA_COUNTER.SPATIAL_POST_MATRIX_COMPUTATION.BIN_HD_DATA._BIN_HD_DATA._COMPUTE_BINNED_OUTPUTS.SPATIAL_BINNED_RNA_ANALYZER.RUN_GRAPH_CLUSTERING.fork_square_016um
2025-10-21 22:55:26 [runtime] (complete)        ID.F08544.SPATIAL_RNA_COUNTER_CS.SPATIAL_RNA_COUNTER.SPATIAL_POST_MATRIX_COMPUTATION.BIN_HD_DATA._BIN_HD_DATA._COMPUTE_BINNED_OUTPUTS.SPATIAL_BINNED_RNA_ANALYZER.RUN_GRAPH_CLUSTERING.fork_square_016um
2025-10-21 22:55:29 [runtime] (complete)        ID.F08544.SPATIAL_RNA_COUNTER_CS.SPATIAL_RNA_COUNTER.SPATIAL_POST_MATRIX_COMPUTATION.BIN_HD_DATA._BIN_HD_DATA._COMPUTE_BINNED_OUTPUTS.SPATIAL_BINNED_RNA_ANALYZER.RUN_GRAPH_CLUSTERING.fork_square_016um
2025-10-21 22:55:32 [runtime] (complete)        ID.F08544.SPATIAL_RNA_COUNTER_CS.SPATIAL_RNA_COUNTER.SPATIAL_POST_MATRIX_COMPUTATION.BIN_HD_DATA._BIN_HD_DATA._COMPUTE_BINNED_OUTPUTS.SPATIAL_BINNED_RNA_ANALYZER.RUN_GRAPH_CLUSTERING.fork_square_016um
2025-10-21 22:55:35 [runtime] (complete)        ID.F08544.SPATIAL_RNA_COUNTER_CS.SPATIAL_RNA_COUNTER.SPATIAL_POST_MATRIX_COMPUTATION.BIN_HD_DATA._BIN_HD_DATA._COMPUTE_BINNED_OUTPUTS.SPATIAL_BINNED_RNA_ANALYZER.RUN_GRAPH_CLUSTERING.fork_square_016um
2025-10-21 22:55:38 [runtime] (complete)        ID.F08544.SPATIAL_RNA_COUNTER_CS.SPATIAL_RNA_COUNTER.SPATIAL_POST_MATRIX_COMPUTATION.BIN_HD_DATA._BIN_HD_DATA._COMPUTE_BINNED_OUTPUTS.SPATIAL_BINNED_RNA_ANALYZER.RUN_GRAPH_CLUSTERING.fork_square_016um
2025-10-21 22:55:41 [runtime] (complete)        ID.F08544.SPATIAL_RNA_COUNTER_CS.SPATIAL_RNA_COUNTER.SPATIAL_POST_MATRIX_COMPUTATION.BIN_HD_DATA._BIN_HD_DATA._COMPUTE_BINNED_OUTPUTS.SPATIAL_BINNED_RNA_ANALYZER.RUN_GRAPH_CLUSTERING.fork_square_016um
2025-10-21 22:55:44 [runtime] (complete)        ID.F08544.SPATIAL_RNA_COUNTER_CS.SPATIAL_RNA_COUNTER.SPATIAL_POST_MATRIX_COMPUTATION.BIN_HD_DATA._BIN_HD_DATA._COMPUTE_BINNED_OUTPUTS.SPATIAL_BINNED_RNA_ANALYZER.RUN_GRAPH_CLUSTERING.fork_square_016um
2025-10-21 22:55:47 [runtime] (complete)        ID.F08544.SPATIAL_RNA_COUNTER_CS.SPATIAL_RNA_COUNTER.SPATIAL_POST_MATRIX_COMPUTATION.BIN_HD_DATA._BIN_HD_DATA._COMPUTE_BINNED_OUTPUTS.SPATIAL_BINNED_RNA_ANALYZER.RUN_GRAPH_CLUSTERING.fork_square_016um
2025-10-21 22:55:50 [runtime] (complete)        ID.F08544.SPATIAL_RNA_COUNTER_CS.SPATIAL_RNA_COUNTER.SPATIAL_POST_MATRIX_COMPUTATION.BIN_HD_DATA._BIN_HD_DATA._COMPUTE_BINNED_OUTPUTS.SPATIAL_BINNED_RNA_ANALYZER.RUN_GRAPH_CLUSTERING.fork_square_016um
2025-10-21 22:55:53 [runtime] (complete)        ID.F08544.SPATIAL_RNA_COUNTER_CS.SPATIAL_RNA_COUNTER.SPATIAL_POST_MATRIX_COMPUTATION.BIN_HD_DATA._BIN_HD_DATA._COMPUTE_BINNED_OUTPUTS.SPATIAL_BINNED_RNA_ANALYZER.RUN_GRAPH_CLUSTERING.fork_square_016um
2025-10-21 22:55:56 [runtime] (complete)        ID.F08544.SPATIAL_RNA_COUNTER_CS.SPATIAL_RNA_COUNTER.SPATIAL_POST_MATRIX_COMPUTATION.BIN_HD_DATA._BIN_HD_DATA._COMPUTE_BINNED_OUTPUTS.SPATIAL_BINNED_RNA_ANALYZER.RUN_GRAPH_CLUSTERING.fork_square_016um
2025-10-21 22:55:59 [runtime] (complete)        ID.F08544.SPATIAL_RNA_COUNTER_CS.SPATIAL_RNA_COUNTER.SPATIAL_POST_MATRIX_COMPUTATION.BIN_HD_DATA._BIN_HD_DATA._COMPUTE_BINNED_OUTPUTS.SPATIAL_BINNED_RNA_ANALYZER.RUN_GRAPH_CLUSTERING.fork_square_016um
2025-10-21 22:56:02 [runtime] (complete)        ID.F08544.SPATIAL_RNA_COUNTER_CS.SPATIAL_RNA_COUNTER.SPATIAL_POST_MATRIX_COMPUTATION.BIN_HD_DATA._BIN_HD_DATA._COMPUTE_BINNED_OUTPUTS.SPATIAL_BINNED_RNA_ANALYZER.RUN_GRAPH_CLUSTERING.fork_square_016um
2025-10-21 22:56:05 [runtime] (complete)        ID.F08544.SPATIAL_RNA_COUNTER_CS.SPATIAL_RNA_COUNTER.SPATIAL_POST_MATRIX_COMPUTATION.BIN_HD_DATA._BIN_HD_DATA._COMPUTE_BINNED_OUTPUTS.SPATIAL_BINNED_RNA_ANALYZER.RUN_GRAPH_CLUSTERING.fork_square_016um
2025-10-21 22:56:08 [runtime] (complete)        ID.F08544.SPATIAL_RNA_COUNTER_CS.SPATIAL_RNA_COUNTER.SPATIAL_POST_MATRIX_COMPUTATION.BIN_HD_DATA._BIN_HD_DATA._COMPUTE_BINNED_OUTPUTS.SPATIAL_BINNED_RNA_ANALYZER.RUN_GRAPH_CLUSTERING.fork_square_016um
2025-10-21 22:56:11 [runtime] (complete)        ID.F08544.SPATIAL_RNA_COUNTER_CS.SPATIAL_RNA_COUNTER.SPATIAL_POST_MATRIX_COMPUTATION.BIN_HD_DATA._BIN_HD_DATA._COMPUTE_BINNED_OUTPUTS.SPATIAL_BINNED_RNA_ANALYZER.RUN_GRAPH_CLUSTERING.fork_square_016um
2025-10-21 22:56:14 [runtime] (complete)        ID.F08544.SPATIAL_RNA_COUNTER_CS.SPATIAL_RNA_COUNTER.SPATIAL_POST_MATRIX_COMPUTATION.BIN_HD_DATA._BIN_HD_DATA._COMPUTE_BINNED_OUTPUTS.SPATIAL_BINNED_RNA_ANALYZER.RUN_GRAPH_CLUSTERING.fork_square_016um
2025-10-21 22:56:17 [runtime] (complete)        ID.F08544.SPATIAL_RNA_COUNTER_CS.SPATIAL_RNA_COUNTER.SPATIAL_POST_MATRIX_COMPUTATION.BIN_HD_DATA._BIN_HD_DATA._COMPUTE_BINNED_OUTPUTS.SPATIAL_BINNED_RNA_ANALYZER.RUN_GRAPH_CLUSTERING.fork_square_016um
2025-10-21 22:56:20 [runtime] (complete)        ID.F08544.SPATIAL_RNA_COUNTER_CS.SPATIAL_RNA_COUNTER.SPATIAL_POST_MATRIX_COMPUTATION.BIN_HD_DATA._BIN_HD_DATA._COMPUTE_BINNED_OUTPUTS.SPATIAL_BINNED_RNA_ANALYZER.RUN_GRAPH_CLUSTERING.fork_square_016um
2025-10-21 22:56:23 [runtime] (complete)        ID.F08544.SPATIAL_RNA_COUNTER_CS.SPATIAL_RNA_COUNTER.SPATIAL_POST_MATRIX_COMPUTATION.BIN_HD_DATA._BIN_HD_DATA._COMPUTE_BINNED_OUTPUTS.SPATIAL_BINNED_RNA_ANALYZER.RUN_GRAPH_CLUSTERING.fork_square_016um
2025-10-21 22:56:26 [runtime] (complete)        ID.F08544.SPATIAL_RNA_COUNTER_CS.SPATIAL_RNA_COUNTER.SPATIAL_POST_MATRIX_COMPUTATION.BIN_HD_DATA._BIN_HD_DATA._COMPUTE_BINNED_OUTPUTS.SPATIAL_BINNED_RNA_ANALYZER.RUN_GRAPH_CLUSTERING.fork_square_016um
2025-10-21 22:56:29 [runtime] (complete)        ID.F08544.SPATIAL_RNA_COUNTER_CS.SPATIAL_RNA_COUNTER.SPATIAL_POST_MATRIX_COMPUTATION.BIN_HD_DATA._BIN_HD_DATA._COMPUTE_BINNED_OUTPUTS.SPATIAL_BINNED_RNA_ANALYZER.RUN_GRAPH_CLUSTERING.fork_square_016um
2025-10-21 22:56:32 [runtime] (complete)        ID.F08544.SPATIAL_RNA_COUNTER_CS.SPATIAL_RNA_COUNTER.SPATIAL_POST_MATRIX_COMPUTATION.BIN_HD_DATA._BIN_HD_DATA._COMPUTE_BINNED_OUTPUTS.SPATIAL_BINNED_RNA_ANALYZER.RUN_GRAPH_CLUSTERING.fork_square_016um
2025-10-21 22:56:35 [runtime] (complete)        ID.F08544.SPATIAL_RNA_COUNTER_CS.SPATIAL_RNA_COUNTER.SPATIAL_POST_MATRIX_COMPUTATION.BIN_HD_DATA._BIN_HD_DATA._COMPUTE_BINNED_OUTPUTS.SPATIAL_BINNED_RNA_ANALYZER.RUN_GRAPH_CLUSTERING.fork_square_016um
2025-10-21 22:56:38 [runtime] (complete)        ID.F08544.SPATIAL_RNA_COUNTER_CS.SPATIAL_RNA_COUNTER.SPATIAL_POST_MATRIX_COMPUTATION.BIN_HD_DATA._BIN_HD_DATA._COMPUTE_BINNED_OUTPUTS.SPATIAL_BINNED_RNA_ANALYZER.RUN_GRAPH_CLUSTERING.fork_square_016um
2025-10-21 22:56:41 [runtime] (complete)        ID.F08544.SPATIAL_RNA_COUNTER_CS.SPATIAL_RNA_COUNTER.SPATIAL_POST_MATRIX_COMPUTATION.BIN_HD_DATA._BIN_HD_DATA._COMPUTE_BINNED_OUTPUTS.SPATIAL_BINNED_RNA_ANALYZER.RUN_GRAPH_CLUSTERING.fork_square_016um
2025-10-21 22:56:44 [runtime] (complete)        ID.F08544.SPATIAL_RNA_COUNTER_CS.SPATIAL_RNA_COUNTER.SPATIAL_POST_MATRIX_COMPUTATION.BIN_HD_DATA._BIN_HD_DATA._COMPUTE_BINNED_OUTPUTS.SPATIAL_BINNED_RNA_ANALYZER.RUN_GRAPH_CLUSTERING.fork_square_016um
2025-10-21 22:56:47 [runtime] (complete)        ID.F08544.SPATIAL_RNA_COUNTER_CS.SPATIAL_RNA_COUNTER.SPATIAL_POST_MATRIX_COMPUTATION.BIN_HD_DATA._BIN_HD_DATA._COMPUTE_BINNED_OUTPUTS.SPATIAL_BINNED_RNA_ANALYZER.RUN_GRAPH_CLUSTERING.fork_square_016um
2025-10-21 22:56:50 [runtime] (complete)        ID.F08544.SPATIAL_RNA_COUNTER_CS.SPATIAL_RNA_COUNTER.SPATIAL_POST_MATRIX_COMPUTATION.BIN_HD_DATA._BIN_HD_DATA._COMPUTE_BINNED_OUTPUTS.SPATIAL_BINNED_RNA_ANALYZER.RUN_GRAPH_CLUSTERING.fork_square_016um
2025-10-21 22:56:53 [runtime] (complete)        ID.F08544.SPATIAL_RNA_COUNTER_CS.SPATIAL_RNA_COUNTER.SPATIAL_POST_MATRIX_COMPUTATION.BIN_HD_DATA._BIN_HD_DATA._COMPUTE_BINNED_OUTPUTS.SPATIAL_BINNED_RNA_ANALYZER.RUN_GRAPH_CLUSTERING.fork_square_016um
2025-10-21 22:56:56 [runtime] (complete)        ID.F08544.SPATIAL_RNA_COUNTER_CS.SPATIAL_RNA_COUNTER.SPATIAL_POST_MATRIX_COMPUTATION.BIN_HD_DATA._BIN_HD_DATA._COMPUTE_BINNED_OUTPUTS.SPATIAL_BINNED_RNA_ANALYZER.RUN_GRAPH_CLUSTERING.fork_square_016um
2025-10-21 22:56:59 [runtime] (complete)        ID.F08544.SPATIAL_RNA_COUNTER_CS.SPATIAL_RNA_COUNTER.SPATIAL_POST_MATRIX_COMPUTATION.BIN_HD_DATA._BIN_HD_DATA._COMPUTE_BINNED_OUTPUTS.SPATIAL_BINNED_RNA_ANALYZER.RUN_GRAPH_CLUSTERING.fork_square_016um
2025-10-21 22:57:02 [runtime] (complete)        ID.F08544.SPATIAL_RNA_COUNTER_CS.SPATIAL_RNA_COUNTER.SPATIAL_POST_MATRIX_COMPUTATION.BIN_HD_DATA._BIN_HD_DATA._COMPUTE_BINNED_OUTPUTS.SPATIAL_BINNED_RNA_ANALYZER.RUN_GRAPH_CLUSTERING.fork_square_016um
2025-10-21 22:57:05 [runtime] (complete)        ID.F08544.SPATIAL_RNA_COUNTER_CS.SPATIAL_RNA_COUNTER.SPATIAL_POST_MATRIX_COMPUTATION.BIN_HD_DATA._BIN_HD_DATA._COMPUTE_BINNED_OUTPUTS.SPATIAL_BINNED_RNA_ANALYZER.RUN_GRAPH_CLUSTERING.fork_square_016um
2025-10-21 22:57:08 [runtime] (complete)        ID.F08544.SPATIAL_RNA_COUNTER_CS.SPATIAL_RNA_COUNTER.SPATIAL_POST_MATRIX_COMPUTATION.BIN_HD_DATA._BIN_HD_DATA._COMPUTE_BINNED_OUTPUTS.SPATIAL_BINNED_RNA_ANALYZER.RUN_GRAPH_CLUSTERING.fork_square_016um
2025-10-21 22:57:11 [runtime] (complete)        ID.F08544.SPATIAL_RNA_COUNTER_CS.SPATIAL_RNA_COUNTER.SPATIAL_POST_MATRIX_COMPUTATION.BIN_HD_DATA._BIN_HD_DATA._COMPUTE_BINNED_OUTPUTS.SPATIAL_BINNED_RNA_ANALYZER.RUN_GRAPH_CLUSTERING.fork_square_016um
2025-10-21 22:57:14 [runtime] (complete)        ID.F08544.SPATIAL_RNA_COUNTER_CS.SPATIAL_RNA_COUNTER.SPATIAL_POST_MATRIX_COMPUTATION.BIN_HD_DATA._BIN_HD_DATA._COMPUTE_BINNED_OUTPUTS.SPATIAL_BINNED_RNA_ANALYZER.RUN_GRAPH_CLUSTERING.fork_square_016um
2025-10-21 22:57:17 [runtime] (complete)        ID.F08544.SPATIAL_RNA_COUNTER_CS.SPATIAL_RNA_COUNTER.SPATIAL_POST_MATRIX_COMPUTATION.BIN_HD_DATA._BIN_HD_DATA._COMPUTE_BINNED_OUTPUTS.SPATIAL_BINNED_RNA_ANALYZER.RUN_GRAPH_CLUSTERING.fork_square_016um
2025-10-21 22:57:20 [runtime] (complete)        ID.F08544.SPATIAL_RNA_COUNTER_CS.SPATIAL_RNA_COUNTER.SPATIAL_POST_MATRIX_COMPUTATION.BIN_HD_DATA._BIN_HD_DATA._COMPUTE_BINNED_OUTPUTS.SPATIAL_BINNED_RNA_ANALYZER.RUN_GRAPH_CLUSTERING.fork_square_016um
2025-10-21 22:57:23 [runtime] (update)          ID.F08544.SPATIAL_RNA_COUNTER_CS.SPATIAL_RNA_COUNTER.SPATIAL_POST_MATRIX_COMPUTATION.BIN_HD_DATA._BIN_HD_DATA._COMPUTE_BINNED_OUTPUTS.SPATIAL_BINNED_RNA_ANALYZER.RUN_GRAPH_CLUSTERING.fork_square_008um chunks_running
2025-10-21 22:57:24 [runtime] (complete)        ID.F08544.SPATIAL_RNA_COUNTER_CS.SPATIAL_RNA_COUNTER.SPATIAL_POST_MATRIX_COMPUTATION.BIN_HD_DATA._BIN_HD_DATA._COMPUTE_BINNED_OUTPUTS.SPATIAL_BINNED_RNA_ANALYZER.RUN_GRAPH_CLUSTERING.fork_square_016um
2025-10-21 22:57:27 [runtime] (complete)        ID.F08544.SPATIAL_RNA_COUNTER_CS.SPATIAL_RNA_COUNTER.SPATIAL_POST_MATRIX_COMPUTATION.BIN_HD_DATA._BIN_HD_DATA._COMPUTE_BINNED_OUTPUTS.SPATIAL_BINNED_RNA_ANALYZER.RUN_GRAPH_CLUSTERING.fork_square_016um
2025-10-21 22:57:30 [runtime] (complete)        ID.F08544.SPATIAL_RNA_COUNTER_CS.SPATIAL_RNA_COUNTER.SPATIAL_POST_MATRIX_COMPUTATION.BIN_HD_DATA._BIN_HD_DATA._COMPUTE_BINNED_OUTPUTS.SPATIAL_BINNED_RNA_ANALYZER.RUN_GRAPH_CLUSTERING.fork_square_016um
2025-10-21 22:57:33 [runtime] (complete)        ID.F08544.SPATIAL_RNA_COUNTER_CS.SPATIAL_RNA_COUNTER.SPATIAL_POST_MATRIX_COMPUTATION.BIN_HD_DATA._BIN_HD_DATA._COMPUTE_BINNED_OUTPUTS.SPATIAL_BINNED_RNA_ANALYZER.RUN_GRAPH_CLUSTERING.fork_square_016um
2025-10-21 22:57:36 [runtime] (complete)        ID.F08544.SPATIAL_RNA_COUNTER_CS.SPATIAL_RNA_COUNTER.SPATIAL_POST_MATRIX_COMPUTATION.BIN_HD_DATA._BIN_HD_DATA._COMPUTE_BINNED_OUTPUTS.SPATIAL_BINNED_RNA_ANALYZER.RUN_GRAPH_CLUSTERING.fork_square_016um
2025-10-21 22:57:39 [runtime] (complete)        ID.F08544.SPATIAL_RNA_COUNTER_CS.SPATIAL_RNA_COUNTER.SPATIAL_POST_MATRIX_COMPUTATION.BIN_HD_DATA._BIN_HD_DATA._COMPUTE_BINNED_OUTPUTS.SPATIAL_BINNED_RNA_ANALYZER.RUN_GRAPH_CLUSTERING.fork_square_016um
2025-10-21 22:57:42 [runtime] (complete)        ID.F08544.SPATIAL_RNA_COUNTER_CS.SPATIAL_RNA_COUNTER.SPATIAL_POST_MATRIX_COMPUTATION.BIN_HD_DATA._BIN_HD_DATA._COMPUTE_BINNED_OUTPUTS.SPATIAL_BINNED_RNA_ANALYZER.RUN_GRAPH_CLUSTERING.fork_square_016um
2025-10-21 22:57:45 [runtime] (complete)        ID.F08544.SPATIAL_RNA_COUNTER_CS.SPATIAL_RNA_COUNTER.SPATIAL_POST_MATRIX_COMPUTATION.BIN_HD_DATA._BIN_HD_DATA._COMPUTE_BINNED_OUTPUTS.SPATIAL_BINNED_RNA_ANALYZER.RUN_GRAPH_CLUSTERING.fork_square_016um
2025-10-21 22:57:48 [runtime] (complete)        ID.F08544.SPATIAL_RNA_COUNTER_CS.SPATIAL_RNA_COUNTER.SPATIAL_POST_MATRIX_COMPUTATION.BIN_HD_DATA._BIN_HD_DATA._COMPUTE_BINNED_OUTPUTS.SPATIAL_BINNED_RNA_ANALYZER.RUN_GRAPH_CLUSTERING.fork_square_016um
2025-10-21 22:57:51 [runtime] (complete)        ID.F08544.SPATIAL_RNA_COUNTER_CS.SPATIAL_RNA_COUNTER.SPATIAL_POST_MATRIX_COMPUTATION.BIN_HD_DATA._BIN_HD_DATA._COMPUTE_BINNED_OUTPUTS.SPATIAL_BINNED_RNA_ANALYZER.RUN_GRAPH_CLUSTERING.fork_square_016um
2025-10-21 22:57:54 [runtime] (complete)        ID.F08544.SPATIAL_RNA_COUNTER_CS.SPATIAL_RNA_COUNTER.SPATIAL_POST_MATRIX_COMPUTATION.BIN_HD_DATA._BIN_HD_DATA._COMPUTE_BINNED_OUTPUTS.SPATIAL_BINNED_RNA_ANALYZER.RUN_GRAPH_CLUSTERING.fork_square_016um
2025-10-21 22:57:57 [runtime] (complete)        ID.F08544.SPATIAL_RNA_COUNTER_CS.SPATIAL_RNA_COUNTER.SPATIAL_POST_MATRIX_COMPUTATION.BIN_HD_DATA._BIN_HD_DATA._COMPUTE_BINNED_OUTPUTS.SPATIAL_BINNED_RNA_ANALYZER.RUN_GRAPH_CLUSTERING.fork_square_016um
2025-10-21 22:58:00 [runtime] (complete)        ID.F08544.SPATIAL_RNA_COUNTER_CS.SPATIAL_RNA_COUNTER.SPATIAL_POST_MATRIX_COMPUTATION.BIN_HD_DATA._BIN_HD_DATA._COMPUTE_BINNED_OUTPUTS.SPATIAL_BINNED_RNA_ANALYZER.RUN_GRAPH_CLUSTERING.fork_square_016um
2025-10-21 22:58:03 [runtime] (complete)        ID.F08544.SPATIAL_RNA_COUNTER_CS.SPATIAL_RNA_COUNTER.SPATIAL_POST_MATRIX_COMPUTATION.BIN_HD_DATA._BIN_HD_DATA._COMPUTE_BINNED_OUTPUTS.SPATIAL_BINNED_RNA_ANALYZER.RUN_GRAPH_CLUSTERING.fork_square_016um
2025-10-21 22:58:06 [runtime] (complete)        ID.F08544.SPATIAL_RNA_COUNTER_CS.SPATIAL_RNA_COUNTER.SPATIAL_POST_MATRIX_COMPUTATION.BIN_HD_DATA._BIN_HD_DATA._COMPUTE_BINNED_OUTPUTS.SPATIAL_BINNED_RNA_ANALYZER.RUN_GRAPH_CLUSTERING.fork_square_016um
2025-10-21 22:58:09 [runtime] (complete)        ID.F08544.SPATIAL_RNA_COUNTER_CS.SPATIAL_RNA_COUNTER.SPATIAL_POST_MATRIX_COMPUTATION.BIN_HD_DATA._BIN_HD_DATA._COMPUTE_BINNED_OUTPUTS.SPATIAL_BINNED_RNA_ANALYZER.RUN_GRAPH_CLUSTERING.fork_square_016um
2025-10-21 22:58:12 [runtime] (complete)        ID.F08544.SPATIAL_RNA_COUNTER_CS.SPATIAL_RNA_COUNTER.SPATIAL_POST_MATRIX_COMPUTATION.BIN_HD_DATA._BIN_HD_DATA._COMPUTE_BINNED_OUTPUTS.SPATIAL_BINNED_RNA_ANALYZER.RUN_GRAPH_CLUSTERING.fork_square_016um
2025-10-21 22:58:15 [runtime] (complete)        ID.F08544.SPATIAL_RNA_COUNTER_CS.SPATIAL_RNA_COUNTER.SPATIAL_POST_MATRIX_COMPUTATION.BIN_HD_DATA._BIN_HD_DATA._COMPUTE_BINNED_OUTPUTS.SPATIAL_BINNED_RNA_ANALYZER.RUN_GRAPH_CLUSTERING.fork_square_016um
2025-10-21 22:58:18 [runtime] (complete)        ID.F08544.SPATIAL_RNA_COUNTER_CS.SPATIAL_RNA_COUNTER.SPATIAL_POST_MATRIX_COMPUTATION.BIN_HD_DATA._BIN_HD_DATA._COMPUTE_BINNED_OUTPUTS.SPATIAL_BINNED_RNA_ANALYZER.RUN_GRAPH_CLUSTERING.fork_square_016um
2025-10-21 22:58:21 [runtime] (complete)        ID.F08544.SPATIAL_RNA_COUNTER_CS.SPATIAL_RNA_COUNTER.SPATIAL_POST_MATRIX_COMPUTATION.BIN_HD_DATA._BIN_HD_DATA._COMPUTE_BINNED_OUTPUTS.SPATIAL_BINNED_RNA_ANALYZER.RUN_GRAPH_CLUSTERING.fork_square_016um
2025-10-21 22:58:24 [runtime] (complete)        ID.F08544.SPATIAL_RNA_COUNTER_CS.SPATIAL_RNA_COUNTER.SPATIAL_POST_MATRIX_COMPUTATION.BIN_HD_DATA._BIN_HD_DATA._COMPUTE_BINNED_OUTPUTS.SPATIAL_BINNED_RNA_ANALYZER.RUN_GRAPH_CLUSTERING.fork_square_016um
2025-10-21 22:58:27 [runtime] (complete)        ID.F08544.SPATIAL_RNA_COUNTER_CS.SPATIAL_RNA_COUNTER.SPATIAL_POST_MATRIX_COMPUTATION.BIN_HD_DATA._BIN_HD_DATA._COMPUTE_BINNED_OUTPUTS.SPATIAL_BINNED_RNA_ANALYZER.RUN_GRAPH_CLUSTERING.fork_square_016um
2025-10-21 22:58:30 [runtime] (complete)        ID.F08544.SPATIAL_RNA_COUNTER_CS.SPATIAL_RNA_COUNTER.SPATIAL_POST_MATRIX_COMPUTATION.BIN_HD_DATA._BIN_HD_DATA._COMPUTE_BINNED_OUTPUTS.SPATIAL_BINNED_RNA_ANALYZER.RUN_GRAPH_CLUSTERING.fork_square_016um
2025-10-21 22:58:33 [runtime] (complete)        ID.F08544.SPATIAL_RNA_COUNTER_CS.SPATIAL_RNA_COUNTER.SPATIAL_POST_MATRIX_COMPUTATION.BIN_HD_DATA._BIN_HD_DATA._COMPUTE_BINNED_OUTPUTS.SPATIAL_BINNED_RNA_ANALYZER.RUN_GRAPH_CLUSTERING.fork_square_016um
2025-10-21 22:58:36 [runtime] (complete)        ID.F08544.SPATIAL_RNA_COUNTER_CS.SPATIAL_RNA_COUNTER.SPATIAL_POST_MATRIX_COMPUTATION.BIN_HD_DATA._BIN_HD_DATA._COMPUTE_BINNED_OUTPUTS.SPATIAL_BINNED_RNA_ANALYZER.RUN_GRAPH_CLUSTERING.fork_square_016um
2025-10-21 22:58:39 [runtime] (complete)        ID.F08544.SPATIAL_RNA_COUNTER_CS.SPATIAL_RNA_COUNTER.SPATIAL_POST_MATRIX_COMPUTATION.BIN_HD_DATA._BIN_HD_DATA._COMPUTE_BINNED_OUTPUTS.SPATIAL_BINNED_RNA_ANALYZER.RUN_GRAPH_CLUSTERING.fork_square_016um
2025-10-21 22:58:42 [runtime] (complete)        ID.F08544.SPATIAL_RNA_COUNTER_CS.SPATIAL_RNA_COUNTER.SPATIAL_POST_MATRIX_COMPUTATION.BIN_HD_DATA._BIN_HD_DATA._COMPUTE_BINNED_OUTPUTS.SPATIAL_BINNED_RNA_ANALYZER.RUN_GRAPH_CLUSTERING.fork_square_016um
2025-10-21 22:58:45 [runtime] (complete)        ID.F08544.SPATIAL_RNA_COUNTER_CS.SPATIAL_RNA_COUNTER.SPATIAL_POST_MATRIX_COMPUTATION.BIN_HD_DATA._BIN_HD_DATA._COMPUTE_BINNED_OUTPUTS.SPATIAL_BINNED_RNA_ANALYZER.RUN_GRAPH_CLUSTERING.fork_square_016um
2025-10-21 22:58:48 [runtime] (complete)        ID.F08544.SPATIAL_RNA_COUNTER_CS.SPATIAL_RNA_COUNTER.SPATIAL_POST_MATRIX_COMPUTATION.BIN_HD_DATA._BIN_HD_DATA._COMPUTE_BINNED_OUTPUTS.SPATIAL_BINNED_RNA_ANALYZER.RUN_GRAPH_CLUSTERING.fork_square_016um
2025-10-21 22:58:51 [runtime] (complete)        ID.F08544.SPATIAL_RNA_COUNTER_CS.SPATIAL_RNA_COUNTER.SPATIAL_POST_MATRIX_COMPUTATION.BIN_HD_DATA._BIN_HD_DATA._COMPUTE_BINNED_OUTPUTS.SPATIAL_BINNED_RNA_ANALYZER.RUN_GRAPH_CLUSTERING.fork_square_016um
2025-10-21 22:58:54 [runtime] (complete)        ID.F08544.SPATIAL_RNA_COUNTER_CS.SPATIAL_RNA_COUNTER.SPATIAL_POST_MATRIX_COMPUTATION.BIN_HD_DATA._BIN_HD_DATA._COMPUTE_BINNED_OUTPUTS.SPATIAL_BINNED_RNA_ANALYZER.RUN_GRAPH_CLUSTERING.fork_square_016um
2025-10-21 22:58:57 [runtime] (complete)        ID.F08544.SPATIAL_RNA_COUNTER_CS.SPATIAL_RNA_COUNTER.SPATIAL_POST_MATRIX_COMPUTATION.BIN_HD_DATA._BIN_HD_DATA._COMPUTE_BINNED_OUTPUTS.SPATIAL_BINNED_RNA_ANALYZER.RUN_GRAPH_CLUSTERING.fork_square_016um
2025-10-21 22:59:00 [runtime] (complete)        ID.F08544.SPATIAL_RNA_COUNTER_CS.SPATIAL_RNA_COUNTER.SPATIAL_POST_MATRIX_COMPUTATION.BIN_HD_DATA._BIN_HD_DATA._COMPUTE_BINNED_OUTPUTS.SPATIAL_BINNED_RNA_ANALYZER.RUN_GRAPH_CLUSTERING.fork_square_016um
2025-10-21 22:59:03 [runtime] (complete)        ID.F08544.SPATIAL_RNA_COUNTER_CS.SPATIAL_RNA_COUNTER.SPATIAL_POST_MATRIX_COMPUTATION.BIN_HD_DATA._BIN_HD_DATA._COMPUTE_BINNED_OUTPUTS.SPATIAL_BINNED_RNA_ANALYZER.RUN_GRAPH_CLUSTERING.fork_square_016um
2025-10-21 22:59:06 [runtime] (complete)        ID.F08544.SPATIAL_RNA_COUNTER_CS.SPATIAL_RNA_COUNTER.SPATIAL_POST_MATRIX_COMPUTATION.BIN_HD_DATA._BIN_HD_DATA._COMPUTE_BINNED_OUTPUTS.SPATIAL_BINNED_RNA_ANALYZER.RUN_GRAPH_CLUSTERING.fork_square_016um
2025-10-21 22:59:09 [runtime] (complete)        ID.F08544.SPATIAL_RNA_COUNTER_CS.SPATIAL_RNA_COUNTER.SPATIAL_POST_MATRIX_COMPUTATION.BIN_HD_DATA._BIN_HD_DATA._COMPUTE_BINNED_OUTPUTS.SPATIAL_BINNED_RNA_ANALYZER.RUN_GRAPH_CLUSTERING.fork_square_016um
2025-10-21 22:59:12 [runtime] (complete)        ID.F08544.SPATIAL_RNA_COUNTER_CS.SPATIAL_RNA_COUNTER.SPATIAL_POST_MATRIX_COMPUTATION.BIN_HD_DATA._BIN_HD_DATA._COMPUTE_BINNED_OUTPUTS.SPATIAL_BINNED_RNA_ANALYZER.RUN_GRAPH_CLUSTERING.fork_square_016um
2025-10-21 22:59:15 [runtime] (complete)        ID.F08544.SPATIAL_RNA_COUNTER_CS.SPATIAL_RNA_COUNTER.SPATIAL_POST_MATRIX_COMPUTATION.BIN_HD_DATA._BIN_HD_DATA._COMPUTE_BINNED_OUTPUTS.SPATIAL_BINNED_RNA_ANALYZER.RUN_GRAPH_CLUSTERING.fork_square_016um
2025-10-21 22:59:18 [runtime] (complete)        ID.F08544.SPATIAL_RNA_COUNTER_CS.SPATIAL_RNA_COUNTER.SPATIAL_POST_MATRIX_COMPUTATION.BIN_HD_DATA._BIN_HD_DATA._COMPUTE_BINNED_OUTPUTS.SPATIAL_BINNED_RNA_ANALYZER.RUN_GRAPH_CLUSTERING.fork_square_016um
2025-10-21 22:59:21 [runtime] (complete)        ID.F08544.SPATIAL_RNA_COUNTER_CS.SPATIAL_RNA_COUNTER.SPATIAL_POST_MATRIX_COMPUTATION.BIN_HD_DATA._BIN_HD_DATA._COMPUTE_BINNED_OUTPUTS.SPATIAL_BINNED_RNA_ANALYZER.RUN_GRAPH_CLUSTERING.fork_square_016um
2025-10-21 22:59:24 [runtime] (complete)        ID.F08544.SPATIAL_RNA_COUNTER_CS.SPATIAL_RNA_COUNTER.SPATIAL_POST_MATRIX_COMPUTATION.BIN_HD_DATA._BIN_HD_DATA._COMPUTE_BINNED_OUTPUTS.SPATIAL_BINNED_RNA_ANALYZER.RUN_GRAPH_CLUSTERING.fork_square_016um
2025-10-21 22:59:27 [runtime] (complete)        ID.F08544.SPATIAL_RNA_COUNTER_CS.SPATIAL_RNA_COUNTER.SPATIAL_POST_MATRIX_COMPUTATION.BIN_HD_DATA._BIN_HD_DATA._COMPUTE_BINNED_OUTPUTS.SPATIAL_BINNED_RNA_ANALYZER.RUN_GRAPH_CLUSTERING.fork_square_016um
2025-10-21 22:59:30 [runtime] (complete)        ID.F08544.SPATIAL_RNA_COUNTER_CS.SPATIAL_RNA_COUNTER.SPATIAL_POST_MATRIX_COMPUTATION.BIN_HD_DATA._BIN_HD_DATA._COMPUTE_BINNED_OUTPUTS.SPATIAL_BINNED_RNA_ANALYZER.RUN_GRAPH_CLUSTERING.fork_square_016um
2025-10-21 22:59:33 [runtime] (complete)        ID.F08544.SPATIAL_RNA_COUNTER_CS.SPATIAL_RNA_COUNTER.SPATIAL_POST_MATRIX_COMPUTATION.BIN_HD_DATA._BIN_HD_DATA._COMPUTE_BINNED_OUTPUTS.SPATIAL_BINNED_RNA_ANALYZER.RUN_GRAPH_CLUSTERING.fork_square_016um
2025-10-21 22:59:36 [runtime] (complete)        ID.F08544.SPATIAL_RNA_COUNTER_CS.SPATIAL_RNA_COUNTER.SPATIAL_POST_MATRIX_COMPUTATION.BIN_HD_DATA._BIN_HD_DATA._COMPUTE_BINNED_OUTPUTS.SPATIAL_BINNED_RNA_ANALYZER.RUN_GRAPH_CLUSTERING.fork_square_016um
2025-10-21 22:59:39 [runtime] (complete)        ID.F08544.SPATIAL_RNA_COUNTER_CS.SPATIAL_RNA_COUNTER.SPATIAL_POST_MATRIX_COMPUTATION.BIN_HD_DATA._BIN_HD_DATA._COMPUTE_BINNED_OUTPUTS.SPATIAL_BINNED_RNA_ANALYZER.RUN_GRAPH_CLUSTERING.fork_square_016um
2025-10-21 22:59:42 [runtime] (complete)        ID.F08544.SPATIAL_RNA_COUNTER_CS.SPATIAL_RNA_COUNTER.SPATIAL_POST_MATRIX_COMPUTATION.BIN_HD_DATA._BIN_HD_DATA._COMPUTE_BINNED_OUTPUTS.SPATIAL_BINNED_RNA_ANALYZER.RUN_GRAPH_CLUSTERING.fork_square_016um
2025-10-21 22:59:45 [runtime] (complete)        ID.F08544.SPATIAL_RNA_COUNTER_CS.SPATIAL_RNA_COUNTER.SPATIAL_POST_MATRIX_COMPUTATION.BIN_HD_DATA._BIN_HD_DATA._COMPUTE_BINNED_OUTPUTS.SPATIAL_BINNED_RNA_ANALYZER.RUN_GRAPH_CLUSTERING.fork_square_016um
2025-10-21 22:59:48 [runtime] (complete)        ID.F08544.SPATIAL_RNA_COUNTER_CS.SPATIAL_RNA_COUNTER.SPATIAL_POST_MATRIX_COMPUTATION.BIN_HD_DATA._BIN_HD_DATA._COMPUTE_BINNED_OUTPUTS.SPATIAL_BINNED_RNA_ANALYZER.RUN_GRAPH_CLUSTERING.fork_square_016um
2025-10-21 22:59:51 [runtime] (complete)        ID.F08544.SPATIAL_RNA_COUNTER_CS.SPATIAL_RNA_COUNTER.SPATIAL_POST_MATRIX_COMPUTATION.BIN_HD_DATA._BIN_HD_DATA._COMPUTE_BINNED_OUTPUTS.SPATIAL_BINNED_RNA_ANALYZER.RUN_GRAPH_CLUSTERING.fork_square_016um
2025-10-21 22:59:54 [runtime] (complete)        ID.F08544.SPATIAL_RNA_COUNTER_CS.SPATIAL_RNA_COUNTER.SPATIAL_POST_MATRIX_COMPUTATION.BIN_HD_DATA._BIN_HD_DATA._COMPUTE_BINNED_OUTPUTS.SPATIAL_BINNED_RNA_ANALYZER.RUN_GRAPH_CLUSTERING.fork_square_016um
2025-10-21 22:59:57 [runtime] (complete)        ID.F08544.SPATIAL_RNA_COUNTER_CS.SPATIAL_RNA_COUNTER.SPATIAL_POST_MATRIX_COMPUTATION.BIN_HD_DATA._BIN_HD_DATA._COMPUTE_BINNED_OUTPUTS.SPATIAL_BINNED_RNA_ANALYZER.RUN_GRAPH_CLUSTERING.fork_square_016um
2025-10-21 23:00:00 [runtime] (complete)        ID.F08544.SPATIAL_RNA_COUNTER_CS.SPATIAL_RNA_COUNTER.SPATIAL_POST_MATRIX_COMPUTATION.BIN_HD_DATA._BIN_HD_DATA._COMPUTE_BINNED_OUTPUTS.SPATIAL_BINNED_RNA_ANALYZER.RUN_GRAPH_CLUSTERING.fork_square_016um
2025-10-21 23:00:03 [runtime] (complete)        ID.F08544.SPATIAL_RNA_COUNTER_CS.SPATIAL_RNA_COUNTER.SPATIAL_POST_MATRIX_COMPUTATION.BIN_HD_DATA._BIN_HD_DATA._COMPUTE_BINNED_OUTPUTS.SPATIAL_BINNED_RNA_ANALYZER.RUN_GRAPH_CLUSTERING.fork_square_016um
2025-10-21 23:00:06 [runtime] (complete)        ID.F08544.SPATIAL_RNA_COUNTER_CS.SPATIAL_RNA_COUNTER.SPATIAL_POST_MATRIX_COMPUTATION.BIN_HD_DATA._BIN_HD_DATA._COMPUTE_BINNED_OUTPUTS.SPATIAL_BINNED_RNA_ANALYZER.RUN_GRAPH_CLUSTERING.fork_square_016um
2025-10-21 23:00:09 [runtime] (complete)        ID.F08544.SPATIAL_RNA_COUNTER_CS.SPATIAL_RNA_COUNTER.SPATIAL_POST_MATRIX_COMPUTATION.BIN_HD_DATA._BIN_HD_DATA._COMPUTE_BINNED_OUTPUTS.SPATIAL_BINNED_RNA_ANALYZER.RUN_GRAPH_CLUSTERING.fork_square_016um
2025-10-21 23:00:12 [runtime] (complete)        ID.F08544.SPATIAL_RNA_COUNTER_CS.SPATIAL_RNA_COUNTER.SPATIAL_POST_MATRIX_COMPUTATION.BIN_HD_DATA._BIN_HD_DATA._COMPUTE_BINNED_OUTPUTS.SPATIAL_BINNED_RNA_ANALYZER.RUN_GRAPH_CLUSTERING.fork_square_016um
2025-10-21 23:00:15 [runtime] (complete)        ID.F08544.SPATIAL_RNA_COUNTER_CS.SPATIAL_RNA_COUNTER.SPATIAL_POST_MATRIX_COMPUTATION.BIN_HD_DATA._BIN_HD_DATA._COMPUTE_BINNED_OUTPUTS.SPATIAL_BINNED_RNA_ANALYZER.RUN_GRAPH_CLUSTERING.fork_square_016um
2025-10-21 23:00:18 [runtime] (complete)        ID.F08544.SPATIAL_RNA_COUNTER_CS.SPATIAL_RNA_COUNTER.SPATIAL_POST_MATRIX_COMPUTATION.BIN_HD_DATA._BIN_HD_DATA._COMPUTE_BINNED_OUTPUTS.SPATIAL_BINNED_RNA_ANALYZER.RUN_GRAPH_CLUSTERING.fork_square_016um
2025-10-21 23:00:21 [runtime] (complete)        ID.F08544.SPATIAL_RNA_COUNTER_CS.SPATIAL_RNA_COUNTER.SPATIAL_POST_MATRIX_COMPUTATION.BIN_HD_DATA._BIN_HD_DATA._COMPUTE_BINNED_OUTPUTS.SPATIAL_BINNED_RNA_ANALYZER.RUN_GRAPH_CLUSTERING.fork_square_016um
2025-10-21 23:00:24 [runtime] (complete)        ID.F08544.SPATIAL_RNA_COUNTER_CS.SPATIAL_RNA_COUNTER.SPATIAL_POST_MATRIX_COMPUTATION.BIN_HD_DATA._BIN_HD_DATA._COMPUTE_BINNED_OUTPUTS.SPATIAL_BINNED_RNA_ANALYZER.RUN_GRAPH_CLUSTERING.fork_square_016um
2025-10-21 23:00:27 [runtime] (complete)        ID.F08544.SPATIAL_RNA_COUNTER_CS.SPATIAL_RNA_COUNTER.SPATIAL_POST_MATRIX_COMPUTATION.BIN_HD_DATA._BIN_HD_DATA._COMPUTE_BINNED_OUTPUTS.SPATIAL_BINNED_RNA_ANALYZER.RUN_GRAPH_CLUSTERING.fork_square_016um
2025-10-21 23:00:30 [runtime] (complete)        ID.F08544.SPATIAL_RNA_COUNTER_CS.SPATIAL_RNA_COUNTER.SPATIAL_POST_MATRIX_COMPUTATION.BIN_HD_DATA._BIN_HD_DATA._COMPUTE_BINNED_OUTPUTS.SPATIAL_BINNED_RNA_ANALYZER.RUN_GRAPH_CLUSTERING.fork_square_016um
2025-10-21 23:00:33 [runtime] (complete)        ID.F08544.SPATIAL_RNA_COUNTER_CS.SPATIAL_RNA_COUNTER.SPATIAL_POST_MATRIX_COMPUTATION.BIN_HD_DATA._BIN_HD_DATA._COMPUTE_BINNED_OUTPUTS.SPATIAL_BINNED_RNA_ANALYZER.RUN_GRAPH_CLUSTERING.fork_square_016um
2025-10-21 23:00:36 [runtime] (complete)        ID.F08544.SPATIAL_RNA_COUNTER_CS.SPATIAL_RNA_COUNTER.SPATIAL_POST_MATRIX_COMPUTATION.BIN_HD_DATA._BIN_HD_DATA._COMPUTE_BINNED_OUTPUTS.SPATIAL_BINNED_RNA_ANALYZER.RUN_GRAPH_CLUSTERING.fork_square_016um
2025-10-21 23:00:39 [runtime] (complete)        ID.F08544.SPATIAL_RNA_COUNTER_CS.SPATIAL_RNA_COUNTER.SPATIAL_POST_MATRIX_COMPUTATION.BIN_HD_DATA._BIN_HD_DATA._COMPUTE_BINNED_OUTPUTS.SPATIAL_BINNED_RNA_ANALYZER.RUN_GRAPH_CLUSTERING.fork_square_016um
2025-10-21 23:00:42 [runtime] (complete)        ID.F08544.SPATIAL_RNA_COUNTER_CS.SPATIAL_RNA_COUNTER.SPATIAL_POST_MATRIX_COMPUTATION.BIN_HD_DATA._BIN_HD_DATA._COMPUTE_BINNED_OUTPUTS.SPATIAL_BINNED_RNA_ANALYZER.RUN_GRAPH_CLUSTERING.fork_square_016um
2025-10-21 23:00:45 [runtime] (complete)        ID.F08544.SPATIAL_RNA_COUNTER_CS.SPATIAL_RNA_COUNTER.SPATIAL_POST_MATRIX_COMPUTATION.BIN_HD_DATA._BIN_HD_DATA._COMPUTE_BINNED_OUTPUTS.SPATIAL_BINNED_RNA_ANALYZER.RUN_GRAPH_CLUSTERING.fork_square_016um
2025-10-21 23:00:48 [runtime] (complete)        ID.F08544.SPATIAL_RNA_COUNTER_CS.SPATIAL_RNA_COUNTER.SPATIAL_POST_MATRIX_COMPUTATION.BIN_HD_DATA._BIN_HD_DATA._COMPUTE_BINNED_OUTPUTS.SPATIAL_BINNED_RNA_ANALYZER.RUN_GRAPH_CLUSTERING.fork_square_016um
2025-10-21 23:00:51 [runtime] (complete)        ID.F08544.SPATIAL_RNA_COUNTER_CS.SPATIAL_RNA_COUNTER.SPATIAL_POST_MATRIX_COMPUTATION.BIN_HD_DATA._BIN_HD_DATA._COMPUTE_BINNED_OUTPUTS.SPATIAL_BINNED_RNA_ANALYZER.RUN_GRAPH_CLUSTERING.fork_square_016um
2025-10-21 23:00:54 [runtime] (complete)        ID.F08544.SPATIAL_RNA_COUNTER_CS.SPATIAL_RNA_COUNTER.SPATIAL_POST_MATRIX_COMPUTATION.BIN_HD_DATA._BIN_HD_DATA._COMPUTE_BINNED_OUTPUTS.SPATIAL_BINNED_RNA_ANALYZER.RUN_GRAPH_CLUSTERING.fork_square_016um
2025-10-21 23:00:57 [runtime] (complete)        ID.F08544.SPATIAL_RNA_COUNTER_CS.SPATIAL_RNA_COUNTER.SPATIAL_POST_MATRIX_COMPUTATION.BIN_HD_DATA._BIN_HD_DATA._COMPUTE_BINNED_OUTPUTS.SPATIAL_BINNED_RNA_ANALYZER.RUN_GRAPH_CLUSTERING.fork_square_016um
2025-10-21 23:01:00 [runtime] (complete)        ID.F08544.SPATIAL_RNA_COUNTER_CS.SPATIAL_RNA_COUNTER.SPATIAL_POST_MATRIX_COMPUTATION.BIN_HD_DATA._BIN_HD_DATA._COMPUTE_BINNED_OUTPUTS.SPATIAL_BINNED_RNA_ANALYZER.RUN_GRAPH_CLUSTERING.fork_square_016um
2025-10-21 23:01:03 [runtime] (complete)        ID.F08544.SPATIAL_RNA_COUNTER_CS.SPATIAL_RNA_COUNTER.SPATIAL_POST_MATRIX_COMPUTATION.BIN_HD_DATA._BIN_HD_DATA._COMPUTE_BINNED_OUTPUTS.SPATIAL_BINNED_RNA_ANALYZER.RUN_GRAPH_CLUSTERING.fork_square_016um
2025-10-21 23:01:06 [runtime] (complete)        ID.F08544.SPATIAL_RNA_COUNTER_CS.SPATIAL_RNA_COUNTER.SPATIAL_POST_MATRIX_COMPUTATION.BIN_HD_DATA._BIN_HD_DATA._COMPUTE_BINNED_OUTPUTS.SPATIAL_BINNED_RNA_ANALYZER.RUN_GRAPH_CLUSTERING.fork_square_016um
2025-10-21 23:01:10 [runtime] (complete)        ID.F08544.SPATIAL_RNA_COUNTER_CS.SPATIAL_RNA_COUNTER.SPATIAL_POST_MATRIX_COMPUTATION.BIN_HD_DATA._BIN_HD_DATA._COMPUTE_BINNED_OUTPUTS.SPATIAL_BINNED_RNA_ANALYZER.RUN_GRAPH_CLUSTERING.fork_square_016um
2025-10-21 23:01:13 [runtime] (complete)        ID.F08544.SPATIAL_RNA_COUNTER_CS.SPATIAL_RNA_COUNTER.SPATIAL_POST_MATRIX_COMPUTATION.BIN_HD_DATA._BIN_HD_DATA._COMPUTE_BINNED_OUTPUTS.SPATIAL_BINNED_RNA_ANALYZER.RUN_GRAPH_CLUSTERING.fork_square_016um
2025-10-21 23:01:16 [runtime] (complete)        ID.F08544.SPATIAL_RNA_COUNTER_CS.SPATIAL_RNA_COUNTER.SPATIAL_POST_MATRIX_COMPUTATION.BIN_HD_DATA._BIN_HD_DATA._COMPUTE_BINNED_OUTPUTS.SPATIAL_BINNED_RNA_ANALYZER.RUN_GRAPH_CLUSTERING.fork_square_016um
2025-10-21 23:01:19 [runtime] (complete)        ID.F08544.SPATIAL_RNA_COUNTER_CS.SPATIAL_RNA_COUNTER.SPATIAL_POST_MATRIX_COMPUTATION.BIN_HD_DATA._BIN_HD_DATA._COMPUTE_BINNED_OUTPUTS.SPATIAL_BINNED_RNA_ANALYZER.RUN_GRAPH_CLUSTERING.fork_square_016um
2025-10-21 23:01:22 [runtime] (complete)        ID.F08544.SPATIAL_RNA_COUNTER_CS.SPATIAL_RNA_COUNTER.SPATIAL_POST_MATRIX_COMPUTATION.BIN_HD_DATA._BIN_HD_DATA._COMPUTE_BINNED_OUTPUTS.SPATIAL_BINNED_RNA_ANALYZER.RUN_GRAPH_CLUSTERING.fork_square_016um
2025-10-21 23:01:25 [runtime] (complete)        ID.F08544.SPATIAL_RNA_COUNTER_CS.SPATIAL_RNA_COUNTER.SPATIAL_POST_MATRIX_COMPUTATION.BIN_HD_DATA._BIN_HD_DATA._COMPUTE_BINNED_OUTPUTS.SPATIAL_BINNED_RNA_ANALYZER.RUN_GRAPH_CLUSTERING.fork_square_016um
2025-10-21 23:01:28 [runtime] (complete)        ID.F08544.SPATIAL_RNA_COUNTER_CS.SPATIAL_RNA_COUNTER.SPATIAL_POST_MATRIX_COMPUTATION.BIN_HD_DATA._BIN_HD_DATA._COMPUTE_BINNED_OUTPUTS.SPATIAL_BINNED_RNA_ANALYZER.RUN_GRAPH_CLUSTERING.fork_square_016um
2025-10-21 23:01:31 [runtime] (complete)        ID.F08544.SPATIAL_RNA_COUNTER_CS.SPATIAL_RNA_COUNTER.SPATIAL_POST_MATRIX_COMPUTATION.BIN_HD_DATA._BIN_HD_DATA._COMPUTE_BINNED_OUTPUTS.SPATIAL_BINNED_RNA_ANALYZER.RUN_GRAPH_CLUSTERING.fork_square_016um
2025-10-21 23:01:34 [runtime] (complete)        ID.F08544.SPATIAL_RNA_COUNTER_CS.SPATIAL_RNA_COUNTER.SPATIAL_POST_MATRIX_COMPUTATION.BIN_HD_DATA._BIN_HD_DATA._COMPUTE_BINNED_OUTPUTS.SPATIAL_BINNED_RNA_ANALYZER.RUN_GRAPH_CLUSTERING.fork_square_016um
2025-10-21 23:01:37 [runtime] (complete)        ID.F08544.SPATIAL_RNA_COUNTER_CS.SPATIAL_RNA_COUNTER.SPATIAL_POST_MATRIX_COMPUTATION.BIN_HD_DATA._BIN_HD_DATA._COMPUTE_BINNED_OUTPUTS.SPATIAL_BINNED_RNA_ANALYZER.RUN_GRAPH_CLUSTERING.fork_square_016um
2025-10-21 23:01:40 [runtime] (complete)        ID.F08544.SPATIAL_RNA_COUNTER_CS.SPATIAL_RNA_COUNTER.SPATIAL_POST_MATRIX_COMPUTATION.BIN_HD_DATA._BIN_HD_DATA._COMPUTE_BINNED_OUTPUTS.SPATIAL_BINNED_RNA_ANALYZER.RUN_GRAPH_CLUSTERING.fork_square_016um
2025-10-21 23:01:43 [runtime] (complete)        ID.F08544.SPATIAL_RNA_COUNTER_CS.SPATIAL_RNA_COUNTER.SPATIAL_POST_MATRIX_COMPUTATION.BIN_HD_DATA._BIN_HD_DATA._COMPUTE_BINNED_OUTPUTS.SPATIAL_BINNED_RNA_ANALYZER.RUN_GRAPH_CLUSTERING.fork_square_016um
2025-10-21 23:01:46 [runtime] (complete)        ID.F08544.SPATIAL_RNA_COUNTER_CS.SPATIAL_RNA_COUNTER.SPATIAL_POST_MATRIX_COMPUTATION.BIN_HD_DATA._BIN_HD_DATA._COMPUTE_BINNED_OUTPUTS.SPATIAL_BINNED_RNA_ANALYZER.RUN_GRAPH_CLUSTERING.fork_square_016um
2025-10-21 23:01:49 [runtime] (complete)        ID.F08544.SPATIAL_RNA_COUNTER_CS.SPATIAL_RNA_COUNTER.SPATIAL_POST_MATRIX_COMPUTATION.BIN_HD_DATA._BIN_HD_DATA._COMPUTE_BINNED_OUTPUTS.SPATIAL_BINNED_RNA_ANALYZER.RUN_GRAPH_CLUSTERING.fork_square_016um
2025-10-21 23:01:52 [runtime] (complete)        ID.F08544.SPATIAL_RNA_COUNTER_CS.SPATIAL_RNA_COUNTER.SPATIAL_POST_MATRIX_COMPUTATION.BIN_HD_DATA._BIN_HD_DATA._COMPUTE_BINNED_OUTPUTS.SPATIAL_BINNED_RNA_ANALYZER.RUN_GRAPH_CLUSTERING.fork_square_016um
2025-10-21 23:01:55 [runtime] (complete)        ID.F08544.SPATIAL_RNA_COUNTER_CS.SPATIAL_RNA_COUNTER.SPATIAL_POST_MATRIX_COMPUTATION.BIN_HD_DATA._BIN_HD_DATA._COMPUTE_BINNED_OUTPUTS.SPATIAL_BINNED_RNA_ANALYZER.RUN_GRAPH_CLUSTERING.fork_square_016um
2025-10-21 23:01:58 [runtime] (complete)        ID.F08544.SPATIAL_RNA_COUNTER_CS.SPATIAL_RNA_COUNTER.SPATIAL_POST_MATRIX_COMPUTATION.BIN_HD_DATA._BIN_HD_DATA._COMPUTE_BINNED_OUTPUTS.SPATIAL_BINNED_RNA_ANALYZER.RUN_GRAPH_CLUSTERING.fork_square_016um
2025-10-21 23:02:01 [runtime] (complete)        ID.F08544.SPATIAL_RNA_COUNTER_CS.SPATIAL_RNA_COUNTER.SPATIAL_POST_MATRIX_COMPUTATION.BIN_HD_DATA._BIN_HD_DATA._COMPUTE_BINNED_OUTPUTS.SPATIAL_BINNED_RNA_ANALYZER.RUN_GRAPH_CLUSTERING.fork_square_016um
2025-10-21 23:02:04 [runtime] (complete)        ID.F08544.SPATIAL_RNA_COUNTER_CS.SPATIAL_RNA_COUNTER.SPATIAL_POST_MATRIX_COMPUTATION.BIN_HD_DATA._BIN_HD_DATA._COMPUTE_BINNED_OUTPUTS.SPATIAL_BINNED_RNA_ANALYZER.RUN_GRAPH_CLUSTERING.fork_square_016um
2025-10-21 23:02:07 [runtime] (complete)        ID.F08544.SPATIAL_RNA_COUNTER_CS.SPATIAL_RNA_COUNTER.SPATIAL_POST_MATRIX_COMPUTATION.BIN_HD_DATA._BIN_HD_DATA._COMPUTE_BINNED_OUTPUTS.SPATIAL_BINNED_RNA_ANALYZER.RUN_GRAPH_CLUSTERING.fork_square_016um
2025-10-21 23:02:10 [runtime] (complete)        ID.F08544.SPATIAL_RNA_COUNTER_CS.SPATIAL_RNA_COUNTER.SPATIAL_POST_MATRIX_COMPUTATION.BIN_HD_DATA._BIN_HD_DATA._COMPUTE_BINNED_OUTPUTS.SPATIAL_BINNED_RNA_ANALYZER.RUN_GRAPH_CLUSTERING.fork_square_016um
2025-10-21 23:02:13 [runtime] (complete)        ID.F08544.SPATIAL_RNA_COUNTER_CS.SPATIAL_RNA_COUNTER.SPATIAL_POST_MATRIX_COMPUTATION.BIN_HD_DATA._BIN_HD_DATA._COMPUTE_BINNED_OUTPUTS.SPATIAL_BINNED_RNA_ANALYZER.RUN_GRAPH_CLUSTERING.fork_square_016um
2025-10-21 23:02:16 [runtime] (complete)        ID.F08544.SPATIAL_RNA_COUNTER_CS.SPATIAL_RNA_COUNTER.SPATIAL_POST_MATRIX_COMPUTATION.BIN_HD_DATA._BIN_HD_DATA._COMPUTE_BINNED_OUTPUTS.SPATIAL_BINNED_RNA_ANALYZER.RUN_GRAPH_CLUSTERING.fork_square_016um
2025-10-21 23:02:19 [runtime] (complete)        ID.F08544.SPATIAL_RNA_COUNTER_CS.SPATIAL_RNA_COUNTER.SPATIAL_POST_MATRIX_COMPUTATION.BIN_HD_DATA._BIN_HD_DATA._COMPUTE_BINNED_OUTPUTS.SPATIAL_BINNED_RNA_ANALYZER.RUN_GRAPH_CLUSTERING.fork_square_016um
2025-10-21 23:02:22 [runtime] (complete)        ID.F08544.SPATIAL_RNA_COUNTER_CS.SPATIAL_RNA_COUNTER.SPATIAL_POST_MATRIX_COMPUTATION.BIN_HD_DATA._BIN_HD_DATA._COMPUTE_BINNED_OUTPUTS.SPATIAL_BINNED_RNA_ANALYZER.RUN_GRAPH_CLUSTERING.fork_square_016um
2025-10-21 23:02:25 [runtime] (complete)        ID.F08544.SPATIAL_RNA_COUNTER_CS.SPATIAL_RNA_COUNTER.SPATIAL_POST_MATRIX_COMPUTATION.BIN_HD_DATA._BIN_HD_DATA._COMPUTE_BINNED_OUTPUTS.SPATIAL_BINNED_RNA_ANALYZER.RUN_GRAPH_CLUSTERING.fork_square_016um
2025-10-21 23:02:28 [runtime] (complete)        ID.F08544.SPATIAL_RNA_COUNTER_CS.SPATIAL_RNA_COUNTER.SPATIAL_POST_MATRIX_COMPUTATION.BIN_HD_DATA._BIN_HD_DATA._COMPUTE_BINNED_OUTPUTS.SPATIAL_BINNED_RNA_ANALYZER.RUN_GRAPH_CLUSTERING.fork_square_016um
2025-10-21 23:02:31 [runtime] (complete)        ID.F08544.SPATIAL_RNA_COUNTER_CS.SPATIAL_RNA_COUNTER.SPATIAL_POST_MATRIX_COMPUTATION.BIN_HD_DATA._BIN_HD_DATA._COMPUTE_BINNED_OUTPUTS.SPATIAL_BINNED_RNA_ANALYZER.RUN_GRAPH_CLUSTERING.fork_square_016um
2025-10-21 23:02:34 [runtime] (complete)        ID.F08544.SPATIAL_RNA_COUNTER_CS.SPATIAL_RNA_COUNTER.SPATIAL_POST_MATRIX_COMPUTATION.BIN_HD_DATA._BIN_HD_DATA._COMPUTE_BINNED_OUTPUTS.SPATIAL_BINNED_RNA_ANALYZER.RUN_GRAPH_CLUSTERING.fork_square_016um
2025-10-21 23:02:37 [runtime] (complete)        ID.F08544.SPATIAL_RNA_COUNTER_CS.SPATIAL_RNA_COUNTER.SPATIAL_POST_MATRIX_COMPUTATION.BIN_HD_DATA._BIN_HD_DATA._COMPUTE_BINNED_OUTPUTS.SPATIAL_BINNED_RNA_ANALYZER.RUN_GRAPH_CLUSTERING.fork_square_016um
2025-10-21 23:02:40 [runtime] (complete)        ID.F08544.SPATIAL_RNA_COUNTER_CS.SPATIAL_RNA_COUNTER.SPATIAL_POST_MATRIX_COMPUTATION.BIN_HD_DATA._BIN_HD_DATA._COMPUTE_BINNED_OUTPUTS.SPATIAL_BINNED_RNA_ANALYZER.RUN_GRAPH_CLUSTERING.fork_square_016um
2025-10-21 23:02:43 [runtime] (complete)        ID.F08544.SPATIAL_RNA_COUNTER_CS.SPATIAL_RNA_COUNTER.SPATIAL_POST_MATRIX_COMPUTATION.BIN_HD_DATA._BIN_HD_DATA._COMPUTE_BINNED_OUTPUTS.SPATIAL_BINNED_RNA_ANALYZER.RUN_GRAPH_CLUSTERING.fork_square_016um
2025-10-21 23:02:46 [runtime] (complete)        ID.F08544.SPATIAL_RNA_COUNTER_CS.SPATIAL_RNA_COUNTER.SPATIAL_POST_MATRIX_COMPUTATION.BIN_HD_DATA._BIN_HD_DATA._COMPUTE_BINNED_OUTPUTS.SPATIAL_BINNED_RNA_ANALYZER.RUN_GRAPH_CLUSTERING.fork_square_016um
2025-10-21 23:02:49 [runtime] (complete)        ID.F08544.SPATIAL_RNA_COUNTER_CS.SPATIAL_RNA_COUNTER.SPATIAL_POST_MATRIX_COMPUTATION.BIN_HD_DATA._BIN_HD_DATA._COMPUTE_BINNED_OUTPUTS.SPATIAL_BINNED_RNA_ANALYZER.RUN_GRAPH_CLUSTERING.fork_square_016um
2025-10-21 23:02:52 [runtime] (complete)        ID.F08544.SPATIAL_RNA_COUNTER_CS.SPATIAL_RNA_COUNTER.SPATIAL_POST_MATRIX_COMPUTATION.BIN_HD_DATA._BIN_HD_DATA._COMPUTE_BINNED_OUTPUTS.SPATIAL_BINNED_RNA_ANALYZER.RUN_GRAPH_CLUSTERING.fork_square_016um
2025-10-21 23:02:55 [runtime] (complete)        ID.F08544.SPATIAL_RNA_COUNTER_CS.SPATIAL_RNA_COUNTER.SPATIAL_POST_MATRIX_COMPUTATION.BIN_HD_DATA._BIN_HD_DATA._COMPUTE_BINNED_OUTPUTS.SPATIAL_BINNED_RNA_ANALYZER.RUN_GRAPH_CLUSTERING.fork_square_016um
2025-10-21 23:02:58 [runtime] (complete)        ID.F08544.SPATIAL_RNA_COUNTER_CS.SPATIAL_RNA_COUNTER.SPATIAL_POST_MATRIX_COMPUTATION.BIN_HD_DATA._BIN_HD_DATA._COMPUTE_BINNED_OUTPUTS.SPATIAL_BINNED_RNA_ANALYZER.RUN_GRAPH_CLUSTERING.fork_square_016um
2025-10-21 23:03:01 [runtime] (complete)        ID.F08544.SPATIAL_RNA_COUNTER_CS.SPATIAL_RNA_COUNTER.SPATIAL_POST_MATRIX_COMPUTATION.BIN_HD_DATA._BIN_HD_DATA._COMPUTE_BINNED_OUTPUTS.SPATIAL_BINNED_RNA_ANALYZER.RUN_GRAPH_CLUSTERING.fork_square_016um
2025-10-21 23:03:04 [runtime] (complete)        ID.F08544.SPATIAL_RNA_COUNTER_CS.SPATIAL_RNA_COUNTER.SPATIAL_POST_MATRIX_COMPUTATION.BIN_HD_DATA._BIN_HD_DATA._COMPUTE_BINNED_OUTPUTS.SPATIAL_BINNED_RNA_ANALYZER.RUN_GRAPH_CLUSTERING.fork_square_016um
2025-10-21 23:03:07 [runtime] (complete)        ID.F08544.SPATIAL_RNA_COUNTER_CS.SPATIAL_RNA_COUNTER.SPATIAL_POST_MATRIX_COMPUTATION.BIN_HD_DATA._BIN_HD_DATA._COMPUTE_BINNED_OUTPUTS.SPATIAL_BINNED_RNA_ANALYZER.RUN_GRAPH_CLUSTERING.fork_square_016um
2025-10-21 23:03:10 [runtime] (complete)        ID.F08544.SPATIAL_RNA_COUNTER_CS.SPATIAL_RNA_COUNTER.SPATIAL_POST_MATRIX_COMPUTATION.BIN_HD_DATA._BIN_HD_DATA._COMPUTE_BINNED_OUTPUTS.SPATIAL_BINNED_RNA_ANALYZER.RUN_GRAPH_CLUSTERING.fork_square_016um
2025-10-21 23:03:13 [runtime] (complete)        ID.F08544.SPATIAL_RNA_COUNTER_CS.SPATIAL_RNA_COUNTER.SPATIAL_POST_MATRIX_COMPUTATION.BIN_HD_DATA._BIN_HD_DATA._COMPUTE_BINNED_OUTPUTS.SPATIAL_BINNED_RNA_ANALYZER.RUN_GRAPH_CLUSTERING.fork_square_016um
2025-10-21 23:03:16 [runtime] (complete)        ID.F08544.SPATIAL_RNA_COUNTER_CS.SPATIAL_RNA_COUNTER.SPATIAL_POST_MATRIX_COMPUTATION.BIN_HD_DATA._BIN_HD_DATA._COMPUTE_BINNED_OUTPUTS.SPATIAL_BINNED_RNA_ANALYZER.RUN_GRAPH_CLUSTERING.fork_square_016um
2025-10-21 23:03:19 [runtime] (complete)        ID.F08544.SPATIAL_RNA_COUNTER_CS.SPATIAL_RNA_COUNTER.SPATIAL_POST_MATRIX_COMPUTATION.BIN_HD_DATA._BIN_HD_DATA._COMPUTE_BINNED_OUTPUTS.SPATIAL_BINNED_RNA_ANALYZER.RUN_GRAPH_CLUSTERING.fork_square_016um
2025-10-21 23:03:22 [runtime] (update)          ID.F08544.SPATIAL_RNA_COUNTER_CS.SPATIAL_RNA_COUNTER.SPATIAL_POST_MATRIX_COMPUTATION.BIN_HD_DATA._BIN_HD_DATA._COMPUTE_BINNED_OUTPUTS.SPATIAL_BINNED_RNA_ANALYZER.RUN_GRAPH_CLUSTERING.fork_square_008um chunks_running
2025-10-21 23:03:22 [runtime] (complete)        ID.F08544.SPATIAL_RNA_COUNTER_CS.SPATIAL_RNA_COUNTER.SPATIAL_POST_MATRIX_COMPUTATION.BIN_HD_DATA._BIN_HD_DATA._COMPUTE_BINNED_OUTPUTS.SPATIAL_BINNED_RNA_ANALYZER.RUN_GRAPH_CLUSTERING.fork_square_016um
2025-10-21 23:03:25 [runtime] (complete)        ID.F08544.SPATIAL_RNA_COUNTER_CS.SPATIAL_RNA_COUNTER.SPATIAL_POST_MATRIX_COMPUTATION.BIN_HD_DATA._BIN_HD_DATA._COMPUTE_BINNED_OUTPUTS.SPATIAL_BINNED_RNA_ANALYZER.RUN_GRAPH_CLUSTERING.fork_square_016um
2025-10-21 23:03:28 [runtime] (complete)        ID.F08544.SPATIAL_RNA_COUNTER_CS.SPATIAL_RNA_COUNTER.SPATIAL_POST_MATRIX_COMPUTATION.BIN_HD_DATA._BIN_HD_DATA._COMPUTE_BINNED_OUTPUTS.SPATIAL_BINNED_RNA_ANALYZER.RUN_GRAPH_CLUSTERING.fork_square_016um
2025-10-21 23:03:31 [runtime] (complete)        ID.F08544.SPATIAL_RNA_COUNTER_CS.SPATIAL_RNA_COUNTER.SPATIAL_POST_MATRIX_COMPUTATION.BIN_HD_DATA._BIN_HD_DATA._COMPUTE_BINNED_OUTPUTS.SPATIAL_BINNED_RNA_ANALYZER.RUN_GRAPH_CLUSTERING.fork_square_016um
2025-10-21 23:03:34 [runtime] (complete)        ID.F08544.SPATIAL_RNA_COUNTER_CS.SPATIAL_RNA_COUNTER.SPATIAL_POST_MATRIX_COMPUTATION.BIN_HD_DATA._BIN_HD_DATA._COMPUTE_BINNED_OUTPUTS.SPATIAL_BINNED_RNA_ANALYZER.RUN_GRAPH_CLUSTERING.fork_square_016um
2025-10-21 23:03:37 [runtime] (complete)        ID.F08544.SPATIAL_RNA_COUNTER_CS.SPATIAL_RNA_COUNTER.SPATIAL_POST_MATRIX_COMPUTATION.BIN_HD_DATA._BIN_HD_DATA._COMPUTE_BINNED_OUTPUTS.SPATIAL_BINNED_RNA_ANALYZER.RUN_GRAPH_CLUSTERING.fork_square_016um
2025-10-21 23:03:41 [runtime] (complete)        ID.F08544.SPATIAL_RNA_COUNTER_CS.SPATIAL_RNA_COUNTER.SPATIAL_POST_MATRIX_COMPUTATION.BIN_HD_DATA._BIN_HD_DATA._COMPUTE_BINNED_OUTPUTS.SPATIAL_BINNED_RNA_ANALYZER.RUN_GRAPH_CLUSTERING.fork_square_016um
2025-10-21 23:03:44 [runtime] (complete)        ID.F08544.SPATIAL_RNA_COUNTER_CS.SPATIAL_RNA_COUNTER.SPATIAL_POST_MATRIX_COMPUTATION.BIN_HD_DATA._BIN_HD_DATA._COMPUTE_BINNED_OUTPUTS.SPATIAL_BINNED_RNA_ANALYZER.RUN_GRAPH_CLUSTERING.fork_square_016um
2025-10-21 23:03:47 [runtime] (complete)        ID.F08544.SPATIAL_RNA_COUNTER_CS.SPATIAL_RNA_COUNTER.SPATIAL_POST_MATRIX_COMPUTATION.BIN_HD_DATA._BIN_HD_DATA._COMPUTE_BINNED_OUTPUTS.SPATIAL_BINNED_RNA_ANALYZER.RUN_GRAPH_CLUSTERING.fork_square_016um
2025-10-21 23:03:50 [runtime] (complete)        ID.F08544.SPATIAL_RNA_COUNTER_CS.SPATIAL_RNA_COUNTER.SPATIAL_POST_MATRIX_COMPUTATION.BIN_HD_DATA._BIN_HD_DATA._COMPUTE_BINNED_OUTPUTS.SPATIAL_BINNED_RNA_ANALYZER.RUN_GRAPH_CLUSTERING.fork_square_016um
2025-10-21 23:03:53 [runtime] (complete)        ID.F08544.SPATIAL_RNA_COUNTER_CS.SPATIAL_RNA_COUNTER.SPATIAL_POST_MATRIX_COMPUTATION.BIN_HD_DATA._BIN_HD_DATA._COMPUTE_BINNED_OUTPUTS.SPATIAL_BINNED_RNA_ANALYZER.RUN_GRAPH_CLUSTERING.fork_square_016um
2025-10-21 23:03:56 [runtime] (complete)        ID.F08544.SPATIAL_RNA_COUNTER_CS.SPATIAL_RNA_COUNTER.SPATIAL_POST_MATRIX_COMPUTATION.BIN_HD_DATA._BIN_HD_DATA._COMPUTE_BINNED_OUTPUTS.SPATIAL_BINNED_RNA_ANALYZER.RUN_GRAPH_CLUSTERING.fork_square_016um
2025-10-21 23:03:59 [runtime] (complete)        ID.F08544.SPATIAL_RNA_COUNTER_CS.SPATIAL_RNA_COUNTER.SPATIAL_POST_MATRIX_COMPUTATION.BIN_HD_DATA._BIN_HD_DATA._COMPUTE_BINNED_OUTPUTS.SPATIAL_BINNED_RNA_ANALYZER.RUN_GRAPH_CLUSTERING.fork_square_016um
2025-10-21 23:04:02 [runtime] (complete)        ID.F08544.SPATIAL_RNA_COUNTER_CS.SPATIAL_RNA_COUNTER.SPATIAL_POST_MATRIX_COMPUTATION.BIN_HD_DATA._BIN_HD_DATA._COMPUTE_BINNED_OUTPUTS.SPATIAL_BINNED_RNA_ANALYZER.RUN_GRAPH_CLUSTERING.fork_square_016um
2025-10-21 23:04:05 [runtime] (complete)        ID.F08544.SPATIAL_RNA_COUNTER_CS.SPATIAL_RNA_COUNTER.SPATIAL_POST_MATRIX_COMPUTATION.BIN_HD_DATA._BIN_HD_DATA._COMPUTE_BINNED_OUTPUTS.SPATIAL_BINNED_RNA_ANALYZER.RUN_GRAPH_CLUSTERING.fork_square_016um
2025-10-21 23:04:08 [runtime] (complete)        ID.F08544.SPATIAL_RNA_COUNTER_CS.SPATIAL_RNA_COUNTER.SPATIAL_POST_MATRIX_COMPUTATION.BIN_HD_DATA._BIN_HD_DATA._COMPUTE_BINNED_OUTPUTS.SPATIAL_BINNED_RNA_ANALYZER.RUN_GRAPH_CLUSTERING.fork_square_016um
2025-10-21 23:04:11 [runtime] (complete)        ID.F08544.SPATIAL_RNA_COUNTER_CS.SPATIAL_RNA_COUNTER.SPATIAL_POST_MATRIX_COMPUTATION.BIN_HD_DATA._BIN_HD_DATA._COMPUTE_BINNED_OUTPUTS.SPATIAL_BINNED_RNA_ANALYZER.RUN_GRAPH_CLUSTERING.fork_square_016um
2025-10-21 23:04:14 [runtime] (complete)        ID.F08544.SPATIAL_RNA_COUNTER_CS.SPATIAL_RNA_COUNTER.SPATIAL_POST_MATRIX_COMPUTATION.BIN_HD_DATA._BIN_HD_DATA._COMPUTE_BINNED_OUTPUTS.SPATIAL_BINNED_RNA_ANALYZER.RUN_GRAPH_CLUSTERING.fork_square_016um
2025-10-21 23:04:17 [runtime] (complete)        ID.F08544.SPATIAL_RNA_COUNTER_CS.SPATIAL_RNA_COUNTER.SPATIAL_POST_MATRIX_COMPUTATION.BIN_HD_DATA._BIN_HD_DATA._COMPUTE_BINNED_OUTPUTS.SPATIAL_BINNED_RNA_ANALYZER.RUN_GRAPH_CLUSTERING.fork_square_016um
2025-10-21 23:04:20 [runtime] (complete)        ID.F08544.SPATIAL_RNA_COUNTER_CS.SPATIAL_RNA_COUNTER.SPATIAL_POST_MATRIX_COMPUTATION.BIN_HD_DATA._BIN_HD_DATA._COMPUTE_BINNED_OUTPUTS.SPATIAL_BINNED_RNA_ANALYZER.RUN_GRAPH_CLUSTERING.fork_square_016um
2025-10-21 23:04:23 [runtime] (complete)        ID.F08544.SPATIAL_RNA_COUNTER_CS.SPATIAL_RNA_COUNTER.SPATIAL_POST_MATRIX_COMPUTATION.BIN_HD_DATA._BIN_HD_DATA._COMPUTE_BINNED_OUTPUTS.SPATIAL_BINNED_RNA_ANALYZER.RUN_GRAPH_CLUSTERING.fork_square_016um
2025-10-21 23:04:26 [runtime] (complete)        ID.F08544.SPATIAL_RNA_COUNTER_CS.SPATIAL_RNA_COUNTER.SPATIAL_POST_MATRIX_COMPUTATION.BIN_HD_DATA._BIN_HD_DATA._COMPUTE_BINNED_OUTPUTS.SPATIAL_BINNED_RNA_ANALYZER.RUN_GRAPH_CLUSTERING.fork_square_016um
2025-10-21 23:04:29 [runtime] (complete)        ID.F08544.SPATIAL_RNA_COUNTER_CS.SPATIAL_RNA_COUNTER.SPATIAL_POST_MATRIX_COMPUTATION.BIN_HD_DATA._BIN_HD_DATA._COMPUTE_BINNED_OUTPUTS.SPATIAL_BINNED_RNA_ANALYZER.RUN_GRAPH_CLUSTERING.fork_square_016um
2025-10-21 23:04:32 [runtime] (complete)        ID.F08544.SPATIAL_RNA_COUNTER_CS.SPATIAL_RNA_COUNTER.SPATIAL_POST_MATRIX_COMPUTATION.BIN_HD_DATA._BIN_HD_DATA._COMPUTE_BINNED_OUTPUTS.SPATIAL_BINNED_RNA_ANALYZER.RUN_GRAPH_CLUSTERING.fork_square_016um
2025-10-21 23:04:35 [runtime] (complete)        ID.F08544.SPATIAL_RNA_COUNTER_CS.SPATIAL_RNA_COUNTER.SPATIAL_POST_MATRIX_COMPUTATION.BIN_HD_DATA._BIN_HD_DATA._COMPUTE_BINNED_OUTPUTS.SPATIAL_BINNED_RNA_ANALYZER.RUN_GRAPH_CLUSTERING.fork_square_016um
2025-10-21 23:04:38 [runtime] (complete)        ID.F08544.SPATIAL_RNA_COUNTER_CS.SPATIAL_RNA_COUNTER.SPATIAL_POST_MATRIX_COMPUTATION.BIN_HD_DATA._BIN_HD_DATA._COMPUTE_BINNED_OUTPUTS.SPATIAL_BINNED_RNA_ANALYZER.RUN_GRAPH_CLUSTERING.fork_square_016um
2025-10-21 23:04:41 [runtime] (complete)        ID.F08544.SPATIAL_RNA_COUNTER_CS.SPATIAL_RNA_COUNTER.SPATIAL_POST_MATRIX_COMPUTATION.BIN_HD_DATA._BIN_HD_DATA._COMPUTE_BINNED_OUTPUTS.SPATIAL_BINNED_RNA_ANALYZER.RUN_GRAPH_CLUSTERING.fork_square_016um
2025-10-21 23:04:44 [runtime] (complete)        ID.F08544.SPATIAL_RNA_COUNTER_CS.SPATIAL_RNA_COUNTER.SPATIAL_POST_MATRIX_COMPUTATION.BIN_HD_DATA._BIN_HD_DATA._COMPUTE_BINNED_OUTPUTS.SPATIAL_BINNED_RNA_ANALYZER.RUN_GRAPH_CLUSTERING.fork_square_016um
2025-10-21 23:04:47 [runtime] (complete)        ID.F08544.SPATIAL_RNA_COUNTER_CS.SPATIAL_RNA_COUNTER.SPATIAL_POST_MATRIX_COMPUTATION.BIN_HD_DATA._BIN_HD_DATA._COMPUTE_BINNED_OUTPUTS.SPATIAL_BINNED_RNA_ANALYZER.RUN_GRAPH_CLUSTERING.fork_square_016um
2025-10-21 23:04:50 [runtime] (complete)        ID.F08544.SPATIAL_RNA_COUNTER_CS.SPATIAL_RNA_COUNTER.SPATIAL_POST_MATRIX_COMPUTATION.BIN_HD_DATA._BIN_HD_DATA._COMPUTE_BINNED_OUTPUTS.SPATIAL_BINNED_RNA_ANALYZER.RUN_GRAPH_CLUSTERING.fork_square_016um
2025-10-21 23:04:52 [runtime] (chunks_complete) ID.F08544.SPATIAL_RNA_COUNTER_CS.SPATIAL_RNA_COUNTER.SPATIAL_POST_MATRIX_COMPUTATION.BIN_HD_DATA._BIN_HD_DATA._COMPUTE_BINNED_OUTPUTS.SPATIAL_BINNED_RNA_ANALYZER.RUN_GRAPH_CLUSTERING.fork_square_008um
2025-10-21 23:04:52 [runtime] (run:local)       ID.F08544.SPATIAL_RNA_COUNTER_CS.SPATIAL_RNA_COUNTER.SPATIAL_POST_MATRIX_COMPUTATION.BIN_HD_DATA._BIN_HD_DATA._COMPUTE_BINNED_OUTPUTS.SPATIAL_BINNED_RNA_ANALYZER.RUN_GRAPH_CLUSTERING.fork_square_008um.join
2025-10-21 23:04:52 [runtime] (complete)        ID.F08544.SPATIAL_RNA_COUNTER_CS.SPATIAL_RNA_COUNTER.SPATIAL_POST_MATRIX_COMPUTATION.BIN_HD_DATA._BIN_HD_DATA._COMPUTE_BINNED_OUTPUTS.SPATIAL_BINNED_RNA_ANALYZER.RUN_GRAPH_CLUSTERING.fork_square_016um
2025-10-21 23:04:53 [runtime] (join_complete)   ID.F08544.SPATIAL_RNA_COUNTER_CS.SPATIAL_RNA_COUNTER.SPATIAL_POST_MATRIX_COMPUTATION.BIN_HD_DATA._BIN_HD_DATA._COMPUTE_BINNED_OUTPUTS.SPATIAL_BINNED_RNA_ANALYZER.RUN_GRAPH_CLUSTERING.fork_square_008um
2025-10-21 23:04:53 [runtime] (complete)        ID.F08544.SPATIAL_RNA_COUNTER_CS.SPATIAL_RNA_COUNTER.SPATIAL_POST_MATRIX_COMPUTATION.BIN_HD_DATA._BIN_HD_DATA._COMPUTE_BINNED_OUTPUTS.SPATIAL_BINNED_RNA_ANALYZER.RUN_GRAPH_CLUSTERING.fork_square_016um
2025-10-21 23:04:53 [runtime] (ready)           ID.F08544.SPATIAL_RNA_COUNTER_CS.SPATIAL_RNA_COUNTER.SPATIAL_POST_MATRIX_COMPUTATION.BIN_HD_DATA._BIN_HD_DATA._COMPUTE_BINNED_OUTPUTS.SPATIAL_BINNED_RNA_ANALYZER.RUN_HIERARCHICAL_CLUSTERING.fork_square_002um
2025-10-21 23:04:53 [runtime] (ready)           ID.F08544.SPATIAL_RNA_COUNTER_CS.SPATIAL_RNA_COUNTER.SPATIAL_POST_MATRIX_COMPUTATION.BIN_HD_DATA._BIN_HD_DATA._COMPUTE_BINNED_OUTPUTS.SPATIAL_BINNED_RNA_ANALYZER.RUN_HIERARCHICAL_CLUSTERING.fork_square_008um
2025-10-21 23:04:53 [runtime] (ready)           ID.F08544.SPATIAL_RNA_COUNTER_CS.SPATIAL_RNA_COUNTER.SPATIAL_POST_MATRIX_COMPUTATION.BIN_HD_DATA._BIN_HD_DATA._COMPUTE_BINNED_OUTPUTS.SPATIAL_BINNED_RNA_ANALYZER.RUN_HIERARCHICAL_CLUSTERING.fork_square_016um
2025-10-21 23:04:53 [runtime] (ready)           ID.F08544.SPATIAL_RNA_COUNTER_CS.SPATIAL_RNA_COUNTER.SPATIAL_POST_MATRIX_COMPUTATION.BIN_HD_DATA._BIN_HD_DATA._COMPUTE_BINNED_OUTPUTS.SPATIAL_BINNED_RNA_ANALYZER.COMBINE_CLUSTERING.fork_square_002um
2025-10-21 23:04:53 [runtime] (ready)           ID.F08544.SPATIAL_RNA_COUNTER_CS.SPATIAL_RNA_COUNTER.SPATIAL_POST_MATRIX_COMPUTATION.BIN_HD_DATA._BIN_HD_DATA._COMPUTE_BINNED_OUTPUTS.SPATIAL_BINNED_RNA_ANALYZER.COMBINE_CLUSTERING.fork_square_008um
2025-10-21 23:04:53 [runtime] (run:local)       ID.F08544.SPATIAL_RNA_COUNTER_CS.SPATIAL_RNA_COUNTER.SPATIAL_POST_MATRIX_COMPUTATION.BIN_HD_DATA._BIN_HD_DATA._COMPUTE_BINNED_OUTPUTS.SPATIAL_BINNED_RNA_ANALYZER.COMBINE_CLUSTERING.fork_square_008um.chnk0.main
2025-10-21 23:04:53 [runtime] (ready)           ID.F08544.SPATIAL_RNA_COUNTER_CS.SPATIAL_RNA_COUNTER.SPATIAL_POST_MATRIX_COMPUTATION.BIN_HD_DATA._BIN_HD_DATA._COMPUTE_BINNED_OUTPUTS.SPATIAL_BINNED_RNA_ANALYZER.COMBINE_CLUSTERING.fork_square_016um
2025-10-21 23:04:53 [runtime] (run:local)       ID.F08544.SPATIAL_RNA_COUNTER_CS.SPATIAL_RNA_COUNTER.SPATIAL_POST_MATRIX_COMPUTATION.BIN_HD_DATA._BIN_HD_DATA._COMPUTE_BINNED_OUTPUTS.SPATIAL_BINNED_RNA_ANALYZER.COMBINE_CLUSTERING.fork_square_016um.chnk0.main
2025-10-21 23:04:55 [runtime] (chunks_complete) ID.F08544.SPATIAL_RNA_COUNTER_CS.SPATIAL_RNA_COUNTER.SPATIAL_POST_MATRIX_COMPUTATION.BIN_HD_DATA._BIN_HD_DATA._COMPUTE_BINNED_OUTPUTS.SPATIAL_BINNED_RNA_ANALYZER.COMBINE_CLUSTERING.fork_square_016um
2025-10-21 23:04:55 [runtime] (chunks_complete) ID.F08544.SPATIAL_RNA_COUNTER_CS.SPATIAL_RNA_COUNTER.SPATIAL_POST_MATRIX_COMPUTATION.BIN_HD_DATA._BIN_HD_DATA._COMPUTE_BINNED_OUTPUTS.SPATIAL_BINNED_RNA_ANALYZER.COMBINE_CLUSTERING.fork_square_008um
2025-10-21 23:04:55 [runtime] (complete)        ID.F08544.SPATIAL_RNA_COUNTER_CS.SPATIAL_RNA_COUNTER.SPATIAL_POST_MATRIX_COMPUTATION.BIN_HD_DATA._BIN_HD_DATA._COMPUTE_BINNED_OUTPUTS.SPATIAL_BINNED_RNA_ANALYZER.COMBINE_CLUSTERING.fork_square_016um
2025-10-21 23:04:56 [runtime] (ready)           ID.F08544.SPATIAL_RNA_COUNTER_CS.SPATIAL_RNA_COUNTER.SPATIAL_POST_MATRIX_COMPUTATION.BIN_HD_DATA._BIN_HD_DATA._COMPUTE_BINNED_OUTPUTS.SPATIAL_BINNED_RNA_ANALYZER.RUN_DIFFERENTIAL_EXPRESSION.fork_square_002um
2025-10-21 23:04:56 [runtime] (ready)           ID.F08544.SPATIAL_RNA_COUNTER_CS.SPATIAL_RNA_COUNTER.SPATIAL_POST_MATRIX_COMPUTATION.BIN_HD_DATA._BIN_HD_DATA._COMPUTE_BINNED_OUTPUTS.SPATIAL_BINNED_RNA_ANALYZER.RUN_DIFFERENTIAL_EXPRESSION.fork_square_008um
2025-10-21 23:04:56 [runtime] (run:local)       ID.F08544.SPATIAL_RNA_COUNTER_CS.SPATIAL_RNA_COUNTER.SPATIAL_POST_MATRIX_COMPUTATION.BIN_HD_DATA._BIN_HD_DATA._COMPUTE_BINNED_OUTPUTS.SPATIAL_BINNED_RNA_ANALYZER.RUN_DIFFERENTIAL_EXPRESSION.fork_square_008um.split
2025-10-21 23:04:56 [runtime] (ready)           ID.F08544.SPATIAL_RNA_COUNTER_CS.SPATIAL_RNA_COUNTER.SPATIAL_POST_MATRIX_COMPUTATION.BIN_HD_DATA._BIN_HD_DATA._COMPUTE_BINNED_OUTPUTS.SPATIAL_BINNED_RNA_ANALYZER.RUN_DIFFERENTIAL_EXPRESSION.fork_square_016um
2025-10-21 23:04:56 [runtime] (run:local)       ID.F08544.SPATIAL_RNA_COUNTER_CS.SPATIAL_RNA_COUNTER.SPATIAL_POST_MATRIX_COMPUTATION.BIN_HD_DATA._BIN_HD_DATA._COMPUTE_BINNED_OUTPUTS.SPATIAL_BINNED_RNA_ANALYZER.RUN_DIFFERENTIAL_EXPRESSION.fork_square_016um.split
2025-10-21 23:04:56 [runtime] (split_complete)  ID.F08544.SPATIAL_RNA_COUNTER_CS.SPATIAL_RNA_COUNTER.SPATIAL_POST_MATRIX_COMPUTATION.BIN_HD_DATA._BIN_HD_DATA._COMPUTE_BINNED_OUTPUTS.SPATIAL_BINNED_RNA_ANALYZER.RUN_DIFFERENTIAL_EXPRESSION.fork_square_016um
2025-10-21 23:04:56 [runtime] (run:local)       ID.F08544.SPATIAL_RNA_COUNTER_CS.SPATIAL_RNA_COUNTER.SPATIAL_POST_MATRIX_COMPUTATION.BIN_HD_DATA._BIN_HD_DATA._COMPUTE_BINNED_OUTPUTS.SPATIAL_BINNED_RNA_ANALYZER.RUN_DIFFERENTIAL_EXPRESSION.fork_square_016um.chnk00.main
2025-10-21 23:04:56 [runtime] (run:local)       ID.F08544.SPATIAL_RNA_COUNTER_CS.SPATIAL_RNA_COUNTER.SPATIAL_POST_MATRIX_COMPUTATION.BIN_HD_DATA._BIN_HD_DATA._COMPUTE_BINNED_OUTPUTS.SPATIAL_BINNED_RNA_ANALYZER.RUN_DIFFERENTIAL_EXPRESSION.fork_square_016um.chnk01.main
2025-10-21 23:04:56 [runtime] (run:local)       ID.F08544.SPATIAL_RNA_COUNTER_CS.SPATIAL_RNA_COUNTER.SPATIAL_POST_MATRIX_COMPUTATION.BIN_HD_DATA._BIN_HD_DATA._COMPUTE_BINNED_OUTPUTS.SPATIAL_BINNED_RNA_ANALYZER.RUN_DIFFERENTIAL_EXPRESSION.fork_square_016um.chnk02.main
2025-10-21 23:04:56 [runtime] (run:local)       ID.F08544.SPATIAL_RNA_COUNTER_CS.SPATIAL_RNA_COUNTER.SPATIAL_POST_MATRIX_COMPUTATION.BIN_HD_DATA._BIN_HD_DATA._COMPUTE_BINNED_OUTPUTS.SPATIAL_BINNED_RNA_ANALYZER.RUN_DIFFERENTIAL_EXPRESSION.fork_square_016um.chnk03.main
2025-10-21 23:04:56 [runtime] (run:local)       ID.F08544.SPATIAL_RNA_COUNTER_CS.SPATIAL_RNA_COUNTER.SPATIAL_POST_MATRIX_COMPUTATION.BIN_HD_DATA._BIN_HD_DATA._COMPUTE_BINNED_OUTPUTS.SPATIAL_BINNED_RNA_ANALYZER.RUN_DIFFERENTIAL_EXPRESSION.fork_square_016um.chnk04.main
2025-10-21 23:04:56 [runtime] (run:local)       ID.F08544.SPATIAL_RNA_COUNTER_CS.SPATIAL_RNA_COUNTER.SPATIAL_POST_MATRIX_COMPUTATION.BIN_HD_DATA._BIN_HD_DATA._COMPUTE_BINNED_OUTPUTS.SPATIAL_BINNED_RNA_ANALYZER.RUN_DIFFERENTIAL_EXPRESSION.fork_square_016um.chnk05.main
2025-10-21 23:04:56 [runtime] (run:local)       ID.F08544.SPATIAL_RNA_COUNTER_CS.SPATIAL_RNA_COUNTER.SPATIAL_POST_MATRIX_COMPUTATION.BIN_HD_DATA._BIN_HD_DATA._COMPUTE_BINNED_OUTPUTS.SPATIAL_BINNED_RNA_ANALYZER.RUN_DIFFERENTIAL_EXPRESSION.fork_square_016um.chnk06.main
2025-10-21 23:04:56 [runtime] (run:local)       ID.F08544.SPATIAL_RNA_COUNTER_CS.SPATIAL_RNA_COUNTER.SPATIAL_POST_MATRIX_COMPUTATION.BIN_HD_DATA._BIN_HD_DATA._COMPUTE_BINNED_OUTPUTS.SPATIAL_BINNED_RNA_ANALYZER.RUN_DIFFERENTIAL_EXPRESSION.fork_square_016um.chnk07.main
2025-10-21 23:04:56 [runtime] (run:local)       ID.F08544.SPATIAL_RNA_COUNTER_CS.SPATIAL_RNA_COUNTER.SPATIAL_POST_MATRIX_COMPUTATION.BIN_HD_DATA._BIN_HD_DATA._COMPUTE_BINNED_OUTPUTS.SPATIAL_BINNED_RNA_ANALYZER.RUN_DIFFERENTIAL_EXPRESSION.fork_square_016um.chnk08.main
2025-10-21 23:04:56 [runtime] (run:local)       ID.F08544.SPATIAL_RNA_COUNTER_CS.SPATIAL_RNA_COUNTER.SPATIAL_POST_MATRIX_COMPUTATION.BIN_HD_DATA._BIN_HD_DATA._COMPUTE_BINNED_OUTPUTS.SPATIAL_BINNED_RNA_ANALYZER.RUN_DIFFERENTIAL_EXPRESSION.fork_square_016um.chnk09.main
2025-10-21 23:04:56 [runtime] (split_complete)  ID.F08544.SPATIAL_RNA_COUNTER_CS.SPATIAL_RNA_COUNTER.SPATIAL_POST_MATRIX_COMPUTATION.BIN_HD_DATA._BIN_HD_DATA._COMPUTE_BINNED_OUTPUTS.SPATIAL_BINNED_RNA_ANALYZER.RUN_DIFFERENTIAL_EXPRESSION.fork_square_008um
2025-10-21 23:04:56 [runtime] (run:local)       ID.F08544.SPATIAL_RNA_COUNTER_CS.SPATIAL_RNA_COUNTER.SPATIAL_POST_MATRIX_COMPUTATION.BIN_HD_DATA._BIN_HD_DATA._COMPUTE_BINNED_OUTPUTS.SPATIAL_BINNED_RNA_ANALYZER.RUN_DIFFERENTIAL_EXPRESSION.fork_square_008um.chnk00.main
2025-10-21 23:04:56 [runtime] (run:local)       ID.F08544.SPATIAL_RNA_COUNTER_CS.SPATIAL_RNA_COUNTER.SPATIAL_POST_MATRIX_COMPUTATION.BIN_HD_DATA._BIN_HD_DATA._COMPUTE_BINNED_OUTPUTS.SPATIAL_BINNED_RNA_ANALYZER.RUN_DIFFERENTIAL_EXPRESSION.fork_square_008um.chnk01.main
2025-10-21 23:04:56 [runtime] (run:local)       ID.F08544.SPATIAL_RNA_COUNTER_CS.SPATIAL_RNA_COUNTER.SPATIAL_POST_MATRIX_COMPUTATION.BIN_HD_DATA._BIN_HD_DATA._COMPUTE_BINNED_OUTPUTS.SPATIAL_BINNED_RNA_ANALYZER.RUN_DIFFERENTIAL_EXPRESSION.fork_square_008um.chnk02.main
2025-10-21 23:04:56 [runtime] (run:local)       ID.F08544.SPATIAL_RNA_COUNTER_CS.SPATIAL_RNA_COUNTER.SPATIAL_POST_MATRIX_COMPUTATION.BIN_HD_DATA._BIN_HD_DATA._COMPUTE_BINNED_OUTPUTS.SPATIAL_BINNED_RNA_ANALYZER.RUN_DIFFERENTIAL_EXPRESSION.fork_square_008um.chnk03.main
2025-10-21 23:04:56 [runtime] (run:local)       ID.F08544.SPATIAL_RNA_COUNTER_CS.SPATIAL_RNA_COUNTER.SPATIAL_POST_MATRIX_COMPUTATION.BIN_HD_DATA._BIN_HD_DATA._COMPUTE_BINNED_OUTPUTS.SPATIAL_BINNED_RNA_ANALYZER.RUN_DIFFERENTIAL_EXPRESSION.fork_square_008um.chnk04.main
2025-10-21 23:04:56 [runtime] (run:local)       ID.F08544.SPATIAL_RNA_COUNTER_CS.SPATIAL_RNA_COUNTER.SPATIAL_POST_MATRIX_COMPUTATION.BIN_HD_DATA._BIN_HD_DATA._COMPUTE_BINNED_OUTPUTS.SPATIAL_BINNED_RNA_ANALYZER.RUN_DIFFERENTIAL_EXPRESSION.fork_square_008um.chnk05.main
2025-10-21 23:04:56 [runtime] (run:local)       ID.F08544.SPATIAL_RNA_COUNTER_CS.SPATIAL_RNA_COUNTER.SPATIAL_POST_MATRIX_COMPUTATION.BIN_HD_DATA._BIN_HD_DATA._COMPUTE_BINNED_OUTPUTS.SPATIAL_BINNED_RNA_ANALYZER.RUN_DIFFERENTIAL_EXPRESSION.fork_square_008um.chnk06.main
2025-10-21 23:04:56 [runtime] (run:local)       ID.F08544.SPATIAL_RNA_COUNTER_CS.SPATIAL_RNA_COUNTER.SPATIAL_POST_MATRIX_COMPUTATION.BIN_HD_DATA._BIN_HD_DATA._COMPUTE_BINNED_OUTPUTS.SPATIAL_BINNED_RNA_ANALYZER.RUN_DIFFERENTIAL_EXPRESSION.fork_square_008um.chnk07.main
2025-10-21 23:04:57 [runtime] (run:local)       ID.F08544.SPATIAL_RNA_COUNTER_CS.SPATIAL_RNA_COUNTER.SPATIAL_POST_MATRIX_COMPUTATION.BIN_HD_DATA._BIN_HD_DATA._COMPUTE_BINNED_OUTPUTS.SPATIAL_BINNED_RNA_ANALYZER.RUN_DIFFERENTIAL_EXPRESSION.fork_square_008um.chnk08.main
2025-10-21 23:04:57 [runtime] (run:local)       ID.F08544.SPATIAL_RNA_COUNTER_CS.SPATIAL_RNA_COUNTER.SPATIAL_POST_MATRIX_COMPUTATION.BIN_HD_DATA._BIN_HD_DATA._COMPUTE_BINNED_OUTPUTS.SPATIAL_BINNED_RNA_ANALYZER.RUN_DIFFERENTIAL_EXPRESSION.fork_square_008um.chnk09.main
2025-10-21 23:10:06 [runtime] (update)          ID.F08544.SPATIAL_RNA_COUNTER_CS.SPATIAL_RNA_COUNTER.SPATIAL_POST_MATRIX_COMPUTATION.BIN_HD_DATA._BIN_HD_DATA._COMPUTE_BINNED_OUTPUTS.SPATIAL_BINNED_RNA_ANALYZER.RUN_DIFFERENTIAL_EXPRESSION.fork_square_016um chunks running (9/10 completed)
2025-10-21 23:10:09 [runtime] (update)          ID.F08544.SPATIAL_RNA_COUNTER_CS.SPATIAL_RNA_COUNTER.SPATIAL_POST_MATRIX_COMPUTATION.BIN_HD_DATA._BIN_HD_DATA._COMPUTE_BINNED_OUTPUTS.SPATIAL_BINNED_RNA_ANALYZER.RUN_DIFFERENTIAL_EXPRESSION.fork_square_008um chunks running (0/10 completed)
2025-10-21 23:10:22 [runtime] (chunks_complete) ID.F08544.SPATIAL_RNA_COUNTER_CS.SPATIAL_RNA_COUNTER.SPATIAL_POST_MATRIX_COMPUTATION.BIN_HD_DATA._BIN_HD_DATA._COMPUTE_BINNED_OUTPUTS.SPATIAL_BINNED_RNA_ANALYZER.RUN_DIFFERENTIAL_EXPRESSION.fork_square_016um
2025-10-21 23:10:22 [runtime] (run:local)       ID.F08544.SPATIAL_RNA_COUNTER_CS.SPATIAL_RNA_COUNTER.SPATIAL_POST_MATRIX_COMPUTATION.BIN_HD_DATA._BIN_HD_DATA._COMPUTE_BINNED_OUTPUTS.SPATIAL_BINNED_RNA_ANALYZER.RUN_DIFFERENTIAL_EXPRESSION.fork_square_016um.join
2025-10-21 23:15:32 [runtime] (update)          ID.F08544.SPATIAL_RNA_COUNTER_CS.SPATIAL_RNA_COUNTER.SPATIAL_POST_MATRIX_COMPUTATION.BIN_HD_DATA._BIN_HD_DATA._COMPUTE_BINNED_OUTPUTS.SPATIAL_BINNED_RNA_ANALYZER.RUN_DIFFERENTIAL_EXPRESSION.fork_square_008um chunks running (1/10 completed)
2025-10-21 23:15:46 [runtime] (update)          ID.F08544.SPATIAL_RNA_COUNTER_CS.SPATIAL_RNA_COUNTER.SPATIAL_POST_MATRIX_COMPUTATION.BIN_HD_DATA._BIN_HD_DATA._COMPUTE_BINNED_OUTPUTS.SPATIAL_BINNED_RNA_ANALYZER.RUN_DIFFERENTIAL_EXPRESSION.fork_square_016um join_running
2025-10-21 23:15:47 [runtime] (join_complete)   ID.F08544.SPATIAL_RNA_COUNTER_CS.SPATIAL_RNA_COUNTER.SPATIAL_POST_MATRIX_COMPUTATION.BIN_HD_DATA._BIN_HD_DATA._COMPUTE_BINNED_OUTPUTS.SPATIAL_BINNED_RNA_ANALYZER.RUN_DIFFERENTIAL_EXPRESSION.fork_square_016um
2025-10-21 23:15:50 [runtime] (complete)        ID.F08544.SPATIAL_RNA_COUNTER_CS.SPATIAL_RNA_COUNTER.SPATIAL_POST_MATRIX_COMPUTATION.BIN_HD_DATA._BIN_HD_DATA._COMPUTE_BINNED_OUTPUTS.SPATIAL_BINNED_RNA_ANALYZER.RUN_DIFFERENTIAL_EXPRESSION.fork_square_016um
2025-10-21 23:15:53 [runtime] (complete)        ID.F08544.SPATIAL_RNA_COUNTER_CS.SPATIAL_RNA_COUNTER.SPATIAL_POST_MATRIX_COMPUTATION.BIN_HD_DATA._BIN_HD_DATA._COMPUTE_BINNED_OUTPUTS.SPATIAL_BINNED_RNA_ANALYZER.RUN_DIFFERENTIAL_EXPRESSION.fork_square_016um
2025-10-21 23:15:56 [runtime] (complete)        ID.F08544.SPATIAL_RNA_COUNTER_CS.SPATIAL_RNA_COUNTER.SPATIAL_POST_MATRIX_COMPUTATION.BIN_HD_DATA._BIN_HD_DATA._COMPUTE_BINNED_OUTPUTS.SPATIAL_BINNED_RNA_ANALYZER.RUN_DIFFERENTIAL_EXPRESSION.fork_square_016um
2025-10-21 23:15:59 [runtime] (complete)        ID.F08544.SPATIAL_RNA_COUNTER_CS.SPATIAL_RNA_COUNTER.SPATIAL_POST_MATRIX_COMPUTATION.BIN_HD_DATA._BIN_HD_DATA._COMPUTE_BINNED_OUTPUTS.SPATIAL_BINNED_RNA_ANALYZER.RUN_DIFFERENTIAL_EXPRESSION.fork_square_016um
2025-10-21 23:16:01 [runtime] (complete)        ID.F08544.SPATIAL_RNA_COUNTER_CS.SPATIAL_RNA_COUNTER.SPATIAL_POST_MATRIX_COMPUTATION.BIN_HD_DATA._BIN_HD_DATA._COMPUTE_BINNED_OUTPUTS.SPATIAL_BINNED_RNA_ANALYZER.RUN_DIFFERENTIAL_EXPRESSION.fork_square_016um
2025-10-21 23:16:04 [runtime] (complete)        ID.F08544.SPATIAL_RNA_COUNTER_CS.SPATIAL_RNA_COUNTER.SPATIAL_POST_MATRIX_COMPUTATION.BIN_HD_DATA._BIN_HD_DATA._COMPUTE_BINNED_OUTPUTS.SPATIAL_BINNED_RNA_ANALYZER.RUN_DIFFERENTIAL_EXPRESSION.fork_square_016um
2025-10-21 23:16:07 [runtime] (complete)        ID.F08544.SPATIAL_RNA_COUNTER_CS.SPATIAL_RNA_COUNTER.SPATIAL_POST_MATRIX_COMPUTATION.BIN_HD_DATA._BIN_HD_DATA._COMPUTE_BINNED_OUTPUTS.SPATIAL_BINNED_RNA_ANALYZER.RUN_DIFFERENTIAL_EXPRESSION.fork_square_016um
2025-10-21 23:16:10 [runtime] (complete)        ID.F08544.SPATIAL_RNA_COUNTER_CS.SPATIAL_RNA_COUNTER.SPATIAL_POST_MATRIX_COMPUTATION.BIN_HD_DATA._BIN_HD_DATA._COMPUTE_BINNED_OUTPUTS.SPATIAL_BINNED_RNA_ANALYZER.RUN_DIFFERENTIAL_EXPRESSION.fork_square_016um
2025-10-21 23:16:13 [runtime] (complete)        ID.F08544.SPATIAL_RNA_COUNTER_CS.SPATIAL_RNA_COUNTER.SPATIAL_POST_MATRIX_COMPUTATION.BIN_HD_DATA._BIN_HD_DATA._COMPUTE_BINNED_OUTPUTS.SPATIAL_BINNED_RNA_ANALYZER.RUN_DIFFERENTIAL_EXPRESSION.fork_square_016um
2025-10-21 23:16:16 [runtime] (complete)        ID.F08544.SPATIAL_RNA_COUNTER_CS.SPATIAL_RNA_COUNTER.SPATIAL_POST_MATRIX_COMPUTATION.BIN_HD_DATA._BIN_HD_DATA._COMPUTE_BINNED_OUTPUTS.SPATIAL_BINNED_RNA_ANALYZER.RUN_DIFFERENTIAL_EXPRESSION.fork_square_016um
2025-10-21 23:16:19 [runtime] (complete)        ID.F08544.SPATIAL_RNA_COUNTER_CS.SPATIAL_RNA_COUNTER.SPATIAL_POST_MATRIX_COMPUTATION.BIN_HD_DATA._BIN_HD_DATA._COMPUTE_BINNED_OUTPUTS.SPATIAL_BINNED_RNA_ANALYZER.RUN_DIFFERENTIAL_EXPRESSION.fork_square_016um
2025-10-21 23:16:22 [runtime] (complete)        ID.F08544.SPATIAL_RNA_COUNTER_CS.SPATIAL_RNA_COUNTER.SPATIAL_POST_MATRIX_COMPUTATION.BIN_HD_DATA._BIN_HD_DATA._COMPUTE_BINNED_OUTPUTS.SPATIAL_BINNED_RNA_ANALYZER.RUN_DIFFERENTIAL_EXPRESSION.fork_square_016um
2025-10-21 23:16:25 [runtime] (complete)        ID.F08544.SPATIAL_RNA_COUNTER_CS.SPATIAL_RNA_COUNTER.SPATIAL_POST_MATRIX_COMPUTATION.BIN_HD_DATA._BIN_HD_DATA._COMPUTE_BINNED_OUTPUTS.SPATIAL_BINNED_RNA_ANALYZER.RUN_DIFFERENTIAL_EXPRESSION.fork_square_016um
2025-10-21 23:16:28 [runtime] (complete)        ID.F08544.SPATIAL_RNA_COUNTER_CS.SPATIAL_RNA_COUNTER.SPATIAL_POST_MATRIX_COMPUTATION.BIN_HD_DATA._BIN_HD_DATA._COMPUTE_BINNED_OUTPUTS.SPATIAL_BINNED_RNA_ANALYZER.RUN_DIFFERENTIAL_EXPRESSION.fork_square_016um
2025-10-21 23:16:29 [runtime] (complete)        ID.F08544.SPATIAL_RNA_COUNTER_CS.SPATIAL_RNA_COUNTER.SPATIAL_POST_MATRIX_COMPUTATION.BIN_HD_DATA._BIN_HD_DATA._COMPUTE_BINNED_OUTPUTS.SPATIAL_BINNED_RNA_ANALYZER.RUN_DIFFERENTIAL_EXPRESSION.fork_square_016um
2025-10-21 23:16:32 [runtime] (complete)        ID.F08544.SPATIAL_RNA_COUNTER_CS.SPATIAL_RNA_COUNTER.SPATIAL_POST_MATRIX_COMPUTATION.BIN_HD_DATA._BIN_HD_DATA._COMPUTE_BINNED_OUTPUTS.SPATIAL_BINNED_RNA_ANALYZER.RUN_DIFFERENTIAL_EXPRESSION.fork_square_016um
2025-10-21 23:16:35 [runtime] (complete)        ID.F08544.SPATIAL_RNA_COUNTER_CS.SPATIAL_RNA_COUNTER.SPATIAL_POST_MATRIX_COMPUTATION.BIN_HD_DATA._BIN_HD_DATA._COMPUTE_BINNED_OUTPUTS.SPATIAL_BINNED_RNA_ANALYZER.RUN_DIFFERENTIAL_EXPRESSION.fork_square_016um
2025-10-21 23:16:38 [runtime] (complete)        ID.F08544.SPATIAL_RNA_COUNTER_CS.SPATIAL_RNA_COUNTER.SPATIAL_POST_MATRIX_COMPUTATION.BIN_HD_DATA._BIN_HD_DATA._COMPUTE_BINNED_OUTPUTS.SPATIAL_BINNED_RNA_ANALYZER.RUN_DIFFERENTIAL_EXPRESSION.fork_square_016um
2025-10-21 23:16:39 [runtime] (complete)        ID.F08544.SPATIAL_RNA_COUNTER_CS.SPATIAL_RNA_COUNTER.SPATIAL_POST_MATRIX_COMPUTATION.BIN_HD_DATA._BIN_HD_DATA._COMPUTE_BINNED_OUTPUTS.SPATIAL_BINNED_RNA_ANALYZER.RUN_DIFFERENTIAL_EXPRESSION.fork_square_016um
2025-10-21 23:16:42 [runtime] (complete)        ID.F08544.SPATIAL_RNA_COUNTER_CS.SPATIAL_RNA_COUNTER.SPATIAL_POST_MATRIX_COMPUTATION.BIN_HD_DATA._BIN_HD_DATA._COMPUTE_BINNED_OUTPUTS.SPATIAL_BINNED_RNA_ANALYZER.RUN_DIFFERENTIAL_EXPRESSION.fork_square_016um
2025-10-21 23:16:45 [runtime] (complete)        ID.F08544.SPATIAL_RNA_COUNTER_CS.SPATIAL_RNA_COUNTER.SPATIAL_POST_MATRIX_COMPUTATION.BIN_HD_DATA._BIN_HD_DATA._COMPUTE_BINNED_OUTPUTS.SPATIAL_BINNED_RNA_ANALYZER.RUN_DIFFERENTIAL_EXPRESSION.fork_square_016um
2025-10-21 23:16:48 [runtime] (complete)        ID.F08544.SPATIAL_RNA_COUNTER_CS.SPATIAL_RNA_COUNTER.SPATIAL_POST_MATRIX_COMPUTATION.BIN_HD_DATA._BIN_HD_DATA._COMPUTE_BINNED_OUTPUTS.SPATIAL_BINNED_RNA_ANALYZER.RUN_DIFFERENTIAL_EXPRESSION.fork_square_016um
2025-10-21 23:16:51 [runtime] (complete)        ID.F08544.SPATIAL_RNA_COUNTER_CS.SPATIAL_RNA_COUNTER.SPATIAL_POST_MATRIX_COMPUTATION.BIN_HD_DATA._BIN_HD_DATA._COMPUTE_BINNED_OUTPUTS.SPATIAL_BINNED_RNA_ANALYZER.RUN_DIFFERENTIAL_EXPRESSION.fork_square_016um
2025-10-21 23:16:54 [runtime] (complete)        ID.F08544.SPATIAL_RNA_COUNTER_CS.SPATIAL_RNA_COUNTER.SPATIAL_POST_MATRIX_COMPUTATION.BIN_HD_DATA._BIN_HD_DATA._COMPUTE_BINNED_OUTPUTS.SPATIAL_BINNED_RNA_ANALYZER.RUN_DIFFERENTIAL_EXPRESSION.fork_square_016um
2025-10-21 23:16:57 [runtime] (complete)        ID.F08544.SPATIAL_RNA_COUNTER_CS.SPATIAL_RNA_COUNTER.SPATIAL_POST_MATRIX_COMPUTATION.BIN_HD_DATA._BIN_HD_DATA._COMPUTE_BINNED_OUTPUTS.SPATIAL_BINNED_RNA_ANALYZER.RUN_DIFFERENTIAL_EXPRESSION.fork_square_016um
2025-10-21 23:17:00 [runtime] (complete)        ID.F08544.SPATIAL_RNA_COUNTER_CS.SPATIAL_RNA_COUNTER.SPATIAL_POST_MATRIX_COMPUTATION.BIN_HD_DATA._BIN_HD_DATA._COMPUTE_BINNED_OUTPUTS.SPATIAL_BINNED_RNA_ANALYZER.RUN_DIFFERENTIAL_EXPRESSION.fork_square_016um
2025-10-21 23:17:01 [runtime] (complete)        ID.F08544.SPATIAL_RNA_COUNTER_CS.SPATIAL_RNA_COUNTER.SPATIAL_POST_MATRIX_COMPUTATION.BIN_HD_DATA._BIN_HD_DATA._COMPUTE_BINNED_OUTPUTS.SPATIAL_BINNED_RNA_ANALYZER.RUN_DIFFERENTIAL_EXPRESSION.fork_square_016um
2025-10-21 23:17:04 [runtime] (complete)        ID.F08544.SPATIAL_RNA_COUNTER_CS.SPATIAL_RNA_COUNTER.SPATIAL_POST_MATRIX_COMPUTATION.BIN_HD_DATA._BIN_HD_DATA._COMPUTE_BINNED_OUTPUTS.SPATIAL_BINNED_RNA_ANALYZER.RUN_DIFFERENTIAL_EXPRESSION.fork_square_016um
2025-10-21 23:17:07 [runtime] (complete)        ID.F08544.SPATIAL_RNA_COUNTER_CS.SPATIAL_RNA_COUNTER.SPATIAL_POST_MATRIX_COMPUTATION.BIN_HD_DATA._BIN_HD_DATA._COMPUTE_BINNED_OUTPUTS.SPATIAL_BINNED_RNA_ANALYZER.RUN_DIFFERENTIAL_EXPRESSION.fork_square_016um
2025-10-21 23:17:10 [runtime] (complete)        ID.F08544.SPATIAL_RNA_COUNTER_CS.SPATIAL_RNA_COUNTER.SPATIAL_POST_MATRIX_COMPUTATION.BIN_HD_DATA._BIN_HD_DATA._COMPUTE_BINNED_OUTPUTS.SPATIAL_BINNED_RNA_ANALYZER.RUN_DIFFERENTIAL_EXPRESSION.fork_square_016um
2025-10-21 23:17:13 [runtime] (complete)        ID.F08544.SPATIAL_RNA_COUNTER_CS.SPATIAL_RNA_COUNTER.SPATIAL_POST_MATRIX_COMPUTATION.BIN_HD_DATA._BIN_HD_DATA._COMPUTE_BINNED_OUTPUTS.SPATIAL_BINNED_RNA_ANALYZER.RUN_DIFFERENTIAL_EXPRESSION.fork_square_016um
2025-10-21 23:17:16 [runtime] (complete)        ID.F08544.SPATIAL_RNA_COUNTER_CS.SPATIAL_RNA_COUNTER.SPATIAL_POST_MATRIX_COMPUTATION.BIN_HD_DATA._BIN_HD_DATA._COMPUTE_BINNED_OUTPUTS.SPATIAL_BINNED_RNA_ANALYZER.RUN_DIFFERENTIAL_EXPRESSION.fork_square_016um
2025-10-21 23:17:19 [runtime] (complete)        ID.F08544.SPATIAL_RNA_COUNTER_CS.SPATIAL_RNA_COUNTER.SPATIAL_POST_MATRIX_COMPUTATION.BIN_HD_DATA._BIN_HD_DATA._COMPUTE_BINNED_OUTPUTS.SPATIAL_BINNED_RNA_ANALYZER.RUN_DIFFERENTIAL_EXPRESSION.fork_square_016um
2025-10-21 23:17:22 [runtime] (complete)        ID.F08544.SPATIAL_RNA_COUNTER_CS.SPATIAL_RNA_COUNTER.SPATIAL_POST_MATRIX_COMPUTATION.BIN_HD_DATA._BIN_HD_DATA._COMPUTE_BINNED_OUTPUTS.SPATIAL_BINNED_RNA_ANALYZER.RUN_DIFFERENTIAL_EXPRESSION.fork_square_016um
2025-10-21 23:17:25 [runtime] (complete)        ID.F08544.SPATIAL_RNA_COUNTER_CS.SPATIAL_RNA_COUNTER.SPATIAL_POST_MATRIX_COMPUTATION.BIN_HD_DATA._BIN_HD_DATA._COMPUTE_BINNED_OUTPUTS.SPATIAL_BINNED_RNA_ANALYZER.RUN_DIFFERENTIAL_EXPRESSION.fork_square_016um
2025-10-21 23:17:28 [runtime] (complete)        ID.F08544.SPATIAL_RNA_COUNTER_CS.SPATIAL_RNA_COUNTER.SPATIAL_POST_MATRIX_COMPUTATION.BIN_HD_DATA._BIN_HD_DATA._COMPUTE_BINNED_OUTPUTS.SPATIAL_BINNED_RNA_ANALYZER.RUN_DIFFERENTIAL_EXPRESSION.fork_square_016um
2025-10-21 23:17:31 [runtime] (complete)        ID.F08544.SPATIAL_RNA_COUNTER_CS.SPATIAL_RNA_COUNTER.SPATIAL_POST_MATRIX_COMPUTATION.BIN_HD_DATA._BIN_HD_DATA._COMPUTE_BINNED_OUTPUTS.SPATIAL_BINNED_RNA_ANALYZER.RUN_DIFFERENTIAL_EXPRESSION.fork_square_016um
2025-10-21 23:17:34 [runtime] (complete)        ID.F08544.SPATIAL_RNA_COUNTER_CS.SPATIAL_RNA_COUNTER.SPATIAL_POST_MATRIX_COMPUTATION.BIN_HD_DATA._BIN_HD_DATA._COMPUTE_BINNED_OUTPUTS.SPATIAL_BINNED_RNA_ANALYZER.RUN_DIFFERENTIAL_EXPRESSION.fork_square_016um
2025-10-21 23:17:37 [runtime] (complete)        ID.F08544.SPATIAL_RNA_COUNTER_CS.SPATIAL_RNA_COUNTER.SPATIAL_POST_MATRIX_COMPUTATION.BIN_HD_DATA._BIN_HD_DATA._COMPUTE_BINNED_OUTPUTS.SPATIAL_BINNED_RNA_ANALYZER.RUN_DIFFERENTIAL_EXPRESSION.fork_square_016um
2025-10-21 23:17:40 [runtime] (complete)        ID.F08544.SPATIAL_RNA_COUNTER_CS.SPATIAL_RNA_COUNTER.SPATIAL_POST_MATRIX_COMPUTATION.BIN_HD_DATA._BIN_HD_DATA._COMPUTE_BINNED_OUTPUTS.SPATIAL_BINNED_RNA_ANALYZER.RUN_DIFFERENTIAL_EXPRESSION.fork_square_016um
2025-10-21 23:17:43 [runtime] (complete)        ID.F08544.SPATIAL_RNA_COUNTER_CS.SPATIAL_RNA_COUNTER.SPATIAL_POST_MATRIX_COMPUTATION.BIN_HD_DATA._BIN_HD_DATA._COMPUTE_BINNED_OUTPUTS.SPATIAL_BINNED_RNA_ANALYZER.RUN_DIFFERENTIAL_EXPRESSION.fork_square_016um
2025-10-21 23:17:46 [runtime] (complete)        ID.F08544.SPATIAL_RNA_COUNTER_CS.SPATIAL_RNA_COUNTER.SPATIAL_POST_MATRIX_COMPUTATION.BIN_HD_DATA._BIN_HD_DATA._COMPUTE_BINNED_OUTPUTS.SPATIAL_BINNED_RNA_ANALYZER.RUN_DIFFERENTIAL_EXPRESSION.fork_square_016um
2025-10-21 23:17:49 [runtime] (complete)        ID.F08544.SPATIAL_RNA_COUNTER_CS.SPATIAL_RNA_COUNTER.SPATIAL_POST_MATRIX_COMPUTATION.BIN_HD_DATA._BIN_HD_DATA._COMPUTE_BINNED_OUTPUTS.SPATIAL_BINNED_RNA_ANALYZER.RUN_DIFFERENTIAL_EXPRESSION.fork_square_016um
2025-10-21 23:17:52 [runtime] (complete)        ID.F08544.SPATIAL_RNA_COUNTER_CS.SPATIAL_RNA_COUNTER.SPATIAL_POST_MATRIX_COMPUTATION.BIN_HD_DATA._BIN_HD_DATA._COMPUTE_BINNED_OUTPUTS.SPATIAL_BINNED_RNA_ANALYZER.RUN_DIFFERENTIAL_EXPRESSION.fork_square_016um
2025-10-21 23:17:55 [runtime] (complete)        ID.F08544.SPATIAL_RNA_COUNTER_CS.SPATIAL_RNA_COUNTER.SPATIAL_POST_MATRIX_COMPUTATION.BIN_HD_DATA._BIN_HD_DATA._COMPUTE_BINNED_OUTPUTS.SPATIAL_BINNED_RNA_ANALYZER.RUN_DIFFERENTIAL_EXPRESSION.fork_square_016um
2025-10-21 23:17:58 [runtime] (complete)        ID.F08544.SPATIAL_RNA_COUNTER_CS.SPATIAL_RNA_COUNTER.SPATIAL_POST_MATRIX_COMPUTATION.BIN_HD_DATA._BIN_HD_DATA._COMPUTE_BINNED_OUTPUTS.SPATIAL_BINNED_RNA_ANALYZER.RUN_DIFFERENTIAL_EXPRESSION.fork_square_016um
2025-10-21 23:18:01 [runtime] (complete)        ID.F08544.SPATIAL_RNA_COUNTER_CS.SPATIAL_RNA_COUNTER.SPATIAL_POST_MATRIX_COMPUTATION.BIN_HD_DATA._BIN_HD_DATA._COMPUTE_BINNED_OUTPUTS.SPATIAL_BINNED_RNA_ANALYZER.RUN_DIFFERENTIAL_EXPRESSION.fork_square_016um
2025-10-21 23:18:04 [runtime] (complete)        ID.F08544.SPATIAL_RNA_COUNTER_CS.SPATIAL_RNA_COUNTER.SPATIAL_POST_MATRIX_COMPUTATION.BIN_HD_DATA._BIN_HD_DATA._COMPUTE_BINNED_OUTPUTS.SPATIAL_BINNED_RNA_ANALYZER.RUN_DIFFERENTIAL_EXPRESSION.fork_square_016um
2025-10-21 23:18:07 [runtime] (complete)        ID.F08544.SPATIAL_RNA_COUNTER_CS.SPATIAL_RNA_COUNTER.SPATIAL_POST_MATRIX_COMPUTATION.BIN_HD_DATA._BIN_HD_DATA._COMPUTE_BINNED_OUTPUTS.SPATIAL_BINNED_RNA_ANALYZER.RUN_DIFFERENTIAL_EXPRESSION.fork_square_016um
2025-10-21 23:18:10 [runtime] (complete)        ID.F08544.SPATIAL_RNA_COUNTER_CS.SPATIAL_RNA_COUNTER.SPATIAL_POST_MATRIX_COMPUTATION.BIN_HD_DATA._BIN_HD_DATA._COMPUTE_BINNED_OUTPUTS.SPATIAL_BINNED_RNA_ANALYZER.RUN_DIFFERENTIAL_EXPRESSION.fork_square_016um
2025-10-21 23:18:13 [runtime] (complete)        ID.F08544.SPATIAL_RNA_COUNTER_CS.SPATIAL_RNA_COUNTER.SPATIAL_POST_MATRIX_COMPUTATION.BIN_HD_DATA._BIN_HD_DATA._COMPUTE_BINNED_OUTPUTS.SPATIAL_BINNED_RNA_ANALYZER.RUN_DIFFERENTIAL_EXPRESSION.fork_square_016um
2025-10-21 23:18:16 [runtime] (complete)        ID.F08544.SPATIAL_RNA_COUNTER_CS.SPATIAL_RNA_COUNTER.SPATIAL_POST_MATRIX_COMPUTATION.BIN_HD_DATA._BIN_HD_DATA._COMPUTE_BINNED_OUTPUTS.SPATIAL_BINNED_RNA_ANALYZER.RUN_DIFFERENTIAL_EXPRESSION.fork_square_016um
2025-10-21 23:18:19 [runtime] (complete)        ID.F08544.SPATIAL_RNA_COUNTER_CS.SPATIAL_RNA_COUNTER.SPATIAL_POST_MATRIX_COMPUTATION.BIN_HD_DATA._BIN_HD_DATA._COMPUTE_BINNED_OUTPUTS.SPATIAL_BINNED_RNA_ANALYZER.RUN_DIFFERENTIAL_EXPRESSION.fork_square_016um
2025-10-21 23:18:22 [runtime] (complete)        ID.F08544.SPATIAL_RNA_COUNTER_CS.SPATIAL_RNA_COUNTER.SPATIAL_POST_MATRIX_COMPUTATION.BIN_HD_DATA._BIN_HD_DATA._COMPUTE_BINNED_OUTPUTS.SPATIAL_BINNED_RNA_ANALYZER.RUN_DIFFERENTIAL_EXPRESSION.fork_square_016um
2025-10-21 23:18:25 [runtime] (complete)        ID.F08544.SPATIAL_RNA_COUNTER_CS.SPATIAL_RNA_COUNTER.SPATIAL_POST_MATRIX_COMPUTATION.BIN_HD_DATA._BIN_HD_DATA._COMPUTE_BINNED_OUTPUTS.SPATIAL_BINNED_RNA_ANALYZER.RUN_DIFFERENTIAL_EXPRESSION.fork_square_016um
2025-10-21 23:18:28 [runtime] (complete)        ID.F08544.SPATIAL_RNA_COUNTER_CS.SPATIAL_RNA_COUNTER.SPATIAL_POST_MATRIX_COMPUTATION.BIN_HD_DATA._BIN_HD_DATA._COMPUTE_BINNED_OUTPUTS.SPATIAL_BINNED_RNA_ANALYZER.RUN_DIFFERENTIAL_EXPRESSION.fork_square_016um
2025-10-21 23:18:31 [runtime] (complete)        ID.F08544.SPATIAL_RNA_COUNTER_CS.SPATIAL_RNA_COUNTER.SPATIAL_POST_MATRIX_COMPUTATION.BIN_HD_DATA._BIN_HD_DATA._COMPUTE_BINNED_OUTPUTS.SPATIAL_BINNED_RNA_ANALYZER.RUN_DIFFERENTIAL_EXPRESSION.fork_square_016um
2025-10-21 23:18:34 [runtime] (complete)        ID.F08544.SPATIAL_RNA_COUNTER_CS.SPATIAL_RNA_COUNTER.SPATIAL_POST_MATRIX_COMPUTATION.BIN_HD_DATA._BIN_HD_DATA._COMPUTE_BINNED_OUTPUTS.SPATIAL_BINNED_RNA_ANALYZER.RUN_DIFFERENTIAL_EXPRESSION.fork_square_016um
2025-10-21 23:18:37 [runtime] (complete)        ID.F08544.SPATIAL_RNA_COUNTER_CS.SPATIAL_RNA_COUNTER.SPATIAL_POST_MATRIX_COMPUTATION.BIN_HD_DATA._BIN_HD_DATA._COMPUTE_BINNED_OUTPUTS.SPATIAL_BINNED_RNA_ANALYZER.RUN_DIFFERENTIAL_EXPRESSION.fork_square_016um
2025-10-21 23:18:40 [runtime] (complete)        ID.F08544.SPATIAL_RNA_COUNTER_CS.SPATIAL_RNA_COUNTER.SPATIAL_POST_MATRIX_COMPUTATION.BIN_HD_DATA._BIN_HD_DATA._COMPUTE_BINNED_OUTPUTS.SPATIAL_BINNED_RNA_ANALYZER.RUN_DIFFERENTIAL_EXPRESSION.fork_square_016um
2025-10-21 23:18:43 [runtime] (complete)        ID.F08544.SPATIAL_RNA_COUNTER_CS.SPATIAL_RNA_COUNTER.SPATIAL_POST_MATRIX_COMPUTATION.BIN_HD_DATA._BIN_HD_DATA._COMPUTE_BINNED_OUTPUTS.SPATIAL_BINNED_RNA_ANALYZER.RUN_DIFFERENTIAL_EXPRESSION.fork_square_016um
2025-10-21 23:18:46 [runtime] (complete)        ID.F08544.SPATIAL_RNA_COUNTER_CS.SPATIAL_RNA_COUNTER.SPATIAL_POST_MATRIX_COMPUTATION.BIN_HD_DATA._BIN_HD_DATA._COMPUTE_BINNED_OUTPUTS.SPATIAL_BINNED_RNA_ANALYZER.RUN_DIFFERENTIAL_EXPRESSION.fork_square_016um
2025-10-21 23:18:49 [runtime] (complete)        ID.F08544.SPATIAL_RNA_COUNTER_CS.SPATIAL_RNA_COUNTER.SPATIAL_POST_MATRIX_COMPUTATION.BIN_HD_DATA._BIN_HD_DATA._COMPUTE_BINNED_OUTPUTS.SPATIAL_BINNED_RNA_ANALYZER.RUN_DIFFERENTIAL_EXPRESSION.fork_square_016um
2025-10-21 23:18:52 [runtime] (complete)        ID.F08544.SPATIAL_RNA_COUNTER_CS.SPATIAL_RNA_COUNTER.SPATIAL_POST_MATRIX_COMPUTATION.BIN_HD_DATA._BIN_HD_DATA._COMPUTE_BINNED_OUTPUTS.SPATIAL_BINNED_RNA_ANALYZER.RUN_DIFFERENTIAL_EXPRESSION.fork_square_016um
2025-10-21 23:18:55 [runtime] (complete)        ID.F08544.SPATIAL_RNA_COUNTER_CS.SPATIAL_RNA_COUNTER.SPATIAL_POST_MATRIX_COMPUTATION.BIN_HD_DATA._BIN_HD_DATA._COMPUTE_BINNED_OUTPUTS.SPATIAL_BINNED_RNA_ANALYZER.RUN_DIFFERENTIAL_EXPRESSION.fork_square_016um
2025-10-21 23:18:58 [runtime] (complete)        ID.F08544.SPATIAL_RNA_COUNTER_CS.SPATIAL_RNA_COUNTER.SPATIAL_POST_MATRIX_COMPUTATION.BIN_HD_DATA._BIN_HD_DATA._COMPUTE_BINNED_OUTPUTS.SPATIAL_BINNED_RNA_ANALYZER.RUN_DIFFERENTIAL_EXPRESSION.fork_square_016um
2025-10-21 23:19:01 [runtime] (complete)        ID.F08544.SPATIAL_RNA_COUNTER_CS.SPATIAL_RNA_COUNTER.SPATIAL_POST_MATRIX_COMPUTATION.BIN_HD_DATA._BIN_HD_DATA._COMPUTE_BINNED_OUTPUTS.SPATIAL_BINNED_RNA_ANALYZER.RUN_DIFFERENTIAL_EXPRESSION.fork_square_016um
2025-10-21 23:19:04 [runtime] (complete)        ID.F08544.SPATIAL_RNA_COUNTER_CS.SPATIAL_RNA_COUNTER.SPATIAL_POST_MATRIX_COMPUTATION.BIN_HD_DATA._BIN_HD_DATA._COMPUTE_BINNED_OUTPUTS.SPATIAL_BINNED_RNA_ANALYZER.RUN_DIFFERENTIAL_EXPRESSION.fork_square_016um
2025-10-21 23:19:07 [runtime] (complete)        ID.F08544.SPATIAL_RNA_COUNTER_CS.SPATIAL_RNA_COUNTER.SPATIAL_POST_MATRIX_COMPUTATION.BIN_HD_DATA._BIN_HD_DATA._COMPUTE_BINNED_OUTPUTS.SPATIAL_BINNED_RNA_ANALYZER.RUN_DIFFERENTIAL_EXPRESSION.fork_square_016um
2025-10-21 23:19:10 [runtime] (complete)        ID.F08544.SPATIAL_RNA_COUNTER_CS.SPATIAL_RNA_COUNTER.SPATIAL_POST_MATRIX_COMPUTATION.BIN_HD_DATA._BIN_HD_DATA._COMPUTE_BINNED_OUTPUTS.SPATIAL_BINNED_RNA_ANALYZER.RUN_DIFFERENTIAL_EXPRESSION.fork_square_016um
2025-10-21 23:19:13 [runtime] (complete)        ID.F08544.SPATIAL_RNA_COUNTER_CS.SPATIAL_RNA_COUNTER.SPATIAL_POST_MATRIX_COMPUTATION.BIN_HD_DATA._BIN_HD_DATA._COMPUTE_BINNED_OUTPUTS.SPATIAL_BINNED_RNA_ANALYZER.RUN_DIFFERENTIAL_EXPRESSION.fork_square_016um
2025-10-21 23:19:16 [runtime] (complete)        ID.F08544.SPATIAL_RNA_COUNTER_CS.SPATIAL_RNA_COUNTER.SPATIAL_POST_MATRIX_COMPUTATION.BIN_HD_DATA._BIN_HD_DATA._COMPUTE_BINNED_OUTPUTS.SPATIAL_BINNED_RNA_ANALYZER.RUN_DIFFERENTIAL_EXPRESSION.fork_square_016um
2025-10-21 23:19:19 [runtime] (complete)        ID.F08544.SPATIAL_RNA_COUNTER_CS.SPATIAL_RNA_COUNTER.SPATIAL_POST_MATRIX_COMPUTATION.BIN_HD_DATA._BIN_HD_DATA._COMPUTE_BINNED_OUTPUTS.SPATIAL_BINNED_RNA_ANALYZER.RUN_DIFFERENTIAL_EXPRESSION.fork_square_016um
2025-10-21 23:19:22 [runtime] (complete)        ID.F08544.SPATIAL_RNA_COUNTER_CS.SPATIAL_RNA_COUNTER.SPATIAL_POST_MATRIX_COMPUTATION.BIN_HD_DATA._BIN_HD_DATA._COMPUTE_BINNED_OUTPUTS.SPATIAL_BINNED_RNA_ANALYZER.RUN_DIFFERENTIAL_EXPRESSION.fork_square_016um
2025-10-21 23:19:25 [runtime] (complete)        ID.F08544.SPATIAL_RNA_COUNTER_CS.SPATIAL_RNA_COUNTER.SPATIAL_POST_MATRIX_COMPUTATION.BIN_HD_DATA._BIN_HD_DATA._COMPUTE_BINNED_OUTPUTS.SPATIAL_BINNED_RNA_ANALYZER.RUN_DIFFERENTIAL_EXPRESSION.fork_square_016um
2025-10-21 23:19:28 [runtime] (complete)        ID.F08544.SPATIAL_RNA_COUNTER_CS.SPATIAL_RNA_COUNTER.SPATIAL_POST_MATRIX_COMPUTATION.BIN_HD_DATA._BIN_HD_DATA._COMPUTE_BINNED_OUTPUTS.SPATIAL_BINNED_RNA_ANALYZER.RUN_DIFFERENTIAL_EXPRESSION.fork_square_016um
2025-10-21 23:19:31 [runtime] (complete)        ID.F08544.SPATIAL_RNA_COUNTER_CS.SPATIAL_RNA_COUNTER.SPATIAL_POST_MATRIX_COMPUTATION.BIN_HD_DATA._BIN_HD_DATA._COMPUTE_BINNED_OUTPUTS.SPATIAL_BINNED_RNA_ANALYZER.RUN_DIFFERENTIAL_EXPRESSION.fork_square_016um
2025-10-21 23:19:34 [runtime] (complete)        ID.F08544.SPATIAL_RNA_COUNTER_CS.SPATIAL_RNA_COUNTER.SPATIAL_POST_MATRIX_COMPUTATION.BIN_HD_DATA._BIN_HD_DATA._COMPUTE_BINNED_OUTPUTS.SPATIAL_BINNED_RNA_ANALYZER.RUN_DIFFERENTIAL_EXPRESSION.fork_square_016um
2025-10-21 23:19:37 [runtime] (complete)        ID.F08544.SPATIAL_RNA_COUNTER_CS.SPATIAL_RNA_COUNTER.SPATIAL_POST_MATRIX_COMPUTATION.BIN_HD_DATA._BIN_HD_DATA._COMPUTE_BINNED_OUTPUTS.SPATIAL_BINNED_RNA_ANALYZER.RUN_DIFFERENTIAL_EXPRESSION.fork_square_016um
2025-10-21 23:19:40 [runtime] (complete)        ID.F08544.SPATIAL_RNA_COUNTER_CS.SPATIAL_RNA_COUNTER.SPATIAL_POST_MATRIX_COMPUTATION.BIN_HD_DATA._BIN_HD_DATA._COMPUTE_BINNED_OUTPUTS.SPATIAL_BINNED_RNA_ANALYZER.RUN_DIFFERENTIAL_EXPRESSION.fork_square_016um
2025-10-21 23:19:43 [runtime] (complete)        ID.F08544.SPATIAL_RNA_COUNTER_CS.SPATIAL_RNA_COUNTER.SPATIAL_POST_MATRIX_COMPUTATION.BIN_HD_DATA._BIN_HD_DATA._COMPUTE_BINNED_OUTPUTS.SPATIAL_BINNED_RNA_ANALYZER.RUN_DIFFERENTIAL_EXPRESSION.fork_square_016um
2025-10-21 23:19:46 [runtime] (complete)        ID.F08544.SPATIAL_RNA_COUNTER_CS.SPATIAL_RNA_COUNTER.SPATIAL_POST_MATRIX_COMPUTATION.BIN_HD_DATA._BIN_HD_DATA._COMPUTE_BINNED_OUTPUTS.SPATIAL_BINNED_RNA_ANALYZER.RUN_DIFFERENTIAL_EXPRESSION.fork_square_016um
2025-10-21 23:19:49 [runtime] (complete)        ID.F08544.SPATIAL_RNA_COUNTER_CS.SPATIAL_RNA_COUNTER.SPATIAL_POST_MATRIX_COMPUTATION.BIN_HD_DATA._BIN_HD_DATA._COMPUTE_BINNED_OUTPUTS.SPATIAL_BINNED_RNA_ANALYZER.RUN_DIFFERENTIAL_EXPRESSION.fork_square_016um
2025-10-21 23:19:52 [runtime] (complete)        ID.F08544.SPATIAL_RNA_COUNTER_CS.SPATIAL_RNA_COUNTER.SPATIAL_POST_MATRIX_COMPUTATION.BIN_HD_DATA._BIN_HD_DATA._COMPUTE_BINNED_OUTPUTS.SPATIAL_BINNED_RNA_ANALYZER.RUN_DIFFERENTIAL_EXPRESSION.fork_square_016um
2025-10-21 23:19:55 [runtime] (complete)        ID.F08544.SPATIAL_RNA_COUNTER_CS.SPATIAL_RNA_COUNTER.SPATIAL_POST_MATRIX_COMPUTATION.BIN_HD_DATA._BIN_HD_DATA._COMPUTE_BINNED_OUTPUTS.SPATIAL_BINNED_RNA_ANALYZER.RUN_DIFFERENTIAL_EXPRESSION.fork_square_016um
2025-10-21 23:19:58 [runtime] (complete)        ID.F08544.SPATIAL_RNA_COUNTER_CS.SPATIAL_RNA_COUNTER.SPATIAL_POST_MATRIX_COMPUTATION.BIN_HD_DATA._BIN_HD_DATA._COMPUTE_BINNED_OUTPUTS.SPATIAL_BINNED_RNA_ANALYZER.RUN_DIFFERENTIAL_EXPRESSION.fork_square_016um
2025-10-21 23:20:01 [runtime] (complete)        ID.F08544.SPATIAL_RNA_COUNTER_CS.SPATIAL_RNA_COUNTER.SPATIAL_POST_MATRIX_COMPUTATION.BIN_HD_DATA._BIN_HD_DATA._COMPUTE_BINNED_OUTPUTS.SPATIAL_BINNED_RNA_ANALYZER.RUN_DIFFERENTIAL_EXPRESSION.fork_square_016um
2025-10-21 23:20:05 [runtime] (complete)        ID.F08544.SPATIAL_RNA_COUNTER_CS.SPATIAL_RNA_COUNTER.SPATIAL_POST_MATRIX_COMPUTATION.BIN_HD_DATA._BIN_HD_DATA._COMPUTE_BINNED_OUTPUTS.SPATIAL_BINNED_RNA_ANALYZER.RUN_DIFFERENTIAL_EXPRESSION.fork_square_016um
2025-10-21 23:20:08 [runtime] (complete)        ID.F08544.SPATIAL_RNA_COUNTER_CS.SPATIAL_RNA_COUNTER.SPATIAL_POST_MATRIX_COMPUTATION.BIN_HD_DATA._BIN_HD_DATA._COMPUTE_BINNED_OUTPUTS.SPATIAL_BINNED_RNA_ANALYZER.RUN_DIFFERENTIAL_EXPRESSION.fork_square_016um
2025-10-21 23:20:11 [runtime] (complete)        ID.F08544.SPATIAL_RNA_COUNTER_CS.SPATIAL_RNA_COUNTER.SPATIAL_POST_MATRIX_COMPUTATION.BIN_HD_DATA._BIN_HD_DATA._COMPUTE_BINNED_OUTPUTS.SPATIAL_BINNED_RNA_ANALYZER.RUN_DIFFERENTIAL_EXPRESSION.fork_square_016um
2025-10-21 23:20:14 [runtime] (complete)        ID.F08544.SPATIAL_RNA_COUNTER_CS.SPATIAL_RNA_COUNTER.SPATIAL_POST_MATRIX_COMPUTATION.BIN_HD_DATA._BIN_HD_DATA._COMPUTE_BINNED_OUTPUTS.SPATIAL_BINNED_RNA_ANALYZER.RUN_DIFFERENTIAL_EXPRESSION.fork_square_016um
2025-10-21 23:20:17 [runtime] (complete)        ID.F08544.SPATIAL_RNA_COUNTER_CS.SPATIAL_RNA_COUNTER.SPATIAL_POST_MATRIX_COMPUTATION.BIN_HD_DATA._BIN_HD_DATA._COMPUTE_BINNED_OUTPUTS.SPATIAL_BINNED_RNA_ANALYZER.RUN_DIFFERENTIAL_EXPRESSION.fork_square_016um
2025-10-21 23:20:20 [runtime] (complete)        ID.F08544.SPATIAL_RNA_COUNTER_CS.SPATIAL_RNA_COUNTER.SPATIAL_POST_MATRIX_COMPUTATION.BIN_HD_DATA._BIN_HD_DATA._COMPUTE_BINNED_OUTPUTS.SPATIAL_BINNED_RNA_ANALYZER.RUN_DIFFERENTIAL_EXPRESSION.fork_square_016um
2025-10-21 23:20:23 [runtime] (complete)        ID.F08544.SPATIAL_RNA_COUNTER_CS.SPATIAL_RNA_COUNTER.SPATIAL_POST_MATRIX_COMPUTATION.BIN_HD_DATA._BIN_HD_DATA._COMPUTE_BINNED_OUTPUTS.SPATIAL_BINNED_RNA_ANALYZER.RUN_DIFFERENTIAL_EXPRESSION.fork_square_016um
2025-10-21 23:20:26 [runtime] (complete)        ID.F08544.SPATIAL_RNA_COUNTER_CS.SPATIAL_RNA_COUNTER.SPATIAL_POST_MATRIX_COMPUTATION.BIN_HD_DATA._BIN_HD_DATA._COMPUTE_BINNED_OUTPUTS.SPATIAL_BINNED_RNA_ANALYZER.RUN_DIFFERENTIAL_EXPRESSION.fork_square_016um
2025-10-21 23:20:29 [runtime] (complete)        ID.F08544.SPATIAL_RNA_COUNTER_CS.SPATIAL_RNA_COUNTER.SPATIAL_POST_MATRIX_COMPUTATION.BIN_HD_DATA._BIN_HD_DATA._COMPUTE_BINNED_OUTPUTS.SPATIAL_BINNED_RNA_ANALYZER.RUN_DIFFERENTIAL_EXPRESSION.fork_square_016um
2025-10-21 23:20:32 [runtime] (complete)        ID.F08544.SPATIAL_RNA_COUNTER_CS.SPATIAL_RNA_COUNTER.SPATIAL_POST_MATRIX_COMPUTATION.BIN_HD_DATA._BIN_HD_DATA._COMPUTE_BINNED_OUTPUTS.SPATIAL_BINNED_RNA_ANALYZER.RUN_DIFFERENTIAL_EXPRESSION.fork_square_016um
2025-10-21 23:20:35 [runtime] (complete)        ID.F08544.SPATIAL_RNA_COUNTER_CS.SPATIAL_RNA_COUNTER.SPATIAL_POST_MATRIX_COMPUTATION.BIN_HD_DATA._BIN_HD_DATA._COMPUTE_BINNED_OUTPUTS.SPATIAL_BINNED_RNA_ANALYZER.RUN_DIFFERENTIAL_EXPRESSION.fork_square_016um
2025-10-21 23:20:38 [runtime] (complete)        ID.F08544.SPATIAL_RNA_COUNTER_CS.SPATIAL_RNA_COUNTER.SPATIAL_POST_MATRIX_COMPUTATION.BIN_HD_DATA._BIN_HD_DATA._COMPUTE_BINNED_OUTPUTS.SPATIAL_BINNED_RNA_ANALYZER.RUN_DIFFERENTIAL_EXPRESSION.fork_square_016um
2025-10-21 23:20:41 [runtime] (complete)        ID.F08544.SPATIAL_RNA_COUNTER_CS.SPATIAL_RNA_COUNTER.SPATIAL_POST_MATRIX_COMPUTATION.BIN_HD_DATA._BIN_HD_DATA._COMPUTE_BINNED_OUTPUTS.SPATIAL_BINNED_RNA_ANALYZER.RUN_DIFFERENTIAL_EXPRESSION.fork_square_016um
2025-10-21 23:20:44 [runtime] (complete)        ID.F08544.SPATIAL_RNA_COUNTER_CS.SPATIAL_RNA_COUNTER.SPATIAL_POST_MATRIX_COMPUTATION.BIN_HD_DATA._BIN_HD_DATA._COMPUTE_BINNED_OUTPUTS.SPATIAL_BINNED_RNA_ANALYZER.RUN_DIFFERENTIAL_EXPRESSION.fork_square_016um
2025-10-21 23:20:47 [runtime] (complete)        ID.F08544.SPATIAL_RNA_COUNTER_CS.SPATIAL_RNA_COUNTER.SPATIAL_POST_MATRIX_COMPUTATION.BIN_HD_DATA._BIN_HD_DATA._COMPUTE_BINNED_OUTPUTS.SPATIAL_BINNED_RNA_ANALYZER.RUN_DIFFERENTIAL_EXPRESSION.fork_square_016um
2025-10-21 23:20:50 [runtime] (complete)        ID.F08544.SPATIAL_RNA_COUNTER_CS.SPATIAL_RNA_COUNTER.SPATIAL_POST_MATRIX_COMPUTATION.BIN_HD_DATA._BIN_HD_DATA._COMPUTE_BINNED_OUTPUTS.SPATIAL_BINNED_RNA_ANALYZER.RUN_DIFFERENTIAL_EXPRESSION.fork_square_016um
2025-10-21 23:20:53 [runtime] (complete)        ID.F08544.SPATIAL_RNA_COUNTER_CS.SPATIAL_RNA_COUNTER.SPATIAL_POST_MATRIX_COMPUTATION.BIN_HD_DATA._BIN_HD_DATA._COMPUTE_BINNED_OUTPUTS.SPATIAL_BINNED_RNA_ANALYZER.RUN_DIFFERENTIAL_EXPRESSION.fork_square_016um
2025-10-21 23:20:56 [runtime] (complete)        ID.F08544.SPATIAL_RNA_COUNTER_CS.SPATIAL_RNA_COUNTER.SPATIAL_POST_MATRIX_COMPUTATION.BIN_HD_DATA._BIN_HD_DATA._COMPUTE_BINNED_OUTPUTS.SPATIAL_BINNED_RNA_ANALYZER.RUN_DIFFERENTIAL_EXPRESSION.fork_square_016um
2025-10-21 23:20:59 [runtime] (complete)        ID.F08544.SPATIAL_RNA_COUNTER_CS.SPATIAL_RNA_COUNTER.SPATIAL_POST_MATRIX_COMPUTATION.BIN_HD_DATA._BIN_HD_DATA._COMPUTE_BINNED_OUTPUTS.SPATIAL_BINNED_RNA_ANALYZER.RUN_DIFFERENTIAL_EXPRESSION.fork_square_016um
2025-10-21 23:21:02 [runtime] (complete)        ID.F08544.SPATIAL_RNA_COUNTER_CS.SPATIAL_RNA_COUNTER.SPATIAL_POST_MATRIX_COMPUTATION.BIN_HD_DATA._BIN_HD_DATA._COMPUTE_BINNED_OUTPUTS.SPATIAL_BINNED_RNA_ANALYZER.RUN_DIFFERENTIAL_EXPRESSION.fork_square_016um
2025-10-21 23:21:05 [runtime] (complete)        ID.F08544.SPATIAL_RNA_COUNTER_CS.SPATIAL_RNA_COUNTER.SPATIAL_POST_MATRIX_COMPUTATION.BIN_HD_DATA._BIN_HD_DATA._COMPUTE_BINNED_OUTPUTS.SPATIAL_BINNED_RNA_ANALYZER.RUN_DIFFERENTIAL_EXPRESSION.fork_square_016um
2025-10-21 23:21:08 [runtime] (complete)        ID.F08544.SPATIAL_RNA_COUNTER_CS.SPATIAL_RNA_COUNTER.SPATIAL_POST_MATRIX_COMPUTATION.BIN_HD_DATA._BIN_HD_DATA._COMPUTE_BINNED_OUTPUTS.SPATIAL_BINNED_RNA_ANALYZER.RUN_DIFFERENTIAL_EXPRESSION.fork_square_016um
2025-10-21 23:21:08 [runtime] (chunks_complete) ID.F08544.SPATIAL_RNA_COUNTER_CS.SPATIAL_RNA_COUNTER.SPATIAL_POST_MATRIX_COMPUTATION.BIN_HD_DATA._BIN_HD_DATA._COMPUTE_BINNED_OUTPUTS.SPATIAL_BINNED_RNA_ANALYZER.RUN_DIFFERENTIAL_EXPRESSION.fork_square_008um
2025-10-21 23:21:08 [runtime] (run:local)       ID.F08544.SPATIAL_RNA_COUNTER_CS.SPATIAL_RNA_COUNTER.SPATIAL_POST_MATRIX_COMPUTATION.BIN_HD_DATA._BIN_HD_DATA._COMPUTE_BINNED_OUTPUTS.SPATIAL_BINNED_RNA_ANALYZER.RUN_DIFFERENTIAL_EXPRESSION.fork_square_008um.join
2025-10-21 23:21:08 [runtime] (complete)        ID.F08544.SPATIAL_RNA_COUNTER_CS.SPATIAL_RNA_COUNTER.SPATIAL_POST_MATRIX_COMPUTATION.BIN_HD_DATA._BIN_HD_DATA._COMPUTE_BINNED_OUTPUTS.SPATIAL_BINNED_RNA_ANALYZER.RUN_DIFFERENTIAL_EXPRESSION.fork_square_016um
2025-10-21 23:21:11 [runtime] (complete)        ID.F08544.SPATIAL_RNA_COUNTER_CS.SPATIAL_RNA_COUNTER.SPATIAL_POST_MATRIX_COMPUTATION.BIN_HD_DATA._BIN_HD_DATA._COMPUTE_BINNED_OUTPUTS.SPATIAL_BINNED_RNA_ANALYZER.RUN_DIFFERENTIAL_EXPRESSION.fork_square_016um
2025-10-21 23:21:12 [runtime] (join_complete)   ID.F08544.SPATIAL_RNA_COUNTER_CS.SPATIAL_RNA_COUNTER.SPATIAL_POST_MATRIX_COMPUTATION.BIN_HD_DATA._BIN_HD_DATA._COMPUTE_BINNED_OUTPUTS.SPATIAL_BINNED_RNA_ANALYZER.RUN_DIFFERENTIAL_EXPRESSION.fork_square_008um
2025-10-21 23:21:12 [runtime] (complete)        ID.F08544.SPATIAL_RNA_COUNTER_CS.SPATIAL_RNA_COUNTER.SPATIAL_POST_MATRIX_COMPUTATION.BIN_HD_DATA._BIN_HD_DATA._COMPUTE_BINNED_OUTPUTS.SPATIAL_BINNED_RNA_ANALYZER.RUN_DIFFERENTIAL_EXPRESSION.fork_square_016um
2025-10-21 23:21:12 [runtime] (ready)           ID.F08544.SPATIAL_RNA_COUNTER_CS.SPATIAL_RNA_COUNTER.SPATIAL_POST_MATRIX_COMPUTATION.BIN_HD_DATA._BIN_HD_DATA._COMPUTE_BINNED_OUTPUTS.SPATIAL_BINNED_RNA_ANALYZER.SUMMARIZE_ANALYSIS.fork_square_002um
2025-10-21 23:21:12 [runtime] (ready)           ID.F08544.SPATIAL_RNA_COUNTER_CS.SPATIAL_RNA_COUNTER.SPATIAL_POST_MATRIX_COMPUTATION.BIN_HD_DATA._BIN_HD_DATA._COMPUTE_BINNED_OUTPUTS.SPATIAL_BINNED_RNA_ANALYZER.SUMMARIZE_ANALYSIS.fork_square_008um
2025-10-21 23:21:12 [runtime] (run:local)       ID.F08544.SPATIAL_RNA_COUNTER_CS.SPATIAL_RNA_COUNTER.SPATIAL_POST_MATRIX_COMPUTATION.BIN_HD_DATA._BIN_HD_DATA._COMPUTE_BINNED_OUTPUTS.SPATIAL_BINNED_RNA_ANALYZER.SUMMARIZE_ANALYSIS.fork_square_008um.split
2025-10-21 23:21:12 [runtime] (ready)           ID.F08544.SPATIAL_RNA_COUNTER_CS.SPATIAL_RNA_COUNTER.SPATIAL_POST_MATRIX_COMPUTATION.BIN_HD_DATA._BIN_HD_DATA._COMPUTE_BINNED_OUTPUTS.SPATIAL_BINNED_RNA_ANALYZER.SUMMARIZE_ANALYSIS.fork_square_016um
2025-10-21 23:21:12 [runtime] (run:local)       ID.F08544.SPATIAL_RNA_COUNTER_CS.SPATIAL_RNA_COUNTER.SPATIAL_POST_MATRIX_COMPUTATION.BIN_HD_DATA._BIN_HD_DATA._COMPUTE_BINNED_OUTPUTS.SPATIAL_BINNED_RNA_ANALYZER.SUMMARIZE_ANALYSIS.fork_square_016um.split
2025-10-21 23:21:13 [runtime] (split_complete)  ID.F08544.SPATIAL_RNA_COUNTER_CS.SPATIAL_RNA_COUNTER.SPATIAL_POST_MATRIX_COMPUTATION.BIN_HD_DATA._BIN_HD_DATA._COMPUTE_BINNED_OUTPUTS.SPATIAL_BINNED_RNA_ANALYZER.SUMMARIZE_ANALYSIS.fork_square_016um
2025-10-21 23:21:13 [runtime] (run:local)       ID.F08544.SPATIAL_RNA_COUNTER_CS.SPATIAL_RNA_COUNTER.SPATIAL_POST_MATRIX_COMPUTATION.BIN_HD_DATA._BIN_HD_DATA._COMPUTE_BINNED_OUTPUTS.SPATIAL_BINNED_RNA_ANALYZER.SUMMARIZE_ANALYSIS.fork_square_016um.chnk0.main
2025-10-21 23:21:13 [runtime] (split_complete)  ID.F08544.SPATIAL_RNA_COUNTER_CS.SPATIAL_RNA_COUNTER.SPATIAL_POST_MATRIX_COMPUTATION.BIN_HD_DATA._BIN_HD_DATA._COMPUTE_BINNED_OUTPUTS.SPATIAL_BINNED_RNA_ANALYZER.SUMMARIZE_ANALYSIS.fork_square_008um
2025-10-21 23:21:13 [runtime] (run:local)       ID.F08544.SPATIAL_RNA_COUNTER_CS.SPATIAL_RNA_COUNTER.SPATIAL_POST_MATRIX_COMPUTATION.BIN_HD_DATA._BIN_HD_DATA._COMPUTE_BINNED_OUTPUTS.SPATIAL_BINNED_RNA_ANALYZER.SUMMARIZE_ANALYSIS.fork_square_008um.chnk0.main
2025-10-21 23:21:17 [runtime] (chunks_complete) ID.F08544.SPATIAL_RNA_COUNTER_CS.SPATIAL_RNA_COUNTER.SPATIAL_POST_MATRIX_COMPUTATION.BIN_HD_DATA._BIN_HD_DATA._COMPUTE_BINNED_OUTPUTS.SPATIAL_BINNED_RNA_ANALYZER.SUMMARIZE_ANALYSIS.fork_square_016um
2025-10-21 23:21:17 [runtime] (run:local)       ID.F08544.SPATIAL_RNA_COUNTER_CS.SPATIAL_RNA_COUNTER.SPATIAL_POST_MATRIX_COMPUTATION.BIN_HD_DATA._BIN_HD_DATA._COMPUTE_BINNED_OUTPUTS.SPATIAL_BINNED_RNA_ANALYZER.SUMMARIZE_ANALYSIS.fork_square_016um.join
2025-10-21 23:21:18 [runtime] (chunks_complete) ID.F08544.SPATIAL_RNA_COUNTER_CS.SPATIAL_RNA_COUNTER.SPATIAL_POST_MATRIX_COMPUTATION.BIN_HD_DATA._BIN_HD_DATA._COMPUTE_BINNED_OUTPUTS.SPATIAL_BINNED_RNA_ANALYZER.SUMMARIZE_ANALYSIS.fork_square_008um
2025-10-21 23:21:18 [runtime] (run:local)       ID.F08544.SPATIAL_RNA_COUNTER_CS.SPATIAL_RNA_COUNTER.SPATIAL_POST_MATRIX_COMPUTATION.BIN_HD_DATA._BIN_HD_DATA._COMPUTE_BINNED_OUTPUTS.SPATIAL_BINNED_RNA_ANALYZER.SUMMARIZE_ANALYSIS.fork_square_008um.join
2025-10-21 23:21:18 [runtime] (join_complete)   ID.F08544.SPATIAL_RNA_COUNTER_CS.SPATIAL_RNA_COUNTER.SPATIAL_POST_MATRIX_COMPUTATION.BIN_HD_DATA._BIN_HD_DATA._COMPUTE_BINNED_OUTPUTS.SPATIAL_BINNED_RNA_ANALYZER.SUMMARIZE_ANALYSIS.fork_square_016um
2025-10-21 23:21:19 [runtime] (join_complete)   ID.F08544.SPATIAL_RNA_COUNTER_CS.SPATIAL_RNA_COUNTER.SPATIAL_POST_MATRIX_COMPUTATION.BIN_HD_DATA._BIN_HD_DATA._COMPUTE_BINNED_OUTPUTS.SPATIAL_BINNED_RNA_ANALYZER.SUMMARIZE_ANALYSIS.fork_square_008um
2025-10-21 23:21:19 [runtime] (complete)        ID.F08544.SPATIAL_RNA_COUNTER_CS.SPATIAL_RNA_COUNTER.SPATIAL_POST_MATRIX_COMPUTATION.BIN_HD_DATA._BIN_HD_DATA._COMPUTE_BINNED_OUTPUTS.SPATIAL_BINNED_RNA_ANALYZER.SUMMARIZE_ANALYSIS.fork_square_016um
2025-10-21 23:21:20 [runtime] (ready)           ID.F08544.SPATIAL_RNA_COUNTER_CS.SPATIAL_RNA_COUNTER.SPATIAL_POST_MATRIX_COMPUTATION.BIN_HD_DATA._BIN_HD_DATA._COMPUTE_BINNED_OUTPUTS.CLOUPE_PREPROCESS.fork_square_002um
2025-10-21 23:21:20 [runtime] (run:local)       ID.F08544.SPATIAL_RNA_COUNTER_CS.SPATIAL_RNA_COUNTER.SPATIAL_POST_MATRIX_COMPUTATION.BIN_HD_DATA._BIN_HD_DATA._COMPUTE_BINNED_OUTPUTS.CLOUPE_PREPROCESS.fork_square_002um.split
2025-10-21 23:21:20 [runtime] (ready)           ID.F08544.SPATIAL_RNA_COUNTER_CS.SPATIAL_RNA_COUNTER.SPATIAL_POST_MATRIX_COMPUTATION.BIN_HD_DATA._BIN_HD_DATA._COMPUTE_BINNED_OUTPUTS.CLOUPE_PREPROCESS.fork_square_008um
2025-10-21 23:21:20 [runtime] (run:local)       ID.F08544.SPATIAL_RNA_COUNTER_CS.SPATIAL_RNA_COUNTER.SPATIAL_POST_MATRIX_COMPUTATION.BIN_HD_DATA._BIN_HD_DATA._COMPUTE_BINNED_OUTPUTS.CLOUPE_PREPROCESS.fork_square_008um.split
2025-10-21 23:21:20 [runtime] (ready)           ID.F08544.SPATIAL_RNA_COUNTER_CS.SPATIAL_RNA_COUNTER.SPATIAL_POST_MATRIX_COMPUTATION.BIN_HD_DATA._BIN_HD_DATA._COMPUTE_BINNED_OUTPUTS.CLOUPE_PREPROCESS.fork_square_016um
2025-10-21 23:21:20 [runtime] (run:local)       ID.F08544.SPATIAL_RNA_COUNTER_CS.SPATIAL_RNA_COUNTER.SPATIAL_POST_MATRIX_COMPUTATION.BIN_HD_DATA._BIN_HD_DATA._COMPUTE_BINNED_OUTPUTS.CLOUPE_PREPROCESS.fork_square_016um.split
2025-10-21 23:21:20 [runtime] (ready)           ID.F08544.SPATIAL_RNA_COUNTER_CS.SPATIAL_RNA_COUNTER.SPATIAL_POST_MATRIX_COMPUTATION.BIN_HD_DATA._BIN_HD_DATA.UPDATE_HD_FEATURE_SLICE_H5
2025-10-21 23:21:20 [runtime] (run:local)       ID.F08544.SPATIAL_RNA_COUNTER_CS.SPATIAL_RNA_COUNTER.SPATIAL_POST_MATRIX_COMPUTATION.BIN_HD_DATA._BIN_HD_DATA.UPDATE_HD_FEATURE_SLICE_H5.fork0.split
2025-10-21 23:21:22 [runtime] (split_complete)  ID.F08544.SPATIAL_RNA_COUNTER_CS.SPATIAL_RNA_COUNTER.SPATIAL_POST_MATRIX_COMPUTATION.BIN_HD_DATA._BIN_HD_DATA._COMPUTE_BINNED_OUTPUTS.CLOUPE_PREPROCESS.fork_square_002um
2025-10-21 23:21:22 [runtime] (run:local)       ID.F08544.SPATIAL_RNA_COUNTER_CS.SPATIAL_RNA_COUNTER.SPATIAL_POST_MATRIX_COMPUTATION.BIN_HD_DATA._BIN_HD_DATA._COMPUTE_BINNED_OUTPUTS.CLOUPE_PREPROCESS.fork_square_002um.join
2025-10-21 23:21:22 [runtime] (split_complete)  ID.F08544.SPATIAL_RNA_COUNTER_CS.SPATIAL_RNA_COUNTER.SPATIAL_POST_MATRIX_COMPUTATION.BIN_HD_DATA._BIN_HD_DATA._COMPUTE_BINNED_OUTPUTS.CLOUPE_PREPROCESS.fork_square_016um
2025-10-21 23:21:22 [runtime] (run:local)       ID.F08544.SPATIAL_RNA_COUNTER_CS.SPATIAL_RNA_COUNTER.SPATIAL_POST_MATRIX_COMPUTATION.BIN_HD_DATA._BIN_HD_DATA._COMPUTE_BINNED_OUTPUTS.CLOUPE_PREPROCESS.fork_square_016um.join
2025-10-21 23:21:22 [runtime] (split_complete)  ID.F08544.SPATIAL_RNA_COUNTER_CS.SPATIAL_RNA_COUNTER.SPATIAL_POST_MATRIX_COMPUTATION.BIN_HD_DATA._BIN_HD_DATA._COMPUTE_BINNED_OUTPUTS.CLOUPE_PREPROCESS.fork_square_008um
2025-10-21 23:21:22 [runtime] (run:local)       ID.F08544.SPATIAL_RNA_COUNTER_CS.SPATIAL_RNA_COUNTER.SPATIAL_POST_MATRIX_COMPUTATION.BIN_HD_DATA._BIN_HD_DATA._COMPUTE_BINNED_OUTPUTS.CLOUPE_PREPROCESS.fork_square_008um.join
2025-10-21 23:21:22 [runtime] (split_complete)  ID.F08544.SPATIAL_RNA_COUNTER_CS.SPATIAL_RNA_COUNTER.SPATIAL_POST_MATRIX_COMPUTATION.BIN_HD_DATA._BIN_HD_DATA.UPDATE_HD_FEATURE_SLICE_H5
2025-10-21 23:21:22 [runtime] (run:local)       ID.F08544.SPATIAL_RNA_COUNTER_CS.SPATIAL_RNA_COUNTER.SPATIAL_POST_MATRIX_COMPUTATION.BIN_HD_DATA._BIN_HD_DATA.UPDATE_HD_FEATURE_SLICE_H5.fork0.join
2025-10-21 23:21:23 [runtime] (join_complete)   ID.F08544.SPATIAL_RNA_COUNTER_CS.SPATIAL_RNA_COUNTER.SPATIAL_POST_MATRIX_COMPUTATION.BIN_HD_DATA._BIN_HD_DATA._COMPUTE_BINNED_OUTPUTS.CLOUPE_PREPROCESS.fork_square_002um
2025-10-21 23:21:23 [runtime] (join_complete)   ID.F08544.SPATIAL_RNA_COUNTER_CS.SPATIAL_RNA_COUNTER.SPATIAL_POST_MATRIX_COMPUTATION.BIN_HD_DATA._BIN_HD_DATA._COMPUTE_BINNED_OUTPUTS.CLOUPE_PREPROCESS.fork_square_016um
2025-10-21 23:21:23 [runtime] (complete)        ID.F08544.SPATIAL_RNA_COUNTER_CS.SPATIAL_RNA_COUNTER.SPATIAL_POST_MATRIX_COMPUTATION.BIN_HD_DATA._BIN_HD_DATA._COMPUTE_BINNED_OUTPUTS.CLOUPE_PREPROCESS.fork_square_002um
2025-10-21 23:21:23 [runtime] (complete)        ID.F08544.SPATIAL_RNA_COUNTER_CS.SPATIAL_RNA_COUNTER.SPATIAL_POST_MATRIX_COMPUTATION.BIN_HD_DATA._BIN_HD_DATA._COMPUTE_BINNED_OUTPUTS.CLOUPE_PREPROCESS.fork_square_016um
2025-10-21 23:21:26 [runtime] (complete)        ID.F08544.SPATIAL_RNA_COUNTER_CS.SPATIAL_RNA_COUNTER.SPATIAL_POST_MATRIX_COMPUTATION.BIN_HD_DATA._BIN_HD_DATA._COMPUTE_BINNED_OUTPUTS.CLOUPE_PREPROCESS.fork_square_002um
2025-10-21 23:21:26 [runtime] (complete)        ID.F08544.SPATIAL_RNA_COUNTER_CS.SPATIAL_RNA_COUNTER.SPATIAL_POST_MATRIX_COMPUTATION.BIN_HD_DATA._BIN_HD_DATA._COMPUTE_BINNED_OUTPUTS.CLOUPE_PREPROCESS.fork_square_016um
2025-10-21 23:21:29 [runtime] (complete)        ID.F08544.SPATIAL_RNA_COUNTER_CS.SPATIAL_RNA_COUNTER.SPATIAL_POST_MATRIX_COMPUTATION.BIN_HD_DATA._BIN_HD_DATA._COMPUTE_BINNED_OUTPUTS.CLOUPE_PREPROCESS.fork_square_002um
2025-10-21 23:21:29 [runtime] (complete)        ID.F08544.SPATIAL_RNA_COUNTER_CS.SPATIAL_RNA_COUNTER.SPATIAL_POST_MATRIX_COMPUTATION.BIN_HD_DATA._BIN_HD_DATA._COMPUTE_BINNED_OUTPUTS.CLOUPE_PREPROCESS.fork_square_016um
2025-10-21 23:21:32 [runtime] (complete)        ID.F08544.SPATIAL_RNA_COUNTER_CS.SPATIAL_RNA_COUNTER.SPATIAL_POST_MATRIX_COMPUTATION.BIN_HD_DATA._BIN_HD_DATA._COMPUTE_BINNED_OUTPUTS.CLOUPE_PREPROCESS.fork_square_002um
2025-10-21 23:21:32 [runtime] (complete)        ID.F08544.SPATIAL_RNA_COUNTER_CS.SPATIAL_RNA_COUNTER.SPATIAL_POST_MATRIX_COMPUTATION.BIN_HD_DATA._BIN_HD_DATA._COMPUTE_BINNED_OUTPUTS.CLOUPE_PREPROCESS.fork_square_016um
2025-10-21 23:21:35 [runtime] (complete)        ID.F08544.SPATIAL_RNA_COUNTER_CS.SPATIAL_RNA_COUNTER.SPATIAL_POST_MATRIX_COMPUTATION.BIN_HD_DATA._BIN_HD_DATA._COMPUTE_BINNED_OUTPUTS.CLOUPE_PREPROCESS.fork_square_002um
2025-10-21 23:21:35 [runtime] (complete)        ID.F08544.SPATIAL_RNA_COUNTER_CS.SPATIAL_RNA_COUNTER.SPATIAL_POST_MATRIX_COMPUTATION.BIN_HD_DATA._BIN_HD_DATA._COMPUTE_BINNED_OUTPUTS.CLOUPE_PREPROCESS.fork_square_016um
2025-10-21 23:21:38 [runtime] (complete)        ID.F08544.SPATIAL_RNA_COUNTER_CS.SPATIAL_RNA_COUNTER.SPATIAL_POST_MATRIX_COMPUTATION.BIN_HD_DATA._BIN_HD_DATA._COMPUTE_BINNED_OUTPUTS.CLOUPE_PREPROCESS.fork_square_002um
2025-10-21 23:21:38 [runtime] (complete)        ID.F08544.SPATIAL_RNA_COUNTER_CS.SPATIAL_RNA_COUNTER.SPATIAL_POST_MATRIX_COMPUTATION.BIN_HD_DATA._BIN_HD_DATA._COMPUTE_BINNED_OUTPUTS.CLOUPE_PREPROCESS.fork_square_016um
2025-10-21 23:21:41 [runtime] (complete)        ID.F08544.SPATIAL_RNA_COUNTER_CS.SPATIAL_RNA_COUNTER.SPATIAL_POST_MATRIX_COMPUTATION.BIN_HD_DATA._BIN_HD_DATA._COMPUTE_BINNED_OUTPUTS.CLOUPE_PREPROCESS.fork_square_002um
2025-10-21 23:21:41 [runtime] (complete)        ID.F08544.SPATIAL_RNA_COUNTER_CS.SPATIAL_RNA_COUNTER.SPATIAL_POST_MATRIX_COMPUTATION.BIN_HD_DATA._BIN_HD_DATA._COMPUTE_BINNED_OUTPUTS.CLOUPE_PREPROCESS.fork_square_016um
2025-10-21 23:21:44 [runtime] (complete)        ID.F08544.SPATIAL_RNA_COUNTER_CS.SPATIAL_RNA_COUNTER.SPATIAL_POST_MATRIX_COMPUTATION.BIN_HD_DATA._BIN_HD_DATA._COMPUTE_BINNED_OUTPUTS.CLOUPE_PREPROCESS.fork_square_002um
2025-10-21 23:21:44 [runtime] (complete)        ID.F08544.SPATIAL_RNA_COUNTER_CS.SPATIAL_RNA_COUNTER.SPATIAL_POST_MATRIX_COMPUTATION.BIN_HD_DATA._BIN_HD_DATA._COMPUTE_BINNED_OUTPUTS.CLOUPE_PREPROCESS.fork_square_016um
2025-10-21 23:21:47 [runtime] (complete)        ID.F08544.SPATIAL_RNA_COUNTER_CS.SPATIAL_RNA_COUNTER.SPATIAL_POST_MATRIX_COMPUTATION.BIN_HD_DATA._BIN_HD_DATA._COMPUTE_BINNED_OUTPUTS.CLOUPE_PREPROCESS.fork_square_002um
2025-10-21 23:21:47 [runtime] (complete)        ID.F08544.SPATIAL_RNA_COUNTER_CS.SPATIAL_RNA_COUNTER.SPATIAL_POST_MATRIX_COMPUTATION.BIN_HD_DATA._BIN_HD_DATA._COMPUTE_BINNED_OUTPUTS.CLOUPE_PREPROCESS.fork_square_016um
2025-10-21 23:21:50 [runtime] (complete)        ID.F08544.SPATIAL_RNA_COUNTER_CS.SPATIAL_RNA_COUNTER.SPATIAL_POST_MATRIX_COMPUTATION.BIN_HD_DATA._BIN_HD_DATA._COMPUTE_BINNED_OUTPUTS.CLOUPE_PREPROCESS.fork_square_002um
2025-10-21 23:21:50 [runtime] (complete)        ID.F08544.SPATIAL_RNA_COUNTER_CS.SPATIAL_RNA_COUNTER.SPATIAL_POST_MATRIX_COMPUTATION.BIN_HD_DATA._BIN_HD_DATA._COMPUTE_BINNED_OUTPUTS.CLOUPE_PREPROCESS.fork_square_016um
2025-10-21 23:21:53 [runtime] (complete)        ID.F08544.SPATIAL_RNA_COUNTER_CS.SPATIAL_RNA_COUNTER.SPATIAL_POST_MATRIX_COMPUTATION.BIN_HD_DATA._BIN_HD_DATA._COMPUTE_BINNED_OUTPUTS.CLOUPE_PREPROCESS.fork_square_002um
2025-10-21 23:21:53 [runtime] (complete)        ID.F08544.SPATIAL_RNA_COUNTER_CS.SPATIAL_RNA_COUNTER.SPATIAL_POST_MATRIX_COMPUTATION.BIN_HD_DATA._BIN_HD_DATA._COMPUTE_BINNED_OUTPUTS.CLOUPE_PREPROCESS.fork_square_016um
2025-10-21 23:21:56 [runtime] (complete)        ID.F08544.SPATIAL_RNA_COUNTER_CS.SPATIAL_RNA_COUNTER.SPATIAL_POST_MATRIX_COMPUTATION.BIN_HD_DATA._BIN_HD_DATA._COMPUTE_BINNED_OUTPUTS.CLOUPE_PREPROCESS.fork_square_002um
2025-10-21 23:21:56 [runtime] (complete)        ID.F08544.SPATIAL_RNA_COUNTER_CS.SPATIAL_RNA_COUNTER.SPATIAL_POST_MATRIX_COMPUTATION.BIN_HD_DATA._BIN_HD_DATA._COMPUTE_BINNED_OUTPUTS.CLOUPE_PREPROCESS.fork_square_016um
2025-10-21 23:21:59 [runtime] (complete)        ID.F08544.SPATIAL_RNA_COUNTER_CS.SPATIAL_RNA_COUNTER.SPATIAL_POST_MATRIX_COMPUTATION.BIN_HD_DATA._BIN_HD_DATA._COMPUTE_BINNED_OUTPUTS.CLOUPE_PREPROCESS.fork_square_002um
2025-10-21 23:21:59 [runtime] (complete)        ID.F08544.SPATIAL_RNA_COUNTER_CS.SPATIAL_RNA_COUNTER.SPATIAL_POST_MATRIX_COMPUTATION.BIN_HD_DATA._BIN_HD_DATA._COMPUTE_BINNED_OUTPUTS.CLOUPE_PREPROCESS.fork_square_016um
2025-10-21 23:22:02 [runtime] (complete)        ID.F08544.SPATIAL_RNA_COUNTER_CS.SPATIAL_RNA_COUNTER.SPATIAL_POST_MATRIX_COMPUTATION.BIN_HD_DATA._BIN_HD_DATA._COMPUTE_BINNED_OUTPUTS.CLOUPE_PREPROCESS.fork_square_002um
2025-10-21 23:22:02 [runtime] (complete)        ID.F08544.SPATIAL_RNA_COUNTER_CS.SPATIAL_RNA_COUNTER.SPATIAL_POST_MATRIX_COMPUTATION.BIN_HD_DATA._BIN_HD_DATA._COMPUTE_BINNED_OUTPUTS.CLOUPE_PREPROCESS.fork_square_016um
2025-10-21 23:22:05 [runtime] (complete)        ID.F08544.SPATIAL_RNA_COUNTER_CS.SPATIAL_RNA_COUNTER.SPATIAL_POST_MATRIX_COMPUTATION.BIN_HD_DATA._BIN_HD_DATA._COMPUTE_BINNED_OUTPUTS.CLOUPE_PREPROCESS.fork_square_002um
2025-10-21 23:22:05 [runtime] (complete)        ID.F08544.SPATIAL_RNA_COUNTER_CS.SPATIAL_RNA_COUNTER.SPATIAL_POST_MATRIX_COMPUTATION.BIN_HD_DATA._BIN_HD_DATA._COMPUTE_BINNED_OUTPUTS.CLOUPE_PREPROCESS.fork_square_016um
2025-10-21 23:22:08 [runtime] (complete)        ID.F08544.SPATIAL_RNA_COUNTER_CS.SPATIAL_RNA_COUNTER.SPATIAL_POST_MATRIX_COMPUTATION.BIN_HD_DATA._BIN_HD_DATA._COMPUTE_BINNED_OUTPUTS.CLOUPE_PREPROCESS.fork_square_002um
2025-10-21 23:22:08 [runtime] (complete)        ID.F08544.SPATIAL_RNA_COUNTER_CS.SPATIAL_RNA_COUNTER.SPATIAL_POST_MATRIX_COMPUTATION.BIN_HD_DATA._BIN_HD_DATA._COMPUTE_BINNED_OUTPUTS.CLOUPE_PREPROCESS.fork_square_016um
2025-10-21 23:22:11 [runtime] (complete)        ID.F08544.SPATIAL_RNA_COUNTER_CS.SPATIAL_RNA_COUNTER.SPATIAL_POST_MATRIX_COMPUTATION.BIN_HD_DATA._BIN_HD_DATA._COMPUTE_BINNED_OUTPUTS.CLOUPE_PREPROCESS.fork_square_002um
2025-10-21 23:22:11 [runtime] (complete)        ID.F08544.SPATIAL_RNA_COUNTER_CS.SPATIAL_RNA_COUNTER.SPATIAL_POST_MATRIX_COMPUTATION.BIN_HD_DATA._BIN_HD_DATA._COMPUTE_BINNED_OUTPUTS.CLOUPE_PREPROCESS.fork_square_016um
2025-10-21 23:22:14 [runtime] (complete)        ID.F08544.SPATIAL_RNA_COUNTER_CS.SPATIAL_RNA_COUNTER.SPATIAL_POST_MATRIX_COMPUTATION.BIN_HD_DATA._BIN_HD_DATA._COMPUTE_BINNED_OUTPUTS.CLOUPE_PREPROCESS.fork_square_002um
2025-10-21 23:22:14 [runtime] (complete)        ID.F08544.SPATIAL_RNA_COUNTER_CS.SPATIAL_RNA_COUNTER.SPATIAL_POST_MATRIX_COMPUTATION.BIN_HD_DATA._BIN_HD_DATA._COMPUTE_BINNED_OUTPUTS.CLOUPE_PREPROCESS.fork_square_016um
2025-10-21 23:22:17 [runtime] (complete)        ID.F08544.SPATIAL_RNA_COUNTER_CS.SPATIAL_RNA_COUNTER.SPATIAL_POST_MATRIX_COMPUTATION.BIN_HD_DATA._BIN_HD_DATA._COMPUTE_BINNED_OUTPUTS.CLOUPE_PREPROCESS.fork_square_002um
2025-10-21 23:22:17 [runtime] (complete)        ID.F08544.SPATIAL_RNA_COUNTER_CS.SPATIAL_RNA_COUNTER.SPATIAL_POST_MATRIX_COMPUTATION.BIN_HD_DATA._BIN_HD_DATA._COMPUTE_BINNED_OUTPUTS.CLOUPE_PREPROCESS.fork_square_016um
2025-10-21 23:22:20 [runtime] (complete)        ID.F08544.SPATIAL_RNA_COUNTER_CS.SPATIAL_RNA_COUNTER.SPATIAL_POST_MATRIX_COMPUTATION.BIN_HD_DATA._BIN_HD_DATA._COMPUTE_BINNED_OUTPUTS.CLOUPE_PREPROCESS.fork_square_002um
2025-10-21 23:22:20 [runtime] (complete)        ID.F08544.SPATIAL_RNA_COUNTER_CS.SPATIAL_RNA_COUNTER.SPATIAL_POST_MATRIX_COMPUTATION.BIN_HD_DATA._BIN_HD_DATA._COMPUTE_BINNED_OUTPUTS.CLOUPE_PREPROCESS.fork_square_016um
2025-10-21 23:22:23 [runtime] (complete)        ID.F08544.SPATIAL_RNA_COUNTER_CS.SPATIAL_RNA_COUNTER.SPATIAL_POST_MATRIX_COMPUTATION.BIN_HD_DATA._BIN_HD_DATA._COMPUTE_BINNED_OUTPUTS.CLOUPE_PREPROCESS.fork_square_002um
2025-10-21 23:22:23 [runtime] (complete)        ID.F08544.SPATIAL_RNA_COUNTER_CS.SPATIAL_RNA_COUNTER.SPATIAL_POST_MATRIX_COMPUTATION.BIN_HD_DATA._BIN_HD_DATA._COMPUTE_BINNED_OUTPUTS.CLOUPE_PREPROCESS.fork_square_016um
2025-10-21 23:22:27 [runtime] (complete)        ID.F08544.SPATIAL_RNA_COUNTER_CS.SPATIAL_RNA_COUNTER.SPATIAL_POST_MATRIX_COMPUTATION.BIN_HD_DATA._BIN_HD_DATA._COMPUTE_BINNED_OUTPUTS.CLOUPE_PREPROCESS.fork_square_002um
2025-10-21 23:22:27 [runtime] (complete)        ID.F08544.SPATIAL_RNA_COUNTER_CS.SPATIAL_RNA_COUNTER.SPATIAL_POST_MATRIX_COMPUTATION.BIN_HD_DATA._BIN_HD_DATA._COMPUTE_BINNED_OUTPUTS.CLOUPE_PREPROCESS.fork_square_016um
2025-10-21 23:22:30 [runtime] (complete)        ID.F08544.SPATIAL_RNA_COUNTER_CS.SPATIAL_RNA_COUNTER.SPATIAL_POST_MATRIX_COMPUTATION.BIN_HD_DATA._BIN_HD_DATA._COMPUTE_BINNED_OUTPUTS.CLOUPE_PREPROCESS.fork_square_002um
2025-10-21 23:22:30 [runtime] (complete)        ID.F08544.SPATIAL_RNA_COUNTER_CS.SPATIAL_RNA_COUNTER.SPATIAL_POST_MATRIX_COMPUTATION.BIN_HD_DATA._BIN_HD_DATA._COMPUTE_BINNED_OUTPUTS.CLOUPE_PREPROCESS.fork_square_016um
2025-10-21 23:22:33 [runtime] (complete)        ID.F08544.SPATIAL_RNA_COUNTER_CS.SPATIAL_RNA_COUNTER.SPATIAL_POST_MATRIX_COMPUTATION.BIN_HD_DATA._BIN_HD_DATA._COMPUTE_BINNED_OUTPUTS.CLOUPE_PREPROCESS.fork_square_002um
2025-10-21 23:22:33 [runtime] (complete)        ID.F08544.SPATIAL_RNA_COUNTER_CS.SPATIAL_RNA_COUNTER.SPATIAL_POST_MATRIX_COMPUTATION.BIN_HD_DATA._BIN_HD_DATA._COMPUTE_BINNED_OUTPUTS.CLOUPE_PREPROCESS.fork_square_016um
2025-10-21 23:22:36 [runtime] (complete)        ID.F08544.SPATIAL_RNA_COUNTER_CS.SPATIAL_RNA_COUNTER.SPATIAL_POST_MATRIX_COMPUTATION.BIN_HD_DATA._BIN_HD_DATA._COMPUTE_BINNED_OUTPUTS.CLOUPE_PREPROCESS.fork_square_002um
2025-10-21 23:22:36 [runtime] (complete)        ID.F08544.SPATIAL_RNA_COUNTER_CS.SPATIAL_RNA_COUNTER.SPATIAL_POST_MATRIX_COMPUTATION.BIN_HD_DATA._BIN_HD_DATA._COMPUTE_BINNED_OUTPUTS.CLOUPE_PREPROCESS.fork_square_016um
2025-10-21 23:22:39 [runtime] (complete)        ID.F08544.SPATIAL_RNA_COUNTER_CS.SPATIAL_RNA_COUNTER.SPATIAL_POST_MATRIX_COMPUTATION.BIN_HD_DATA._BIN_HD_DATA._COMPUTE_BINNED_OUTPUTS.CLOUPE_PREPROCESS.fork_square_002um
2025-10-21 23:22:39 [runtime] (complete)        ID.F08544.SPATIAL_RNA_COUNTER_CS.SPATIAL_RNA_COUNTER.SPATIAL_POST_MATRIX_COMPUTATION.BIN_HD_DATA._BIN_HD_DATA._COMPUTE_BINNED_OUTPUTS.CLOUPE_PREPROCESS.fork_square_016um
2025-10-21 23:22:42 [runtime] (complete)        ID.F08544.SPATIAL_RNA_COUNTER_CS.SPATIAL_RNA_COUNTER.SPATIAL_POST_MATRIX_COMPUTATION.BIN_HD_DATA._BIN_HD_DATA._COMPUTE_BINNED_OUTPUTS.CLOUPE_PREPROCESS.fork_square_002um
2025-10-21 23:22:42 [runtime] (complete)        ID.F08544.SPATIAL_RNA_COUNTER_CS.SPATIAL_RNA_COUNTER.SPATIAL_POST_MATRIX_COMPUTATION.BIN_HD_DATA._BIN_HD_DATA._COMPUTE_BINNED_OUTPUTS.CLOUPE_PREPROCESS.fork_square_016um
2025-10-21 23:22:45 [runtime] (complete)        ID.F08544.SPATIAL_RNA_COUNTER_CS.SPATIAL_RNA_COUNTER.SPATIAL_POST_MATRIX_COMPUTATION.BIN_HD_DATA._BIN_HD_DATA._COMPUTE_BINNED_OUTPUTS.CLOUPE_PREPROCESS.fork_square_002um
2025-10-21 23:22:45 [runtime] (complete)        ID.F08544.SPATIAL_RNA_COUNTER_CS.SPATIAL_RNA_COUNTER.SPATIAL_POST_MATRIX_COMPUTATION.BIN_HD_DATA._BIN_HD_DATA._COMPUTE_BINNED_OUTPUTS.CLOUPE_PREPROCESS.fork_square_016um
2025-10-21 23:22:48 [runtime] (complete)        ID.F08544.SPATIAL_RNA_COUNTER_CS.SPATIAL_RNA_COUNTER.SPATIAL_POST_MATRIX_COMPUTATION.BIN_HD_DATA._BIN_HD_DATA._COMPUTE_BINNED_OUTPUTS.CLOUPE_PREPROCESS.fork_square_002um
2025-10-21 23:22:48 [runtime] (complete)        ID.F08544.SPATIAL_RNA_COUNTER_CS.SPATIAL_RNA_COUNTER.SPATIAL_POST_MATRIX_COMPUTATION.BIN_HD_DATA._BIN_HD_DATA._COMPUTE_BINNED_OUTPUTS.CLOUPE_PREPROCESS.fork_square_016um
2025-10-21 23:22:51 [runtime] (complete)        ID.F08544.SPATIAL_RNA_COUNTER_CS.SPATIAL_RNA_COUNTER.SPATIAL_POST_MATRIX_COMPUTATION.BIN_HD_DATA._BIN_HD_DATA._COMPUTE_BINNED_OUTPUTS.CLOUPE_PREPROCESS.fork_square_002um
2025-10-21 23:22:51 [runtime] (complete)        ID.F08544.SPATIAL_RNA_COUNTER_CS.SPATIAL_RNA_COUNTER.SPATIAL_POST_MATRIX_COMPUTATION.BIN_HD_DATA._BIN_HD_DATA._COMPUTE_BINNED_OUTPUTS.CLOUPE_PREPROCESS.fork_square_016um
2025-10-21 23:22:54 [runtime] (complete)        ID.F08544.SPATIAL_RNA_COUNTER_CS.SPATIAL_RNA_COUNTER.SPATIAL_POST_MATRIX_COMPUTATION.BIN_HD_DATA._BIN_HD_DATA._COMPUTE_BINNED_OUTPUTS.CLOUPE_PREPROCESS.fork_square_002um
2025-10-21 23:22:54 [runtime] (complete)        ID.F08544.SPATIAL_RNA_COUNTER_CS.SPATIAL_RNA_COUNTER.SPATIAL_POST_MATRIX_COMPUTATION.BIN_HD_DATA._BIN_HD_DATA._COMPUTE_BINNED_OUTPUTS.CLOUPE_PREPROCESS.fork_square_016um
2025-10-21 23:22:54 [runtime] (complete)        ID.F08544.SPATIAL_RNA_COUNTER_CS.SPATIAL_RNA_COUNTER.SPATIAL_POST_MATRIX_COMPUTATION.BIN_HD_DATA._BIN_HD_DATA._COMPUTE_BINNED_OUTPUTS.CLOUPE_PREPROCESS.fork_square_002um
2025-10-21 23:22:54 [runtime] (join_complete)   ID.F08544.SPATIAL_RNA_COUNTER_CS.SPATIAL_RNA_COUNTER.SPATIAL_POST_MATRIX_COMPUTATION.BIN_HD_DATA._BIN_HD_DATA._COMPUTE_BINNED_OUTPUTS.CLOUPE_PREPROCESS.fork_square_008um
2025-10-21 23:22:54 [runtime] (complete)        ID.F08544.SPATIAL_RNA_COUNTER_CS.SPATIAL_RNA_COUNTER.SPATIAL_POST_MATRIX_COMPUTATION.BIN_HD_DATA._BIN_HD_DATA._COMPUTE_BINNED_OUTPUTS.CLOUPE_PREPROCESS.fork_square_016um
2025-10-21 23:23:59 [runtime] (join_complete)   ID.F08544.SPATIAL_RNA_COUNTER_CS.SPATIAL_RNA_COUNTER.SPATIAL_POST_MATRIX_COMPUTATION.BIN_HD_DATA._BIN_HD_DATA.UPDATE_HD_FEATURE_SLICE_H5
2025-10-21 23:24:00 [runtime] (ready)           ID.F08544.SPATIAL_RNA_COUNTER_CS.SPATIAL_RNA_COUNTER.SPATIAL_POST_MATRIX_COMPUTATION.BIN_HD_DATA._BIN_HD_DATA.PICK_INPUTS_FOR_CELLSEG_LOUPE
2025-10-21 23:24:00 [runtime] (run:local)       ID.F08544.SPATIAL_RNA_COUNTER_CS.SPATIAL_RNA_COUNTER.SPATIAL_POST_MATRIX_COMPUTATION.BIN_HD_DATA._BIN_HD_DATA.PICK_INPUTS_FOR_CELLSEG_LOUPE.fork0.chnk0.main
2025-10-21 23:24:00 [runtime] (ready)           ID.F08544.SPATIAL_RNA_COUNTER_CS.SPATIAL_RNA_COUNTER.SPATIAL_POST_MATRIX_COMPUTATION.BIN_HD_DATA._BIN_HD_DATA.PROCESS_SEGMENTATIONS._PROCESS_SEGMENTATIONS.SEGMENT_TO_FEATURE_CELL_MATRIX.PREPROCESS_INSTANCE_MASK
2025-10-21 23:24:00 [runtime] (run:local)       ID.F08544.SPATIAL_RNA_COUNTER_CS.SPATIAL_RNA_COUNTER.SPATIAL_POST_MATRIX_COMPUTATION.BIN_HD_DATA._BIN_HD_DATA.PROCESS_SEGMENTATIONS._PROCESS_SEGMENTATIONS.SEGMENT_TO_FEATURE_CELL_MATRIX.PREPROCESS_INSTANCE_MASK.fork0.split
2025-10-21 23:24:00 [runtime] (split_complete)  ID.F08544.SPATIAL_RNA_COUNTER_CS.SPATIAL_RNA_COUNTER.SPATIAL_POST_MATRIX_COMPUTATION.BIN_HD_DATA._BIN_HD_DATA.PROCESS_SEGMENTATIONS._PROCESS_SEGMENTATIONS.SEGMENT_TO_FEATURE_CELL_MATRIX.PREPROCESS_INSTANCE_MASK
2025-10-21 23:24:00 [runtime] (run:local)       ID.F08544.SPATIAL_RNA_COUNTER_CS.SPATIAL_RNA_COUNTER.SPATIAL_POST_MATRIX_COMPUTATION.BIN_HD_DATA._BIN_HD_DATA.PROCESS_SEGMENTATIONS._PROCESS_SEGMENTATIONS.SEGMENT_TO_FEATURE_CELL_MATRIX.PREPROCESS_INSTANCE_MASK.fork0.join
2025-10-21 23:24:00 [runtime] (join_complete)   ID.F08544.SPATIAL_RNA_COUNTER_CS.SPATIAL_RNA_COUNTER.SPATIAL_POST_MATRIX_COMPUTATION.BIN_HD_DATA._BIN_HD_DATA.PROCESS_SEGMENTATIONS._PROCESS_SEGMENTATIONS.SEGMENT_TO_FEATURE_CELL_MATRIX.PREPROCESS_INSTANCE_MASK
2025-10-21 23:24:00 [runtime] (ready)           ID.F08544.SPATIAL_RNA_COUNTER_CS.SPATIAL_RNA_COUNTER.SPATIAL_POST_MATRIX_COMPUTATION.BIN_HD_DATA._BIN_HD_DATA.PROCESS_SEGMENTATIONS._PROCESS_SEGMENTATIONS.SEGMENT_TO_FEATURE_CELL_MATRIX.PREPROCESS_NUCLEUS_SEGMENTATION_GEOJSON
2025-10-21 23:24:00 [runtime] (run:local)       ID.F08544.SPATIAL_RNA_COUNTER_CS.SPATIAL_RNA_COUNTER.SPATIAL_POST_MATRIX_COMPUTATION.BIN_HD_DATA._BIN_HD_DATA.PROCESS_SEGMENTATIONS._PROCESS_SEGMENTATIONS.SEGMENT_TO_FEATURE_CELL_MATRIX.PREPROCESS_NUCLEUS_SEGMENTATION_GEOJSON.fork0.split
2025-10-21 23:24:01 [runtime] (split_complete)  ID.F08544.SPATIAL_RNA_COUNTER_CS.SPATIAL_RNA_COUNTER.SPATIAL_POST_MATRIX_COMPUTATION.BIN_HD_DATA._BIN_HD_DATA.PROCESS_SEGMENTATIONS._PROCESS_SEGMENTATIONS.SEGMENT_TO_FEATURE_CELL_MATRIX.PREPROCESS_NUCLEUS_SEGMENTATION_GEOJSON
2025-10-21 23:24:01 [runtime] (run:local)       ID.F08544.SPATIAL_RNA_COUNTER_CS.SPATIAL_RNA_COUNTER.SPATIAL_POST_MATRIX_COMPUTATION.BIN_HD_DATA._BIN_HD_DATA.PROCESS_SEGMENTATIONS._PROCESS_SEGMENTATIONS.SEGMENT_TO_FEATURE_CELL_MATRIX.PREPROCESS_NUCLEUS_SEGMENTATION_GEOJSON.fork0.chnk00.main
2025-10-21 23:24:01 [runtime] (run:local)       ID.F08544.SPATIAL_RNA_COUNTER_CS.SPATIAL_RNA_COUNTER.SPATIAL_POST_MATRIX_COMPUTATION.BIN_HD_DATA._BIN_HD_DATA.PROCESS_SEGMENTATIONS._PROCESS_SEGMENTATIONS.SEGMENT_TO_FEATURE_CELL_MATRIX.PREPROCESS_NUCLEUS_SEGMENTATION_GEOJSON.fork0.chnk01.main
2025-10-21 23:24:01 [runtime] (run:local)       ID.F08544.SPATIAL_RNA_COUNTER_CS.SPATIAL_RNA_COUNTER.SPATIAL_POST_MATRIX_COMPUTATION.BIN_HD_DATA._BIN_HD_DATA.PROCESS_SEGMENTATIONS._PROCESS_SEGMENTATIONS.SEGMENT_TO_FEATURE_CELL_MATRIX.PREPROCESS_NUCLEUS_SEGMENTATION_GEOJSON.fork0.chnk02.main
2025-10-21 23:24:01 [runtime] (run:local)       ID.F08544.SPATIAL_RNA_COUNTER_CS.SPATIAL_RNA_COUNTER.SPATIAL_POST_MATRIX_COMPUTATION.BIN_HD_DATA._BIN_HD_DATA.PROCESS_SEGMENTATIONS._PROCESS_SEGMENTATIONS.SEGMENT_TO_FEATURE_CELL_MATRIX.PREPROCESS_NUCLEUS_SEGMENTATION_GEOJSON.fork0.chnk03.main
2025-10-21 23:24:01 [runtime] (run:local)       ID.F08544.SPATIAL_RNA_COUNTER_CS.SPATIAL_RNA_COUNTER.SPATIAL_POST_MATRIX_COMPUTATION.BIN_HD_DATA._BIN_HD_DATA.PROCESS_SEGMENTATIONS._PROCESS_SEGMENTATIONS.SEGMENT_TO_FEATURE_CELL_MATRIX.PREPROCESS_NUCLEUS_SEGMENTATION_GEOJSON.fork0.chnk04.main
2025-10-21 23:24:01 [runtime] (run:local)       ID.F08544.SPATIAL_RNA_COUNTER_CS.SPATIAL_RNA_COUNTER.SPATIAL_POST_MATRIX_COMPUTATION.BIN_HD_DATA._BIN_HD_DATA.PROCESS_SEGMENTATIONS._PROCESS_SEGMENTATIONS.SEGMENT_TO_FEATURE_CELL_MATRIX.PREPROCESS_NUCLEUS_SEGMENTATION_GEOJSON.fork0.chnk05.main
2025-10-21 23:24:01 [runtime] (run:local)       ID.F08544.SPATIAL_RNA_COUNTER_CS.SPATIAL_RNA_COUNTER.SPATIAL_POST_MATRIX_COMPUTATION.BIN_HD_DATA._BIN_HD_DATA.PROCESS_SEGMENTATIONS._PROCESS_SEGMENTATIONS.SEGMENT_TO_FEATURE_CELL_MATRIX.PREPROCESS_NUCLEUS_SEGMENTATION_GEOJSON.fork0.chnk06.main
2025-10-21 23:24:01 [runtime] (run:local)       ID.F08544.SPATIAL_RNA_COUNTER_CS.SPATIAL_RNA_COUNTER.SPATIAL_POST_MATRIX_COMPUTATION.BIN_HD_DATA._BIN_HD_DATA.PROCESS_SEGMENTATIONS._PROCESS_SEGMENTATIONS.SEGMENT_TO_FEATURE_CELL_MATRIX.PREPROCESS_NUCLEUS_SEGMENTATION_GEOJSON.fork0.chnk07.main
2025-10-21 23:24:01 [runtime] (run:local)       ID.F08544.SPATIAL_RNA_COUNTER_CS.SPATIAL_RNA_COUNTER.SPATIAL_POST_MATRIX_COMPUTATION.BIN_HD_DATA._BIN_HD_DATA.PROCESS_SEGMENTATIONS._PROCESS_SEGMENTATIONS.SEGMENT_TO_FEATURE_CELL_MATRIX.PREPROCESS_NUCLEUS_SEGMENTATION_GEOJSON.fork0.chnk08.main
2025-10-21 23:24:01 [runtime] (run:local)       ID.F08544.SPATIAL_RNA_COUNTER_CS.SPATIAL_RNA_COUNTER.SPATIAL_POST_MATRIX_COMPUTATION.BIN_HD_DATA._BIN_HD_DATA.PROCESS_SEGMENTATIONS._PROCESS_SEGMENTATIONS.SEGMENT_TO_FEATURE_CELL_MATRIX.PREPROCESS_NUCLEUS_SEGMENTATION_GEOJSON.fork0.chnk09.main
2025-10-21 23:24:01 [runtime] (run:local)       ID.F08544.SPATIAL_RNA_COUNTER_CS.SPATIAL_RNA_COUNTER.SPATIAL_POST_MATRIX_COMPUTATION.BIN_HD_DATA._BIN_HD_DATA.PROCESS_SEGMENTATIONS._PROCESS_SEGMENTATIONS.SEGMENT_TO_FEATURE_CELL_MATRIX.PREPROCESS_NUCLEUS_SEGMENTATION_GEOJSON.fork0.chnk10.main
2025-10-21 23:24:01 [runtime] (run:local)       ID.F08544.SPATIAL_RNA_COUNTER_CS.SPATIAL_RNA_COUNTER.SPATIAL_POST_MATRIX_COMPUTATION.BIN_HD_DATA._BIN_HD_DATA.PROCESS_SEGMENTATIONS._PROCESS_SEGMENTATIONS.SEGMENT_TO_FEATURE_CELL_MATRIX.PREPROCESS_NUCLEUS_SEGMENTATION_GEOJSON.fork0.chnk11.main
2025-10-21 23:24:01 [runtime] (run:local)       ID.F08544.SPATIAL_RNA_COUNTER_CS.SPATIAL_RNA_COUNTER.SPATIAL_POST_MATRIX_COMPUTATION.BIN_HD_DATA._BIN_HD_DATA.PROCESS_SEGMENTATIONS._PROCESS_SEGMENTATIONS.SEGMENT_TO_FEATURE_CELL_MATRIX.PREPROCESS_NUCLEUS_SEGMENTATION_GEOJSON.fork0.chnk12.main
2025-10-21 23:24:01 [runtime] (run:local)       ID.F08544.SPATIAL_RNA_COUNTER_CS.SPATIAL_RNA_COUNTER.SPATIAL_POST_MATRIX_COMPUTATION.BIN_HD_DATA._BIN_HD_DATA.PROCESS_SEGMENTATIONS._PROCESS_SEGMENTATIONS.SEGMENT_TO_FEATURE_CELL_MATRIX.PREPROCESS_NUCLEUS_SEGMENTATION_GEOJSON.fork0.chnk13.main
2025-10-21 23:24:01 [runtime] (run:local)       ID.F08544.SPATIAL_RNA_COUNTER_CS.SPATIAL_RNA_COUNTER.SPATIAL_POST_MATRIX_COMPUTATION.BIN_HD_DATA._BIN_HD_DATA.PROCESS_SEGMENTATIONS._PROCESS_SEGMENTATIONS.SEGMENT_TO_FEATURE_CELL_MATRIX.PREPROCESS_NUCLEUS_SEGMENTATION_GEOJSON.fork0.chnk14.main
2025-10-21 23:24:01 [runtime] (run:local)       ID.F08544.SPATIAL_RNA_COUNTER_CS.SPATIAL_RNA_COUNTER.SPATIAL_POST_MATRIX_COMPUTATION.BIN_HD_DATA._BIN_HD_DATA.PROCESS_SEGMENTATIONS._PROCESS_SEGMENTATIONS.SEGMENT_TO_FEATURE_CELL_MATRIX.PREPROCESS_NUCLEUS_SEGMENTATION_GEOJSON.fork0.chnk15.main
2025-10-21 23:24:01 [runtime] (run:local)       ID.F08544.SPATIAL_RNA_COUNTER_CS.SPATIAL_RNA_COUNTER.SPATIAL_POST_MATRIX_COMPUTATION.BIN_HD_DATA._BIN_HD_DATA.PROCESS_SEGMENTATIONS._PROCESS_SEGMENTATIONS.SEGMENT_TO_FEATURE_CELL_MATRIX.PREPROCESS_NUCLEUS_SEGMENTATION_GEOJSON.fork0.chnk16.main
2025-10-21 23:24:01 [runtime] (run:local)       ID.F08544.SPATIAL_RNA_COUNTER_CS.SPATIAL_RNA_COUNTER.SPATIAL_POST_MATRIX_COMPUTATION.BIN_HD_DATA._BIN_HD_DATA.PROCESS_SEGMENTATIONS._PROCESS_SEGMENTATIONS.SEGMENT_TO_FEATURE_CELL_MATRIX.PREPROCESS_NUCLEUS_SEGMENTATION_GEOJSON.fork0.chnk17.main
2025-10-21 23:24:01 [runtime] (run:local)       ID.F08544.SPATIAL_RNA_COUNTER_CS.SPATIAL_RNA_COUNTER.SPATIAL_POST_MATRIX_COMPUTATION.BIN_HD_DATA._BIN_HD_DATA.PROCESS_SEGMENTATIONS._PROCESS_SEGMENTATIONS.SEGMENT_TO_FEATURE_CELL_MATRIX.PREPROCESS_NUCLEUS_SEGMENTATION_GEOJSON.fork0.chnk18.main
2025-10-21 23:24:01 [runtime] (run:local)       ID.F08544.SPATIAL_RNA_COUNTER_CS.SPATIAL_RNA_COUNTER.SPATIAL_POST_MATRIX_COMPUTATION.BIN_HD_DATA._BIN_HD_DATA.PROCESS_SEGMENTATIONS._PROCESS_SEGMENTATIONS.SEGMENT_TO_FEATURE_CELL_MATRIX.PREPROCESS_NUCLEUS_SEGMENTATION_GEOJSON.fork0.chnk19.main
2025-10-21 23:24:01 [runtime] (run:local)       ID.F08544.SPATIAL_RNA_COUNTER_CS.SPATIAL_RNA_COUNTER.SPATIAL_POST_MATRIX_COMPUTATION.BIN_HD_DATA._BIN_HD_DATA.PROCESS_SEGMENTATIONS._PROCESS_SEGMENTATIONS.SEGMENT_TO_FEATURE_CELL_MATRIX.PREPROCESS_NUCLEUS_SEGMENTATION_GEOJSON.fork0.chnk20.main
2025-10-21 23:24:01 [runtime] (run:local)       ID.F08544.SPATIAL_RNA_COUNTER_CS.SPATIAL_RNA_COUNTER.SPATIAL_POST_MATRIX_COMPUTATION.BIN_HD_DATA._BIN_HD_DATA.PROCESS_SEGMENTATIONS._PROCESS_SEGMENTATIONS.SEGMENT_TO_FEATURE_CELL_MATRIX.PREPROCESS_NUCLEUS_SEGMENTATION_GEOJSON.fork0.chnk21.main
2025-10-21 23:24:01 [runtime] (run:local)       ID.F08544.SPATIAL_RNA_COUNTER_CS.SPATIAL_RNA_COUNTER.SPATIAL_POST_MATRIX_COMPUTATION.BIN_HD_DATA._BIN_HD_DATA.PROCESS_SEGMENTATIONS._PROCESS_SEGMENTATIONS.SEGMENT_TO_FEATURE_CELL_MATRIX.PREPROCESS_NUCLEUS_SEGMENTATION_GEOJSON.fork0.chnk22.main
2025-10-21 23:24:01 [runtime] (run:local)       ID.F08544.SPATIAL_RNA_COUNTER_CS.SPATIAL_RNA_COUNTER.SPATIAL_POST_MATRIX_COMPUTATION.BIN_HD_DATA._BIN_HD_DATA.PROCESS_SEGMENTATIONS._PROCESS_SEGMENTATIONS.SEGMENT_TO_FEATURE_CELL_MATRIX.PREPROCESS_NUCLEUS_SEGMENTATION_GEOJSON.fork0.chnk23.main
2025-10-21 23:24:01 [runtime] (run:local)       ID.F08544.SPATIAL_RNA_COUNTER_CS.SPATIAL_RNA_COUNTER.SPATIAL_POST_MATRIX_COMPUTATION.BIN_HD_DATA._BIN_HD_DATA.PROCESS_SEGMENTATIONS._PROCESS_SEGMENTATIONS.SEGMENT_TO_FEATURE_CELL_MATRIX.PREPROCESS_NUCLEUS_SEGMENTATION_GEOJSON.fork0.chnk24.main
2025-10-21 23:24:01 [runtime] (run:local)       ID.F08544.SPATIAL_RNA_COUNTER_CS.SPATIAL_RNA_COUNTER.SPATIAL_POST_MATRIX_COMPUTATION.BIN_HD_DATA._BIN_HD_DATA.PROCESS_SEGMENTATIONS._PROCESS_SEGMENTATIONS.SEGMENT_TO_FEATURE_CELL_MATRIX.PREPROCESS_NUCLEUS_SEGMENTATION_GEOJSON.fork0.chnk25.main
2025-10-21 23:24:01 [runtime] (run:local)       ID.F08544.SPATIAL_RNA_COUNTER_CS.SPATIAL_RNA_COUNTER.SPATIAL_POST_MATRIX_COMPUTATION.BIN_HD_DATA._BIN_HD_DATA.PROCESS_SEGMENTATIONS._PROCESS_SEGMENTATIONS.SEGMENT_TO_FEATURE_CELL_MATRIX.PREPROCESS_NUCLEUS_SEGMENTATION_GEOJSON.fork0.chnk26.main
2025-10-21 23:24:01 [runtime] (run:local)       ID.F08544.SPATIAL_RNA_COUNTER_CS.SPATIAL_RNA_COUNTER.SPATIAL_POST_MATRIX_COMPUTATION.BIN_HD_DATA._BIN_HD_DATA.PROCESS_SEGMENTATIONS._PROCESS_SEGMENTATIONS.SEGMENT_TO_FEATURE_CELL_MATRIX.PREPROCESS_NUCLEUS_SEGMENTATION_GEOJSON.fork0.chnk27.main
2025-10-21 23:24:01 [runtime] (run:local)       ID.F08544.SPATIAL_RNA_COUNTER_CS.SPATIAL_RNA_COUNTER.SPATIAL_POST_MATRIX_COMPUTATION.BIN_HD_DATA._BIN_HD_DATA.PROCESS_SEGMENTATIONS._PROCESS_SEGMENTATIONS.SEGMENT_TO_FEATURE_CELL_MATRIX.PREPROCESS_NUCLEUS_SEGMENTATION_GEOJSON.fork0.chnk28.main
2025-10-21 23:24:01 [runtime] (run:local)       ID.F08544.SPATIAL_RNA_COUNTER_CS.SPATIAL_RNA_COUNTER.SPATIAL_POST_MATRIX_COMPUTATION.BIN_HD_DATA._BIN_HD_DATA.PROCESS_SEGMENTATIONS._PROCESS_SEGMENTATIONS.SEGMENT_TO_FEATURE_CELL_MATRIX.PREPROCESS_NUCLEUS_SEGMENTATION_GEOJSON.fork0.chnk29.main
2025-10-21 23:24:01 [runtime] (run:local)       ID.F08544.SPATIAL_RNA_COUNTER_CS.SPATIAL_RNA_COUNTER.SPATIAL_POST_MATRIX_COMPUTATION.BIN_HD_DATA._BIN_HD_DATA.PROCESS_SEGMENTATIONS._PROCESS_SEGMENTATIONS.SEGMENT_TO_FEATURE_CELL_MATRIX.PREPROCESS_NUCLEUS_SEGMENTATION_GEOJSON.fork0.chnk30.main
2025-10-21 23:24:01 [runtime] (run:local)       ID.F08544.SPATIAL_RNA_COUNTER_CS.SPATIAL_RNA_COUNTER.SPATIAL_POST_MATRIX_COMPUTATION.BIN_HD_DATA._BIN_HD_DATA.PROCESS_SEGMENTATIONS._PROCESS_SEGMENTATIONS.SEGMENT_TO_FEATURE_CELL_MATRIX.PREPROCESS_NUCLEUS_SEGMENTATION_GEOJSON.fork0.chnk31.main
2025-10-21 23:24:01 [runtime] (run:local)       ID.F08544.SPATIAL_RNA_COUNTER_CS.SPATIAL_RNA_COUNTER.SPATIAL_POST_MATRIX_COMPUTATION.BIN_HD_DATA._BIN_HD_DATA.PROCESS_SEGMENTATIONS._PROCESS_SEGMENTATIONS.SEGMENT_TO_FEATURE_CELL_MATRIX.PREPROCESS_NUCLEUS_SEGMENTATION_GEOJSON.fork0.chnk32.main
2025-10-21 23:24:01 [runtime] (run:local)       ID.F08544.SPATIAL_RNA_COUNTER_CS.SPATIAL_RNA_COUNTER.SPATIAL_POST_MATRIX_COMPUTATION.BIN_HD_DATA._BIN_HD_DATA.PROCESS_SEGMENTATIONS._PROCESS_SEGMENTATIONS.SEGMENT_TO_FEATURE_CELL_MATRIX.PREPROCESS_NUCLEUS_SEGMENTATION_GEOJSON.fork0.chnk33.main
2025-10-21 23:24:08 [runtime] (chunks_complete) ID.F08544.SPATIAL_RNA_COUNTER_CS.SPATIAL_RNA_COUNTER.SPATIAL_POST_MATRIX_COMPUTATION.BIN_HD_DATA._BIN_HD_DATA.PICK_INPUTS_FOR_CELLSEG_LOUPE
2025-10-21 23:26:19 [runtime] (chunks_complete) ID.F08544.SPATIAL_RNA_COUNTER_CS.SPATIAL_RNA_COUNTER.SPATIAL_POST_MATRIX_COMPUTATION.BIN_HD_DATA._BIN_HD_DATA.PROCESS_SEGMENTATIONS._PROCESS_SEGMENTATIONS.SEGMENT_TO_FEATURE_CELL_MATRIX.PREPROCESS_NUCLEUS_SEGMENTATION_GEOJSON
2025-10-21 23:26:19 [runtime] (run:local)       ID.F08544.SPATIAL_RNA_COUNTER_CS.SPATIAL_RNA_COUNTER.SPATIAL_POST_MATRIX_COMPUTATION.BIN_HD_DATA._BIN_HD_DATA.PROCESS_SEGMENTATIONS._PROCESS_SEGMENTATIONS.SEGMENT_TO_FEATURE_CELL_MATRIX.PREPROCESS_NUCLEUS_SEGMENTATION_GEOJSON.fork0.join
2025-10-21 23:26:29 [runtime] (join_complete)   ID.F08544.SPATIAL_RNA_COUNTER_CS.SPATIAL_RNA_COUNTER.SPATIAL_POST_MATRIX_COMPUTATION.BIN_HD_DATA._BIN_HD_DATA.PROCESS_SEGMENTATIONS._PROCESS_SEGMENTATIONS.SEGMENT_TO_FEATURE_CELL_MATRIX.PREPROCESS_NUCLEUS_SEGMENTATION_GEOJSON
2025-10-21 23:26:29 [runtime] (ready)           ID.F08544.SPATIAL_RNA_COUNTER_CS.SPATIAL_RNA_COUNTER.SPATIAL_POST_MATRIX_COMPUTATION.BIN_HD_DATA._BIN_HD_DATA.PROCESS_SEGMENTATIONS._PROCESS_SEGMENTATIONS.SEGMENT_TO_FEATURE_CELL_MATRIX.CLEAN_SPOT_MASK
2025-10-21 23:26:29 [runtime] (run:local)       ID.F08544.SPATIAL_RNA_COUNTER_CS.SPATIAL_RNA_COUNTER.SPATIAL_POST_MATRIX_COMPUTATION.BIN_HD_DATA._BIN_HD_DATA.PROCESS_SEGMENTATIONS._PROCESS_SEGMENTATIONS.SEGMENT_TO_FEATURE_CELL_MATRIX.CLEAN_SPOT_MASK.fork0.chnk0.main
2025-10-21 23:26:56 [runtime] (chunks_complete) ID.F08544.SPATIAL_RNA_COUNTER_CS.SPATIAL_RNA_COUNTER.SPATIAL_POST_MATRIX_COMPUTATION.BIN_HD_DATA._BIN_HD_DATA.PROCESS_SEGMENTATIONS._PROCESS_SEGMENTATIONS.SEGMENT_TO_FEATURE_CELL_MATRIX.CLEAN_SPOT_MASK
2025-10-21 23:26:57 [runtime] (ready)           ID.F08544.SPATIAL_RNA_COUNTER_CS.SPATIAL_RNA_COUNTER.SPATIAL_POST_MATRIX_COMPUTATION.BIN_HD_DATA._BIN_HD_DATA.PROCESS_SEGMENTATIONS._PROCESS_SEGMENTATIONS.SEGMENT_TO_FEATURE_CELL_MATRIX.ASSIGN_NUCLEI
2025-10-21 23:26:57 [runtime] (run:local)       ID.F08544.SPATIAL_RNA_COUNTER_CS.SPATIAL_RNA_COUNTER.SPATIAL_POST_MATRIX_COMPUTATION.BIN_HD_DATA._BIN_HD_DATA.PROCESS_SEGMENTATIONS._PROCESS_SEGMENTATIONS.SEGMENT_TO_FEATURE_CELL_MATRIX.ASSIGN_NUCLEI.fork0.chnk0.main
2025-10-21 23:26:57 [runtime] (ready)           ID.F08544.SPATIAL_RNA_COUNTER_CS.SPATIAL_RNA_COUNTER.SPATIAL_POST_MATRIX_COMPUTATION.BIN_HD_DATA._BIN_HD_DATA.PROCESS_SEGMENTATIONS._PROCESS_SEGMENTATIONS.SEGMENT_TO_FEATURE_CELL_MATRIX.DERASTERISE_NUCLEUS_MASK
2025-10-21 23:26:57 [runtime] (run:local)       ID.F08544.SPATIAL_RNA_COUNTER_CS.SPATIAL_RNA_COUNTER.SPATIAL_POST_MATRIX_COMPUTATION.BIN_HD_DATA._BIN_HD_DATA.PROCESS_SEGMENTATIONS._PROCESS_SEGMENTATIONS.SEGMENT_TO_FEATURE_CELL_MATRIX.DERASTERISE_NUCLEUS_MASK.fork0.split
2025-10-21 23:27:01 [runtime] (split_complete)  ID.F08544.SPATIAL_RNA_COUNTER_CS.SPATIAL_RNA_COUNTER.SPATIAL_POST_MATRIX_COMPUTATION.BIN_HD_DATA._BIN_HD_DATA.PROCESS_SEGMENTATIONS._PROCESS_SEGMENTATIONS.SEGMENT_TO_FEATURE_CELL_MATRIX.DERASTERISE_NUCLEUS_MASK
2025-10-21 23:27:01 [runtime] (run:local)       ID.F08544.SPATIAL_RNA_COUNTER_CS.SPATIAL_RNA_COUNTER.SPATIAL_POST_MATRIX_COMPUTATION.BIN_HD_DATA._BIN_HD_DATA.PROCESS_SEGMENTATIONS._PROCESS_SEGMENTATIONS.SEGMENT_TO_FEATURE_CELL_MATRIX.DERASTERISE_NUCLEUS_MASK.fork0.chnk0.main
2025-10-21 23:27:01 [runtime] (run:local)       ID.F08544.SPATIAL_RNA_COUNTER_CS.SPATIAL_RNA_COUNTER.SPATIAL_POST_MATRIX_COMPUTATION.BIN_HD_DATA._BIN_HD_DATA.PROCESS_SEGMENTATIONS._PROCESS_SEGMENTATIONS.SEGMENT_TO_FEATURE_CELL_MATRIX.DERASTERISE_NUCLEUS_MASK.fork0.chnk1.main
2025-10-21 23:27:01 [runtime] (run:local)       ID.F08544.SPATIAL_RNA_COUNTER_CS.SPATIAL_RNA_COUNTER.SPATIAL_POST_MATRIX_COMPUTATION.BIN_HD_DATA._BIN_HD_DATA.PROCESS_SEGMENTATIONS._PROCESS_SEGMENTATIONS.SEGMENT_TO_FEATURE_CELL_MATRIX.DERASTERISE_NUCLEUS_MASK.fork0.chnk2.main
2025-10-21 23:27:01 [runtime] (run:local)       ID.F08544.SPATIAL_RNA_COUNTER_CS.SPATIAL_RNA_COUNTER.SPATIAL_POST_MATRIX_COMPUTATION.BIN_HD_DATA._BIN_HD_DATA.PROCESS_SEGMENTATIONS._PROCESS_SEGMENTATIONS.SEGMENT_TO_FEATURE_CELL_MATRIX.DERASTERISE_NUCLEUS_MASK.fork0.chnk3.main
2025-10-21 23:27:02 [runtime] (run:local)       ID.F08544.SPATIAL_RNA_COUNTER_CS.SPATIAL_RNA_COUNTER.SPATIAL_POST_MATRIX_COMPUTATION.BIN_HD_DATA._BIN_HD_DATA.PROCESS_SEGMENTATIONS._PROCESS_SEGMENTATIONS.SEGMENT_TO_FEATURE_CELL_MATRIX.DERASTERISE_NUCLEUS_MASK.fork0.chnk4.main
2025-10-21 23:27:02 [runtime] (run:local)       ID.F08544.SPATIAL_RNA_COUNTER_CS.SPATIAL_RNA_COUNTER.SPATIAL_POST_MATRIX_COMPUTATION.BIN_HD_DATA._BIN_HD_DATA.PROCESS_SEGMENTATIONS._PROCESS_SEGMENTATIONS.SEGMENT_TO_FEATURE_CELL_MATRIX.DERASTERISE_NUCLEUS_MASK.fork0.chnk5.main
2025-10-21 23:27:02 [runtime] (run:local)       ID.F08544.SPATIAL_RNA_COUNTER_CS.SPATIAL_RNA_COUNTER.SPATIAL_POST_MATRIX_COMPUTATION.BIN_HD_DATA._BIN_HD_DATA.PROCESS_SEGMENTATIONS._PROCESS_SEGMENTATIONS.SEGMENT_TO_FEATURE_CELL_MATRIX.DERASTERISE_NUCLEUS_MASK.fork0.chnk6.main
2025-10-21 23:27:04 [runtime] (chunks_complete) ID.F08544.SPATIAL_RNA_COUNTER_CS.SPATIAL_RNA_COUNTER.SPATIAL_POST_MATRIX_COMPUTATION.BIN_HD_DATA._BIN_HD_DATA.PROCESS_SEGMENTATIONS._PROCESS_SEGMENTATIONS.SEGMENT_TO_FEATURE_CELL_MATRIX.ASSIGN_NUCLEI
2025-10-21 23:27:04 [runtime] (ready)           ID.F08544.SPATIAL_RNA_COUNTER_CS.SPATIAL_RNA_COUNTER.SPATIAL_POST_MATRIX_COMPUTATION.BIN_HD_DATA._BIN_HD_DATA.PROCESS_SEGMENTATIONS._PROCESS_SEGMENTATIONS.SEGMENT_TO_FEATURE_CELL_MATRIX.SEGMENT_COUNT_SHARDS.BIN_SPOTS_TO_CELLS
2025-10-21 23:27:05 [runtime] (run:local)       ID.F08544.SPATIAL_RNA_COUNTER_CS.SPATIAL_RNA_COUNTER.SPATIAL_POST_MATRIX_COMPUTATION.BIN_HD_DATA._BIN_HD_DATA.PROCESS_SEGMENTATIONS._PROCESS_SEGMENTATIONS.SEGMENT_TO_FEATURE_CELL_MATRIX.SEGMENT_COUNT_SHARDS.BIN_SPOTS_TO_CELLS.fork0.chnk0.main
2025-10-21 23:27:05 [runtime] (ready)           ID.F08544.SPATIAL_RNA_COUNTER_CS.SPATIAL_RNA_COUNTER.SPATIAL_POST_MATRIX_COMPUTATION.BIN_HD_DATA._BIN_HD_DATA.PROCESS_SEGMENTATIONS._PROCESS_SEGMENTATIONS.SEGMENT_TO_FEATURE_CELL_MATRIX.DERASTERISE_MASK
2025-10-21 23:27:05 [runtime] (run:local)       ID.F08544.SPATIAL_RNA_COUNTER_CS.SPATIAL_RNA_COUNTER.SPATIAL_POST_MATRIX_COMPUTATION.BIN_HD_DATA._BIN_HD_DATA.PROCESS_SEGMENTATIONS._PROCESS_SEGMENTATIONS.SEGMENT_TO_FEATURE_CELL_MATRIX.DERASTERISE_MASK.fork0.split
2025-10-21 23:27:56 [runtime] (chunks_complete) ID.F08544.SPATIAL_RNA_COUNTER_CS.SPATIAL_RNA_COUNTER.SPATIAL_POST_MATRIX_COMPUTATION.BIN_HD_DATA._BIN_HD_DATA.PROCESS_SEGMENTATIONS._PROCESS_SEGMENTATIONS.SEGMENT_TO_FEATURE_CELL_MATRIX.SEGMENT_COUNT_SHARDS.BIN_SPOTS_TO_CELLS
2025-10-21 23:27:56 [runtime] (ready)           ID.F08544.SPATIAL_RNA_COUNTER_CS.SPATIAL_RNA_COUNTER.SPATIAL_POST_MATRIX_COMPUTATION.BIN_HD_DATA._BIN_HD_DATA.PROCESS_SEGMENTATIONS._PROCESS_SEGMENTATIONS.CONSOLIDATE_DISABLE_CELL_SEGMENTATION
2025-10-21 23:27:56 [runtime] (run:local)       ID.F08544.SPATIAL_RNA_COUNTER_CS.SPATIAL_RNA_COUNTER.SPATIAL_POST_MATRIX_COMPUTATION.BIN_HD_DATA._BIN_HD_DATA.PROCESS_SEGMENTATIONS._PROCESS_SEGMENTATIONS.CONSOLIDATE_DISABLE_CELL_SEGMENTATION.fork0.chnk0.main
2025-10-21 23:27:56 [runtime] (ready)           ID.F08544.SPATIAL_RNA_COUNTER_CS.SPATIAL_RNA_COUNTER.SPATIAL_POST_MATRIX_COMPUTATION.BIN_HD_DATA._BIN_HD_DATA.PROCESS_SEGMENTATIONS.SETUP_WRITING_SPATIAL_DIRECTORY
2025-10-21 23:27:56 [runtime] (run:local)       ID.F08544.SPATIAL_RNA_COUNTER_CS.SPATIAL_RNA_COUNTER.SPATIAL_POST_MATRIX_COMPUTATION.BIN_HD_DATA._BIN_HD_DATA.PROCESS_SEGMENTATIONS.SETUP_WRITING_SPATIAL_DIRECTORY.fork0.chnk0.main
2025-10-21 23:27:56 [runtime] (ready)           ID.F08544.SPATIAL_RNA_COUNTER_CS.SPATIAL_RNA_COUNTER.SPATIAL_POST_MATRIX_COMPUTATION.BIN_HD_DATA._BIN_HD_DATA.PROCESS_SEGMENTATIONS.ADD_SEGMENTATION_MASKS_TO_FEATURE_SLICE
2025-10-21 23:27:56 [runtime] (run:local)       ID.F08544.SPATIAL_RNA_COUNTER_CS.SPATIAL_RNA_COUNTER.SPATIAL_POST_MATRIX_COMPUTATION.BIN_HD_DATA._BIN_HD_DATA.PROCESS_SEGMENTATIONS.ADD_SEGMENTATION_MASKS_TO_FEATURE_SLICE.fork0.chnk0.main
2025-10-21 23:27:56 [runtime] (ready)           ID.F08544.SPATIAL_RNA_COUNTER_CS.SPATIAL_RNA_COUNTER.SPATIAL_POST_MATRIX_COMPUTATION.BIN_HD_DATA._BIN_HD_DATA.PROCESS_SEGMENTATIONS._PROCESS_SEGMENTATIONS.SEGMENT_TO_FEATURE_CELL_MATRIX.SEGMENT_COUNT_SHARDS.WRITE_BINNED_H5_MATRIX
2025-10-21 23:27:56 [runtime] (run:local)       ID.F08544.SPATIAL_RNA_COUNTER_CS.SPATIAL_RNA_COUNTER.SPATIAL_POST_MATRIX_COMPUTATION.BIN_HD_DATA._BIN_HD_DATA.PROCESS_SEGMENTATIONS._PROCESS_SEGMENTATIONS.SEGMENT_TO_FEATURE_CELL_MATRIX.SEGMENT_COUNT_SHARDS.WRITE_BINNED_H5_MATRIX.fork0.chnk0.main
2025-10-21 23:28:05 [runtime] (split_complete)  ID.F08544.SPATIAL_RNA_COUNTER_CS.SPATIAL_RNA_COUNTER.SPATIAL_POST_MATRIX_COMPUTATION.BIN_HD_DATA._BIN_HD_DATA.PROCESS_SEGMENTATIONS._PROCESS_SEGMENTATIONS.SEGMENT_TO_FEATURE_CELL_MATRIX.DERASTERISE_MASK
2025-10-21 23:28:05 [runtime] (run:local)       ID.F08544.SPATIAL_RNA_COUNTER_CS.SPATIAL_RNA_COUNTER.SPATIAL_POST_MATRIX_COMPUTATION.BIN_HD_DATA._BIN_HD_DATA.PROCESS_SEGMENTATIONS._PROCESS_SEGMENTATIONS.SEGMENT_TO_FEATURE_CELL_MATRIX.DERASTERISE_MASK.fork0.chnk0.main
2025-10-21 23:28:05 [runtime] (run:local)       ID.F08544.SPATIAL_RNA_COUNTER_CS.SPATIAL_RNA_COUNTER.SPATIAL_POST_MATRIX_COMPUTATION.BIN_HD_DATA._BIN_HD_DATA.PROCESS_SEGMENTATIONS._PROCESS_SEGMENTATIONS.SEGMENT_TO_FEATURE_CELL_MATRIX.DERASTERISE_MASK.fork0.chnk1.main
2025-10-21 23:28:05 [runtime] (run:local)       ID.F08544.SPATIAL_RNA_COUNTER_CS.SPATIAL_RNA_COUNTER.SPATIAL_POST_MATRIX_COMPUTATION.BIN_HD_DATA._BIN_HD_DATA.PROCESS_SEGMENTATIONS._PROCESS_SEGMENTATIONS.SEGMENT_TO_FEATURE_CELL_MATRIX.DERASTERISE_MASK.fork0.chnk2.main
2025-10-21 23:28:05 [runtime] (run:local)       ID.F08544.SPATIAL_RNA_COUNTER_CS.SPATIAL_RNA_COUNTER.SPATIAL_POST_MATRIX_COMPUTATION.BIN_HD_DATA._BIN_HD_DATA.PROCESS_SEGMENTATIONS._PROCESS_SEGMENTATIONS.SEGMENT_TO_FEATURE_CELL_MATRIX.DERASTERISE_MASK.fork0.chnk3.main
2025-10-21 23:28:05 [runtime] (run:local)       ID.F08544.SPATIAL_RNA_COUNTER_CS.SPATIAL_RNA_COUNTER.SPATIAL_POST_MATRIX_COMPUTATION.BIN_HD_DATA._BIN_HD_DATA.PROCESS_SEGMENTATIONS._PROCESS_SEGMENTATIONS.SEGMENT_TO_FEATURE_CELL_MATRIX.DERASTERISE_MASK.fork0.chnk4.main
2025-10-21 23:28:05 [runtime] (run:local)       ID.F08544.SPATIAL_RNA_COUNTER_CS.SPATIAL_RNA_COUNTER.SPATIAL_POST_MATRIX_COMPUTATION.BIN_HD_DATA._BIN_HD_DATA.PROCESS_SEGMENTATIONS._PROCESS_SEGMENTATIONS.SEGMENT_TO_FEATURE_CELL_MATRIX.DERASTERISE_MASK.fork0.chnk5.main
2025-10-21 23:28:05 [runtime] (run:local)       ID.F08544.SPATIAL_RNA_COUNTER_CS.SPATIAL_RNA_COUNTER.SPATIAL_POST_MATRIX_COMPUTATION.BIN_HD_DATA._BIN_HD_DATA.PROCESS_SEGMENTATIONS._PROCESS_SEGMENTATIONS.SEGMENT_TO_FEATURE_CELL_MATRIX.DERASTERISE_MASK.fork0.chnk6.main
2025-10-21 23:28:05 [runtime] (chunks_complete) ID.F08544.SPATIAL_RNA_COUNTER_CS.SPATIAL_RNA_COUNTER.SPATIAL_POST_MATRIX_COMPUTATION.BIN_HD_DATA._BIN_HD_DATA.PROCESS_SEGMENTATIONS._PROCESS_SEGMENTATIONS.CONSOLIDATE_DISABLE_CELL_SEGMENTATION
2025-10-21 23:28:05 [runtime] (ready)           ID.F08544.SPATIAL_RNA_COUNTER_CS.SPATIAL_RNA_COUNTER.SPATIAL_POST_MATRIX_COMPUTATION.BIN_HD_DATA.CONSOLIDATE_DISABLE_CELL_SEGMENTATION
2025-10-21 23:28:05 [runtime] (run:local)       ID.F08544.SPATIAL_RNA_COUNTER_CS.SPATIAL_RNA_COUNTER.SPATIAL_POST_MATRIX_COMPUTATION.BIN_HD_DATA.CONSOLIDATE_DISABLE_CELL_SEGMENTATION.fork0.chnk0.main
2025-10-21 23:28:05 [runtime] (chunks_complete) ID.F08544.SPATIAL_RNA_COUNTER_CS.SPATIAL_RNA_COUNTER.SPATIAL_POST_MATRIX_COMPUTATION.BIN_HD_DATA._BIN_HD_DATA.PROCESS_SEGMENTATIONS.SETUP_WRITING_SPATIAL_DIRECTORY
2025-10-21 23:29:32 [runtime] (chunks_complete) ID.F08544.SPATIAL_RNA_COUNTER_CS.SPATIAL_RNA_COUNTER.SPATIAL_POST_MATRIX_COMPUTATION.BIN_HD_DATA._BIN_HD_DATA.PROCESS_SEGMENTATIONS.ADD_SEGMENTATION_MASKS_TO_FEATURE_SLICE
2025-10-21 23:29:32 [runtime] (ready)           ID.F08544.SPATIAL_RNA_COUNTER_CS.SPATIAL_RNA_COUNTER.SPATIAL_POST_MATRIX_COMPUTATION.HD_WEBSUMMARY_BUILDER.BUILD_HD_END_TO_END_ALIGNMENT_INPUTS
2025-10-21 23:29:32 [runtime] (run:local)       ID.F08544.SPATIAL_RNA_COUNTER_CS.SPATIAL_RNA_COUNTER.SPATIAL_POST_MATRIX_COMPUTATION.HD_WEBSUMMARY_BUILDER.BUILD_HD_END_TO_END_ALIGNMENT_INPUTS.fork0.chnk0.main
2025-10-21 23:29:32 [runtime] (ready)           ID.F08544.SPATIAL_RNA_COUNTER_CS.SPATIAL_RNA_COUNTER.SPATIAL_POST_MATRIX_COMPUTATION.HD_WEBSUMMARY_BUILDER.BUILD_HD_CLUSTERING_PLOT
2025-10-21 23:29:32 [runtime] (run:local)       ID.F08544.SPATIAL_RNA_COUNTER_CS.SPATIAL_RNA_COUNTER.SPATIAL_POST_MATRIX_COMPUTATION.HD_WEBSUMMARY_BUILDER.BUILD_HD_CLUSTERING_PLOT.fork0.chnk0.main
2025-10-21 23:29:32 [runtime] (ready)           ID.F08544.SPATIAL_RNA_COUNTER_CS.SPATIAL_RNA_COUNTER.SPATIAL_POST_MATRIX_COMPUTATION.BIN_HD_DATA._BIN_HD_DATA.OUTPUT_BARCODE_MAPPINGS
2025-10-21 23:29:32 [runtime] (run:local)       ID.F08544.SPATIAL_RNA_COUNTER_CS.SPATIAL_RNA_COUNTER.SPATIAL_POST_MATRIX_COMPUTATION.BIN_HD_DATA._BIN_HD_DATA.OUTPUT_BARCODE_MAPPINGS.fork0.chnk0.main
2025-10-21 23:29:32 [runtime] (ready)           ID.F08544.SPATIAL_RNA_COUNTER_CS.SPATIAL_RNA_COUNTER.SPATIAL_POST_MATRIX_COMPUTATION.BIN_HD_DATA._BIN_HD_DATA.PROCESS_SEGMENTATIONS.GENERATE_LOUPE_SEGMENTATION_PRIMITIVES
2025-10-21 23:29:32 [runtime] (run:local)       ID.F08544.SPATIAL_RNA_COUNTER_CS.SPATIAL_RNA_COUNTER.SPATIAL_POST_MATRIX_COMPUTATION.BIN_HD_DATA._BIN_HD_DATA.PROCESS_SEGMENTATIONS.GENERATE_LOUPE_SEGMENTATION_PRIMITIVES.fork0.chnk0.main
2025-10-21 23:29:59 [runtime] (chunks_complete) ID.F08544.SPATIAL_RNA_COUNTER_CS.SPATIAL_RNA_COUNTER.SPATIAL_POST_MATRIX_COMPUTATION.BIN_HD_DATA._BIN_HD_DATA.PROCESS_SEGMENTATIONS._PROCESS_SEGMENTATIONS.SEGMENT_TO_FEATURE_CELL_MATRIX.SEGMENT_COUNT_SHARDS.WRITE_BINNED_H5_MATRIX
2025-10-21 23:30:00 [runtime] (ready)           ID.F08544.SPATIAL_RNA_COUNTER_CS.SPATIAL_RNA_COUNTER.SPATIAL_POST_MATRIX_COMPUTATION.BIN_HD_DATA._BIN_HD_DATA.PROCESS_SEGMENTATIONS._PROCESS_SEGMENTATIONS.SEGMENT_TO_FEATURE_CELL_MATRIX.SEGMENT_COUNT_SHARDS.WRITE_BINNED_MATRICES
2025-10-21 23:30:00 [runtime] (run:local)       ID.F08544.SPATIAL_RNA_COUNTER_CS.SPATIAL_RNA_COUNTER.SPATIAL_POST_MATRIX_COMPUTATION.BIN_HD_DATA._BIN_HD_DATA.PROCESS_SEGMENTATIONS._PROCESS_SEGMENTATIONS.SEGMENT_TO_FEATURE_CELL_MATRIX.SEGMENT_COUNT_SHARDS.WRITE_BINNED_MATRICES.fork0.split
2025-10-21 23:31:02 [runtime] (chunks_complete) ID.F08544.SPATIAL_RNA_COUNTER_CS.SPATIAL_RNA_COUNTER.SPATIAL_POST_MATRIX_COMPUTATION.BIN_HD_DATA._BIN_HD_DATA.PROCESS_SEGMENTATIONS._PROCESS_SEGMENTATIONS.SEGMENT_TO_FEATURE_CELL_MATRIX.DERASTERISE_NUCLEUS_MASK
2025-10-21 23:31:02 [runtime] (run:local)       ID.F08544.SPATIAL_RNA_COUNTER_CS.SPATIAL_RNA_COUNTER.SPATIAL_POST_MATRIX_COMPUTATION.BIN_HD_DATA._BIN_HD_DATA.PROCESS_SEGMENTATIONS._PROCESS_SEGMENTATIONS.SEGMENT_TO_FEATURE_CELL_MATRIX.DERASTERISE_NUCLEUS_MASK.fork0.join
2025-10-21 23:31:02 [runtime] (chunks_complete) ID.F08544.SPATIAL_RNA_COUNTER_CS.SPATIAL_RNA_COUNTER.SPATIAL_POST_MATRIX_COMPUTATION.BIN_HD_DATA.CONSOLIDATE_DISABLE_CELL_SEGMENTATION
2025-10-21 23:31:52 [runtime] (chunks_complete) ID.F08544.SPATIAL_RNA_COUNTER_CS.SPATIAL_RNA_COUNTER.SPATIAL_POST_MATRIX_COMPUTATION.HD_WEBSUMMARY_BUILDER.BUILD_HD_END_TO_END_ALIGNMENT_INPUTS
2025-10-21 23:31:52 [runtime] (ready)           ID.F08544.SPATIAL_RNA_COUNTER_CS.SPATIAL_RNA_COUNTER.SPATIAL_POST_MATRIX_COMPUTATION.HD_WEBSUMMARY_BUILDER.BUILD_HD_END_TO_END_ALIGNMENT
2025-10-21 23:31:52 [runtime] (run:local)       ID.F08544.SPATIAL_RNA_COUNTER_CS.SPATIAL_RNA_COUNTER.SPATIAL_POST_MATRIX_COMPUTATION.HD_WEBSUMMARY_BUILDER.BUILD_HD_END_TO_END_ALIGNMENT.fork0.chnk0.main
2025-10-21 23:33:06 [runtime] (update)          ID.F08544.SPATIAL_RNA_COUNTER_CS.SPATIAL_RNA_COUNTER.SPATIAL_POST_MATRIX_COMPUTATION.BIN_HD_DATA._BIN_HD_DATA.PROCESS_SEGMENTATIONS._PROCESS_SEGMENTATIONS.SEGMENT_TO_FEATURE_CELL_MATRIX.DERASTERISE_MASK.fork0 chunks running (1/7 completed)
2025-10-21 23:33:25 [runtime] (chunks_complete) ID.F08544.SPATIAL_RNA_COUNTER_CS.SPATIAL_RNA_COUNTER.SPATIAL_POST_MATRIX_COMPUTATION.HD_WEBSUMMARY_BUILDER.BUILD_HD_CLUSTERING_PLOT
2025-10-21 23:33:39 [runtime] (chunks_complete) ID.F08544.SPATIAL_RNA_COUNTER_CS.SPATIAL_RNA_COUNTER.SPATIAL_POST_MATRIX_COMPUTATION.BIN_HD_DATA._BIN_HD_DATA.PROCESS_SEGMENTATIONS.GENERATE_LOUPE_SEGMENTATION_PRIMITIVES
2025-10-21 23:33:40 [runtime] (split_complete)  ID.F08544.SPATIAL_RNA_COUNTER_CS.SPATIAL_RNA_COUNTER.SPATIAL_POST_MATRIX_COMPUTATION.BIN_HD_DATA._BIN_HD_DATA.PROCESS_SEGMENTATIONS._PROCESS_SEGMENTATIONS.SEGMENT_TO_FEATURE_CELL_MATRIX.SEGMENT_COUNT_SHARDS.WRITE_BINNED_MATRICES
2025-10-21 23:33:40 [runtime] (run:local)       ID.F08544.SPATIAL_RNA_COUNTER_CS.SPATIAL_RNA_COUNTER.SPATIAL_POST_MATRIX_COMPUTATION.BIN_HD_DATA._BIN_HD_DATA.PROCESS_SEGMENTATIONS._PROCESS_SEGMENTATIONS.SEGMENT_TO_FEATURE_CELL_MATRIX.SEGMENT_COUNT_SHARDS.WRITE_BINNED_MATRICES.fork0.join
2025-10-21 23:33:42 [runtime] (chunks_complete) ID.F08544.SPATIAL_RNA_COUNTER_CS.SPATIAL_RNA_COUNTER.SPATIAL_POST_MATRIX_COMPUTATION.HD_WEBSUMMARY_BUILDER.BUILD_HD_END_TO_END_ALIGNMENT
2025-10-21 23:33:51 [runtime] (join_complete)   ID.F08544.SPATIAL_RNA_COUNTER_CS.SPATIAL_RNA_COUNTER.SPATIAL_POST_MATRIX_COMPUTATION.BIN_HD_DATA._BIN_HD_DATA.PROCESS_SEGMENTATIONS._PROCESS_SEGMENTATIONS.SEGMENT_TO_FEATURE_CELL_MATRIX.DERASTERISE_NUCLEUS_MASK
2025-10-21 23:34:33 [runtime] (chunks_complete) ID.F08544.SPATIAL_RNA_COUNTER_CS.SPATIAL_RNA_COUNTER.SPATIAL_POST_MATRIX_COMPUTATION.BIN_HD_DATA._BIN_HD_DATA.PROCESS_SEGMENTATIONS._PROCESS_SEGMENTATIONS.SEGMENT_TO_FEATURE_CELL_MATRIX.DERASTERISE_MASK
2025-10-21 23:34:33 [runtime] (run:local)       ID.F08544.SPATIAL_RNA_COUNTER_CS.SPATIAL_RNA_COUNTER.SPATIAL_POST_MATRIX_COMPUTATION.BIN_HD_DATA._BIN_HD_DATA.PROCESS_SEGMENTATIONS._PROCESS_SEGMENTATIONS.SEGMENT_TO_FEATURE_CELL_MATRIX.DERASTERISE_MASK.fork0.join
2025-10-21 23:34:51 [runtime] (join_complete)   ID.F08544.SPATIAL_RNA_COUNTER_CS.SPATIAL_RNA_COUNTER.SPATIAL_POST_MATRIX_COMPUTATION.BIN_HD_DATA._BIN_HD_DATA.PROCESS_SEGMENTATIONS._PROCESS_SEGMENTATIONS.SEGMENT_TO_FEATURE_CELL_MATRIX.SEGMENT_COUNT_SHARDS.WRITE_BINNED_MATRICES
2025-10-21 23:34:51 [runtime] (ready)           ID.F08544.SPATIAL_RNA_COUNTER_CS.SPATIAL_RNA_COUNTER.SPATIAL_POST_MATRIX_COMPUTATION.BIN_HD_DATA._BIN_HD_DATA.COMPUTE_SEGMENTATION_METRICS
2025-10-21 23:34:51 [runtime] (run:local)       ID.F08544.SPATIAL_RNA_COUNTER_CS.SPATIAL_RNA_COUNTER.SPATIAL_POST_MATRIX_COMPUTATION.BIN_HD_DATA._BIN_HD_DATA.COMPUTE_SEGMENTATION_METRICS.fork0.split
2025-10-21 23:34:51 [runtime] (ready)           ID.F08544.SPATIAL_RNA_COUNTER_CS.SPATIAL_RNA_COUNTER.SPATIAL_POST_MATRIX_COMPUTATION.BIN_HD_DATA._BIN_HD_DATA.PROCESS_SEGMENTATIONS._PROCESS_SEGMENTATIONS.SPATIAL_CELL_RNA_ANALYZER.ANALYZER_PREFLIGHT
2025-10-21 23:34:51 [runtime] (run:local)       ID.F08544.SPATIAL_RNA_COUNTER_CS.SPATIAL_RNA_COUNTER.SPATIAL_POST_MATRIX_COMPUTATION.BIN_HD_DATA._BIN_HD_DATA.PROCESS_SEGMENTATIONS._PROCESS_SEGMENTATIONS.SPATIAL_CELL_RNA_ANALYZER.ANALYZER_PREFLIGHT.fork0.chnk0.main
2025-10-21 23:34:51 [runtime] (join_complete)   ID.F08544.SPATIAL_RNA_COUNTER_CS.SPATIAL_RNA_COUNTER.SPATIAL_POST_MATRIX_COMPUTATION.BIN_HD_DATA._BIN_HD_DATA.PROCESS_SEGMENTATIONS._PROCESS_SEGMENTATIONS.SEGMENT_TO_FEATURE_CELL_MATRIX.DERASTERISE_MASK
2025-10-21 23:34:52 [runtime] (chunks_complete) ID.F08544.SPATIAL_RNA_COUNTER_CS.SPATIAL_RNA_COUNTER.SPATIAL_POST_MATRIX_COMPUTATION.BIN_HD_DATA._BIN_HD_DATA.PROCESS_SEGMENTATIONS._PROCESS_SEGMENTATIONS.SPATIAL_CELL_RNA_ANALYZER.ANALYZER_PREFLIGHT
2025-10-21 23:34:52 [runtime] (ready)           ID.F08544.SPATIAL_RNA_COUNTER_CS.SPATIAL_RNA_COUNTER.SPATIAL_POST_MATRIX_COMPUTATION.BIN_HD_DATA._BIN_HD_DATA.PROCESS_SEGMENTATIONS._PROCESS_SEGMENTATIONS.SPATIAL_CELL_RNA_ANALYZER.PREPROCESS_MATRIX
2025-10-21 23:34:52 [runtime] (run:local)       ID.F08544.SPATIAL_RNA_COUNTER_CS.SPATIAL_RNA_COUNTER.SPATIAL_POST_MATRIX_COMPUTATION.BIN_HD_DATA._BIN_HD_DATA.PROCESS_SEGMENTATIONS._PROCESS_SEGMENTATIONS.SPATIAL_CELL_RNA_ANALYZER.PREPROCESS_MATRIX.fork0.split
2025-10-21 23:34:52 [runtime] (split_complete)  ID.F08544.SPATIAL_RNA_COUNTER_CS.SPATIAL_RNA_COUNTER.SPATIAL_POST_MATRIX_COMPUTATION.BIN_HD_DATA._BIN_HD_DATA.COMPUTE_SEGMENTATION_METRICS
2025-10-21 23:34:53 [runtime] (run:local)       ID.F08544.SPATIAL_RNA_COUNTER_CS.SPATIAL_RNA_COUNTER.SPATIAL_POST_MATRIX_COMPUTATION.BIN_HD_DATA._BIN_HD_DATA.COMPUTE_SEGMENTATION_METRICS.fork0.join
2025-10-21 23:34:54 [runtime] (split_complete)  ID.F08544.SPATIAL_RNA_COUNTER_CS.SPATIAL_RNA_COUNTER.SPATIAL_POST_MATRIX_COMPUTATION.BIN_HD_DATA._BIN_HD_DATA.PROCESS_SEGMENTATIONS._PROCESS_SEGMENTATIONS.SPATIAL_CELL_RNA_ANALYZER.PREPROCESS_MATRIX
2025-10-21 23:34:54 [runtime] (run:local)       ID.F08544.SPATIAL_RNA_COUNTER_CS.SPATIAL_RNA_COUNTER.SPATIAL_POST_MATRIX_COMPUTATION.BIN_HD_DATA._BIN_HD_DATA.PROCESS_SEGMENTATIONS._PROCESS_SEGMENTATIONS.SPATIAL_CELL_RNA_ANALYZER.PREPROCESS_MATRIX.fork0.join
2025-10-21 23:34:59 [runtime] (chunks_complete) ID.F08544.SPATIAL_RNA_COUNTER_CS.SPATIAL_RNA_COUNTER.SPATIAL_POST_MATRIX_COMPUTATION.BIN_HD_DATA._BIN_HD_DATA.OUTPUT_BARCODE_MAPPINGS
2025-10-21 23:35:09 [runtime] (join_complete)   ID.F08544.SPATIAL_RNA_COUNTER_CS.SPATIAL_RNA_COUNTER.SPATIAL_POST_MATRIX_COMPUTATION.BIN_HD_DATA._BIN_HD_DATA.PROCESS_SEGMENTATIONS._PROCESS_SEGMENTATIONS.SPATIAL_CELL_RNA_ANALYZER.PREPROCESS_MATRIX
2025-10-21 23:35:09 [runtime] (ready)           ID.F08544.SPATIAL_RNA_COUNTER_CS.SPATIAL_RNA_COUNTER.SPATIAL_POST_MATRIX_COMPUTATION.BIN_HD_DATA._BIN_HD_DATA.PROCESS_SEGMENTATIONS._PROCESS_SEGMENTATIONS.SPATIAL_CELL_RNA_ANALYZER._ANTIGEN_ANALYZER.CALL_ANTIBODIES
2025-10-21 23:35:09 [runtime] (ready)           ID.F08544.SPATIAL_RNA_COUNTER_CS.SPATIAL_RNA_COUNTER.SPATIAL_POST_MATRIX_COMPUTATION.BIN_HD_DATA._BIN_HD_DATA.PROCESS_SEGMENTATIONS._PROCESS_SEGMENTATIONS.SPATIAL_CELL_RNA_ANALYZER.RUN_BATCH_CORRECTION_PCA.PCA_PREP
2025-10-21 23:35:09 [runtime] (ready)           ID.F08544.SPATIAL_RNA_COUNTER_CS.SPATIAL_RNA_COUNTER.SPATIAL_POST_MATRIX_COMPUTATION.BIN_HD_DATA._BIN_HD_DATA.PROCESS_SEGMENTATIONS._PROCESS_SEGMENTATIONS.SPATIAL_CELL_RNA_ANALYZER.RUN_MULTIGENOME_ANALYSIS
2025-10-21 23:35:09 [runtime] (ready)           ID.F08544.SPATIAL_RNA_COUNTER_CS.SPATIAL_RNA_COUNTER.SPATIAL_POST_MATRIX_COMPUTATION.BIN_HD_DATA._BIN_HD_DATA.PROCESS_SEGMENTATIONS._PROCESS_SEGMENTATIONS.SPATIAL_CELL_RNA_ANALYZER._ANTIBODY_ANALYZER.SUMMARIZE_ANTIBODY_ANALYSIS
2025-10-21 23:35:09 [runtime] (ready)           ID.F08544.SPATIAL_RNA_COUNTER_CS.SPATIAL_RNA_COUNTER.SPATIAL_POST_MATRIX_COMPUTATION.BIN_HD_DATA._BIN_HD_DATA.PROCESS_SEGMENTATIONS._PROCESS_SEGMENTATIONS.SPATIAL_CELL_RNA_ANALYZER._ANTIGEN_ANALYZER.SUMMARIZE_ANTIBODY_ANALYSIS
2025-10-21 23:35:09 [runtime] (ready)           ID.F08544.SPATIAL_RNA_COUNTER_CS.SPATIAL_RNA_COUNTER.SPATIAL_POST_MATRIX_COMPUTATION.BIN_HD_DATA._BIN_HD_DATA.PROCESS_SEGMENTATIONS._PROCESS_SEGMENTATIONS.SPATIAL_CELL_RNA_ANALYZER._ANTIBODY_ANALYZER.CALL_ANTIBODIES
2025-10-21 23:35:09 [runtime] (ready)           ID.F08544.SPATIAL_RNA_COUNTER_CS.SPATIAL_RNA_COUNTER.SPATIAL_POST_MATRIX_COMPUTATION.BIN_HD_DATA._BIN_HD_DATA.PROCESS_SEGMENTATIONS._PROCESS_SEGMENTATIONS.SPATIAL_CELL_RNA_ANALYZER.RUN_BATCH_CORRECTION_PCA.RUN_PCA2
2025-10-21 23:35:09 [runtime] (ready)           ID.F08544.SPATIAL_RNA_COUNTER_CS.SPATIAL_RNA_COUNTER.SPATIAL_POST_MATRIX_COMPUTATION.BIN_HD_DATA._BIN_HD_DATA.PROCESS_SEGMENTATIONS._PROCESS_SEGMENTATIONS.SPATIAL_CELL_RNA_ANALYZER.RUN_BATCH_CORRECTION_PCA.POST_PCA
2025-10-21 23:35:09 [runtime] (ready)           ID.F08544.SPATIAL_RNA_COUNTER_CS.SPATIAL_RNA_COUNTER.SPATIAL_POST_MATRIX_COMPUTATION.BIN_HD_DATA._BIN_HD_DATA.PROCESS_SEGMENTATIONS._PROCESS_SEGMENTATIONS.SPATIAL_CELL_RNA_ANALYZER.CORRECT_CHEMISTRY_BATCH
2025-10-21 23:35:09 [runtime] (ready)           ID.F08544.SPATIAL_RNA_COUNTER_CS.SPATIAL_RNA_COUNTER.SPATIAL_POST_MATRIX_COMPUTATION.BIN_HD_DATA._BIN_HD_DATA.PROCESS_SEGMENTATIONS._PROCESS_SEGMENTATIONS.SPATIAL_CELL_RNA_ANALYZER.RUN_PCA
2025-10-21 23:35:09 [runtime] (run:local)       ID.F08544.SPATIAL_RNA_COUNTER_CS.SPATIAL_RNA_COUNTER.SPATIAL_POST_MATRIX_COMPUTATION.BIN_HD_DATA._BIN_HD_DATA.PROCESS_SEGMENTATIONS._PROCESS_SEGMENTATIONS.SPATIAL_CELL_RNA_ANALYZER.RUN_PCA.fork0.split
2025-10-21 23:35:09 [runtime] (split_complete)  ID.F08544.SPATIAL_RNA_COUNTER_CS.SPATIAL_RNA_COUNTER.SPATIAL_POST_MATRIX_COMPUTATION.BIN_HD_DATA._BIN_HD_DATA.PROCESS_SEGMENTATIONS._PROCESS_SEGMENTATIONS.SPATIAL_CELL_RNA_ANALYZER.RUN_PCA
2025-10-21 23:35:09 [runtime] (run:local)       ID.F08544.SPATIAL_RNA_COUNTER_CS.SPATIAL_RNA_COUNTER.SPATIAL_POST_MATRIX_COMPUTATION.BIN_HD_DATA._BIN_HD_DATA.PROCESS_SEGMENTATIONS._PROCESS_SEGMENTATIONS.SPATIAL_CELL_RNA_ANALYZER.RUN_PCA.fork0.chnk0.main
2025-10-21 23:35:50 [runtime] (chunks_complete) ID.F08544.SPATIAL_RNA_COUNTER_CS.SPATIAL_RNA_COUNTER.SPATIAL_POST_MATRIX_COMPUTATION.BIN_HD_DATA._BIN_HD_DATA.PROCESS_SEGMENTATIONS._PROCESS_SEGMENTATIONS.SPATIAL_CELL_RNA_ANALYZER.RUN_PCA
2025-10-21 23:35:50 [runtime] (run:local)       ID.F08544.SPATIAL_RNA_COUNTER_CS.SPATIAL_RNA_COUNTER.SPATIAL_POST_MATRIX_COMPUTATION.BIN_HD_DATA._BIN_HD_DATA.PROCESS_SEGMENTATIONS._PROCESS_SEGMENTATIONS.SPATIAL_CELL_RNA_ANALYZER.RUN_PCA.fork0.join
2025-10-21 23:35:51 [runtime] (join_complete)   ID.F08544.SPATIAL_RNA_COUNTER_CS.SPATIAL_RNA_COUNTER.SPATIAL_POST_MATRIX_COMPUTATION.BIN_HD_DATA._BIN_HD_DATA.PROCESS_SEGMENTATIONS._PROCESS_SEGMENTATIONS.SPATIAL_CELL_RNA_ANALYZER.RUN_PCA
2025-10-21 23:35:51 [runtime] (ready)           ID.F08544.SPATIAL_RNA_COUNTER_CS.SPATIAL_RNA_COUNTER.SPATIAL_POST_MATRIX_COMPUTATION.BIN_HD_DATA._BIN_HD_DATA.PROCESS_SEGMENTATIONS._PROCESS_SEGMENTATIONS.SPATIAL_CELL_RNA_ANALYZER.RUN_UMAP
2025-10-21 23:35:51 [runtime] (run:local)       ID.F08544.SPATIAL_RNA_COUNTER_CS.SPATIAL_RNA_COUNTER.SPATIAL_POST_MATRIX_COMPUTATION.BIN_HD_DATA._BIN_HD_DATA.PROCESS_SEGMENTATIONS._PROCESS_SEGMENTATIONS.SPATIAL_CELL_RNA_ANALYZER.RUN_UMAP.fork0.split
2025-10-21 23:35:51 [runtime] (ready)           ID.F08544.SPATIAL_RNA_COUNTER_CS.SPATIAL_RNA_COUNTER.SPATIAL_POST_MATRIX_COMPUTATION.BIN_HD_DATA._BIN_HD_DATA.PROCESS_SEGMENTATIONS._PROCESS_SEGMENTATIONS.SPATIAL_CELL_RNA_ANALYZER.RUN_KMEANS
2025-10-21 23:35:51 [runtime] (run:local)       ID.F08544.SPATIAL_RNA_COUNTER_CS.SPATIAL_RNA_COUNTER.SPATIAL_POST_MATRIX_COMPUTATION.BIN_HD_DATA._BIN_HD_DATA.PROCESS_SEGMENTATIONS._PROCESS_SEGMENTATIONS.SPATIAL_CELL_RNA_ANALYZER.RUN_KMEANS.fork0.split
2025-10-21 23:35:51 [runtime] (ready)           ID.F08544.SPATIAL_RNA_COUNTER_CS.SPATIAL_RNA_COUNTER.SPATIAL_POST_MATRIX_COMPUTATION.BIN_HD_DATA._BIN_HD_DATA.PROCESS_SEGMENTATIONS._PROCESS_SEGMENTATIONS.SPATIAL_CELL_RNA_ANALYZER.RUN_GRAPH_CLUSTERING
2025-10-21 23:35:51 [runtime] (run:local)       ID.F08544.SPATIAL_RNA_COUNTER_CS.SPATIAL_RNA_COUNTER.SPATIAL_POST_MATRIX_COMPUTATION.BIN_HD_DATA._BIN_HD_DATA.PROCESS_SEGMENTATIONS._PROCESS_SEGMENTATIONS.SPATIAL_CELL_RNA_ANALYZER.RUN_GRAPH_CLUSTERING.fork0.split
2025-10-21 23:35:51 [runtime] (ready)           ID.F08544.SPATIAL_RNA_COUNTER_CS.SPATIAL_RNA_COUNTER.SPATIAL_POST_MATRIX_COMPUTATION.BIN_HD_DATA._BIN_HD_DATA.PROCESS_SEGMENTATIONS._PROCESS_SEGMENTATIONS.SPATIAL_CELL_RNA_ANALYZER.RUN_TSNE
2025-10-21 23:35:51 [runtime] (split_complete)  ID.F08544.SPATIAL_RNA_COUNTER_CS.SPATIAL_RNA_COUNTER.SPATIAL_POST_MATRIX_COMPUTATION.BIN_HD_DATA._BIN_HD_DATA.PROCESS_SEGMENTATIONS._PROCESS_SEGMENTATIONS.SPATIAL_CELL_RNA_ANALYZER.RUN_UMAP
2025-10-21 23:35:51 [runtime] (run:local)       ID.F08544.SPATIAL_RNA_COUNTER_CS.SPATIAL_RNA_COUNTER.SPATIAL_POST_MATRIX_COMPUTATION.BIN_HD_DATA._BIN_HD_DATA.PROCESS_SEGMENTATIONS._PROCESS_SEGMENTATIONS.SPATIAL_CELL_RNA_ANALYZER.RUN_UMAP.fork0.chnk0.main
2025-10-21 23:35:51 [runtime] (split_complete)  ID.F08544.SPATIAL_RNA_COUNTER_CS.SPATIAL_RNA_COUNTER.SPATIAL_POST_MATRIX_COMPUTATION.BIN_HD_DATA._BIN_HD_DATA.PROCESS_SEGMENTATIONS._PROCESS_SEGMENTATIONS.SPATIAL_CELL_RNA_ANALYZER.RUN_GRAPH_CLUSTERING
2025-10-21 23:35:51 [runtime] (run:local)       ID.F08544.SPATIAL_RNA_COUNTER_CS.SPATIAL_RNA_COUNTER.SPATIAL_POST_MATRIX_COMPUTATION.BIN_HD_DATA._BIN_HD_DATA.PROCESS_SEGMENTATIONS._PROCESS_SEGMENTATIONS.SPATIAL_CELL_RNA_ANALYZER.RUN_GRAPH_CLUSTERING.fork0.chnk0.main
2025-10-21 23:35:55 [runtime] (split_complete)  ID.F08544.SPATIAL_RNA_COUNTER_CS.SPATIAL_RNA_COUNTER.SPATIAL_POST_MATRIX_COMPUTATION.BIN_HD_DATA._BIN_HD_DATA.PROCESS_SEGMENTATIONS._PROCESS_SEGMENTATIONS.SPATIAL_CELL_RNA_ANALYZER.RUN_KMEANS
2025-10-21 23:35:55 [runtime] (run:local)       ID.F08544.SPATIAL_RNA_COUNTER_CS.SPATIAL_RNA_COUNTER.SPATIAL_POST_MATRIX_COMPUTATION.BIN_HD_DATA._BIN_HD_DATA.PROCESS_SEGMENTATIONS._PROCESS_SEGMENTATIONS.SPATIAL_CELL_RNA_ANALYZER.RUN_KMEANS.fork0.chnk0.main
2025-10-21 23:35:55 [runtime] (run:local)       ID.F08544.SPATIAL_RNA_COUNTER_CS.SPATIAL_RNA_COUNTER.SPATIAL_POST_MATRIX_COMPUTATION.BIN_HD_DATA._BIN_HD_DATA.PROCESS_SEGMENTATIONS._PROCESS_SEGMENTATIONS.SPATIAL_CELL_RNA_ANALYZER.RUN_KMEANS.fork0.chnk1.main
2025-10-21 23:35:55 [runtime] (run:local)       ID.F08544.SPATIAL_RNA_COUNTER_CS.SPATIAL_RNA_COUNTER.SPATIAL_POST_MATRIX_COMPUTATION.BIN_HD_DATA._BIN_HD_DATA.PROCESS_SEGMENTATIONS._PROCESS_SEGMENTATIONS.SPATIAL_CELL_RNA_ANALYZER.RUN_KMEANS.fork0.chnk2.main
2025-10-21 23:35:55 [runtime] (run:local)       ID.F08544.SPATIAL_RNA_COUNTER_CS.SPATIAL_RNA_COUNTER.SPATIAL_POST_MATRIX_COMPUTATION.BIN_HD_DATA._BIN_HD_DATA.PROCESS_SEGMENTATIONS._PROCESS_SEGMENTATIONS.SPATIAL_CELL_RNA_ANALYZER.RUN_KMEANS.fork0.chnk3.main
2025-10-21 23:35:55 [runtime] (run:local)       ID.F08544.SPATIAL_RNA_COUNTER_CS.SPATIAL_RNA_COUNTER.SPATIAL_POST_MATRIX_COMPUTATION.BIN_HD_DATA._BIN_HD_DATA.PROCESS_SEGMENTATIONS._PROCESS_SEGMENTATIONS.SPATIAL_CELL_RNA_ANALYZER.RUN_KMEANS.fork0.chnk4.main
2025-10-21 23:35:55 [runtime] (run:local)       ID.F08544.SPATIAL_RNA_COUNTER_CS.SPATIAL_RNA_COUNTER.SPATIAL_POST_MATRIX_COMPUTATION.BIN_HD_DATA._BIN_HD_DATA.PROCESS_SEGMENTATIONS._PROCESS_SEGMENTATIONS.SPATIAL_CELL_RNA_ANALYZER.RUN_KMEANS.fork0.chnk5.main
2025-10-21 23:35:55 [runtime] (run:local)       ID.F08544.SPATIAL_RNA_COUNTER_CS.SPATIAL_RNA_COUNTER.SPATIAL_POST_MATRIX_COMPUTATION.BIN_HD_DATA._BIN_HD_DATA.PROCESS_SEGMENTATIONS._PROCESS_SEGMENTATIONS.SPATIAL_CELL_RNA_ANALYZER.RUN_KMEANS.fork0.chnk6.main
2025-10-21 23:35:55 [runtime] (run:local)       ID.F08544.SPATIAL_RNA_COUNTER_CS.SPATIAL_RNA_COUNTER.SPATIAL_POST_MATRIX_COMPUTATION.BIN_HD_DATA._BIN_HD_DATA.PROCESS_SEGMENTATIONS._PROCESS_SEGMENTATIONS.SPATIAL_CELL_RNA_ANALYZER.RUN_KMEANS.fork0.chnk7.main
2025-10-21 23:35:55 [runtime] (run:local)       ID.F08544.SPATIAL_RNA_COUNTER_CS.SPATIAL_RNA_COUNTER.SPATIAL_POST_MATRIX_COMPUTATION.BIN_HD_DATA._BIN_HD_DATA.PROCESS_SEGMENTATIONS._PROCESS_SEGMENTATIONS.SPATIAL_CELL_RNA_ANALYZER.RUN_KMEANS.fork0.chnk8.main
2025-10-21 23:36:53 [runtime] (join_complete)   ID.F08544.SPATIAL_RNA_COUNTER_CS.SPATIAL_RNA_COUNTER.SPATIAL_POST_MATRIX_COMPUTATION.BIN_HD_DATA._BIN_HD_DATA.COMPUTE_SEGMENTATION_METRICS
2025-10-21 23:36:53 [runtime] (ready)           ID.F08544.SPATIAL_RNA_COUNTER_CS.SPATIAL_RNA_COUNTER.SPATIAL_POST_MATRIX_COMPUTATION.MERGE_METRICS
2025-10-21 23:36:53 [runtime] (run:local)       ID.F08544.SPATIAL_RNA_COUNTER_CS.SPATIAL_RNA_COUNTER.SPATIAL_POST_MATRIX_COMPUTATION.MERGE_METRICS.fork0.chnk0.main
2025-10-21 23:39:07 [runtime] (chunks_complete) ID.F08544.SPATIAL_RNA_COUNTER_CS.SPATIAL_RNA_COUNTER.SPATIAL_POST_MATRIX_COMPUTATION.BIN_HD_DATA._BIN_HD_DATA.PROCESS_SEGMENTATIONS._PROCESS_SEGMENTATIONS.SPATIAL_CELL_RNA_ANALYZER.RUN_UMAP
2025-10-21 23:39:07 [runtime] (run:local)       ID.F08544.SPATIAL_RNA_COUNTER_CS.SPATIAL_RNA_COUNTER.SPATIAL_POST_MATRIX_COMPUTATION.BIN_HD_DATA._BIN_HD_DATA.PROCESS_SEGMENTATIONS._PROCESS_SEGMENTATIONS.SPATIAL_CELL_RNA_ANALYZER.RUN_UMAP.fork0.join
2025-10-21 23:39:16 [runtime] (join_complete)   ID.F08544.SPATIAL_RNA_COUNTER_CS.SPATIAL_RNA_COUNTER.SPATIAL_POST_MATRIX_COMPUTATION.BIN_HD_DATA._BIN_HD_DATA.PROCESS_SEGMENTATIONS._PROCESS_SEGMENTATIONS.SPATIAL_CELL_RNA_ANALYZER.RUN_UMAP
2025-10-21 23:39:16 [runtime] (chunks_complete) ID.F08544.SPATIAL_RNA_COUNTER_CS.SPATIAL_RNA_COUNTER.SPATIAL_POST_MATRIX_COMPUTATION.MERGE_METRICS
2025-10-21 23:39:16 [runtime] (ready)           ID.F08544.SPATIAL_RNA_COUNTER_CS.SPATIAL_RNA_COUNTER.SPATIAL_POST_MATRIX_COMPUTATION.SPATIAL_REPORTER
2025-10-21 23:39:16 [runtime] (run:local)       ID.F08544.SPATIAL_RNA_COUNTER_CS.SPATIAL_RNA_COUNTER.SPATIAL_POST_MATRIX_COMPUTATION.SPATIAL_REPORTER.fork0.split
2025-10-21 23:39:18 [runtime] (chunks_complete) ID.F08544.SPATIAL_RNA_COUNTER_CS.SPATIAL_RNA_COUNTER.SPATIAL_POST_MATRIX_COMPUTATION.BIN_HD_DATA._BIN_HD_DATA.PROCESS_SEGMENTATIONS._PROCESS_SEGMENTATIONS.SPATIAL_CELL_RNA_ANALYZER.RUN_KMEANS
2025-10-21 23:39:18 [runtime] (run:local)       ID.F08544.SPATIAL_RNA_COUNTER_CS.SPATIAL_RNA_COUNTER.SPATIAL_POST_MATRIX_COMPUTATION.BIN_HD_DATA._BIN_HD_DATA.PROCESS_SEGMENTATIONS._PROCESS_SEGMENTATIONS.SPATIAL_CELL_RNA_ANALYZER.RUN_KMEANS.fork0.join
2025-10-21 23:39:20 [runtime] (split_complete)  ID.F08544.SPATIAL_RNA_COUNTER_CS.SPATIAL_RNA_COUNTER.SPATIAL_POST_MATRIX_COMPUTATION.SPATIAL_REPORTER
2025-10-21 23:39:20 [runtime] (run:local)       ID.F08544.SPATIAL_RNA_COUNTER_CS.SPATIAL_RNA_COUNTER.SPATIAL_POST_MATRIX_COMPUTATION.SPATIAL_REPORTER.fork0.join
2025-10-21 23:39:21 [runtime] (join_complete)   ID.F08544.SPATIAL_RNA_COUNTER_CS.SPATIAL_RNA_COUNTER.SPATIAL_POST_MATRIX_COMPUTATION.BIN_HD_DATA._BIN_HD_DATA.PROCESS_SEGMENTATIONS._PROCESS_SEGMENTATIONS.SPATIAL_CELL_RNA_ANALYZER.RUN_KMEANS
2025-10-21 23:39:36 [runtime] (join_complete)   ID.F08544.SPATIAL_RNA_COUNTER_CS.SPATIAL_RNA_COUNTER.SPATIAL_POST_MATRIX_COMPUTATION.SPATIAL_REPORTER
2025-10-21 23:39:37 [runtime] (ready)           ID.F08544.SPATIAL_RNA_COUNTER_CS.CLOUPE_PREPROCESS
2025-10-21 23:39:37 [runtime] (run:local)       ID.F08544.SPATIAL_RNA_COUNTER_CS.CLOUPE_PREPROCESS.fork0.split
2025-10-21 23:39:38 [runtime] (split_complete)  ID.F08544.SPATIAL_RNA_COUNTER_CS.CLOUPE_PREPROCESS
2025-10-21 23:39:38 [runtime] (run:local)       ID.F08544.SPATIAL_RNA_COUNTER_CS.CLOUPE_PREPROCESS.fork0.join
2025-10-21 23:39:40 [runtime] (join_complete)   ID.F08544.SPATIAL_RNA_COUNTER_CS.CLOUPE_PREPROCESS
2025-10-21 23:40:25 [runtime] (chunks_complete) ID.F08544.SPATIAL_RNA_COUNTER_CS.SPATIAL_RNA_COUNTER.SPATIAL_POST_MATRIX_COMPUTATION.BIN_HD_DATA._BIN_HD_DATA.PROCESS_SEGMENTATIONS._PROCESS_SEGMENTATIONS.SPATIAL_CELL_RNA_ANALYZER.RUN_GRAPH_CLUSTERING
2025-10-21 23:40:25 [runtime] (run:local)       ID.F08544.SPATIAL_RNA_COUNTER_CS.SPATIAL_RNA_COUNTER.SPATIAL_POST_MATRIX_COMPUTATION.BIN_HD_DATA._BIN_HD_DATA.PROCESS_SEGMENTATIONS._PROCESS_SEGMENTATIONS.SPATIAL_CELL_RNA_ANALYZER.RUN_GRAPH_CLUSTERING.fork0.join
2025-10-21 23:40:25 [runtime] (join_complete)   ID.F08544.SPATIAL_RNA_COUNTER_CS.SPATIAL_RNA_COUNTER.SPATIAL_POST_MATRIX_COMPUTATION.BIN_HD_DATA._BIN_HD_DATA.PROCESS_SEGMENTATIONS._PROCESS_SEGMENTATIONS.SPATIAL_CELL_RNA_ANALYZER.RUN_GRAPH_CLUSTERING
2025-10-21 23:40:25 [runtime] (ready)           ID.F08544.SPATIAL_RNA_COUNTER_CS.SPATIAL_RNA_COUNTER.SPATIAL_POST_MATRIX_COMPUTATION.BIN_HD_DATA._BIN_HD_DATA.PROCESS_SEGMENTATIONS._PROCESS_SEGMENTATIONS.SPATIAL_CELL_RNA_ANALYZER.RUN_HIERARCHICAL_CLUSTERING
2025-10-21 23:40:25 [runtime] (ready)           ID.F08544.SPATIAL_RNA_COUNTER_CS.SPATIAL_RNA_COUNTER.SPATIAL_POST_MATRIX_COMPUTATION.BIN_HD_DATA._BIN_HD_DATA.PROCESS_SEGMENTATIONS._PROCESS_SEGMENTATIONS.SPATIAL_CELL_RNA_ANALYZER.COMBINE_CLUSTERING
2025-10-21 23:40:25 [runtime] (run:local)       ID.F08544.SPATIAL_RNA_COUNTER_CS.SPATIAL_RNA_COUNTER.SPATIAL_POST_MATRIX_COMPUTATION.BIN_HD_DATA._BIN_HD_DATA.PROCESS_SEGMENTATIONS._PROCESS_SEGMENTATIONS.SPATIAL_CELL_RNA_ANALYZER.COMBINE_CLUSTERING.fork0.chnk0.main
2025-10-21 23:40:37 [runtime] (chunks_complete) ID.F08544.SPATIAL_RNA_COUNTER_CS.SPATIAL_RNA_COUNTER.SPATIAL_POST_MATRIX_COMPUTATION.BIN_HD_DATA._BIN_HD_DATA.PROCESS_SEGMENTATIONS._PROCESS_SEGMENTATIONS.SPATIAL_CELL_RNA_ANALYZER.COMBINE_CLUSTERING
2025-10-21 23:40:37 [runtime] (ready)           ID.F08544.SPATIAL_RNA_COUNTER_CS.SPATIAL_RNA_COUNTER.SPATIAL_POST_MATRIX_COMPUTATION.BIN_HD_DATA._BIN_HD_DATA.PROCESS_SEGMENTATIONS._PROCESS_SEGMENTATIONS.SPATIAL_CELL_RNA_ANALYZER.RUN_DIFFERENTIAL_EXPRESSION
2025-10-21 23:40:37 [runtime] (run:local)       ID.F08544.SPATIAL_RNA_COUNTER_CS.SPATIAL_RNA_COUNTER.SPATIAL_POST_MATRIX_COMPUTATION.BIN_HD_DATA._BIN_HD_DATA.PROCESS_SEGMENTATIONS._PROCESS_SEGMENTATIONS.SPATIAL_CELL_RNA_ANALYZER.RUN_DIFFERENTIAL_EXPRESSION.fork0.split
2025-10-21 23:40:37 [runtime] (split_complete)  ID.F08544.SPATIAL_RNA_COUNTER_CS.SPATIAL_RNA_COUNTER.SPATIAL_POST_MATRIX_COMPUTATION.BIN_HD_DATA._BIN_HD_DATA.PROCESS_SEGMENTATIONS._PROCESS_SEGMENTATIONS.SPATIAL_CELL_RNA_ANALYZER.RUN_DIFFERENTIAL_EXPRESSION
2025-10-21 23:40:37 [runtime] (run:local)       ID.F08544.SPATIAL_RNA_COUNTER_CS.SPATIAL_RNA_COUNTER.SPATIAL_POST_MATRIX_COMPUTATION.BIN_HD_DATA._BIN_HD_DATA.PROCESS_SEGMENTATIONS._PROCESS_SEGMENTATIONS.SPATIAL_CELL_RNA_ANALYZER.RUN_DIFFERENTIAL_EXPRESSION.fork0.chnk0.main
2025-10-21 23:40:37 [runtime] (run:local)       ID.F08544.SPATIAL_RNA_COUNTER_CS.SPATIAL_RNA_COUNTER.SPATIAL_POST_MATRIX_COMPUTATION.BIN_HD_DATA._BIN_HD_DATA.PROCESS_SEGMENTATIONS._PROCESS_SEGMENTATIONS.SPATIAL_CELL_RNA_ANALYZER.RUN_DIFFERENTIAL_EXPRESSION.fork0.chnk1.main
2025-10-21 23:40:37 [runtime] (run:local)       ID.F08544.SPATIAL_RNA_COUNTER_CS.SPATIAL_RNA_COUNTER.SPATIAL_POST_MATRIX_COMPUTATION.BIN_HD_DATA._BIN_HD_DATA.PROCESS_SEGMENTATIONS._PROCESS_SEGMENTATIONS.SPATIAL_CELL_RNA_ANALYZER.RUN_DIFFERENTIAL_EXPRESSION.fork0.chnk2.main
2025-10-21 23:40:37 [runtime] (run:local)       ID.F08544.SPATIAL_RNA_COUNTER_CS.SPATIAL_RNA_COUNTER.SPATIAL_POST_MATRIX_COMPUTATION.BIN_HD_DATA._BIN_HD_DATA.PROCESS_SEGMENTATIONS._PROCESS_SEGMENTATIONS.SPATIAL_CELL_RNA_ANALYZER.RUN_DIFFERENTIAL_EXPRESSION.fork0.chnk3.main
2025-10-21 23:40:37 [runtime] (run:local)       ID.F08544.SPATIAL_RNA_COUNTER_CS.SPATIAL_RNA_COUNTER.SPATIAL_POST_MATRIX_COMPUTATION.BIN_HD_DATA._BIN_HD_DATA.PROCESS_SEGMENTATIONS._PROCESS_SEGMENTATIONS.SPATIAL_CELL_RNA_ANALYZER.RUN_DIFFERENTIAL_EXPRESSION.fork0.chnk4.main
2025-10-21 23:40:37 [runtime] (run:local)       ID.F08544.SPATIAL_RNA_COUNTER_CS.SPATIAL_RNA_COUNTER.SPATIAL_POST_MATRIX_COMPUTATION.BIN_HD_DATA._BIN_HD_DATA.PROCESS_SEGMENTATIONS._PROCESS_SEGMENTATIONS.SPATIAL_CELL_RNA_ANALYZER.RUN_DIFFERENTIAL_EXPRESSION.fork0.chnk5.main
2025-10-21 23:40:37 [runtime] (run:local)       ID.F08544.SPATIAL_RNA_COUNTER_CS.SPATIAL_RNA_COUNTER.SPATIAL_POST_MATRIX_COMPUTATION.BIN_HD_DATA._BIN_HD_DATA.PROCESS_SEGMENTATIONS._PROCESS_SEGMENTATIONS.SPATIAL_CELL_RNA_ANALYZER.RUN_DIFFERENTIAL_EXPRESSION.fork0.chnk6.main
2025-10-21 23:40:37 [runtime] (run:local)       ID.F08544.SPATIAL_RNA_COUNTER_CS.SPATIAL_RNA_COUNTER.SPATIAL_POST_MATRIX_COMPUTATION.BIN_HD_DATA._BIN_HD_DATA.PROCESS_SEGMENTATIONS._PROCESS_SEGMENTATIONS.SPATIAL_CELL_RNA_ANALYZER.RUN_DIFFERENTIAL_EXPRESSION.fork0.chnk7.main
2025-10-21 23:40:37 [runtime] (run:local)       ID.F08544.SPATIAL_RNA_COUNTER_CS.SPATIAL_RNA_COUNTER.SPATIAL_POST_MATRIX_COMPUTATION.BIN_HD_DATA._BIN_HD_DATA.PROCESS_SEGMENTATIONS._PROCESS_SEGMENTATIONS.SPATIAL_CELL_RNA_ANALYZER.RUN_DIFFERENTIAL_EXPRESSION.fork0.chnk8.main
2025-10-21 23:43:20 [runtime] (chunks_complete) ID.F08544.SPATIAL_RNA_COUNTER_CS.SPATIAL_RNA_COUNTER.SPATIAL_POST_MATRIX_COMPUTATION.BIN_HD_DATA._BIN_HD_DATA.PROCESS_SEGMENTATIONS._PROCESS_SEGMENTATIONS.SPATIAL_CELL_RNA_ANALYZER.RUN_DIFFERENTIAL_EXPRESSION
2025-10-21 23:43:20 [runtime] (run:local)       ID.F08544.SPATIAL_RNA_COUNTER_CS.SPATIAL_RNA_COUNTER.SPATIAL_POST_MATRIX_COMPUTATION.BIN_HD_DATA._BIN_HD_DATA.PROCESS_SEGMENTATIONS._PROCESS_SEGMENTATIONS.SPATIAL_CELL_RNA_ANALYZER.RUN_DIFFERENTIAL_EXPRESSION.fork0.join
2025-10-21 23:43:23 [runtime] (join_complete)   ID.F08544.SPATIAL_RNA_COUNTER_CS.SPATIAL_RNA_COUNTER.SPATIAL_POST_MATRIX_COMPUTATION.BIN_HD_DATA._BIN_HD_DATA.PROCESS_SEGMENTATIONS._PROCESS_SEGMENTATIONS.SPATIAL_CELL_RNA_ANALYZER.RUN_DIFFERENTIAL_EXPRESSION
2025-10-21 23:43:23 [runtime] (ready)           ID.F08544.SPATIAL_RNA_COUNTER_CS.SPATIAL_RNA_COUNTER.SPATIAL_POST_MATRIX_COMPUTATION.BIN_HD_DATA._BIN_HD_DATA.PROCESS_SEGMENTATIONS._PROCESS_SEGMENTATIONS.SPATIAL_CELL_RNA_ANALYZER.SUMMARIZE_ANALYSIS
2025-10-21 23:43:23 [runtime] (run:local)       ID.F08544.SPATIAL_RNA_COUNTER_CS.SPATIAL_RNA_COUNTER.SPATIAL_POST_MATRIX_COMPUTATION.BIN_HD_DATA._BIN_HD_DATA.PROCESS_SEGMENTATIONS._PROCESS_SEGMENTATIONS.SPATIAL_CELL_RNA_ANALYZER.SUMMARIZE_ANALYSIS.fork0.split
2025-10-21 23:43:25 [runtime] (split_complete)  ID.F08544.SPATIAL_RNA_COUNTER_CS.SPATIAL_RNA_COUNTER.SPATIAL_POST_MATRIX_COMPUTATION.BIN_HD_DATA._BIN_HD_DATA.PROCESS_SEGMENTATIONS._PROCESS_SEGMENTATIONS.SPATIAL_CELL_RNA_ANALYZER.SUMMARIZE_ANALYSIS
2025-10-21 23:43:25 [runtime] (run:local)       ID.F08544.SPATIAL_RNA_COUNTER_CS.SPATIAL_RNA_COUNTER.SPATIAL_POST_MATRIX_COMPUTATION.BIN_HD_DATA._BIN_HD_DATA.PROCESS_SEGMENTATIONS._PROCESS_SEGMENTATIONS.SPATIAL_CELL_RNA_ANALYZER.SUMMARIZE_ANALYSIS.fork0.chnk0.main
2025-10-21 23:43:27 [runtime] (chunks_complete) ID.F08544.SPATIAL_RNA_COUNTER_CS.SPATIAL_RNA_COUNTER.SPATIAL_POST_MATRIX_COMPUTATION.BIN_HD_DATA._BIN_HD_DATA.PROCESS_SEGMENTATIONS._PROCESS_SEGMENTATIONS.SPATIAL_CELL_RNA_ANALYZER.SUMMARIZE_ANALYSIS
2025-10-21 23:43:27 [runtime] (run:local)       ID.F08544.SPATIAL_RNA_COUNTER_CS.SPATIAL_RNA_COUNTER.SPATIAL_POST_MATRIX_COMPUTATION.BIN_HD_DATA._BIN_HD_DATA.PROCESS_SEGMENTATIONS._PROCESS_SEGMENTATIONS.SPATIAL_CELL_RNA_ANALYZER.SUMMARIZE_ANALYSIS.fork0.join
2025-10-21 23:43:28 [runtime] (join_complete)   ID.F08544.SPATIAL_RNA_COUNTER_CS.SPATIAL_RNA_COUNTER.SPATIAL_POST_MATRIX_COMPUTATION.BIN_HD_DATA._BIN_HD_DATA.PROCESS_SEGMENTATIONS._PROCESS_SEGMENTATIONS.SPATIAL_CELL_RNA_ANALYZER.SUMMARIZE_ANALYSIS
2025-10-21 23:43:28 [runtime] (ready)           ID.F08544.SPATIAL_RNA_COUNTER_CS.SPATIAL_RNA_COUNTER.SPATIAL_POST_MATRIX_COMPUTATION.BIN_HD_DATA._BIN_HD_DATA.GET_SEGMENTED_DIFFEXP_JSON
2025-10-21 23:43:28 [runtime] (run:local)       ID.F08544.SPATIAL_RNA_COUNTER_CS.SPATIAL_RNA_COUNTER.SPATIAL_POST_MATRIX_COMPUTATION.BIN_HD_DATA._BIN_HD_DATA.GET_SEGMENTED_DIFFEXP_JSON.fork0.chnk0.main
2025-10-21 23:43:28 [runtime] (ready)           ID.F08544.SPATIAL_RNA_COUNTER_CS.SPATIAL_RNA_COUNTER.SPATIAL_POST_MATRIX_COMPUTATION.HD_WEBSUMMARY_BUILDER.SEGMENTATION_ANALYSIS_PLOTS
2025-10-21 23:43:28 [runtime] (run:local)       ID.F08544.SPATIAL_RNA_COUNTER_CS.SPATIAL_RNA_COUNTER.SPATIAL_POST_MATRIX_COMPUTATION.HD_WEBSUMMARY_BUILDER.SEGMENTATION_ANALYSIS_PLOTS.fork0.split
2025-10-21 23:43:29 [runtime] (ready)           ID.F08544.SPATIAL_RNA_COUNTER_CS.SPATIAL_RNA_COUNTER.SPATIAL_POST_MATRIX_COMPUTATION.BIN_HD_DATA._BIN_HD_DATA.PROCESS_SEGMENTATIONS._PROCESS_SEGMENTATIONS.ANNOTATE_BOUNDS_EXPANDED_GEOJSON
2025-10-21 23:43:29 [runtime] (run:local)       ID.F08544.SPATIAL_RNA_COUNTER_CS.SPATIAL_RNA_COUNTER.SPATIAL_POST_MATRIX_COMPUTATION.BIN_HD_DATA._BIN_HD_DATA.PROCESS_SEGMENTATIONS._PROCESS_SEGMENTATIONS.ANNOTATE_BOUNDS_EXPANDED_GEOJSON.fork0.split
2025-10-21 23:43:29 [runtime] (ready)           ID.F08544.SPATIAL_RNA_COUNTER_CS.SPATIAL_RNA_COUNTER.SPATIAL_POST_MATRIX_COMPUTATION.BIN_HD_DATA._BIN_HD_DATA.PROCESS_SEGMENTATIONS.CELLSEG_CLOUPE_PREPROCESS
2025-10-21 23:43:29 [runtime] (run:local)       ID.F08544.SPATIAL_RNA_COUNTER_CS.SPATIAL_RNA_COUNTER.SPATIAL_POST_MATRIX_COMPUTATION.BIN_HD_DATA._BIN_HD_DATA.PROCESS_SEGMENTATIONS.CELLSEG_CLOUPE_PREPROCESS.fork0.split
2025-10-21 23:43:29 [runtime] (ready)           ID.F08544.SPATIAL_RNA_COUNTER_CS.SPATIAL_RNA_COUNTER.SPATIAL_POST_MATRIX_COMPUTATION.HD_WEBSUMMARY_BUILDER.SEGMENTATION_SPATIAL_PLOTS
2025-10-21 23:43:29 [runtime] (run:local)       ID.F08544.SPATIAL_RNA_COUNTER_CS.SPATIAL_RNA_COUNTER.SPATIAL_POST_MATRIX_COMPUTATION.HD_WEBSUMMARY_BUILDER.SEGMENTATION_SPATIAL_PLOTS.fork0.chnk0.main
2025-10-21 23:43:29 [runtime] (ready)           ID.F08544.SPATIAL_RNA_COUNTER_CS.SPATIAL_RNA_COUNTER.SPATIAL_POST_MATRIX_COMPUTATION.BIN_HD_DATA._BIN_HD_DATA.PROCESS_SEGMENTATIONS._PROCESS_SEGMENTATIONS.ANNOTATE_RAW_GEOJSON
2025-10-21 23:43:29 [runtime] (run:local)       ID.F08544.SPATIAL_RNA_COUNTER_CS.SPATIAL_RNA_COUNTER.SPATIAL_POST_MATRIX_COMPUTATION.BIN_HD_DATA._BIN_HD_DATA.PROCESS_SEGMENTATIONS._PROCESS_SEGMENTATIONS.ANNOTATE_RAW_GEOJSON.fork0.split
2025-10-21 23:43:29 [runtime] (split_complete)  ID.F08544.SPATIAL_RNA_COUNTER_CS.SPATIAL_RNA_COUNTER.SPATIAL_POST_MATRIX_COMPUTATION.BIN_HD_DATA._BIN_HD_DATA.PROCESS_SEGMENTATIONS._PROCESS_SEGMENTATIONS.ANNOTATE_BOUNDS_EXPANDED_GEOJSON
2025-10-21 23:43:29 [runtime] (run:local)       ID.F08544.SPATIAL_RNA_COUNTER_CS.SPATIAL_RNA_COUNTER.SPATIAL_POST_MATRIX_COMPUTATION.BIN_HD_DATA._BIN_HD_DATA.PROCESS_SEGMENTATIONS._PROCESS_SEGMENTATIONS.ANNOTATE_BOUNDS_EXPANDED_GEOJSON.fork0.join
2025-10-21 23:43:29 [runtime] (split_complete)  ID.F08544.SPATIAL_RNA_COUNTER_CS.SPATIAL_RNA_COUNTER.SPATIAL_POST_MATRIX_COMPUTATION.BIN_HD_DATA._BIN_HD_DATA.PROCESS_SEGMENTATIONS._PROCESS_SEGMENTATIONS.ANNOTATE_RAW_GEOJSON
2025-10-21 23:43:29 [runtime] (run:local)       ID.F08544.SPATIAL_RNA_COUNTER_CS.SPATIAL_RNA_COUNTER.SPATIAL_POST_MATRIX_COMPUTATION.BIN_HD_DATA._BIN_HD_DATA.PROCESS_SEGMENTATIONS._PROCESS_SEGMENTATIONS.ANNOTATE_RAW_GEOJSON.fork0.join
2025-10-21 23:43:30 [runtime] (split_complete)  ID.F08544.SPATIAL_RNA_COUNTER_CS.SPATIAL_RNA_COUNTER.SPATIAL_POST_MATRIX_COMPUTATION.BIN_HD_DATA._BIN_HD_DATA.PROCESS_SEGMENTATIONS.CELLSEG_CLOUPE_PREPROCESS
2025-10-21 23:43:30 [runtime] (run:local)       ID.F08544.SPATIAL_RNA_COUNTER_CS.SPATIAL_RNA_COUNTER.SPATIAL_POST_MATRIX_COMPUTATION.BIN_HD_DATA._BIN_HD_DATA.PROCESS_SEGMENTATIONS.CELLSEG_CLOUPE_PREPROCESS.fork0.join
2025-10-21 23:43:31 [runtime] (chunks_complete) ID.F08544.SPATIAL_RNA_COUNTER_CS.SPATIAL_RNA_COUNTER.SPATIAL_POST_MATRIX_COMPUTATION.BIN_HD_DATA._BIN_HD_DATA.GET_SEGMENTED_DIFFEXP_JSON
2025-10-21 23:43:33 [runtime] (split_complete)  ID.F08544.SPATIAL_RNA_COUNTER_CS.SPATIAL_RNA_COUNTER.SPATIAL_POST_MATRIX_COMPUTATION.HD_WEBSUMMARY_BUILDER.SEGMENTATION_ANALYSIS_PLOTS
2025-10-21 23:43:33 [runtime] (run:local)       ID.F08544.SPATIAL_RNA_COUNTER_CS.SPATIAL_RNA_COUNTER.SPATIAL_POST_MATRIX_COMPUTATION.HD_WEBSUMMARY_BUILDER.SEGMENTATION_ANALYSIS_PLOTS.fork0.join
2025-10-21 23:43:39 [runtime] (join_complete)   ID.F08544.SPATIAL_RNA_COUNTER_CS.SPATIAL_RNA_COUNTER.SPATIAL_POST_MATRIX_COMPUTATION.BIN_HD_DATA._BIN_HD_DATA.PROCESS_SEGMENTATIONS._PROCESS_SEGMENTATIONS.ANNOTATE_RAW_GEOJSON
2025-10-21 23:43:45 [runtime] (join_complete)   ID.F08544.SPATIAL_RNA_COUNTER_CS.SPATIAL_RNA_COUNTER.SPATIAL_POST_MATRIX_COMPUTATION.HD_WEBSUMMARY_BUILDER.SEGMENTATION_ANALYSIS_PLOTS
2025-10-21 23:43:46 [runtime] (join_complete)   ID.F08544.SPATIAL_RNA_COUNTER_CS.SPATIAL_RNA_COUNTER.SPATIAL_POST_MATRIX_COMPUTATION.BIN_HD_DATA._BIN_HD_DATA.PROCESS_SEGMENTATIONS._PROCESS_SEGMENTATIONS.ANNOTATE_BOUNDS_EXPANDED_GEOJSON
2025-10-21 23:43:57 [runtime] (chunks_complete) ID.F08544.SPATIAL_RNA_COUNTER_CS.SPATIAL_RNA_COUNTER.SPATIAL_POST_MATRIX_COMPUTATION.HD_WEBSUMMARY_BUILDER.SEGMENTATION_SPATIAL_PLOTS
2025-10-21 23:43:57 [runtime] (ready)           ID.F08544.SPATIAL_RNA_COUNTER_CS.SPATIAL_RNA_COUNTER.SPATIAL_POST_MATRIX_COMPUTATION.HD_WEBSUMMARY_BUILDER.GENERATE_HD_WEBSUMMARY_CS
2025-10-21 23:43:57 [runtime] (run:local)       ID.F08544.SPATIAL_RNA_COUNTER_CS.SPATIAL_RNA_COUNTER.SPATIAL_POST_MATRIX_COMPUTATION.HD_WEBSUMMARY_BUILDER.GENERATE_HD_WEBSUMMARY_CS.fork0.chnk0.main
2025-10-21 23:43:58 [runtime] (chunks_complete) ID.F08544.SPATIAL_RNA_COUNTER_CS.SPATIAL_RNA_COUNTER.SPATIAL_POST_MATRIX_COMPUTATION.HD_WEBSUMMARY_BUILDER.GENERATE_HD_WEBSUMMARY_CS
2025-10-21 23:43:58 [runtime] (ready)           ID.F08544.SPATIAL_RNA_COUNTER_CS.PICK_SPATIAL_COUNTER_OUTS
2025-10-21 23:43:58 [runtime] (run:local)       ID.F08544.SPATIAL_RNA_COUNTER_CS.PICK_SPATIAL_COUNTER_OUTS.fork0.chnk0.main
2025-10-21 23:43:58 [runtime] (chunks_complete) ID.F08544.SPATIAL_RNA_COUNTER_CS.PICK_SPATIAL_COUNTER_OUTS
2025-10-21 23:44:20 [runtime] (join_complete)   ID.F08544.SPATIAL_RNA_COUNTER_CS.SPATIAL_RNA_COUNTER.SPATIAL_POST_MATRIX_COMPUTATION.BIN_HD_DATA._BIN_HD_DATA.PROCESS_SEGMENTATIONS.CELLSEG_CLOUPE_PREPROCESS

Outputs:
- Run summary HTML:                                                         /home/janzules/spatial/second_run_output/human/F08544/outs/web_summary.html
- Outputs of spatial pipeline:
    Slide image annotated with fiducial alignment:                             /home/janzules/spatial/second_run_output/human/F08544/outs/spatial/aligned_fiducials.jpg
    Slide image annotated with detected tissue:                                /home/janzules/spatial/second_run_output/human/F08544/outs/spatial/detected_tissue_image.jpg
    Scale factors for hires and lowres images and fiducial and spot diameters: null
    Transform learned in tissue registration:                                  null
    Slide image scaled to 2000px in the largest dimension:                     /home/janzules/spatial/second_run_output/human/F08544/outs/spatial/tissue_hires_image.png
    Slide image scaled to 600px in the largest dimension:                      /home/janzules/spatial/second_run_output/human/F08544/outs/spatial/tissue_lowres_image.png
    RGB brightfield image generated by CytAssist instrument:                   /home/janzules/spatial/second_run_output/human/F08544/outs/spatial/cytassist_image.tiff
    Registration image between CytAssist image and microscope image:           /home/janzules/spatial/second_run_output/human/F08544/outs/spatial/aligned_tissue_image.jpg
    Slide position and tissue status of barcodes CSV:                          null
    Slide position and tissue status of barcodes PARQUET:                      null
    Per feature Moran's I CSV:                                                 null
    Fluorescence intensity at spot CSV:                                        null
- Run summary CSV:                                                          /home/janzules/spatial/second_run_output/human/F08544/outs/metrics_summary.csv
- BAM:                                                                      null
- BAM BAI index:                                                            null
- BAM CSI index:                                                            null
- Filtered feature-barcode matrices MEX:                                    null
- Filtered feature-barcode matrices HDF5:                                   null
- Unfiltered feature-barcode matrices MEX:                                  null
- Unfiltered feature-barcode matrices HDF5:                                 null
- Secondary analysis output CSV:                                            null
- Per-molecule read information:                                            /home/janzules/spatial/second_run_output/human/F08544/outs/molecule_info.h5
- Loupe Browser file:                                                       null
- Feature Reference:                                                        null
- Target Panel file:                                                        null
- Probe Set file:                                                           /home/janzules/spatial/second_run_output/human/F08544/outs/probe_set.csv
- Normalization factors used to normalize AB counts:                        null
- Deconvolution directory:                                                  null
- Raw probe barcode matrix:                                                 null
- Feature Slice matrix:                                                     /home/janzules/spatial/second_run_output/human/F08544/outs/feature_slice.h5
- Outputs at each bin level:                                                {
    square_002um:
      Raw probe barcode matrix:                 /home/janzules/spatial/second_run_output/human/F08544/outs/binned_outputs/square_002um/raw_probe_bc_matrix.h5
      Filtered feature-barcode matrices MEX:    /home/janzules/spatial/second_run_output/human/F08544/outs/binned_outputs/square_002um/filtered_feature_bc_matrix
      Filtered feature-barcode matrices HDF5:   /home/janzules/spatial/second_run_output/human/F08544/outs/binned_outputs/square_002um/filtered_feature_bc_matrix.h5
      Unfiltered feature-barcode matrices MEX:  /home/janzules/spatial/second_run_output/human/F08544/outs/binned_outputs/square_002um/raw_feature_bc_matrix
      Unfiltered feature-barcode matrices HDF5: /home/janzules/spatial/second_run_output/human/F08544/outs/binned_outputs/square_002um/raw_feature_bc_matrix.h5
      Secondary analysis output CSV:            null
      spatial:
        Slide image annotated with fiducial alignment:                             /home/janzules/spatial/second_run_output/human/F08544/outs/spatial/aligned_fiducials.jpg
        Slide image annotated with detected tissue:                                /home/janzules/spatial/second_run_output/human/F08544/outs/spatial/detected_tissue_image.jpg
        Scale factors for hires and lowres images and fiducial and spot diameters: /home/janzules/spatial/second_run_output/human/F08544/outs/binned_outputs/square_002um/spatial/scalefactors_json.json
        Transform learned in tissue registration:                                  null
        Slide image scaled to 2000px in the largest dimension:                     /home/janzules/spatial/second_run_output/human/F08544/outs/spatial/tissue_hires_image.png
        Slide image scaled to 600px in the largest dimension:                      /home/janzules/spatial/second_run_output/human/F08544/outs/spatial/tissue_lowres_image.png
        RGB brightfield image generated by CytAssist instrument:                   /home/janzules/spatial/second_run_output/human/F08544/outs/spatial/cytassist_image.tiff
        Registration image between CytAssist image and microscope image:           /home/janzules/spatial/second_run_output/human/F08544/outs/spatial/aligned_tissue_image.jpg
        Slide position and tissue status of barcodes CSV:                          null
        Slide position and tissue status of barcodes PARQUET:                      /home/janzules/spatial/second_run_output/human/F08544/outs/binned_outputs/square_002um/spatial/tissue_positions.parquet
        Per feature Moran's I CSV:                                                 null
        Fluorescence intensity at spot CSV:                                        null
      Loupe Browser file:                       null
    square_008um:
      Raw probe barcode matrix:                 null
      Filtered feature-barcode matrices MEX:    /home/janzules/spatial/second_run_output/human/F08544/outs/binned_outputs/square_008um/filtered_feature_bc_matrix
      Filtered feature-barcode matrices HDF5:   /home/janzules/spatial/second_run_output/human/F08544/outs/binned_outputs/square_008um/filtered_feature_bc_matrix.h5
      Unfiltered feature-barcode matrices MEX:  /home/janzules/spatial/second_run_output/human/F08544/outs/binned_outputs/square_008um/raw_feature_bc_matrix
      Unfiltered feature-barcode matrices HDF5: /home/janzules/spatial/second_run_output/human/F08544/outs/binned_outputs/square_008um/raw_feature_bc_matrix.h5
      Secondary analysis output CSV:            /home/janzules/spatial/second_run_output/human/F08544/outs/binned_outputs/square_008um/analysis
      spatial:
        Slide image annotated with fiducial alignment:                             /home/janzules/spatial/second_run_output/human/F08544/outs/spatial/aligned_fiducials.jpg
        Slide image annotated with detected tissue:                                /home/janzules/spatial/second_run_output/human/F08544/outs/spatial/detected_tissue_image.jpg
        Scale factors for hires and lowres images and fiducial and spot diameters: /home/janzules/spatial/second_run_output/human/F08544/outs/binned_outputs/square_008um/spatial/scalefactors_json.json
        Transform learned in tissue registration:                                  null
        Slide image scaled to 2000px in the largest dimension:                     /home/janzules/spatial/second_run_output/human/F08544/outs/spatial/tissue_hires_image.png
        Slide image scaled to 600px in the largest dimension:                      /home/janzules/spatial/second_run_output/human/F08544/outs/spatial/tissue_lowres_image.png
        RGB brightfield image generated by CytAssist instrument:                   /home/janzules/spatial/second_run_output/human/F08544/outs/spatial/cytassist_image.tiff
        Registration image between CytAssist image and microscope image:           /home/janzules/spatial/second_run_output/human/F08544/outs/spatial/aligned_tissue_image.jpg
        Slide position and tissue status of barcodes CSV:                          null
        Slide position and tissue status of barcodes PARQUET:                      /home/janzules/spatial/second_run_output/human/F08544/outs/binned_outputs/square_008um/spatial/tissue_positions.parquet
        Per feature Moran's I CSV:                                                 null
        Fluorescence intensity at spot CSV:                                        null
      Loupe Browser file:                       /home/janzules/spatial/second_run_output/human/F08544/outs/binned_outputs/square_008um/cloupe.cloupe
    square_016um:
      Raw probe barcode matrix:                 null
      Filtered feature-barcode matrices MEX:    /home/janzules/spatial/second_run_output/human/F08544/outs/binned_outputs/square_016um/filtered_feature_bc_matrix
      Filtered feature-barcode matrices HDF5:   /home/janzules/spatial/second_run_output/human/F08544/outs/binned_outputs/square_016um/filtered_feature_bc_matrix.h5
      Unfiltered feature-barcode matrices MEX:  /home/janzules/spatial/second_run_output/human/F08544/outs/binned_outputs/square_016um/raw_feature_bc_matrix
      Unfiltered feature-barcode matrices HDF5: /home/janzules/spatial/second_run_output/human/F08544/outs/binned_outputs/square_016um/raw_feature_bc_matrix.h5
      Secondary analysis output CSV:            /home/janzules/spatial/second_run_output/human/F08544/outs/binned_outputs/square_016um/analysis
      spatial:
        Slide image annotated with fiducial alignment:                             /home/janzules/spatial/second_run_output/human/F08544/outs/spatial/aligned_fiducials.jpg
        Slide image annotated with detected tissue:                                /home/janzules/spatial/second_run_output/human/F08544/outs/spatial/detected_tissue_image.jpg
        Scale factors for hires and lowres images and fiducial and spot diameters: /home/janzules/spatial/second_run_output/human/F08544/outs/binned_outputs/square_016um/spatial/scalefactors_json.json
        Transform learned in tissue registration:                                  null
        Slide image scaled to 2000px in the largest dimension:                     /home/janzules/spatial/second_run_output/human/F08544/outs/spatial/tissue_hires_image.png
        Slide image scaled to 600px in the largest dimension:                      /home/janzules/spatial/second_run_output/human/F08544/outs/spatial/tissue_lowres_image.png
        RGB brightfield image generated by CytAssist instrument:                   /home/janzules/spatial/second_run_output/human/F08544/outs/spatial/cytassist_image.tiff
        Registration image between CytAssist image and microscope image:           /home/janzules/spatial/second_run_output/human/F08544/outs/spatial/aligned_tissue_image.jpg
        Slide position and tissue status of barcodes CSV:                          null
        Slide position and tissue status of barcodes PARQUET:                      /home/janzules/spatial/second_run_output/human/F08544/outs/binned_outputs/square_016um/spatial/tissue_positions.parquet
        Per feature Moran's I CSV:                                                 null
        Fluorescence intensity at spot CSV:                                        null
      Loupe Browser file:                       null
  }
- Outputs of analyses on nuclear segmented cells:
    Unfiltered feature-barcode matrices HDF5:   /home/janzules/spatial/second_run_output/human/F08544/outs/segmented_outputs/raw_feature_cell_matrix.h5
    Filtered feature-barcode matrices HDF5:     /home/janzules/spatial/second_run_output/human/F08544/outs/segmented_outputs/filtered_feature_cell_matrix.h5
    Secondary analysis output CSV:              /home/janzules/spatial/second_run_output/human/F08544/outs/segmented_outputs/analysis
    raw_feature_cell_matrix:                    /home/janzules/spatial/second_run_output/human/F08544/outs/segmented_outputs/raw_feature_cell_matrix
    filtered_feature_cell_matrix:               /home/janzules/spatial/second_run_output/human/F08544/outs/segmented_outputs/filtered_feature_cell_matrix
    nucleus_segmentations:                      /home/janzules/spatial/second_run_output/human/F08544/outs/segmented_outputs/nucleus_segmentations.geojson
    cell_segmentations:                         /home/janzules/spatial/second_run_output/human/F08544/outs/segmented_outputs/cell_segmentations.geojson
    graphclust_annotated_nucleus_segmentations: /home/janzules/spatial/second_run_output/human/F08544/outs/segmented_outputs/graphclust_annotated_nucleus_segmentations.geojson
    graphclust_annotated_cell_segmentations:    /home/janzules/spatial/second_run_output/human/F08544/outs/segmented_outputs/graphclust_annotated_cell_segmentations.geojson
    cloupe:                                     /home/janzules/spatial/second_run_output/human/F08544/outs/segmented_outputs/cloupe.cloupe
    spatial:
      Slide image annotated with fiducial alignment:                             /home/janzules/spatial/second_run_output/human/F08544/outs/spatial/aligned_fiducials.jpg
      Slide image annotated with detected tissue:                                /home/janzules/spatial/second_run_output/human/F08544/outs/spatial/detected_tissue_image.jpg
      Scale factors for hires and lowres images and fiducial and spot diameters: /home/janzules/spatial/second_run_output/human/F08544/outs/segmented_outputs/spatial/scalefactors_json.json
      Transform learned in tissue registration:                                  null
      Slide image scaled to 2000px in the largest dimension:                     /home/janzules/spatial/second_run_output/human/F08544/outs/spatial/tissue_hires_image.png
      Slide image scaled to 600px in the largest dimension:                      /home/janzules/spatial/second_run_output/human/F08544/outs/spatial/tissue_lowres_image.png
      RGB brightfield image generated by CytAssist instrument:                   /home/janzules/spatial/second_run_output/human/F08544/outs/spatial/cytassist_image.tiff
      Registration image between CytAssist image and microscope image:           /home/janzules/spatial/second_run_output/human/F08544/outs/spatial/aligned_tissue_image.jpg
      Slide position and tissue status of barcodes CSV:                          null
      Slide position and tissue status of barcodes PARQUET:                      null
      Per feature Moran's I CSV:                                                 null
      Fluorescence intensity at spot CSV:                                        null
- File giving the mapping of every barcode to the bins and segmented cells: /home/janzules/spatial/second_run_output/human/F08544/outs/barcode_mappings.parquet
- Loupe Browser file (8um bin size):                                        /home/janzules/spatial/second_run_output/human/F08544/outs/binned_outputs/square_008um/cloupe.cloupe
- Loupe Browser file (custom bin size):                                     null
- Loupe Browser file (segmented cells):                                     /home/janzules/spatial/second_run_output/human/F08544/outs/segmented_outputs/cloupe.cloupe
- Name of this pipeline:                                                    SPATIAL_RNA_COUNTER_CS

Waiting 6 seconds for UI to do final refresh.
Pipestance completed successfully!

2025-10-21 23:44:55 Shutting down.
Saving pipestance info to "/home/janzules/spatial/second_run_output/human/F08544/F08544.mri.tgz"
