#====================================#
TGEN_ID=F07840_2
LOUPE_ALIGNMENT=/home/janzules/spatial/second_run_images/MouseVIsium_2025/121724-121924_RL_mRT_TMA4_1_TMA5_1/alignment/121924_RL_mRT_TMA5_Slide1.json
CYT_IMAGE=/home/janzules/spatial/second_run_images/MouseVIsium_2025/121724-121924_RL_mRT_TMA4_1_TMA5_1/cytassist/CAVG10409_2024-12-18_13-08-56_121824RLmRT_H1-QRYKX7B_D1_MRTTMA5.tif
HNE=/home/janzules/spatial/second_run_images/MouseVIsium_2025/121724-121924_RL_mRT_TMA4_1_TMA5_1/hne/121724_RL_mRT_TMA5_Slide_1.tif
SLIDE=H1-QRYKX7B
AREA=D1
FASTQS=/home/janzules/spatial/raw_data/for_spaceranger/mouse/F07840/2nd_run

#====================================#
Martian Runtime - v4.0.14
Serving UI at http://ppxhpcnode17:46286?auth=OZG4xbyJAv4gmMf2SwKMcQEV0ePVd7rcSn_jw06i0cM

Running preflight checks (please wait)...
Checking sample info...
Checking FASTQ folder...
Checking reference...
Checking reference_path (/home/janzules/spatial/references/refdata-gex-mm10-2020-A) on ppxhpcnode17...
Checking read 2 length...
Checking optional arguments...
mro: v4.0.14
mrp: v4.0.14
python: Python 3.12.3
numpy: 1.26.4
scipy: 1.14.1
pysam: 0.22.1
h5py: 3.13.0
pandas: 2.2.3
STAR: 2.7.2a
samtools: samtools 1.16.1
2025-10-21 20:18:35 [runtime] (ready)           ID.F07840_2.SPATIAL_RNA_COUNTER_CS.USER_PROVIDED_SEGMENTATIONS
2025-10-21 20:18:35 [runtime] (run:local)       ID.F07840_2.SPATIAL_RNA_COUNTER_CS.USER_PROVIDED_SEGMENTATIONS.fork0.chnk0.main
2025-10-21 20:18:35 [runtime] (ready)           ID.F07840_2.SPATIAL_RNA_COUNTER_CS.SPATIAL_MATRIX_COMPUTER.WRITE_GENE_INDEX
2025-10-21 20:18:35 [runtime] (run:local)       ID.F07840_2.SPATIAL_RNA_COUNTER_CS.SPATIAL_MATRIX_COMPUTER.WRITE_GENE_INDEX.fork0.chnk0.main
2025-10-21 20:18:35 [runtime] (ready)           ID.F07840_2.SPATIAL_RNA_COUNTER_CS.SPATIAL_RNA_COUNTER_PREP.DISABLE_CORRECTION_FACTOR
2025-10-21 20:18:35 [runtime] (run:local)       ID.F07840_2.SPATIAL_RNA_COUNTER_CS.SPATIAL_RNA_COUNTER_PREP.DISABLE_CORRECTION_FACTOR.fork0.chnk0.main
2025-10-21 20:18:35 [runtime] (ready)           ID.F07840_2.SPATIAL_RNA_COUNTER_CS.SPATIAL_RNA_COUNTER.SPATIAL_POST_MATRIX_COMPUTATION.DISABLE_FEATURE_STAGES
2025-10-21 20:18:35 [runtime] (run:local)       ID.F07840_2.SPATIAL_RNA_COUNTER_CS.SPATIAL_RNA_COUNTER.SPATIAL_POST_MATRIX_COMPUTATION.DISABLE_FEATURE_STAGES.fork0.chnk0.main
2025-10-21 20:18:35 [runtime] (ready)           ID.F07840_2.SPATIAL_RNA_COUNTER_CS.FIX_CYTASSIST_IMAGE_COMPATIBILITY
2025-10-21 20:18:35 [runtime] (run:local)       ID.F07840_2.SPATIAL_RNA_COUNTER_CS.FIX_CYTASSIST_IMAGE_COMPATIBILITY.fork0.chnk0.main
2025-10-21 20:18:35 [runtime] (ready)           ID.F07840_2.SPATIAL_RNA_COUNTER_CS.SPATIAL_RNA_COUNTER_PREP.COPY_CHEMISTRY_SPEC
2025-10-21 20:18:35 [runtime] (run:local)       ID.F07840_2.SPATIAL_RNA_COUNTER_CS.SPATIAL_RNA_COUNTER_PREP.COPY_CHEMISTRY_SPEC.fork0.chnk0.main
2025-10-21 20:18:35 [runtime] (chunks_complete) ID.F07840_2.SPATIAL_RNA_COUNTER_CS.USER_PROVIDED_SEGMENTATIONS
2025-10-21 20:18:35 [runtime] (chunks_complete) ID.F07840_2.SPATIAL_RNA_COUNTER_CS.SPATIAL_RNA_COUNTER_PREP.DISABLE_CORRECTION_FACTOR
2025-10-21 20:18:35 [runtime] (chunks_complete) ID.F07840_2.SPATIAL_RNA_COUNTER_CS.SPATIAL_RNA_COUNTER_PREP.COPY_CHEMISTRY_SPEC
2025-10-21 20:18:35 [runtime] (chunks_complete) ID.F07840_2.SPATIAL_RNA_COUNTER_CS.SPATIAL_RNA_COUNTER.SPATIAL_POST_MATRIX_COMPUTATION.DISABLE_FEATURE_STAGES
2025-10-21 20:18:35 [runtime] (ready)           ID.F07840_2.SPATIAL_RNA_COUNTER_CS.SPATIAL_RNA_COUNTER_PREP.DETECT_CHEMISTRY
2025-10-21 20:18:35 [runtime] (run:local)       ID.F07840_2.SPATIAL_RNA_COUNTER_CS.SPATIAL_RNA_COUNTER_PREP.DETECT_CHEMISTRY.fork0.chnk0.main
2025-10-21 20:18:36 [runtime] (chunks_complete) ID.F07840_2.SPATIAL_RNA_COUNTER_CS.FIX_CYTASSIST_IMAGE_COMPATIBILITY
2025-10-21 20:18:36 [runtime] (ready)           ID.F07840_2.SPATIAL_RNA_COUNTER_CS.SPATIAL_IMAGING_CS.GET_CYTASSIST_RUN_METADATA
2025-10-21 20:18:36 [runtime] (run:local)       ID.F07840_2.SPATIAL_RNA_COUNTER_CS.SPATIAL_IMAGING_CS.GET_CYTASSIST_RUN_METADATA.fork0.chnk0.main
2025-10-21 20:18:36 [runtime] (chunks_complete) ID.F07840_2.SPATIAL_RNA_COUNTER_CS.SPATIAL_IMAGING_CS.GET_CYTASSIST_RUN_METADATA
2025-10-21 20:18:42 [runtime] (chunks_complete) ID.F07840_2.SPATIAL_RNA_COUNTER_CS.SPATIAL_RNA_COUNTER_PREP.DETECT_CHEMISTRY
2025-10-21 20:18:42 [runtime] (ready)           ID.F07840_2.SPATIAL_RNA_COUNTER_CS.SPATIAL_RNA_COUNTER_PREP.MULTI_SETUP_CHUNKS
2025-10-21 20:18:43 [runtime] (run:local)       ID.F07840_2.SPATIAL_RNA_COUNTER_CS.SPATIAL_RNA_COUNTER_PREP.MULTI_SETUP_CHUNKS.fork0.chnk0.main
2025-10-21 20:18:43 [runtime] (chunks_complete) ID.F07840_2.SPATIAL_RNA_COUNTER_CS.SPATIAL_RNA_COUNTER_PREP.MULTI_SETUP_CHUNKS
2025-10-21 20:18:43 [runtime] (ready)           ID.F07840_2.SPATIAL_RNA_COUNTER_CS.SPATIAL_RNA_COUNTER_PREP.EXPECT_SINGLE_BARCODE_WHITELIST
2025-10-21 20:18:43 [runtime] (run:local)       ID.F07840_2.SPATIAL_RNA_COUNTER_CS.SPATIAL_RNA_COUNTER_PREP.EXPECT_SINGLE_BARCODE_WHITELIST.fork0.chnk0.main
2025-10-21 20:18:43 [runtime] (chunks_complete) ID.F07840_2.SPATIAL_RNA_COUNTER_CS.SPATIAL_RNA_COUNTER_PREP.EXPECT_SINGLE_BARCODE_WHITELIST
2025-10-21 20:18:43 [runtime] (ready)           ID.F07840_2.SPATIAL_RNA_COUNTER_CS.SPATIAL_RNA_COUNTER_PREP.WRITE_SPATIAL_BARCODE_INDEX
2025-10-21 20:18:43 [runtime] (run:local)       ID.F07840_2.SPATIAL_RNA_COUNTER_CS.SPATIAL_RNA_COUNTER_PREP.WRITE_SPATIAL_BARCODE_INDEX.fork0.split
2025-10-21 20:18:43 [runtime] (ready)           ID.F07840_2.SPATIAL_RNA_COUNTER_CS.SPATIAL_IMAGING_CS.DETERMINE_PIPELINE_MODE
2025-10-21 20:18:43 [runtime] (run:local)       ID.F07840_2.SPATIAL_RNA_COUNTER_CS.SPATIAL_IMAGING_CS.DETERMINE_PIPELINE_MODE.fork0.chnk0.main
2025-10-21 20:18:43 [runtime] (ready)           ID.F07840_2.SPATIAL_RNA_COUNTER_CS.SPATIAL_RNA_COUNTER_PREP.COMPUTE_CORRECTION_FACTOR
2025-10-21 20:18:43 [runtime] (split_complete)  ID.F07840_2.SPATIAL_RNA_COUNTER_CS.SPATIAL_RNA_COUNTER_PREP.WRITE_SPATIAL_BARCODE_INDEX
2025-10-21 20:18:43 [runtime] (run:local)       ID.F07840_2.SPATIAL_RNA_COUNTER_CS.SPATIAL_RNA_COUNTER_PREP.WRITE_SPATIAL_BARCODE_INDEX.fork0.join
2025-10-21 20:18:44 [runtime] (chunks_complete) ID.F07840_2.SPATIAL_RNA_COUNTER_CS.SPATIAL_IMAGING_CS.DETERMINE_PIPELINE_MODE
2025-10-21 20:18:44 [runtime] (ready)           ID.F07840_2.SPATIAL_RNA_COUNTER_CS.SPATIAL_IMAGING_CS.STANDARDIZE_IMAGES
2025-10-21 20:18:44 [runtime] (run:local)       ID.F07840_2.SPATIAL_RNA_COUNTER_CS.SPATIAL_IMAGING_CS.STANDARDIZE_IMAGES.fork0.split
2025-10-21 20:18:44 [runtime] (ready)           ID.F07840_2.SPATIAL_RNA_COUNTER_CS.SPATIAL_RNA_COUNTER.SPATIAL_POST_MATRIX_COMPUTATION.DISABLE_SD_ONLY_STAGES
2025-10-21 20:18:44 [runtime] (run:local)       ID.F07840_2.SPATIAL_RNA_COUNTER_CS.SPATIAL_RNA_COUNTER.SPATIAL_POST_MATRIX_COMPUTATION.DISABLE_SD_ONLY_STAGES.fork0.chnk0.main
2025-10-21 20:18:44 [runtime] (ready)           ID.F07840_2.SPATIAL_RNA_COUNTER_CS.SPATIAL_IMAGING_CS.DISABLE_IMAGING_STAGES
2025-10-21 20:18:44 [runtime] (run:local)       ID.F07840_2.SPATIAL_RNA_COUNTER_CS.SPATIAL_IMAGING_CS.DISABLE_IMAGING_STAGES.fork0.chnk0.main
2025-10-21 20:18:44 [runtime] (ready)           ID.F07840_2.SPATIAL_RNA_COUNTER_CS.SPATIAL_RNA_COUNTER.SPATIAL_POST_MATRIX_COMPUTATION.WEBSUMMARY_ALERTS
2025-10-21 20:18:44 [runtime] (run:local)       ID.F07840_2.SPATIAL_RNA_COUNTER_CS.SPATIAL_RNA_COUNTER.SPATIAL_POST_MATRIX_COMPUTATION.WEBSUMMARY_ALERTS.fork0.chnk0.main
2025-10-21 20:18:44 [runtime] (chunks_complete) ID.F07840_2.SPATIAL_RNA_COUNTER_CS.SPATIAL_RNA_COUNTER.SPATIAL_POST_MATRIX_COMPUTATION.DISABLE_SD_ONLY_STAGES
2025-10-21 20:18:44 [runtime] (chunks_complete) ID.F07840_2.SPATIAL_RNA_COUNTER_CS.SPATIAL_IMAGING_CS.DISABLE_IMAGING_STAGES
2025-10-21 20:18:44 [runtime] (ready)           ID.F07840_2.SPATIAL_RNA_COUNTER_CS.SPATIAL_RNA_COUNTER.SPATIAL_POST_MATRIX_COMPUTATION.BIN_HD_DATA.SETUP_BINNING
2025-10-21 20:18:44 [runtime] (run:local)       ID.F07840_2.SPATIAL_RNA_COUNTER_CS.SPATIAL_RNA_COUNTER.SPATIAL_POST_MATRIX_COMPUTATION.BIN_HD_DATA.SETUP_BINNING.fork0.chnk0.main
2025-10-21 20:18:44 [runtime] (chunks_complete) ID.F07840_2.SPATIAL_RNA_COUNTER_CS.SPATIAL_RNA_COUNTER.SPATIAL_POST_MATRIX_COMPUTATION.WEBSUMMARY_ALERTS
2025-10-21 20:18:45 [runtime] (chunks_complete) ID.F07840_2.SPATIAL_RNA_COUNTER_CS.SPATIAL_RNA_COUNTER.SPATIAL_POST_MATRIX_COMPUTATION.BIN_HD_DATA.SETUP_BINNING
2025-10-21 20:18:49 [runtime] (chunks_complete) ID.F07840_2.SPATIAL_RNA_COUNTER_CS.SPATIAL_MATRIX_COMPUTER.WRITE_GENE_INDEX
2025-10-21 20:18:50 [runtime] (ready)           ID.F07840_2.SPATIAL_RNA_COUNTER_CS.SPATIAL_MATRIX_COMPUTER.PARSE_TARGET_FEATURES
2025-10-21 20:18:50 [runtime] (run:local)       ID.F07840_2.SPATIAL_RNA_COUNTER_CS.SPATIAL_MATRIX_COMPUTER.PARSE_TARGET_FEATURES.fork0.chnk0.main
2025-10-21 20:18:50 [runtime] (join_complete)   ID.F07840_2.SPATIAL_RNA_COUNTER_CS.SPATIAL_RNA_COUNTER_PREP.WRITE_SPATIAL_BARCODE_INDEX
2025-10-21 20:18:52 [runtime] (split_complete)  ID.F07840_2.SPATIAL_RNA_COUNTER_CS.SPATIAL_IMAGING_CS.STANDARDIZE_IMAGES
2025-10-21 20:18:52 [runtime] (run:local)       ID.F07840_2.SPATIAL_RNA_COUNTER_CS.SPATIAL_IMAGING_CS.STANDARDIZE_IMAGES.fork0.join
2025-10-21 20:19:00 [runtime] (chunks_complete) ID.F07840_2.SPATIAL_RNA_COUNTER_CS.SPATIAL_MATRIX_COMPUTER.PARSE_TARGET_FEATURES
2025-10-21 20:19:00 [runtime] (ready)           ID.F07840_2.SPATIAL_RNA_COUNTER_CS.SPATIAL_RNA_COUNTER.SPATIAL_POST_MATRIX_COMPUTATION._TARGETED_ANALYZER.DISABLE_TARGETED_STAGES
2025-10-21 20:19:00 [runtime] (run:local)       ID.F07840_2.SPATIAL_RNA_COUNTER_CS.SPATIAL_RNA_COUNTER.SPATIAL_POST_MATRIX_COMPUTATION._TARGETED_ANALYZER.DISABLE_TARGETED_STAGES.fork0.chnk0.main
2025-10-21 20:19:00 [runtime] (ready)           ID.F07840_2.SPATIAL_RNA_COUNTER_CS.SPATIAL_MATRIX_COMPUTER.SETUP_REFERENCE_INFO
2025-10-21 20:19:00 [runtime] (run:local)       ID.F07840_2.SPATIAL_RNA_COUNTER_CS.SPATIAL_MATRIX_COMPUTER.SETUP_REFERENCE_INFO.fork0.chnk0.main
2025-10-21 20:19:01 [runtime] (chunks_complete) ID.F07840_2.SPATIAL_RNA_COUNTER_CS.SPATIAL_MATRIX_COMPUTER.SETUP_REFERENCE_INFO
2025-10-21 20:19:01 [runtime] (ready)           ID.F07840_2.SPATIAL_RNA_COUNTER_CS.SPATIAL_MATRIX_COMPUTER._MATRIX_COMPUTER.MAKE_SHARD
2025-10-21 20:19:01 [runtime] (run:local)       ID.F07840_2.SPATIAL_RNA_COUNTER_CS.SPATIAL_MATRIX_COMPUTER._MATRIX_COMPUTER.MAKE_SHARD.fork0.split
2025-10-21 20:19:02 [runtime] (chunks_complete) ID.F07840_2.SPATIAL_RNA_COUNTER_CS.SPATIAL_RNA_COUNTER.SPATIAL_POST_MATRIX_COMPUTATION._TARGETED_ANALYZER.DISABLE_TARGETED_STAGES
2025-10-21 20:19:10 [runtime] (split_complete)  ID.F07840_2.SPATIAL_RNA_COUNTER_CS.SPATIAL_MATRIX_COMPUTER._MATRIX_COMPUTER.MAKE_SHARD
2025-10-21 20:19:10 [runtime] (run:local)       ID.F07840_2.SPATIAL_RNA_COUNTER_CS.SPATIAL_MATRIX_COMPUTER._MATRIX_COMPUTER.MAKE_SHARD.fork0.chnk0.main
2025-10-21 20:19:36 [runtime] (join_complete)   ID.F07840_2.SPATIAL_RNA_COUNTER_CS.SPATIAL_IMAGING_CS.STANDARDIZE_IMAGES
2025-10-21 20:19:36 [runtime] (ready)           ID.F07840_2.SPATIAL_RNA_COUNTER_CS.CLOUPE_TILE_IMAGES
2025-10-21 20:19:36 [runtime] (run:local)       ID.F07840_2.SPATIAL_RNA_COUNTER_CS.CLOUPE_TILE_IMAGES.fork0.split
2025-10-21 20:19:36 [runtime] (ready)           ID.F07840_2.SPATIAL_RNA_COUNTER_CS.SPATIAL_IMAGING_CS.LOUPE_ALIGNMENT_READER
2025-10-21 20:19:36 [runtime] (run:local)       ID.F07840_2.SPATIAL_RNA_COUNTER_CS.SPATIAL_IMAGING_CS.LOUPE_ALIGNMENT_READER.fork0.split
2025-10-21 20:19:37 [runtime] (split_complete)  ID.F07840_2.SPATIAL_RNA_COUNTER_CS.CLOUPE_TILE_IMAGES
2025-10-21 20:19:37 [runtime] (run:local)       ID.F07840_2.SPATIAL_RNA_COUNTER_CS.CLOUPE_TILE_IMAGES.fork0.join
2025-10-21 20:19:38 [runtime] (split_complete)  ID.F07840_2.SPATIAL_RNA_COUNTER_CS.SPATIAL_IMAGING_CS.LOUPE_ALIGNMENT_READER
2025-10-21 20:19:38 [runtime] (run:local)       ID.F07840_2.SPATIAL_RNA_COUNTER_CS.SPATIAL_IMAGING_CS.LOUPE_ALIGNMENT_READER.fork0.join
2025-10-21 20:19:39 [runtime] (join_complete)   ID.F07840_2.SPATIAL_RNA_COUNTER_CS.SPATIAL_IMAGING_CS.LOUPE_ALIGNMENT_READER
2025-10-21 20:19:39 [runtime] (ready)           ID.F07840_2.SPATIAL_RNA_COUNTER_CS.SPATIAL_IMAGING_CS.GPR_READER
2025-10-21 20:19:39 [runtime] (ready)           ID.F07840_2.SPATIAL_RNA_COUNTER_CS.SPATIAL_IMAGING_CS.HD_LAYOUT_READER
2025-10-21 20:19:39 [runtime] (run:local)       ID.F07840_2.SPATIAL_RNA_COUNTER_CS.SPATIAL_IMAGING_CS.HD_LAYOUT_READER.fork0.chnk0.main
2025-10-21 20:19:40 [runtime] (chunks_complete) ID.F07840_2.SPATIAL_RNA_COUNTER_CS.SPATIAL_IMAGING_CS.HD_LAYOUT_READER
2025-10-21 20:19:40 [runtime] (ready)           ID.F07840_2.SPATIAL_RNA_COUNTER_CS.SPATIAL_IMAGING_CS.ALIGN_FIDUCIALS
2025-10-21 20:19:40 [runtime] (run:local)       ID.F07840_2.SPATIAL_RNA_COUNTER_CS.SPATIAL_IMAGING_CS.ALIGN_FIDUCIALS.fork0.split
2025-10-21 20:19:51 [runtime] (split_complete)  ID.F07840_2.SPATIAL_RNA_COUNTER_CS.SPATIAL_IMAGING_CS.ALIGN_FIDUCIALS
2025-10-21 20:19:51 [runtime] (run:local)       ID.F07840_2.SPATIAL_RNA_COUNTER_CS.SPATIAL_IMAGING_CS.ALIGN_FIDUCIALS.fork0.join
2025-10-21 20:20:01 [runtime] (join_complete)   ID.F07840_2.SPATIAL_RNA_COUNTER_CS.SPATIAL_IMAGING_CS.ALIGN_FIDUCIALS
2025-10-21 20:20:01 [runtime] (ready)           ID.F07840_2.SPATIAL_RNA_COUNTER_CS.SPATIAL_IMAGING_CS.REGISTER_TISSUE.SEED_REGISTRATION
2025-10-21 20:20:01 [runtime] (run:local)       ID.F07840_2.SPATIAL_RNA_COUNTER_CS.SPATIAL_IMAGING_CS.REGISTER_TISSUE.SEED_REGISTRATION.fork0.split
2025-10-21 20:20:05 [runtime] (split_complete)  ID.F07840_2.SPATIAL_RNA_COUNTER_CS.SPATIAL_IMAGING_CS.REGISTER_TISSUE.SEED_REGISTRATION
2025-10-21 20:20:05 [runtime] (run:local)       ID.F07840_2.SPATIAL_RNA_COUNTER_CS.SPATIAL_IMAGING_CS.REGISTER_TISSUE.SEED_REGISTRATION.fork0.join
2025-10-21 20:20:09 [runtime] (join_complete)   ID.F07840_2.SPATIAL_RNA_COUNTER_CS.SPATIAL_IMAGING_CS.REGISTER_TISSUE.SEED_REGISTRATION
2025-10-21 20:20:09 [runtime] (ready)           ID.F07840_2.SPATIAL_RNA_COUNTER_CS.SPATIAL_IMAGING_CS.REGISTER_TISSUE.REGISTER_FROM_INIT
2025-10-21 20:20:09 [runtime] (run:local)       ID.F07840_2.SPATIAL_RNA_COUNTER_CS.SPATIAL_IMAGING_CS.REGISTER_TISSUE.REGISTER_FROM_INIT.fork0.split
2025-10-21 20:20:11 [runtime] (split_complete)  ID.F07840_2.SPATIAL_RNA_COUNTER_CS.SPATIAL_IMAGING_CS.REGISTER_TISSUE.REGISTER_FROM_INIT
2025-10-21 20:20:11 [runtime] (run:local)       ID.F07840_2.SPATIAL_RNA_COUNTER_CS.SPATIAL_IMAGING_CS.REGISTER_TISSUE.REGISTER_FROM_INIT.fork0.join
2025-10-21 20:20:21 [runtime] (join_complete)   ID.F07840_2.SPATIAL_RNA_COUNTER_CS.SPATIAL_IMAGING_CS.REGISTER_TISSUE.REGISTER_FROM_INIT
2025-10-21 20:20:21 [runtime] (ready)           ID.F07840_2.SPATIAL_RNA_COUNTER_CS.SPATIAL_IMAGING_CS.REGISTER_TISSUE.SUMMARIZE_REGISTRATION
2025-10-21 20:20:21 [runtime] (run:local)       ID.F07840_2.SPATIAL_RNA_COUNTER_CS.SPATIAL_IMAGING_CS.REGISTER_TISSUE.SUMMARIZE_REGISTRATION.fork0.chnk0.main
2025-10-21 20:20:35 [runtime] (chunks_complete) ID.F07840_2.SPATIAL_RNA_COUNTER_CS.SPATIAL_IMAGING_CS.REGISTER_TISSUE.SUMMARIZE_REGISTRATION
2025-10-21 20:21:09 [runtime] (join_complete)   ID.F07840_2.SPATIAL_RNA_COUNTER_CS.CLOUPE_TILE_IMAGES
2025-10-21 20:25:11 [runtime] (update)          ID.F07840_2.SPATIAL_RNA_COUNTER_CS.SPATIAL_MATRIX_COMPUTER._MATRIX_COMPUTER.MAKE_SHARD.fork0 chunks_running
2025-10-21 20:31:13 [runtime] (update)          ID.F07840_2.SPATIAL_RNA_COUNTER_CS.SPATIAL_MATRIX_COMPUTER._MATRIX_COMPUTER.MAKE_SHARD.fork0 chunks_running
2025-10-21 20:37:13 [runtime] (update)          ID.F07840_2.SPATIAL_RNA_COUNTER_CS.SPATIAL_MATRIX_COMPUTER._MATRIX_COMPUTER.MAKE_SHARD.fork0 chunks_running
2025-10-21 20:41:47 [runtime] (chunks_complete) ID.F07840_2.SPATIAL_RNA_COUNTER_CS.SPATIAL_MATRIX_COMPUTER._MATRIX_COMPUTER.MAKE_SHARD
2025-10-21 20:41:47 [runtime] (run:local)       ID.F07840_2.SPATIAL_RNA_COUNTER_CS.SPATIAL_MATRIX_COMPUTER._MATRIX_COMPUTER.MAKE_SHARD.fork0.join
2025-10-21 20:41:48 [runtime] (join_complete)   ID.F07840_2.SPATIAL_RNA_COUNTER_CS.SPATIAL_MATRIX_COMPUTER._MATRIX_COMPUTER.MAKE_SHARD
2025-10-21 20:41:48 [runtime] (ready)           ID.F07840_2.SPATIAL_RNA_COUNTER_CS.SPATIAL_MATRIX_COMPUTER._MATRIX_COMPUTER.MAKE_CORRECTION_MAP
2025-10-21 20:41:48 [runtime] (run:local)       ID.F07840_2.SPATIAL_RNA_COUNTER_CS.SPATIAL_MATRIX_COMPUTER._MATRIX_COMPUTER.MAKE_CORRECTION_MAP.fork0.split
2025-10-21 20:41:48 [runtime] (split_complete)  ID.F07840_2.SPATIAL_RNA_COUNTER_CS.SPATIAL_MATRIX_COMPUTER._MATRIX_COMPUTER.MAKE_CORRECTION_MAP
2025-10-21 20:41:48 [runtime] (run:local)       ID.F07840_2.SPATIAL_RNA_COUNTER_CS.SPATIAL_MATRIX_COMPUTER._MATRIX_COMPUTER.MAKE_CORRECTION_MAP.fork0.join
2025-10-21 20:42:44 [runtime] (join_complete)   ID.F07840_2.SPATIAL_RNA_COUNTER_CS.SPATIAL_MATRIX_COMPUTER._MATRIX_COMPUTER.MAKE_CORRECTION_MAP
2025-10-21 20:42:44 [runtime] (ready)           ID.F07840_2.SPATIAL_RNA_COUNTER_CS.SPATIAL_MATRIX_COMPUTER._MATRIX_COMPUTER.BARCODE_CORRECTION
2025-10-21 20:42:44 [runtime] (run:local)       ID.F07840_2.SPATIAL_RNA_COUNTER_CS.SPATIAL_MATRIX_COMPUTER._MATRIX_COMPUTER.BARCODE_CORRECTION.fork0.split
2025-10-21 20:42:44 [runtime] (split_complete)  ID.F07840_2.SPATIAL_RNA_COUNTER_CS.SPATIAL_MATRIX_COMPUTER._MATRIX_COMPUTER.BARCODE_CORRECTION
2025-10-21 20:42:45 [runtime] (run:local)       ID.F07840_2.SPATIAL_RNA_COUNTER_CS.SPATIAL_MATRIX_COMPUTER._MATRIX_COMPUTER.BARCODE_CORRECTION.fork0.chnk000.main
2025-10-21 20:42:45 [runtime] (run:local)       ID.F07840_2.SPATIAL_RNA_COUNTER_CS.SPATIAL_MATRIX_COMPUTER._MATRIX_COMPUTER.BARCODE_CORRECTION.fork0.chnk001.main
2025-10-21 20:42:45 [runtime] (run:local)       ID.F07840_2.SPATIAL_RNA_COUNTER_CS.SPATIAL_MATRIX_COMPUTER._MATRIX_COMPUTER.BARCODE_CORRECTION.fork0.chnk002.main
2025-10-21 20:42:45 [runtime] (run:local)       ID.F07840_2.SPATIAL_RNA_COUNTER_CS.SPATIAL_MATRIX_COMPUTER._MATRIX_COMPUTER.BARCODE_CORRECTION.fork0.chnk003.main
2025-10-21 20:42:45 [runtime] (run:local)       ID.F07840_2.SPATIAL_RNA_COUNTER_CS.SPATIAL_MATRIX_COMPUTER._MATRIX_COMPUTER.BARCODE_CORRECTION.fork0.chnk004.main
2025-10-21 20:42:45 [runtime] (run:local)       ID.F07840_2.SPATIAL_RNA_COUNTER_CS.SPATIAL_MATRIX_COMPUTER._MATRIX_COMPUTER.BARCODE_CORRECTION.fork0.chnk005.main
2025-10-21 20:42:45 [runtime] (run:local)       ID.F07840_2.SPATIAL_RNA_COUNTER_CS.SPATIAL_MATRIX_COMPUTER._MATRIX_COMPUTER.BARCODE_CORRECTION.fork0.chnk006.main
2025-10-21 20:42:45 [runtime] (run:local)       ID.F07840_2.SPATIAL_RNA_COUNTER_CS.SPATIAL_MATRIX_COMPUTER._MATRIX_COMPUTER.BARCODE_CORRECTION.fork0.chnk007.main
2025-10-21 20:42:45 [runtime] (run:local)       ID.F07840_2.SPATIAL_RNA_COUNTER_CS.SPATIAL_MATRIX_COMPUTER._MATRIX_COMPUTER.BARCODE_CORRECTION.fork0.chnk008.main
2025-10-21 20:42:45 [runtime] (run:local)       ID.F07840_2.SPATIAL_RNA_COUNTER_CS.SPATIAL_MATRIX_COMPUTER._MATRIX_COMPUTER.BARCODE_CORRECTION.fork0.chnk009.main
2025-10-21 20:42:45 [runtime] (run:local)       ID.F07840_2.SPATIAL_RNA_COUNTER_CS.SPATIAL_MATRIX_COMPUTER._MATRIX_COMPUTER.BARCODE_CORRECTION.fork0.chnk010.main
2025-10-21 20:42:45 [runtime] (run:local)       ID.F07840_2.SPATIAL_RNA_COUNTER_CS.SPATIAL_MATRIX_COMPUTER._MATRIX_COMPUTER.BARCODE_CORRECTION.fork0.chnk011.main
2025-10-21 20:42:45 [runtime] (run:local)       ID.F07840_2.SPATIAL_RNA_COUNTER_CS.SPATIAL_MATRIX_COMPUTER._MATRIX_COMPUTER.BARCODE_CORRECTION.fork0.chnk012.main
2025-10-21 20:42:45 [runtime] (run:local)       ID.F07840_2.SPATIAL_RNA_COUNTER_CS.SPATIAL_MATRIX_COMPUTER._MATRIX_COMPUTER.BARCODE_CORRECTION.fork0.chnk013.main
2025-10-21 20:42:45 [runtime] (run:local)       ID.F07840_2.SPATIAL_RNA_COUNTER_CS.SPATIAL_MATRIX_COMPUTER._MATRIX_COMPUTER.BARCODE_CORRECTION.fork0.chnk014.main
2025-10-21 20:42:45 [runtime] (run:local)       ID.F07840_2.SPATIAL_RNA_COUNTER_CS.SPATIAL_MATRIX_COMPUTER._MATRIX_COMPUTER.BARCODE_CORRECTION.fork0.chnk015.main
2025-10-21 20:42:45 [runtime] (run:local)       ID.F07840_2.SPATIAL_RNA_COUNTER_CS.SPATIAL_MATRIX_COMPUTER._MATRIX_COMPUTER.BARCODE_CORRECTION.fork0.chnk016.main
2025-10-21 20:42:45 [runtime] (run:local)       ID.F07840_2.SPATIAL_RNA_COUNTER_CS.SPATIAL_MATRIX_COMPUTER._MATRIX_COMPUTER.BARCODE_CORRECTION.fork0.chnk017.main
2025-10-21 20:42:45 [runtime] (run:local)       ID.F07840_2.SPATIAL_RNA_COUNTER_CS.SPATIAL_MATRIX_COMPUTER._MATRIX_COMPUTER.BARCODE_CORRECTION.fork0.chnk018.main
2025-10-21 20:42:45 [runtime] (run:local)       ID.F07840_2.SPATIAL_RNA_COUNTER_CS.SPATIAL_MATRIX_COMPUTER._MATRIX_COMPUTER.BARCODE_CORRECTION.fork0.chnk019.main
2025-10-21 20:42:45 [runtime] (run:local)       ID.F07840_2.SPATIAL_RNA_COUNTER_CS.SPATIAL_MATRIX_COMPUTER._MATRIX_COMPUTER.BARCODE_CORRECTION.fork0.chnk020.main
2025-10-21 20:42:45 [runtime] (run:local)       ID.F07840_2.SPATIAL_RNA_COUNTER_CS.SPATIAL_MATRIX_COMPUTER._MATRIX_COMPUTER.BARCODE_CORRECTION.fork0.chnk021.main
2025-10-21 20:42:45 [runtime] (run:local)       ID.F07840_2.SPATIAL_RNA_COUNTER_CS.SPATIAL_MATRIX_COMPUTER._MATRIX_COMPUTER.BARCODE_CORRECTION.fork0.chnk022.main
2025-10-21 20:42:45 [runtime] (run:local)       ID.F07840_2.SPATIAL_RNA_COUNTER_CS.SPATIAL_MATRIX_COMPUTER._MATRIX_COMPUTER.BARCODE_CORRECTION.fork0.chnk023.main
2025-10-21 20:42:45 [runtime] (run:local)       ID.F07840_2.SPATIAL_RNA_COUNTER_CS.SPATIAL_MATRIX_COMPUTER._MATRIX_COMPUTER.BARCODE_CORRECTION.fork0.chnk024.main
2025-10-21 20:42:45 [runtime] (run:local)       ID.F07840_2.SPATIAL_RNA_COUNTER_CS.SPATIAL_MATRIX_COMPUTER._MATRIX_COMPUTER.BARCODE_CORRECTION.fork0.chnk025.main
2025-10-21 20:42:45 [runtime] (run:local)       ID.F07840_2.SPATIAL_RNA_COUNTER_CS.SPATIAL_MATRIX_COMPUTER._MATRIX_COMPUTER.BARCODE_CORRECTION.fork0.chnk026.main
2025-10-21 20:42:45 [runtime] (run:local)       ID.F07840_2.SPATIAL_RNA_COUNTER_CS.SPATIAL_MATRIX_COMPUTER._MATRIX_COMPUTER.BARCODE_CORRECTION.fork0.chnk027.main
2025-10-21 20:42:45 [runtime] (run:local)       ID.F07840_2.SPATIAL_RNA_COUNTER_CS.SPATIAL_MATRIX_COMPUTER._MATRIX_COMPUTER.BARCODE_CORRECTION.fork0.chnk028.main
2025-10-21 20:42:45 [runtime] (run:local)       ID.F07840_2.SPATIAL_RNA_COUNTER_CS.SPATIAL_MATRIX_COMPUTER._MATRIX_COMPUTER.BARCODE_CORRECTION.fork0.chnk029.main
2025-10-21 20:42:45 [runtime] (run:local)       ID.F07840_2.SPATIAL_RNA_COUNTER_CS.SPATIAL_MATRIX_COMPUTER._MATRIX_COMPUTER.BARCODE_CORRECTION.fork0.chnk030.main
2025-10-21 20:42:45 [runtime] (run:local)       ID.F07840_2.SPATIAL_RNA_COUNTER_CS.SPATIAL_MATRIX_COMPUTER._MATRIX_COMPUTER.BARCODE_CORRECTION.fork0.chnk031.main
2025-10-21 20:42:45 [runtime] (run:local)       ID.F07840_2.SPATIAL_RNA_COUNTER_CS.SPATIAL_MATRIX_COMPUTER._MATRIX_COMPUTER.BARCODE_CORRECTION.fork0.chnk032.main
2025-10-21 20:42:45 [runtime] (run:local)       ID.F07840_2.SPATIAL_RNA_COUNTER_CS.SPATIAL_MATRIX_COMPUTER._MATRIX_COMPUTER.BARCODE_CORRECTION.fork0.chnk033.main
2025-10-21 20:42:45 [runtime] (run:local)       ID.F07840_2.SPATIAL_RNA_COUNTER_CS.SPATIAL_MATRIX_COMPUTER._MATRIX_COMPUTER.BARCODE_CORRECTION.fork0.chnk034.main
2025-10-21 20:42:45 [runtime] (run:local)       ID.F07840_2.SPATIAL_RNA_COUNTER_CS.SPATIAL_MATRIX_COMPUTER._MATRIX_COMPUTER.BARCODE_CORRECTION.fork0.chnk035.main
2025-10-21 20:42:45 [runtime] (run:local)       ID.F07840_2.SPATIAL_RNA_COUNTER_CS.SPATIAL_MATRIX_COMPUTER._MATRIX_COMPUTER.BARCODE_CORRECTION.fork0.chnk036.main
2025-10-21 20:42:45 [runtime] (run:local)       ID.F07840_2.SPATIAL_RNA_COUNTER_CS.SPATIAL_MATRIX_COMPUTER._MATRIX_COMPUTER.BARCODE_CORRECTION.fork0.chnk037.main
2025-10-21 20:42:45 [runtime] (run:local)       ID.F07840_2.SPATIAL_RNA_COUNTER_CS.SPATIAL_MATRIX_COMPUTER._MATRIX_COMPUTER.BARCODE_CORRECTION.fork0.chnk038.main
2025-10-21 20:42:45 [runtime] (run:local)       ID.F07840_2.SPATIAL_RNA_COUNTER_CS.SPATIAL_MATRIX_COMPUTER._MATRIX_COMPUTER.BARCODE_CORRECTION.fork0.chnk039.main
2025-10-21 20:42:45 [runtime] (run:local)       ID.F07840_2.SPATIAL_RNA_COUNTER_CS.SPATIAL_MATRIX_COMPUTER._MATRIX_COMPUTER.BARCODE_CORRECTION.fork0.chnk040.main
2025-10-21 20:42:45 [runtime] (run:local)       ID.F07840_2.SPATIAL_RNA_COUNTER_CS.SPATIAL_MATRIX_COMPUTER._MATRIX_COMPUTER.BARCODE_CORRECTION.fork0.chnk041.main
2025-10-21 20:42:45 [runtime] (run:local)       ID.F07840_2.SPATIAL_RNA_COUNTER_CS.SPATIAL_MATRIX_COMPUTER._MATRIX_COMPUTER.BARCODE_CORRECTION.fork0.chnk042.main
2025-10-21 20:42:45 [runtime] (run:local)       ID.F07840_2.SPATIAL_RNA_COUNTER_CS.SPATIAL_MATRIX_COMPUTER._MATRIX_COMPUTER.BARCODE_CORRECTION.fork0.chnk043.main
2025-10-21 20:42:45 [runtime] (run:local)       ID.F07840_2.SPATIAL_RNA_COUNTER_CS.SPATIAL_MATRIX_COMPUTER._MATRIX_COMPUTER.BARCODE_CORRECTION.fork0.chnk044.main
2025-10-21 20:42:45 [runtime] (run:local)       ID.F07840_2.SPATIAL_RNA_COUNTER_CS.SPATIAL_MATRIX_COMPUTER._MATRIX_COMPUTER.BARCODE_CORRECTION.fork0.chnk045.main
2025-10-21 20:42:45 [runtime] (run:local)       ID.F07840_2.SPATIAL_RNA_COUNTER_CS.SPATIAL_MATRIX_COMPUTER._MATRIX_COMPUTER.BARCODE_CORRECTION.fork0.chnk046.main
2025-10-21 20:42:45 [runtime] (run:local)       ID.F07840_2.SPATIAL_RNA_COUNTER_CS.SPATIAL_MATRIX_COMPUTER._MATRIX_COMPUTER.BARCODE_CORRECTION.fork0.chnk047.main
2025-10-21 20:42:45 [runtime] (run:local)       ID.F07840_2.SPATIAL_RNA_COUNTER_CS.SPATIAL_MATRIX_COMPUTER._MATRIX_COMPUTER.BARCODE_CORRECTION.fork0.chnk048.main
2025-10-21 20:42:46 [runtime] (run:local)       ID.F07840_2.SPATIAL_RNA_COUNTER_CS.SPATIAL_MATRIX_COMPUTER._MATRIX_COMPUTER.BARCODE_CORRECTION.fork0.chnk049.main
2025-10-21 20:42:46 [runtime] (run:local)       ID.F07840_2.SPATIAL_RNA_COUNTER_CS.SPATIAL_MATRIX_COMPUTER._MATRIX_COMPUTER.BARCODE_CORRECTION.fork0.chnk050.main
2025-10-21 20:42:46 [runtime] (run:local)       ID.F07840_2.SPATIAL_RNA_COUNTER_CS.SPATIAL_MATRIX_COMPUTER._MATRIX_COMPUTER.BARCODE_CORRECTION.fork0.chnk051.main
2025-10-21 20:42:46 [runtime] (run:local)       ID.F07840_2.SPATIAL_RNA_COUNTER_CS.SPATIAL_MATRIX_COMPUTER._MATRIX_COMPUTER.BARCODE_CORRECTION.fork0.chnk052.main
2025-10-21 20:42:46 [runtime] (run:local)       ID.F07840_2.SPATIAL_RNA_COUNTER_CS.SPATIAL_MATRIX_COMPUTER._MATRIX_COMPUTER.BARCODE_CORRECTION.fork0.chnk053.main
2025-10-21 20:42:46 [runtime] (run:local)       ID.F07840_2.SPATIAL_RNA_COUNTER_CS.SPATIAL_MATRIX_COMPUTER._MATRIX_COMPUTER.BARCODE_CORRECTION.fork0.chnk054.main
2025-10-21 20:42:46 [runtime] (run:local)       ID.F07840_2.SPATIAL_RNA_COUNTER_CS.SPATIAL_MATRIX_COMPUTER._MATRIX_COMPUTER.BARCODE_CORRECTION.fork0.chnk055.main
2025-10-21 20:42:46 [runtime] (run:local)       ID.F07840_2.SPATIAL_RNA_COUNTER_CS.SPATIAL_MATRIX_COMPUTER._MATRIX_COMPUTER.BARCODE_CORRECTION.fork0.chnk056.main
2025-10-21 20:42:46 [runtime] (run:local)       ID.F07840_2.SPATIAL_RNA_COUNTER_CS.SPATIAL_MATRIX_COMPUTER._MATRIX_COMPUTER.BARCODE_CORRECTION.fork0.chnk057.main
2025-10-21 20:42:46 [runtime] (run:local)       ID.F07840_2.SPATIAL_RNA_COUNTER_CS.SPATIAL_MATRIX_COMPUTER._MATRIX_COMPUTER.BARCODE_CORRECTION.fork0.chnk058.main
2025-10-21 20:42:46 [runtime] (run:local)       ID.F07840_2.SPATIAL_RNA_COUNTER_CS.SPATIAL_MATRIX_COMPUTER._MATRIX_COMPUTER.BARCODE_CORRECTION.fork0.chnk059.main
2025-10-21 20:42:46 [runtime] (run:local)       ID.F07840_2.SPATIAL_RNA_COUNTER_CS.SPATIAL_MATRIX_COMPUTER._MATRIX_COMPUTER.BARCODE_CORRECTION.fork0.chnk060.main
2025-10-21 20:42:46 [runtime] (run:local)       ID.F07840_2.SPATIAL_RNA_COUNTER_CS.SPATIAL_MATRIX_COMPUTER._MATRIX_COMPUTER.BARCODE_CORRECTION.fork0.chnk061.main
2025-10-21 20:42:46 [runtime] (run:local)       ID.F07840_2.SPATIAL_RNA_COUNTER_CS.SPATIAL_MATRIX_COMPUTER._MATRIX_COMPUTER.BARCODE_CORRECTION.fork0.chnk062.main
2025-10-21 20:42:46 [runtime] (run:local)       ID.F07840_2.SPATIAL_RNA_COUNTER_CS.SPATIAL_MATRIX_COMPUTER._MATRIX_COMPUTER.BARCODE_CORRECTION.fork0.chnk063.main
2025-10-21 20:42:46 [runtime] (run:local)       ID.F07840_2.SPATIAL_RNA_COUNTER_CS.SPATIAL_MATRIX_COMPUTER._MATRIX_COMPUTER.BARCODE_CORRECTION.fork0.chnk064.main
2025-10-21 20:42:46 [runtime] (run:local)       ID.F07840_2.SPATIAL_RNA_COUNTER_CS.SPATIAL_MATRIX_COMPUTER._MATRIX_COMPUTER.BARCODE_CORRECTION.fork0.chnk065.main
2025-10-21 20:42:46 [runtime] (run:local)       ID.F07840_2.SPATIAL_RNA_COUNTER_CS.SPATIAL_MATRIX_COMPUTER._MATRIX_COMPUTER.BARCODE_CORRECTION.fork0.chnk066.main
2025-10-21 20:42:46 [runtime] (run:local)       ID.F07840_2.SPATIAL_RNA_COUNTER_CS.SPATIAL_MATRIX_COMPUTER._MATRIX_COMPUTER.BARCODE_CORRECTION.fork0.chnk067.main
2025-10-21 20:42:46 [runtime] (run:local)       ID.F07840_2.SPATIAL_RNA_COUNTER_CS.SPATIAL_MATRIX_COMPUTER._MATRIX_COMPUTER.BARCODE_CORRECTION.fork0.chnk068.main
2025-10-21 20:42:46 [runtime] (run:local)       ID.F07840_2.SPATIAL_RNA_COUNTER_CS.SPATIAL_MATRIX_COMPUTER._MATRIX_COMPUTER.BARCODE_CORRECTION.fork0.chnk069.main
2025-10-21 20:42:46 [runtime] (run:local)       ID.F07840_2.SPATIAL_RNA_COUNTER_CS.SPATIAL_MATRIX_COMPUTER._MATRIX_COMPUTER.BARCODE_CORRECTION.fork0.chnk070.main
2025-10-21 20:42:46 [runtime] (run:local)       ID.F07840_2.SPATIAL_RNA_COUNTER_CS.SPATIAL_MATRIX_COMPUTER._MATRIX_COMPUTER.BARCODE_CORRECTION.fork0.chnk071.main
2025-10-21 20:42:46 [runtime] (run:local)       ID.F07840_2.SPATIAL_RNA_COUNTER_CS.SPATIAL_MATRIX_COMPUTER._MATRIX_COMPUTER.BARCODE_CORRECTION.fork0.chnk072.main
2025-10-21 20:42:46 [runtime] (run:local)       ID.F07840_2.SPATIAL_RNA_COUNTER_CS.SPATIAL_MATRIX_COMPUTER._MATRIX_COMPUTER.BARCODE_CORRECTION.fork0.chnk073.main
2025-10-21 20:42:46 [runtime] (run:local)       ID.F07840_2.SPATIAL_RNA_COUNTER_CS.SPATIAL_MATRIX_COMPUTER._MATRIX_COMPUTER.BARCODE_CORRECTION.fork0.chnk074.main
2025-10-21 20:42:46 [runtime] (run:local)       ID.F07840_2.SPATIAL_RNA_COUNTER_CS.SPATIAL_MATRIX_COMPUTER._MATRIX_COMPUTER.BARCODE_CORRECTION.fork0.chnk075.main
2025-10-21 20:42:46 [runtime] (run:local)       ID.F07840_2.SPATIAL_RNA_COUNTER_CS.SPATIAL_MATRIX_COMPUTER._MATRIX_COMPUTER.BARCODE_CORRECTION.fork0.chnk076.main
2025-10-21 20:42:46 [runtime] (run:local)       ID.F07840_2.SPATIAL_RNA_COUNTER_CS.SPATIAL_MATRIX_COMPUTER._MATRIX_COMPUTER.BARCODE_CORRECTION.fork0.chnk077.main
2025-10-21 20:42:46 [runtime] (run:local)       ID.F07840_2.SPATIAL_RNA_COUNTER_CS.SPATIAL_MATRIX_COMPUTER._MATRIX_COMPUTER.BARCODE_CORRECTION.fork0.chnk078.main
2025-10-21 20:42:46 [runtime] (run:local)       ID.F07840_2.SPATIAL_RNA_COUNTER_CS.SPATIAL_MATRIX_COMPUTER._MATRIX_COMPUTER.BARCODE_CORRECTION.fork0.chnk079.main
2025-10-21 20:42:46 [runtime] (run:local)       ID.F07840_2.SPATIAL_RNA_COUNTER_CS.SPATIAL_MATRIX_COMPUTER._MATRIX_COMPUTER.BARCODE_CORRECTION.fork0.chnk080.main
2025-10-21 20:42:46 [runtime] (run:local)       ID.F07840_2.SPATIAL_RNA_COUNTER_CS.SPATIAL_MATRIX_COMPUTER._MATRIX_COMPUTER.BARCODE_CORRECTION.fork0.chnk081.main
2025-10-21 20:42:46 [runtime] (run:local)       ID.F07840_2.SPATIAL_RNA_COUNTER_CS.SPATIAL_MATRIX_COMPUTER._MATRIX_COMPUTER.BARCODE_CORRECTION.fork0.chnk082.main
2025-10-21 20:42:46 [runtime] (run:local)       ID.F07840_2.SPATIAL_RNA_COUNTER_CS.SPATIAL_MATRIX_COMPUTER._MATRIX_COMPUTER.BARCODE_CORRECTION.fork0.chnk083.main
2025-10-21 20:42:46 [runtime] (run:local)       ID.F07840_2.SPATIAL_RNA_COUNTER_CS.SPATIAL_MATRIX_COMPUTER._MATRIX_COMPUTER.BARCODE_CORRECTION.fork0.chnk084.main
2025-10-21 20:42:46 [runtime] (run:local)       ID.F07840_2.SPATIAL_RNA_COUNTER_CS.SPATIAL_MATRIX_COMPUTER._MATRIX_COMPUTER.BARCODE_CORRECTION.fork0.chnk085.main
2025-10-21 20:42:46 [runtime] (run:local)       ID.F07840_2.SPATIAL_RNA_COUNTER_CS.SPATIAL_MATRIX_COMPUTER._MATRIX_COMPUTER.BARCODE_CORRECTION.fork0.chnk086.main
2025-10-21 20:42:46 [runtime] (run:local)       ID.F07840_2.SPATIAL_RNA_COUNTER_CS.SPATIAL_MATRIX_COMPUTER._MATRIX_COMPUTER.BARCODE_CORRECTION.fork0.chnk087.main
2025-10-21 20:42:46 [runtime] (run:local)       ID.F07840_2.SPATIAL_RNA_COUNTER_CS.SPATIAL_MATRIX_COMPUTER._MATRIX_COMPUTER.BARCODE_CORRECTION.fork0.chnk088.main
2025-10-21 20:42:46 [runtime] (run:local)       ID.F07840_2.SPATIAL_RNA_COUNTER_CS.SPATIAL_MATRIX_COMPUTER._MATRIX_COMPUTER.BARCODE_CORRECTION.fork0.chnk089.main
2025-10-21 20:42:46 [runtime] (run:local)       ID.F07840_2.SPATIAL_RNA_COUNTER_CS.SPATIAL_MATRIX_COMPUTER._MATRIX_COMPUTER.BARCODE_CORRECTION.fork0.chnk090.main
2025-10-21 20:42:46 [runtime] (run:local)       ID.F07840_2.SPATIAL_RNA_COUNTER_CS.SPATIAL_MATRIX_COMPUTER._MATRIX_COMPUTER.BARCODE_CORRECTION.fork0.chnk091.main
2025-10-21 20:42:46 [runtime] (run:local)       ID.F07840_2.SPATIAL_RNA_COUNTER_CS.SPATIAL_MATRIX_COMPUTER._MATRIX_COMPUTER.BARCODE_CORRECTION.fork0.chnk092.main
2025-10-21 20:42:46 [runtime] (run:local)       ID.F07840_2.SPATIAL_RNA_COUNTER_CS.SPATIAL_MATRIX_COMPUTER._MATRIX_COMPUTER.BARCODE_CORRECTION.fork0.chnk093.main
2025-10-21 20:42:46 [runtime] (run:local)       ID.F07840_2.SPATIAL_RNA_COUNTER_CS.SPATIAL_MATRIX_COMPUTER._MATRIX_COMPUTER.BARCODE_CORRECTION.fork0.chnk094.main
2025-10-21 20:42:46 [runtime] (run:local)       ID.F07840_2.SPATIAL_RNA_COUNTER_CS.SPATIAL_MATRIX_COMPUTER._MATRIX_COMPUTER.BARCODE_CORRECTION.fork0.chnk095.main
2025-10-21 20:42:46 [runtime] (run:local)       ID.F07840_2.SPATIAL_RNA_COUNTER_CS.SPATIAL_MATRIX_COMPUTER._MATRIX_COMPUTER.BARCODE_CORRECTION.fork0.chnk096.main
2025-10-21 20:42:46 [runtime] (run:local)       ID.F07840_2.SPATIAL_RNA_COUNTER_CS.SPATIAL_MATRIX_COMPUTER._MATRIX_COMPUTER.BARCODE_CORRECTION.fork0.chnk097.main
2025-10-21 20:42:46 [runtime] (run:local)       ID.F07840_2.SPATIAL_RNA_COUNTER_CS.SPATIAL_MATRIX_COMPUTER._MATRIX_COMPUTER.BARCODE_CORRECTION.fork0.chnk098.main
2025-10-21 20:42:46 [runtime] (run:local)       ID.F07840_2.SPATIAL_RNA_COUNTER_CS.SPATIAL_MATRIX_COMPUTER._MATRIX_COMPUTER.BARCODE_CORRECTION.fork0.chnk099.main
2025-10-21 20:47:49 [runtime] (update)          ID.F07840_2.SPATIAL_RNA_COUNTER_CS.SPATIAL_MATRIX_COMPUTER._MATRIX_COMPUTER.BARCODE_CORRECTION.fork0 chunks running (25/100 completed)
2025-10-21 20:52:51 [runtime] (update)          ID.F07840_2.SPATIAL_RNA_COUNTER_CS.SPATIAL_MATRIX_COMPUTER._MATRIX_COMPUTER.BARCODE_CORRECTION.fork0 chunks running (70/100 completed)
2025-10-21 20:57:03 [runtime] (chunks_complete) ID.F07840_2.SPATIAL_RNA_COUNTER_CS.SPATIAL_MATRIX_COMPUTER._MATRIX_COMPUTER.BARCODE_CORRECTION
2025-10-21 20:57:03 [runtime] (run:local)       ID.F07840_2.SPATIAL_RNA_COUNTER_CS.SPATIAL_MATRIX_COMPUTER._MATRIX_COMPUTER.BARCODE_CORRECTION.fork0.join
2025-10-21 20:57:33 [runtime] (join_complete)   ID.F07840_2.SPATIAL_RNA_COUNTER_CS.SPATIAL_MATRIX_COMPUTER._MATRIX_COMPUTER.BARCODE_CORRECTION
2025-10-21 20:57:36 [runtime] (ready)           ID.F07840_2.SPATIAL_RNA_COUNTER_CS.SPATIAL_MATRIX_COMPUTER._MATRIX_COMPUTER.WRITE_BARCODE_INDEX
2025-10-21 20:57:37 [runtime] (run:local)       ID.F07840_2.SPATIAL_RNA_COUNTER_CS.SPATIAL_MATRIX_COMPUTER._MATRIX_COMPUTER.WRITE_BARCODE_INDEX.fork0.chnk0.main
2025-10-21 20:57:37 [runtime] (ready)           ID.F07840_2.SPATIAL_RNA_COUNTER_CS.SPATIAL_MATRIX_COMPUTER._MATRIX_COMPUTER.ALIGN_AND_COUNT
2025-10-21 20:57:37 [runtime] (run:local)       ID.F07840_2.SPATIAL_RNA_COUNTER_CS.SPATIAL_MATRIX_COMPUTER._MATRIX_COMPUTER.ALIGN_AND_COUNT.fork0.split
2025-10-21 20:57:37 [runtime] (chunks_complete) ID.F07840_2.SPATIAL_RNA_COUNTER_CS.SPATIAL_MATRIX_COMPUTER._MATRIX_COMPUTER.WRITE_BARCODE_INDEX
2025-10-21 20:57:40 [runtime] (split_complete)  ID.F07840_2.SPATIAL_RNA_COUNTER_CS.SPATIAL_MATRIX_COMPUTER._MATRIX_COMPUTER.ALIGN_AND_COUNT
2025-10-21 20:57:40 [runtime] (run:local)       ID.F07840_2.SPATIAL_RNA_COUNTER_CS.SPATIAL_MATRIX_COMPUTER._MATRIX_COMPUTER.ALIGN_AND_COUNT.fork0.chnk00.main
2025-10-21 20:57:40 [runtime] (run:local)       ID.F07840_2.SPATIAL_RNA_COUNTER_CS.SPATIAL_MATRIX_COMPUTER._MATRIX_COMPUTER.ALIGN_AND_COUNT.fork0.chnk01.main
2025-10-21 20:57:40 [runtime] (run:local)       ID.F07840_2.SPATIAL_RNA_COUNTER_CS.SPATIAL_MATRIX_COMPUTER._MATRIX_COMPUTER.ALIGN_AND_COUNT.fork0.chnk02.main
2025-10-21 20:57:40 [runtime] (run:local)       ID.F07840_2.SPATIAL_RNA_COUNTER_CS.SPATIAL_MATRIX_COMPUTER._MATRIX_COMPUTER.ALIGN_AND_COUNT.fork0.chnk03.main
2025-10-21 20:57:40 [runtime] (run:local)       ID.F07840_2.SPATIAL_RNA_COUNTER_CS.SPATIAL_MATRIX_COMPUTER._MATRIX_COMPUTER.ALIGN_AND_COUNT.fork0.chnk04.main
2025-10-21 20:57:40 [runtime] (run:local)       ID.F07840_2.SPATIAL_RNA_COUNTER_CS.SPATIAL_MATRIX_COMPUTER._MATRIX_COMPUTER.ALIGN_AND_COUNT.fork0.chnk05.main
2025-10-21 20:57:40 [runtime] (run:local)       ID.F07840_2.SPATIAL_RNA_COUNTER_CS.SPATIAL_MATRIX_COMPUTER._MATRIX_COMPUTER.ALIGN_AND_COUNT.fork0.chnk06.main
2025-10-21 20:57:40 [runtime] (run:local)       ID.F07840_2.SPATIAL_RNA_COUNTER_CS.SPATIAL_MATRIX_COMPUTER._MATRIX_COMPUTER.ALIGN_AND_COUNT.fork0.chnk07.main
2025-10-21 20:57:40 [runtime] (run:local)       ID.F07840_2.SPATIAL_RNA_COUNTER_CS.SPATIAL_MATRIX_COMPUTER._MATRIX_COMPUTER.ALIGN_AND_COUNT.fork0.chnk08.main
2025-10-21 20:57:40 [runtime] (run:local)       ID.F07840_2.SPATIAL_RNA_COUNTER_CS.SPATIAL_MATRIX_COMPUTER._MATRIX_COMPUTER.ALIGN_AND_COUNT.fork0.chnk09.main
2025-10-21 20:57:40 [runtime] (run:local)       ID.F07840_2.SPATIAL_RNA_COUNTER_CS.SPATIAL_MATRIX_COMPUTER._MATRIX_COMPUTER.ALIGN_AND_COUNT.fork0.chnk10.main
2025-10-21 20:57:40 [runtime] (run:local)       ID.F07840_2.SPATIAL_RNA_COUNTER_CS.SPATIAL_MATRIX_COMPUTER._MATRIX_COMPUTER.ALIGN_AND_COUNT.fork0.chnk11.main
2025-10-21 21:03:36 [runtime] (update)          ID.F07840_2.SPATIAL_RNA_COUNTER_CS.SPATIAL_MATRIX_COMPUTER._MATRIX_COMPUTER.ALIGN_AND_COUNT.fork0 chunks running (2/12 completed)
2025-10-21 21:09:37 [runtime] (update)          ID.F07840_2.SPATIAL_RNA_COUNTER_CS.SPATIAL_MATRIX_COMPUTER._MATRIX_COMPUTER.ALIGN_AND_COUNT.fork0 chunks running (4/12 completed)
2025-10-21 21:16:24 [runtime] (update)          ID.F07840_2.SPATIAL_RNA_COUNTER_CS.SPATIAL_MATRIX_COMPUTER._MATRIX_COMPUTER.ALIGN_AND_COUNT.fork0 chunks running (8/12 completed)
2025-10-21 21:22:22 [runtime] (update)          ID.F07840_2.SPATIAL_RNA_COUNTER_CS.SPATIAL_MATRIX_COMPUTER._MATRIX_COMPUTER.ALIGN_AND_COUNT.fork0 chunks running (10/12 completed)
2025-10-21 21:22:56 [runtime] (chunks_complete) ID.F07840_2.SPATIAL_RNA_COUNTER_CS.SPATIAL_MATRIX_COMPUTER._MATRIX_COMPUTER.ALIGN_AND_COUNT
2025-10-21 21:22:56 [runtime] (run:local)       ID.F07840_2.SPATIAL_RNA_COUNTER_CS.SPATIAL_MATRIX_COMPUTER._MATRIX_COMPUTER.ALIGN_AND_COUNT.fork0.join
2025-10-21 21:23:14 [runtime] (join_complete)   ID.F07840_2.SPATIAL_RNA_COUNTER_CS.SPATIAL_MATRIX_COMPUTER._MATRIX_COMPUTER.ALIGN_AND_COUNT
2025-10-21 21:23:21 [runtime] (ready)           ID.F07840_2.SPATIAL_RNA_COUNTER_CS.SPATIAL_MATRIX_COMPUTER._MATRIX_COMPUTER.WRITE_BARCODE_SUMMARY
2025-10-21 21:23:21 [runtime] (run:local)       ID.F07840_2.SPATIAL_RNA_COUNTER_CS.SPATIAL_MATRIX_COMPUTER._MATRIX_COMPUTER.WRITE_BARCODE_SUMMARY.fork0.split
2025-10-21 21:23:21 [runtime] (ready)           ID.F07840_2.SPATIAL_RNA_COUNTER_CS.SPATIAL_MATRIX_COMPUTER._MATRIX_COMPUTER.COLLATE_METRICS
2025-10-21 21:23:21 [runtime] (run:local)       ID.F07840_2.SPATIAL_RNA_COUNTER_CS.SPATIAL_MATRIX_COMPUTER._MATRIX_COMPUTER.COLLATE_METRICS.fork0.split
2025-10-21 21:23:21 [runtime] (ready)           ID.F07840_2.SPATIAL_RNA_COUNTER_CS.SPATIAL_MATRIX_COMPUTER._MATRIX_COMPUTER.WRITE_MATRIX_MARKET
2025-10-21 21:23:21 [runtime] (run:local)       ID.F07840_2.SPATIAL_RNA_COUNTER_CS.SPATIAL_MATRIX_COMPUTER._MATRIX_COMPUTER.WRITE_MATRIX_MARKET.fork0.split
2025-10-21 21:23:22 [runtime] (ready)           ID.F07840_2.SPATIAL_RNA_COUNTER_CS.SPATIAL_MATRIX_COMPUTER._MATRIX_COMPUTER.WRITE_H5_MATRIX
2025-10-21 21:23:22 [runtime] (run:local)       ID.F07840_2.SPATIAL_RNA_COUNTER_CS.SPATIAL_MATRIX_COMPUTER._MATRIX_COMPUTER.WRITE_H5_MATRIX.fork0.split
2025-10-21 21:23:22 [runtime] (split_complete)  ID.F07840_2.SPATIAL_RNA_COUNTER_CS.SPATIAL_MATRIX_COMPUTER._MATRIX_COMPUTER.WRITE_BARCODE_SUMMARY
2025-10-21 21:23:22 [runtime] (run:local)       ID.F07840_2.SPATIAL_RNA_COUNTER_CS.SPATIAL_MATRIX_COMPUTER._MATRIX_COMPUTER.WRITE_BARCODE_SUMMARY.fork0.join
2025-10-21 21:23:22 [runtime] (split_complete)  ID.F07840_2.SPATIAL_RNA_COUNTER_CS.SPATIAL_MATRIX_COMPUTER._MATRIX_COMPUTER.WRITE_MATRIX_MARKET
2025-10-21 21:23:22 [runtime] (run:local)       ID.F07840_2.SPATIAL_RNA_COUNTER_CS.SPATIAL_MATRIX_COMPUTER._MATRIX_COMPUTER.WRITE_MATRIX_MARKET.fork0.join
2025-10-21 21:23:22 [runtime] (split_complete)  ID.F07840_2.SPATIAL_RNA_COUNTER_CS.SPATIAL_MATRIX_COMPUTER._MATRIX_COMPUTER.COLLATE_METRICS
2025-10-21 21:23:22 [runtime] (run:local)       ID.F07840_2.SPATIAL_RNA_COUNTER_CS.SPATIAL_MATRIX_COMPUTER._MATRIX_COMPUTER.COLLATE_METRICS.fork0.chnk0.main
2025-10-21 21:23:22 [runtime] (split_complete)  ID.F07840_2.SPATIAL_RNA_COUNTER_CS.SPATIAL_MATRIX_COMPUTER._MATRIX_COMPUTER.WRITE_H5_MATRIX
2025-10-21 21:23:22 [runtime] (run:local)       ID.F07840_2.SPATIAL_RNA_COUNTER_CS.SPATIAL_MATRIX_COMPUTER._MATRIX_COMPUTER.WRITE_H5_MATRIX.fork0.join
2025-10-21 21:24:42 [runtime] (join_complete)   ID.F07840_2.SPATIAL_RNA_COUNTER_CS.SPATIAL_MATRIX_COMPUTER._MATRIX_COMPUTER.WRITE_BARCODE_SUMMARY
2025-10-21 21:25:17 [runtime] (join_complete)   ID.F07840_2.SPATIAL_RNA_COUNTER_CS.SPATIAL_MATRIX_COMPUTER._MATRIX_COMPUTER.WRITE_H5_MATRIX
2025-10-21 21:25:17 [runtime] (ready)           ID.F07840_2.SPATIAL_RNA_COUNTER_CS.SPATIAL_RNA_COUNTER.SPATIAL_POST_MATRIX_COMPUTATION._POST_MATRIX_COMPUTATION.DISABLE_STAGES
2025-10-21 21:25:17 [runtime] (run:local)       ID.F07840_2.SPATIAL_RNA_COUNTER_CS.SPATIAL_RNA_COUNTER.SPATIAL_POST_MATRIX_COMPUTATION._POST_MATRIX_COMPUTATION.DISABLE_STAGES.fork0.chnk0.main
2025-10-21 21:25:17 [runtime] (ready)           ID.F07840_2.SPATIAL_RNA_COUNTER_CS.SPATIAL_IMAGING_CS.REGISTER_TISSUE.END_TO_END_REGISTRATION
2025-10-21 21:25:17 [runtime] (run:local)       ID.F07840_2.SPATIAL_RNA_COUNTER_CS.SPATIAL_IMAGING_CS.REGISTER_TISSUE.END_TO_END_REGISTRATION.fork0.split
2025-10-21 21:25:25 [runtime] (chunks_complete) ID.F07840_2.SPATIAL_RNA_COUNTER_CS.SPATIAL_MATRIX_COMPUTER._MATRIX_COMPUTER.COLLATE_METRICS
2025-10-21 21:25:25 [runtime] (run:local)       ID.F07840_2.SPATIAL_RNA_COUNTER_CS.SPATIAL_MATRIX_COMPUTER._MATRIX_COMPUTER.COLLATE_METRICS.fork0.join
2025-10-21 21:25:28 [runtime] (join_complete)   ID.F07840_2.SPATIAL_RNA_COUNTER_CS.SPATIAL_MATRIX_COMPUTER._MATRIX_COMPUTER.COLLATE_METRICS
2025-10-21 21:25:28 [runtime] (ready)           ID.F07840_2.SPATIAL_RNA_COUNTER_CS.SPATIAL_MATRIX_COMPUTER._MATRIX_COMPUTER.MERGE_METRICS
2025-10-21 21:25:28 [runtime] (run:local)       ID.F07840_2.SPATIAL_RNA_COUNTER_CS.SPATIAL_MATRIX_COMPUTER._MATRIX_COMPUTER.MERGE_METRICS.fork0.chnk0.main
2025-10-21 21:25:28 [runtime] (chunks_complete) ID.F07840_2.SPATIAL_RNA_COUNTER_CS.SPATIAL_MATRIX_COMPUTER._MATRIX_COMPUTER.MERGE_METRICS
2025-10-21 21:25:52 [runtime] (chunks_complete) ID.F07840_2.SPATIAL_RNA_COUNTER_CS.SPATIAL_RNA_COUNTER.SPATIAL_POST_MATRIX_COMPUTATION._POST_MATRIX_COMPUTATION.DISABLE_STAGES
2025-10-21 21:25:52 [runtime] (ready)           ID.F07840_2.SPATIAL_RNA_COUNTER_CS.SPATIAL_RNA_COUNTER.SPATIAL_POST_MATRIX_COMPUTATION._POST_MATRIX_COMPUTATION._ASSIGN_TAGS.MULTIPLEXING_METHOD
2025-10-21 21:25:52 [runtime] (ready)           ID.F07840_2.SPATIAL_RNA_COUNTER_CS.SPATIAL_RNA_COUNTER.SPATIAL_POST_MATRIX_COMPUTATION._POST_MATRIX_COMPUTATION.WRITE_POS_BAM
2025-10-21 21:25:54 [runtime] (split_complete)  ID.F07840_2.SPATIAL_RNA_COUNTER_CS.SPATIAL_IMAGING_CS.REGISTER_TISSUE.END_TO_END_REGISTRATION
2025-10-21 21:25:54 [runtime] (run:local)       ID.F07840_2.SPATIAL_RNA_COUNTER_CS.SPATIAL_IMAGING_CS.REGISTER_TISSUE.END_TO_END_REGISTRATION.fork0.join
2025-10-21 21:26:02 [runtime] (join_complete)   ID.F07840_2.SPATIAL_RNA_COUNTER_CS.SPATIAL_MATRIX_COMPUTER._MATRIX_COMPUTER.WRITE_MATRIX_MARKET
2025-10-21 21:26:41 [runtime] (join_complete)   ID.F07840_2.SPATIAL_RNA_COUNTER_CS.SPATIAL_IMAGING_CS.REGISTER_TISSUE.END_TO_END_REGISTRATION
2025-10-21 21:26:41 [runtime] (ready)           ID.F07840_2.SPATIAL_RNA_COUNTER_CS.SPATIAL_IMAGING_CS.PICK_REGISTERED_SPOT_DATA
2025-10-21 21:26:41 [runtime] (run:local)       ID.F07840_2.SPATIAL_RNA_COUNTER_CS.SPATIAL_IMAGING_CS.PICK_REGISTERED_SPOT_DATA.fork0.chnk0.main
2025-10-21 21:26:41 [runtime] (chunks_complete) ID.F07840_2.SPATIAL_RNA_COUNTER_CS.SPATIAL_IMAGING_CS.PICK_REGISTERED_SPOT_DATA
2025-10-21 21:26:42 [runtime] (ready)           ID.F07840_2.SPATIAL_RNA_COUNTER_CS.SPATIAL_IMAGING_CS.DETECT_TISSUE
2025-10-21 21:26:42 [runtime] (run:local)       ID.F07840_2.SPATIAL_RNA_COUNTER_CS.SPATIAL_IMAGING_CS.DETECT_TISSUE.fork0.split
2025-10-21 21:26:42 [runtime] (ready)           ID.F07840_2.SPATIAL_RNA_COUNTER_CS.SPATIAL_RNA_COUNTER.SPATIAL_POST_MATRIX_COMPUTATION.BIN_HD_DATA._BIN_HD_DATA.CREATE_HD_FEATURE_SLICE
2025-10-21 21:26:42 [runtime] (run:local)       ID.F07840_2.SPATIAL_RNA_COUNTER_CS.SPATIAL_RNA_COUNTER.SPATIAL_POST_MATRIX_COMPUTATION.BIN_HD_DATA._BIN_HD_DATA.CREATE_HD_FEATURE_SLICE.fork0.split
2025-10-21 21:26:42 [runtime] (split_complete)  ID.F07840_2.SPATIAL_RNA_COUNTER_CS.SPATIAL_RNA_COUNTER.SPATIAL_POST_MATRIX_COMPUTATION.BIN_HD_DATA._BIN_HD_DATA.CREATE_HD_FEATURE_SLICE
2025-10-21 21:26:42 [runtime] (run:local)       ID.F07840_2.SPATIAL_RNA_COUNTER_CS.SPATIAL_RNA_COUNTER.SPATIAL_POST_MATRIX_COMPUTATION.BIN_HD_DATA._BIN_HD_DATA.CREATE_HD_FEATURE_SLICE.fork0.join
2025-10-21 21:26:44 [runtime] (split_complete)  ID.F07840_2.SPATIAL_RNA_COUNTER_CS.SPATIAL_IMAGING_CS.DETECT_TISSUE
2025-10-21 21:26:44 [runtime] (run:local)       ID.F07840_2.SPATIAL_RNA_COUNTER_CS.SPATIAL_IMAGING_CS.DETECT_TISSUE.fork0.join
2025-10-21 21:27:47 [runtime] (join_complete)   ID.F07840_2.SPATIAL_RNA_COUNTER_CS.SPATIAL_RNA_COUNTER.SPATIAL_POST_MATRIX_COMPUTATION.BIN_HD_DATA._BIN_HD_DATA.CREATE_HD_FEATURE_SLICE
2025-10-21 21:31:27 [runtime] (join_complete)   ID.F07840_2.SPATIAL_RNA_COUNTER_CS.SPATIAL_IMAGING_CS.DETECT_TISSUE
2025-10-21 21:31:27 [runtime] (ready)           ID.F07840_2.SPATIAL_RNA_COUNTER_CS.SPATIAL_IMAGING_CS.COLLECT_IMAGING_METRICS
2025-10-21 21:31:27 [runtime] (run:local)       ID.F07840_2.SPATIAL_RNA_COUNTER_CS.SPATIAL_IMAGING_CS.COLLECT_IMAGING_METRICS.fork0.chnk0.main
2025-10-21 21:31:27 [runtime] (ready)           ID.F07840_2.SPATIAL_RNA_COUNTER_CS.SPATIAL_IMAGING_CS.OUTPUT_FINAL_ALIGNMENT
2025-10-21 21:31:27 [runtime] (run:local)       ID.F07840_2.SPATIAL_RNA_COUNTER_CS.SPATIAL_IMAGING_CS.OUTPUT_FINAL_ALIGNMENT.fork0.chnk0.main
2025-10-21 21:31:27 [runtime] (ready)           ID.F07840_2.SPATIAL_RNA_COUNTER_CS.SPATIAL_IMAGING_CS.OUTPUT_SPOTS_BARCODES
2025-10-21 21:31:27 [runtime] (run:local)       ID.F07840_2.SPATIAL_RNA_COUNTER_CS.SPATIAL_IMAGING_CS.OUTPUT_SPOTS_BARCODES.fork0.split
2025-10-21 21:31:58 [runtime] (split_complete)  ID.F07840_2.SPATIAL_RNA_COUNTER_CS.SPATIAL_IMAGING_CS.OUTPUT_SPOTS_BARCODES
2025-10-21 21:31:59 [runtime] (run:local)       ID.F07840_2.SPATIAL_RNA_COUNTER_CS.SPATIAL_IMAGING_CS.OUTPUT_SPOTS_BARCODES.fork0.join
2025-10-21 21:31:59 [runtime] (chunks_complete) ID.F07840_2.SPATIAL_RNA_COUNTER_CS.SPATIAL_IMAGING_CS.COLLECT_IMAGING_METRICS
2025-10-21 21:32:00 [runtime] (chunks_complete) ID.F07840_2.SPATIAL_RNA_COUNTER_CS.SPATIAL_IMAGING_CS.OUTPUT_FINAL_ALIGNMENT
2025-10-21 21:32:00 [runtime] (ready)           ID.F07840_2.SPATIAL_RNA_COUNTER_CS.SPATIAL_IMAGING_CS.SEGMENT_NUCLEI.NORMALIZE_TISSUE_IMAGE
2025-10-21 21:32:00 [runtime] (run:local)       ID.F07840_2.SPATIAL_RNA_COUNTER_CS.SPATIAL_IMAGING_CS.SEGMENT_NUCLEI.NORMALIZE_TISSUE_IMAGE.fork0.split
2025-10-21 21:32:01 [runtime] (split_complete)  ID.F07840_2.SPATIAL_RNA_COUNTER_CS.SPATIAL_IMAGING_CS.SEGMENT_NUCLEI.NORMALIZE_TISSUE_IMAGE
2025-10-21 21:32:01 [runtime] (run:local)       ID.F07840_2.SPATIAL_RNA_COUNTER_CS.SPATIAL_IMAGING_CS.SEGMENT_NUCLEI.NORMALIZE_TISSUE_IMAGE.fork0.join
2025-10-21 21:32:12 [runtime] (join_complete)   ID.F07840_2.SPATIAL_RNA_COUNTER_CS.SPATIAL_IMAGING_CS.SEGMENT_NUCLEI.NORMALIZE_TISSUE_IMAGE
2025-10-21 21:32:12 [runtime] (ready)           ID.F07840_2.SPATIAL_RNA_COUNTER_CS.SPATIAL_IMAGING_CS.SEGMENT_NUCLEI.RUN_NUCLEI_SEGMENTATION
2025-10-21 21:32:12 [runtime] (run:local)       ID.F07840_2.SPATIAL_RNA_COUNTER_CS.SPATIAL_IMAGING_CS.SEGMENT_NUCLEI.RUN_NUCLEI_SEGMENTATION.fork0.split
2025-10-21 21:32:14 [runtime] (split_complete)  ID.F07840_2.SPATIAL_RNA_COUNTER_CS.SPATIAL_IMAGING_CS.SEGMENT_NUCLEI.RUN_NUCLEI_SEGMENTATION
2025-10-21 21:32:14 [runtime] (run:local)       ID.F07840_2.SPATIAL_RNA_COUNTER_CS.SPATIAL_IMAGING_CS.SEGMENT_NUCLEI.RUN_NUCLEI_SEGMENTATION.fork0.join
2025-10-21 21:32:27 [runtime] (join_complete)   ID.F07840_2.SPATIAL_RNA_COUNTER_CS.SPATIAL_IMAGING_CS.OUTPUT_SPOTS_BARCODES
2025-10-21 21:32:27 [runtime] (ready)           ID.F07840_2.SPATIAL_RNA_COUNTER_CS.SPATIAL_RNA_COUNTER.SPATIAL_POST_MATRIX_COMPUTATION._POST_MATRIX_COMPUTATION.FILTER_BARCODES
2025-10-21 21:32:27 [runtime] (run:local)       ID.F07840_2.SPATIAL_RNA_COUNTER_CS.SPATIAL_RNA_COUNTER.SPATIAL_POST_MATRIX_COMPUTATION._POST_MATRIX_COMPUTATION.FILTER_BARCODES.fork0.split
2025-10-21 21:32:27 [runtime] (ready)           ID.F07840_2.SPATIAL_RNA_COUNTER_CS.SPATIAL_IMAGING_CS.CALCULATE_FLUORESCENCE_INTENSITY
2025-10-21 21:32:27 [runtime] (run:local)       ID.F07840_2.SPATIAL_RNA_COUNTER_CS.SPATIAL_IMAGING_CS.CALCULATE_FLUORESCENCE_INTENSITY.fork0.split
2025-10-21 21:32:27 [runtime] (ready)           ID.F07840_2.SPATIAL_RNA_COUNTER_CS.SPATIAL_RNA_COUNTER.SPATIAL_POST_MATRIX_COMPUTATION.BIN_HD_DATA._BIN_HD_DATA.PROCESS_HD_ALIGNMENT
2025-10-21 21:32:27 [runtime] (run:local)       ID.F07840_2.SPATIAL_RNA_COUNTER_CS.SPATIAL_RNA_COUNTER.SPATIAL_POST_MATRIX_COMPUTATION.BIN_HD_DATA._BIN_HD_DATA.PROCESS_HD_ALIGNMENT.fork0.chnk0.main
2025-10-21 21:38:28 [runtime] (update)          ID.F07840_2.SPATIAL_RNA_COUNTER_CS.SPATIAL_IMAGING_CS.SEGMENT_NUCLEI.RUN_NUCLEI_SEGMENTATION.fork0 join_running
2025-10-21 21:43:17 [runtime] (join_complete)   ID.F07840_2.SPATIAL_RNA_COUNTER_CS.SPATIAL_IMAGING_CS.SEGMENT_NUCLEI.RUN_NUCLEI_SEGMENTATION
2025-10-21 21:43:17 [runtime] (update)          ID.F07840_2.SPATIAL_RNA_COUNTER_CS.SPATIAL_RNA_COUNTER.SPATIAL_POST_MATRIX_COMPUTATION._POST_MATRIX_COMPUTATION.FILTER_BARCODES.fork0 split_running
2025-10-21 21:43:17 [runtime] (update)          ID.F07840_2.SPATIAL_RNA_COUNTER_CS.SPATIAL_RNA_COUNTER.SPATIAL_POST_MATRIX_COMPUTATION.BIN_HD_DATA._BIN_HD_DATA.PROCESS_HD_ALIGNMENT.fork0 chunks_running
2025-10-21 21:43:17 [runtime] (update)          ID.F07840_2.SPATIAL_RNA_COUNTER_CS.SPATIAL_IMAGING_CS.CALCULATE_FLUORESCENCE_INTENSITY.fork0 split_running
2025-10-21 21:43:17 [runtime] (ready)           ID.F07840_2.SPATIAL_RNA_COUNTER_CS.SPATIAL_RNA_COUNTER.SPATIAL_POST_MATRIX_COMPUTATION.BIN_HD_DATA._BIN_HD_DATA.PROCESS_SEGMENTATIONS._PROCESS_SEGMENTATIONS.SEGMENT_TO_FEATURE_CELL_MATRIX.SETUP_SEGMENTATION_PROCESSING
2025-10-21 21:43:17 [runtime] (run:local)       ID.F07840_2.SPATIAL_RNA_COUNTER_CS.SPATIAL_RNA_COUNTER.SPATIAL_POST_MATRIX_COMPUTATION.BIN_HD_DATA._BIN_HD_DATA.PROCESS_SEGMENTATIONS._PROCESS_SEGMENTATIONS.SEGMENT_TO_FEATURE_CELL_MATRIX.SETUP_SEGMENTATION_PROCESSING.fork0.chnk0.main
2025-10-21 21:43:18 [runtime] (chunks_complete) ID.F07840_2.SPATIAL_RNA_COUNTER_CS.SPATIAL_RNA_COUNTER.SPATIAL_POST_MATRIX_COMPUTATION.BIN_HD_DATA._BIN_HD_DATA.PROCESS_SEGMENTATIONS._PROCESS_SEGMENTATIONS.SEGMENT_TO_FEATURE_CELL_MATRIX.SETUP_SEGMENTATION_PROCESSING
2025-10-21 21:44:39 [runtime] (split_complete)  ID.F07840_2.SPATIAL_RNA_COUNTER_CS.SPATIAL_IMAGING_CS.CALCULATE_FLUORESCENCE_INTENSITY
2025-10-21 21:44:40 [runtime] (run:local)       ID.F07840_2.SPATIAL_RNA_COUNTER_CS.SPATIAL_IMAGING_CS.CALCULATE_FLUORESCENCE_INTENSITY.fork0.join
2025-10-21 21:44:44 [runtime] (split_complete)  ID.F07840_2.SPATIAL_RNA_COUNTER_CS.SPATIAL_RNA_COUNTER.SPATIAL_POST_MATRIX_COMPUTATION._POST_MATRIX_COMPUTATION.FILTER_BARCODES
2025-10-21 21:44:45 [runtime] (run:local)       ID.F07840_2.SPATIAL_RNA_COUNTER_CS.SPATIAL_RNA_COUNTER.SPATIAL_POST_MATRIX_COMPUTATION._POST_MATRIX_COMPUTATION.FILTER_BARCODES.fork0.chnk0.main
2025-10-21 21:44:46 [runtime] (join_complete)   ID.F07840_2.SPATIAL_RNA_COUNTER_CS.SPATIAL_IMAGING_CS.CALCULATE_FLUORESCENCE_INTENSITY
2025-10-21 21:45:45 [runtime] (chunks_complete) ID.F07840_2.SPATIAL_RNA_COUNTER_CS.SPATIAL_RNA_COUNTER.SPATIAL_POST_MATRIX_COMPUTATION._POST_MATRIX_COMPUTATION.FILTER_BARCODES
2025-10-21 21:45:45 [runtime] (run:local)       ID.F07840_2.SPATIAL_RNA_COUNTER_CS.SPATIAL_RNA_COUNTER.SPATIAL_POST_MATRIX_COMPUTATION._POST_MATRIX_COMPUTATION.FILTER_BARCODES.fork0.join
2025-10-21 21:45:49 [runtime] (chunks_complete) ID.F07840_2.SPATIAL_RNA_COUNTER_CS.SPATIAL_RNA_COUNTER.SPATIAL_POST_MATRIX_COMPUTATION.BIN_HD_DATA._BIN_HD_DATA.PROCESS_HD_ALIGNMENT
2025-10-21 21:45:50 [runtime] (ready)           ID.F07840_2.SPATIAL_RNA_COUNTER_CS.SPATIAL_RNA_COUNTER.SPATIAL_POST_MATRIX_COMPUTATION.BIN_HD_DATA._BIN_HD_DATA._COMPUTE_BINNED_OUTPUTS.BIN_COUNT_MATRIX.fork_square_002um
2025-10-21 21:45:50 [runtime] (run:local)       ID.F07840_2.SPATIAL_RNA_COUNTER_CS.SPATIAL_RNA_COUNTER.SPATIAL_POST_MATRIX_COMPUTATION.BIN_HD_DATA._BIN_HD_DATA._COMPUTE_BINNED_OUTPUTS.BIN_COUNT_MATRIX.fork_square_002um.chnk0.main
2025-10-21 21:45:50 [runtime] (ready)           ID.F07840_2.SPATIAL_RNA_COUNTER_CS.SPATIAL_RNA_COUNTER.SPATIAL_POST_MATRIX_COMPUTATION.BIN_HD_DATA._BIN_HD_DATA._COMPUTE_BINNED_OUTPUTS.BIN_COUNT_MATRIX.fork_square_008um
2025-10-21 21:45:50 [runtime] (run:local)       ID.F07840_2.SPATIAL_RNA_COUNTER_CS.SPATIAL_RNA_COUNTER.SPATIAL_POST_MATRIX_COMPUTATION.BIN_HD_DATA._BIN_HD_DATA._COMPUTE_BINNED_OUTPUTS.BIN_COUNT_MATRIX.fork_square_008um.chnk0.main
2025-10-21 21:45:50 [runtime] (ready)           ID.F07840_2.SPATIAL_RNA_COUNTER_CS.SPATIAL_RNA_COUNTER.SPATIAL_POST_MATRIX_COMPUTATION.BIN_HD_DATA._BIN_HD_DATA._COMPUTE_BINNED_OUTPUTS.BIN_COUNT_MATRIX.fork_square_016um
2025-10-21 21:45:50 [runtime] (run:local)       ID.F07840_2.SPATIAL_RNA_COUNTER_CS.SPATIAL_RNA_COUNTER.SPATIAL_POST_MATRIX_COMPUTATION.BIN_HD_DATA._BIN_HD_DATA._COMPUTE_BINNED_OUTPUTS.BIN_COUNT_MATRIX.fork_square_016um.chnk0.main
2025-10-21 21:45:50 [runtime] (ready)           ID.F07840_2.SPATIAL_RNA_COUNTER_CS.SPATIAL_RNA_COUNTER.SPATIAL_POST_MATRIX_COMPUTATION.BIN_HD_DATA._BIN_HD_DATA._COMPUTE_BINNED_OUTPUTS.CREATE_TOTAL_UMI_IMAGE.fork_square_002um
2025-10-21 21:45:50 [runtime] (run:local)       ID.F07840_2.SPATIAL_RNA_COUNTER_CS.SPATIAL_RNA_COUNTER.SPATIAL_POST_MATRIX_COMPUTATION.BIN_HD_DATA._BIN_HD_DATA._COMPUTE_BINNED_OUTPUTS.CREATE_TOTAL_UMI_IMAGE.fork_square_002um.chnk0.main
2025-10-21 21:45:50 [runtime] (ready)           ID.F07840_2.SPATIAL_RNA_COUNTER_CS.SPATIAL_RNA_COUNTER.SPATIAL_POST_MATRIX_COMPUTATION.BIN_HD_DATA._BIN_HD_DATA._COMPUTE_BINNED_OUTPUTS.CREATE_TOTAL_UMI_IMAGE.fork_square_008um
2025-10-21 21:45:50 [runtime] (run:local)       ID.F07840_2.SPATIAL_RNA_COUNTER_CS.SPATIAL_RNA_COUNTER.SPATIAL_POST_MATRIX_COMPUTATION.BIN_HD_DATA._BIN_HD_DATA._COMPUTE_BINNED_OUTPUTS.CREATE_TOTAL_UMI_IMAGE.fork_square_008um.chnk0.main
2025-10-21 21:45:50 [runtime] (ready)           ID.F07840_2.SPATIAL_RNA_COUNTER_CS.SPATIAL_RNA_COUNTER.SPATIAL_POST_MATRIX_COMPUTATION.BIN_HD_DATA._BIN_HD_DATA._COMPUTE_BINNED_OUTPUTS.CREATE_TOTAL_UMI_IMAGE.fork_square_016um
2025-10-21 21:45:50 [runtime] (run:local)       ID.F07840_2.SPATIAL_RNA_COUNTER_CS.SPATIAL_RNA_COUNTER.SPATIAL_POST_MATRIX_COMPUTATION.BIN_HD_DATA._BIN_HD_DATA._COMPUTE_BINNED_OUTPUTS.CREATE_TOTAL_UMI_IMAGE.fork_square_016um.chnk0.main
2025-10-21 21:49:04 [runtime] (chunks_complete) ID.F07840_2.SPATIAL_RNA_COUNTER_CS.SPATIAL_RNA_COUNTER.SPATIAL_POST_MATRIX_COMPUTATION.BIN_HD_DATA._BIN_HD_DATA._COMPUTE_BINNED_OUTPUTS.BIN_COUNT_MATRIX.fork_square_002um
2025-10-21 21:49:08 [runtime] (complete)        ID.F07840_2.SPATIAL_RNA_COUNTER_CS.SPATIAL_RNA_COUNTER.SPATIAL_POST_MATRIX_COMPUTATION.BIN_HD_DATA._BIN_HD_DATA._COMPUTE_BINNED_OUTPUTS.BIN_COUNT_MATRIX.fork_square_002um
2025-10-21 21:49:11 [runtime] (complete)        ID.F07840_2.SPATIAL_RNA_COUNTER_CS.SPATIAL_RNA_COUNTER.SPATIAL_POST_MATRIX_COMPUTATION.BIN_HD_DATA._BIN_HD_DATA._COMPUTE_BINNED_OUTPUTS.BIN_COUNT_MATRIX.fork_square_002um
2025-10-21 21:49:14 [runtime] (complete)        ID.F07840_2.SPATIAL_RNA_COUNTER_CS.SPATIAL_RNA_COUNTER.SPATIAL_POST_MATRIX_COMPUTATION.BIN_HD_DATA._BIN_HD_DATA._COMPUTE_BINNED_OUTPUTS.BIN_COUNT_MATRIX.fork_square_002um
2025-10-21 21:49:17 [runtime] (complete)        ID.F07840_2.SPATIAL_RNA_COUNTER_CS.SPATIAL_RNA_COUNTER.SPATIAL_POST_MATRIX_COMPUTATION.BIN_HD_DATA._BIN_HD_DATA._COMPUTE_BINNED_OUTPUTS.BIN_COUNT_MATRIX.fork_square_002um
2025-10-21 21:49:20 [runtime] (complete)        ID.F07840_2.SPATIAL_RNA_COUNTER_CS.SPATIAL_RNA_COUNTER.SPATIAL_POST_MATRIX_COMPUTATION.BIN_HD_DATA._BIN_HD_DATA._COMPUTE_BINNED_OUTPUTS.BIN_COUNT_MATRIX.fork_square_002um
2025-10-21 21:49:23 [runtime] (complete)        ID.F07840_2.SPATIAL_RNA_COUNTER_CS.SPATIAL_RNA_COUNTER.SPATIAL_POST_MATRIX_COMPUTATION.BIN_HD_DATA._BIN_HD_DATA._COMPUTE_BINNED_OUTPUTS.BIN_COUNT_MATRIX.fork_square_002um
2025-10-21 21:49:26 [runtime] (complete)        ID.F07840_2.SPATIAL_RNA_COUNTER_CS.SPATIAL_RNA_COUNTER.SPATIAL_POST_MATRIX_COMPUTATION.BIN_HD_DATA._BIN_HD_DATA._COMPUTE_BINNED_OUTPUTS.BIN_COUNT_MATRIX.fork_square_002um
2025-10-21 21:49:29 [runtime] (complete)        ID.F07840_2.SPATIAL_RNA_COUNTER_CS.SPATIAL_RNA_COUNTER.SPATIAL_POST_MATRIX_COMPUTATION.BIN_HD_DATA._BIN_HD_DATA._COMPUTE_BINNED_OUTPUTS.BIN_COUNT_MATRIX.fork_square_002um
2025-10-21 21:49:32 [runtime] (complete)        ID.F07840_2.SPATIAL_RNA_COUNTER_CS.SPATIAL_RNA_COUNTER.SPATIAL_POST_MATRIX_COMPUTATION.BIN_HD_DATA._BIN_HD_DATA._COMPUTE_BINNED_OUTPUTS.BIN_COUNT_MATRIX.fork_square_002um
2025-10-21 21:49:35 [runtime] (complete)        ID.F07840_2.SPATIAL_RNA_COUNTER_CS.SPATIAL_RNA_COUNTER.SPATIAL_POST_MATRIX_COMPUTATION.BIN_HD_DATA._BIN_HD_DATA._COMPUTE_BINNED_OUTPUTS.BIN_COUNT_MATRIX.fork_square_002um
2025-10-21 21:49:38 [runtime] (complete)        ID.F07840_2.SPATIAL_RNA_COUNTER_CS.SPATIAL_RNA_COUNTER.SPATIAL_POST_MATRIX_COMPUTATION.BIN_HD_DATA._BIN_HD_DATA._COMPUTE_BINNED_OUTPUTS.BIN_COUNT_MATRIX.fork_square_002um
2025-10-21 21:49:41 [runtime] (complete)        ID.F07840_2.SPATIAL_RNA_COUNTER_CS.SPATIAL_RNA_COUNTER.SPATIAL_POST_MATRIX_COMPUTATION.BIN_HD_DATA._BIN_HD_DATA._COMPUTE_BINNED_OUTPUTS.BIN_COUNT_MATRIX.fork_square_002um
2025-10-21 21:49:44 [runtime] (complete)        ID.F07840_2.SPATIAL_RNA_COUNTER_CS.SPATIAL_RNA_COUNTER.SPATIAL_POST_MATRIX_COMPUTATION.BIN_HD_DATA._BIN_HD_DATA._COMPUTE_BINNED_OUTPUTS.BIN_COUNT_MATRIX.fork_square_002um
2025-10-21 21:49:44 [runtime] (complete)        ID.F07840_2.SPATIAL_RNA_COUNTER_CS.SPATIAL_RNA_COUNTER.SPATIAL_POST_MATRIX_COMPUTATION.BIN_HD_DATA._BIN_HD_DATA._COMPUTE_BINNED_OUTPUTS.BIN_COUNT_MATRIX.fork_square_002um
2025-10-21 21:49:44 [runtime] (join_complete)   ID.F07840_2.SPATIAL_RNA_COUNTER_CS.SPATIAL_RNA_COUNTER.SPATIAL_POST_MATRIX_COMPUTATION._POST_MATRIX_COMPUTATION.FILTER_BARCODES
2025-10-21 21:49:45 [runtime] (complete)        ID.F07840_2.SPATIAL_RNA_COUNTER_CS.SPATIAL_RNA_COUNTER.SPATIAL_POST_MATRIX_COMPUTATION.BIN_HD_DATA._BIN_HD_DATA._COMPUTE_BINNED_OUTPUTS.BIN_COUNT_MATRIX.fork_square_002um
2025-10-21 21:49:45 [runtime] (ready)           ID.F07840_2.SPATIAL_RNA_COUNTER_CS.SPATIAL_RNA_COUNTER.SPATIAL_POST_MATRIX_COMPUTATION.DISABLE_SECONDARY_ANALYSIS
2025-10-21 21:49:45 [runtime] (run:local)       ID.F07840_2.SPATIAL_RNA_COUNTER_CS.SPATIAL_RNA_COUNTER.SPATIAL_POST_MATRIX_COMPUTATION.DISABLE_SECONDARY_ANALYSIS.fork0.chnk0.main
2025-10-21 21:49:45 [runtime] (ready)           ID.F07840_2.SPATIAL_RNA_COUNTER_CS.SPATIAL_RNA_COUNTER.SPATIAL_POST_MATRIX_COMPUTATION._POST_MATRIX_COMPUTATION._ASSIGN_TAGS.CALL_TAGS_OH
2025-10-21 21:49:45 [runtime] (ready)           ID.F07840_2.SPATIAL_RNA_COUNTER_CS.SPATIAL_RNA_COUNTER.SPATIAL_POST_MATRIX_COMPUTATION._POST_MATRIX_COMPUTATION.INFER_GEM_WELL_THROUGHPUT
2025-10-21 21:49:45 [runtime] (ready)           ID.F07840_2.SPATIAL_RNA_COUNTER_CS.SPATIAL_RNA_COUNTER.SPATIAL_POST_MATRIX_COMPUTATION._POST_MATRIX_COMPUTATION.COLLATE_PROBE_METRICS
2025-10-21 21:49:45 [runtime] (run:local)       ID.F07840_2.SPATIAL_RNA_COUNTER_CS.SPATIAL_RNA_COUNTER.SPATIAL_POST_MATRIX_COMPUTATION._POST_MATRIX_COMPUTATION.COLLATE_PROBE_METRICS.fork0.chnk0.main
2025-10-21 21:49:45 [runtime] (ready)           ID.F07840_2.SPATIAL_RNA_COUNTER_CS.SPATIAL_RNA_COUNTER.SPATIAL_POST_MATRIX_COMPUTATION._POST_MATRIX_COMPUTATION._ASSIGN_TAGS.CALL_TAGS_RTL
2025-10-21 21:49:45 [runtime] (ready)           ID.F07840_2.SPATIAL_RNA_COUNTER_CS.SPATIAL_RNA_COUNTER.SPATIAL_POST_MATRIX_COMPUTATION.ANTIBODY_QC_PLOTS
2025-10-21 21:49:45 [runtime] (ready)           ID.F07840_2.SPATIAL_RNA_COUNTER_CS.SPATIAL_RNA_COUNTER.SPATIAL_POST_MATRIX_COMPUTATION._POST_MATRIX_COMPUTATION._ASSIGN_TAGS.CALL_TAGS_MARGINAL
2025-10-21 21:49:45 [runtime] (ready)           ID.F07840_2.SPATIAL_RNA_COUNTER_CS.SPATIAL_RNA_COUNTER.SPATIAL_POST_MATRIX_COMPUTATION.RUN_SPATIAL_ENRICHMENT
2025-10-21 21:49:45 [runtime] (run:local)       ID.F07840_2.SPATIAL_RNA_COUNTER_CS.SPATIAL_RNA_COUNTER.SPATIAL_POST_MATRIX_COMPUTATION.RUN_SPATIAL_ENRICHMENT.fork0.split
2025-10-21 21:49:45 [runtime] (complete)        ID.F07840_2.SPATIAL_RNA_COUNTER_CS.SPATIAL_RNA_COUNTER.SPATIAL_POST_MATRIX_COMPUTATION.BIN_HD_DATA._BIN_HD_DATA._COMPUTE_BINNED_OUTPUTS.BIN_COUNT_MATRIX.fork_square_002um
2025-10-21 21:49:45 [runtime] (ready)           ID.F07840_2.SPATIAL_RNA_COUNTER_CS.SPATIAL_RNA_COUNTER.SPATIAL_POST_MATRIX_COMPUTATION.CHECK_CORRECTION_FACTOR
2025-10-21 21:49:45 [runtime] (run:local)       ID.F07840_2.SPATIAL_RNA_COUNTER_CS.SPATIAL_RNA_COUNTER.SPATIAL_POST_MATRIX_COMPUTATION.CHECK_CORRECTION_FACTOR.fork0.chnk0.main
2025-10-21 21:49:45 [runtime] (ready)           ID.F07840_2.SPATIAL_RNA_COUNTER_CS.SPATIAL_RNA_COUNTER.SPATIAL_POST_MATRIX_COMPUTATION.COMPUTE_EXTENDED_SD_METRICS
2025-10-21 21:49:45 [runtime] (complete)        ID.F07840_2.SPATIAL_RNA_COUNTER_CS.SPATIAL_RNA_COUNTER.SPATIAL_POST_MATRIX_COMPUTATION.BIN_HD_DATA._BIN_HD_DATA._COMPUTE_BINNED_OUTPUTS.BIN_COUNT_MATRIX.fork_square_002um
2025-10-21 21:49:48 [runtime] (complete)        ID.F07840_2.SPATIAL_RNA_COUNTER_CS.SPATIAL_RNA_COUNTER.SPATIAL_POST_MATRIX_COMPUTATION.BIN_HD_DATA._BIN_HD_DATA._COMPUTE_BINNED_OUTPUTS.BIN_COUNT_MATRIX.fork_square_002um
2025-10-21 21:49:51 [runtime] (complete)        ID.F07840_2.SPATIAL_RNA_COUNTER_CS.SPATIAL_RNA_COUNTER.SPATIAL_POST_MATRIX_COMPUTATION.BIN_HD_DATA._BIN_HD_DATA._COMPUTE_BINNED_OUTPUTS.BIN_COUNT_MATRIX.fork_square_002um
2025-10-21 21:49:54 [runtime] (complete)        ID.F07840_2.SPATIAL_RNA_COUNTER_CS.SPATIAL_RNA_COUNTER.SPATIAL_POST_MATRIX_COMPUTATION.BIN_HD_DATA._BIN_HD_DATA._COMPUTE_BINNED_OUTPUTS.BIN_COUNT_MATRIX.fork_square_002um
2025-10-21 21:49:57 [runtime] (complete)        ID.F07840_2.SPATIAL_RNA_COUNTER_CS.SPATIAL_RNA_COUNTER.SPATIAL_POST_MATRIX_COMPUTATION.BIN_HD_DATA._BIN_HD_DATA._COMPUTE_BINNED_OUTPUTS.BIN_COUNT_MATRIX.fork_square_002um
2025-10-21 21:50:00 [runtime] (complete)        ID.F07840_2.SPATIAL_RNA_COUNTER_CS.SPATIAL_RNA_COUNTER.SPATIAL_POST_MATRIX_COMPUTATION.BIN_HD_DATA._BIN_HD_DATA._COMPUTE_BINNED_OUTPUTS.BIN_COUNT_MATRIX.fork_square_002um
2025-10-21 21:50:03 [runtime] (complete)        ID.F07840_2.SPATIAL_RNA_COUNTER_CS.SPATIAL_RNA_COUNTER.SPATIAL_POST_MATRIX_COMPUTATION.BIN_HD_DATA._BIN_HD_DATA._COMPUTE_BINNED_OUTPUTS.BIN_COUNT_MATRIX.fork_square_002um
2025-10-21 21:50:06 [runtime] (complete)        ID.F07840_2.SPATIAL_RNA_COUNTER_CS.SPATIAL_RNA_COUNTER.SPATIAL_POST_MATRIX_COMPUTATION.BIN_HD_DATA._BIN_HD_DATA._COMPUTE_BINNED_OUTPUTS.BIN_COUNT_MATRIX.fork_square_002um
2025-10-21 21:50:09 [runtime] (complete)        ID.F07840_2.SPATIAL_RNA_COUNTER_CS.SPATIAL_RNA_COUNTER.SPATIAL_POST_MATRIX_COMPUTATION.BIN_HD_DATA._BIN_HD_DATA._COMPUTE_BINNED_OUTPUTS.BIN_COUNT_MATRIX.fork_square_002um
2025-10-21 21:50:12 [runtime] (complete)        ID.F07840_2.SPATIAL_RNA_COUNTER_CS.SPATIAL_RNA_COUNTER.SPATIAL_POST_MATRIX_COMPUTATION.BIN_HD_DATA._BIN_HD_DATA._COMPUTE_BINNED_OUTPUTS.BIN_COUNT_MATRIX.fork_square_002um
2025-10-21 21:50:15 [runtime] (complete)        ID.F07840_2.SPATIAL_RNA_COUNTER_CS.SPATIAL_RNA_COUNTER.SPATIAL_POST_MATRIX_COMPUTATION.BIN_HD_DATA._BIN_HD_DATA._COMPUTE_BINNED_OUTPUTS.BIN_COUNT_MATRIX.fork_square_002um
2025-10-21 21:50:18 [runtime] (complete)        ID.F07840_2.SPATIAL_RNA_COUNTER_CS.SPATIAL_RNA_COUNTER.SPATIAL_POST_MATRIX_COMPUTATION.BIN_HD_DATA._BIN_HD_DATA._COMPUTE_BINNED_OUTPUTS.BIN_COUNT_MATRIX.fork_square_002um
2025-10-21 21:50:21 [runtime] (complete)        ID.F07840_2.SPATIAL_RNA_COUNTER_CS.SPATIAL_RNA_COUNTER.SPATIAL_POST_MATRIX_COMPUTATION.BIN_HD_DATA._BIN_HD_DATA._COMPUTE_BINNED_OUTPUTS.BIN_COUNT_MATRIX.fork_square_002um
2025-10-21 21:50:24 [runtime] (complete)        ID.F07840_2.SPATIAL_RNA_COUNTER_CS.SPATIAL_RNA_COUNTER.SPATIAL_POST_MATRIX_COMPUTATION.BIN_HD_DATA._BIN_HD_DATA._COMPUTE_BINNED_OUTPUTS.BIN_COUNT_MATRIX.fork_square_002um
2025-10-21 21:50:27 [runtime] (complete)        ID.F07840_2.SPATIAL_RNA_COUNTER_CS.SPATIAL_RNA_COUNTER.SPATIAL_POST_MATRIX_COMPUTATION.BIN_HD_DATA._BIN_HD_DATA._COMPUTE_BINNED_OUTPUTS.BIN_COUNT_MATRIX.fork_square_002um
2025-10-21 21:50:30 [runtime] (complete)        ID.F07840_2.SPATIAL_RNA_COUNTER_CS.SPATIAL_RNA_COUNTER.SPATIAL_POST_MATRIX_COMPUTATION.BIN_HD_DATA._BIN_HD_DATA._COMPUTE_BINNED_OUTPUTS.BIN_COUNT_MATRIX.fork_square_002um
2025-10-21 21:50:33 [runtime] (complete)        ID.F07840_2.SPATIAL_RNA_COUNTER_CS.SPATIAL_RNA_COUNTER.SPATIAL_POST_MATRIX_COMPUTATION.BIN_HD_DATA._BIN_HD_DATA._COMPUTE_BINNED_OUTPUTS.BIN_COUNT_MATRIX.fork_square_002um
2025-10-21 21:50:36 [runtime] (complete)        ID.F07840_2.SPATIAL_RNA_COUNTER_CS.SPATIAL_RNA_COUNTER.SPATIAL_POST_MATRIX_COMPUTATION.BIN_HD_DATA._BIN_HD_DATA._COMPUTE_BINNED_OUTPUTS.BIN_COUNT_MATRIX.fork_square_002um
2025-10-21 21:50:39 [runtime] (complete)        ID.F07840_2.SPATIAL_RNA_COUNTER_CS.SPATIAL_RNA_COUNTER.SPATIAL_POST_MATRIX_COMPUTATION.BIN_HD_DATA._BIN_HD_DATA._COMPUTE_BINNED_OUTPUTS.BIN_COUNT_MATRIX.fork_square_002um
2025-10-21 21:50:42 [runtime] (complete)        ID.F07840_2.SPATIAL_RNA_COUNTER_CS.SPATIAL_RNA_COUNTER.SPATIAL_POST_MATRIX_COMPUTATION.BIN_HD_DATA._BIN_HD_DATA._COMPUTE_BINNED_OUTPUTS.BIN_COUNT_MATRIX.fork_square_002um
2025-10-21 21:50:45 [runtime] (complete)        ID.F07840_2.SPATIAL_RNA_COUNTER_CS.SPATIAL_RNA_COUNTER.SPATIAL_POST_MATRIX_COMPUTATION.BIN_HD_DATA._BIN_HD_DATA._COMPUTE_BINNED_OUTPUTS.BIN_COUNT_MATRIX.fork_square_002um
2025-10-21 21:50:49 [runtime] (complete)        ID.F07840_2.SPATIAL_RNA_COUNTER_CS.SPATIAL_RNA_COUNTER.SPATIAL_POST_MATRIX_COMPUTATION.BIN_HD_DATA._BIN_HD_DATA._COMPUTE_BINNED_OUTPUTS.BIN_COUNT_MATRIX.fork_square_002um
2025-10-21 21:50:52 [runtime] (complete)        ID.F07840_2.SPATIAL_RNA_COUNTER_CS.SPATIAL_RNA_COUNTER.SPATIAL_POST_MATRIX_COMPUTATION.BIN_HD_DATA._BIN_HD_DATA._COMPUTE_BINNED_OUTPUTS.BIN_COUNT_MATRIX.fork_square_002um
2025-10-21 21:50:55 [runtime] (complete)        ID.F07840_2.SPATIAL_RNA_COUNTER_CS.SPATIAL_RNA_COUNTER.SPATIAL_POST_MATRIX_COMPUTATION.BIN_HD_DATA._BIN_HD_DATA._COMPUTE_BINNED_OUTPUTS.BIN_COUNT_MATRIX.fork_square_002um
2025-10-21 21:50:58 [runtime] (complete)        ID.F07840_2.SPATIAL_RNA_COUNTER_CS.SPATIAL_RNA_COUNTER.SPATIAL_POST_MATRIX_COMPUTATION.BIN_HD_DATA._BIN_HD_DATA._COMPUTE_BINNED_OUTPUTS.BIN_COUNT_MATRIX.fork_square_002um
2025-10-21 21:51:01 [runtime] (complete)        ID.F07840_2.SPATIAL_RNA_COUNTER_CS.SPATIAL_RNA_COUNTER.SPATIAL_POST_MATRIX_COMPUTATION.BIN_HD_DATA._BIN_HD_DATA._COMPUTE_BINNED_OUTPUTS.BIN_COUNT_MATRIX.fork_square_002um
2025-10-21 21:51:04 [runtime] (complete)        ID.F07840_2.SPATIAL_RNA_COUNTER_CS.SPATIAL_RNA_COUNTER.SPATIAL_POST_MATRIX_COMPUTATION.BIN_HD_DATA._BIN_HD_DATA._COMPUTE_BINNED_OUTPUTS.BIN_COUNT_MATRIX.fork_square_002um
2025-10-21 21:51:07 [runtime] (update)          ID.F07840_2.SPATIAL_RNA_COUNTER_CS.SPATIAL_RNA_COUNTER.SPATIAL_POST_MATRIX_COMPUTATION.BIN_HD_DATA._BIN_HD_DATA._COMPUTE_BINNED_OUTPUTS.BIN_COUNT_MATRIX.fork_square_008um chunks_running
2025-10-21 21:51:07 [runtime] (complete)        ID.F07840_2.SPATIAL_RNA_COUNTER_CS.SPATIAL_RNA_COUNTER.SPATIAL_POST_MATRIX_COMPUTATION.BIN_HD_DATA._BIN_HD_DATA._COMPUTE_BINNED_OUTPUTS.BIN_COUNT_MATRIX.fork_square_002um
2025-10-21 21:51:10 [runtime] (complete)        ID.F07840_2.SPATIAL_RNA_COUNTER_CS.SPATIAL_RNA_COUNTER.SPATIAL_POST_MATRIX_COMPUTATION.BIN_HD_DATA._BIN_HD_DATA._COMPUTE_BINNED_OUTPUTS.BIN_COUNT_MATRIX.fork_square_002um
2025-10-21 21:51:13 [runtime] (complete)        ID.F07840_2.SPATIAL_RNA_COUNTER_CS.SPATIAL_RNA_COUNTER.SPATIAL_POST_MATRIX_COMPUTATION.BIN_HD_DATA._BIN_HD_DATA._COMPUTE_BINNED_OUTPUTS.BIN_COUNT_MATRIX.fork_square_002um
2025-10-21 21:51:16 [runtime] (complete)        ID.F07840_2.SPATIAL_RNA_COUNTER_CS.SPATIAL_RNA_COUNTER.SPATIAL_POST_MATRIX_COMPUTATION.BIN_HD_DATA._BIN_HD_DATA._COMPUTE_BINNED_OUTPUTS.BIN_COUNT_MATRIX.fork_square_002um
2025-10-21 21:51:19 [runtime] (complete)        ID.F07840_2.SPATIAL_RNA_COUNTER_CS.SPATIAL_RNA_COUNTER.SPATIAL_POST_MATRIX_COMPUTATION.BIN_HD_DATA._BIN_HD_DATA._COMPUTE_BINNED_OUTPUTS.BIN_COUNT_MATRIX.fork_square_002um
2025-10-21 21:51:22 [runtime] (complete)        ID.F07840_2.SPATIAL_RNA_COUNTER_CS.SPATIAL_RNA_COUNTER.SPATIAL_POST_MATRIX_COMPUTATION.BIN_HD_DATA._BIN_HD_DATA._COMPUTE_BINNED_OUTPUTS.BIN_COUNT_MATRIX.fork_square_002um
2025-10-21 21:51:25 [runtime] (complete)        ID.F07840_2.SPATIAL_RNA_COUNTER_CS.SPATIAL_RNA_COUNTER.SPATIAL_POST_MATRIX_COMPUTATION.BIN_HD_DATA._BIN_HD_DATA._COMPUTE_BINNED_OUTPUTS.BIN_COUNT_MATRIX.fork_square_002um
2025-10-21 21:51:28 [runtime] (complete)        ID.F07840_2.SPATIAL_RNA_COUNTER_CS.SPATIAL_RNA_COUNTER.SPATIAL_POST_MATRIX_COMPUTATION.BIN_HD_DATA._BIN_HD_DATA._COMPUTE_BINNED_OUTPUTS.BIN_COUNT_MATRIX.fork_square_002um
2025-10-21 21:51:31 [runtime] (complete)        ID.F07840_2.SPATIAL_RNA_COUNTER_CS.SPATIAL_RNA_COUNTER.SPATIAL_POST_MATRIX_COMPUTATION.BIN_HD_DATA._BIN_HD_DATA._COMPUTE_BINNED_OUTPUTS.BIN_COUNT_MATRIX.fork_square_002um
2025-10-21 21:51:34 [runtime] (complete)        ID.F07840_2.SPATIAL_RNA_COUNTER_CS.SPATIAL_RNA_COUNTER.SPATIAL_POST_MATRIX_COMPUTATION.BIN_HD_DATA._BIN_HD_DATA._COMPUTE_BINNED_OUTPUTS.BIN_COUNT_MATRIX.fork_square_002um
2025-10-21 21:51:37 [runtime] (complete)        ID.F07840_2.SPATIAL_RNA_COUNTER_CS.SPATIAL_RNA_COUNTER.SPATIAL_POST_MATRIX_COMPUTATION.BIN_HD_DATA._BIN_HD_DATA._COMPUTE_BINNED_OUTPUTS.BIN_COUNT_MATRIX.fork_square_002um
2025-10-21 21:51:40 [runtime] (complete)        ID.F07840_2.SPATIAL_RNA_COUNTER_CS.SPATIAL_RNA_COUNTER.SPATIAL_POST_MATRIX_COMPUTATION.BIN_HD_DATA._BIN_HD_DATA._COMPUTE_BINNED_OUTPUTS.BIN_COUNT_MATRIX.fork_square_002um
2025-10-21 21:51:43 [runtime] (complete)        ID.F07840_2.SPATIAL_RNA_COUNTER_CS.SPATIAL_RNA_COUNTER.SPATIAL_POST_MATRIX_COMPUTATION.BIN_HD_DATA._BIN_HD_DATA._COMPUTE_BINNED_OUTPUTS.BIN_COUNT_MATRIX.fork_square_002um
2025-10-21 21:51:46 [runtime] (update)          ID.F07840_2.SPATIAL_RNA_COUNTER_CS.SPATIAL_RNA_COUNTER.SPATIAL_POST_MATRIX_COMPUTATION.BIN_HD_DATA._BIN_HD_DATA._COMPUTE_BINNED_OUTPUTS.BIN_COUNT_MATRIX.fork_square_016um chunks_running
2025-10-21 21:51:46 [runtime] (update)          ID.F07840_2.SPATIAL_RNA_COUNTER_CS.SPATIAL_RNA_COUNTER.SPATIAL_POST_MATRIX_COMPUTATION.BIN_HD_DATA._BIN_HD_DATA._COMPUTE_BINNED_OUTPUTS.CREATE_TOTAL_UMI_IMAGE.fork_square_002um chunks_running
2025-10-21 21:51:46 [runtime] (complete)        ID.F07840_2.SPATIAL_RNA_COUNTER_CS.SPATIAL_RNA_COUNTER.SPATIAL_POST_MATRIX_COMPUTATION.BIN_HD_DATA._BIN_HD_DATA._COMPUTE_BINNED_OUTPUTS.BIN_COUNT_MATRIX.fork_square_002um
2025-10-21 21:51:49 [runtime] (complete)        ID.F07840_2.SPATIAL_RNA_COUNTER_CS.SPATIAL_RNA_COUNTER.SPATIAL_POST_MATRIX_COMPUTATION.BIN_HD_DATA._BIN_HD_DATA._COMPUTE_BINNED_OUTPUTS.BIN_COUNT_MATRIX.fork_square_002um
2025-10-21 21:51:52 [runtime] (complete)        ID.F07840_2.SPATIAL_RNA_COUNTER_CS.SPATIAL_RNA_COUNTER.SPATIAL_POST_MATRIX_COMPUTATION.BIN_HD_DATA._BIN_HD_DATA._COMPUTE_BINNED_OUTPUTS.BIN_COUNT_MATRIX.fork_square_002um
2025-10-21 21:51:55 [runtime] (complete)        ID.F07840_2.SPATIAL_RNA_COUNTER_CS.SPATIAL_RNA_COUNTER.SPATIAL_POST_MATRIX_COMPUTATION.BIN_HD_DATA._BIN_HD_DATA._COMPUTE_BINNED_OUTPUTS.BIN_COUNT_MATRIX.fork_square_002um
2025-10-21 21:51:58 [runtime] (complete)        ID.F07840_2.SPATIAL_RNA_COUNTER_CS.SPATIAL_RNA_COUNTER.SPATIAL_POST_MATRIX_COMPUTATION.BIN_HD_DATA._BIN_HD_DATA._COMPUTE_BINNED_OUTPUTS.BIN_COUNT_MATRIX.fork_square_002um
2025-10-21 21:52:01 [runtime] (complete)        ID.F07840_2.SPATIAL_RNA_COUNTER_CS.SPATIAL_RNA_COUNTER.SPATIAL_POST_MATRIX_COMPUTATION.BIN_HD_DATA._BIN_HD_DATA._COMPUTE_BINNED_OUTPUTS.BIN_COUNT_MATRIX.fork_square_002um
2025-10-21 21:52:04 [runtime] (complete)        ID.F07840_2.SPATIAL_RNA_COUNTER_CS.SPATIAL_RNA_COUNTER.SPATIAL_POST_MATRIX_COMPUTATION.BIN_HD_DATA._BIN_HD_DATA._COMPUTE_BINNED_OUTPUTS.BIN_COUNT_MATRIX.fork_square_002um
2025-10-21 21:52:07 [runtime] (complete)        ID.F07840_2.SPATIAL_RNA_COUNTER_CS.SPATIAL_RNA_COUNTER.SPATIAL_POST_MATRIX_COMPUTATION.BIN_HD_DATA._BIN_HD_DATA._COMPUTE_BINNED_OUTPUTS.BIN_COUNT_MATRIX.fork_square_002um
2025-10-21 21:52:10 [runtime] (complete)        ID.F07840_2.SPATIAL_RNA_COUNTER_CS.SPATIAL_RNA_COUNTER.SPATIAL_POST_MATRIX_COMPUTATION.BIN_HD_DATA._BIN_HD_DATA._COMPUTE_BINNED_OUTPUTS.BIN_COUNT_MATRIX.fork_square_002um
2025-10-21 21:52:13 [runtime] (complete)        ID.F07840_2.SPATIAL_RNA_COUNTER_CS.SPATIAL_RNA_COUNTER.SPATIAL_POST_MATRIX_COMPUTATION.BIN_HD_DATA._BIN_HD_DATA._COMPUTE_BINNED_OUTPUTS.BIN_COUNT_MATRIX.fork_square_002um
2025-10-21 21:52:13 [runtime] (chunks_complete) ID.F07840_2.SPATIAL_RNA_COUNTER_CS.SPATIAL_RNA_COUNTER.SPATIAL_POST_MATRIX_COMPUTATION.BIN_HD_DATA._BIN_HD_DATA._COMPUTE_BINNED_OUTPUTS.BIN_COUNT_MATRIX.fork_square_008um
2025-10-21 21:52:14 [runtime] (update)          ID.F07840_2.SPATIAL_RNA_COUNTER_CS.SPATIAL_RNA_COUNTER.SPATIAL_POST_MATRIX_COMPUTATION.BIN_HD_DATA._BIN_HD_DATA._COMPUTE_BINNED_OUTPUTS.CREATE_TOTAL_UMI_IMAGE.fork_square_008um chunks_running
2025-10-21 21:52:14 [runtime] (update)          ID.F07840_2.SPATIAL_RNA_COUNTER_CS.SPATIAL_RNA_COUNTER.SPATIAL_POST_MATRIX_COMPUTATION.BIN_HD_DATA._BIN_HD_DATA._COMPUTE_BINNED_OUTPUTS.CREATE_TOTAL_UMI_IMAGE.fork_square_016um chunks_running
2025-10-21 21:52:14 [runtime] (complete)        ID.F07840_2.SPATIAL_RNA_COUNTER_CS.SPATIAL_RNA_COUNTER.SPATIAL_POST_MATRIX_COMPUTATION.BIN_HD_DATA._BIN_HD_DATA._COMPUTE_BINNED_OUTPUTS.BIN_COUNT_MATRIX.fork_square_002um
2025-10-21 21:52:14 [runtime] (complete)        ID.F07840_2.SPATIAL_RNA_COUNTER_CS.SPATIAL_RNA_COUNTER.SPATIAL_POST_MATRIX_COMPUTATION.BIN_HD_DATA._BIN_HD_DATA._COMPUTE_BINNED_OUTPUTS.BIN_COUNT_MATRIX.fork_square_008um
2025-10-21 21:52:14 [runtime] (chunks_complete) ID.F07840_2.SPATIAL_RNA_COUNTER_CS.SPATIAL_RNA_COUNTER.SPATIAL_POST_MATRIX_COMPUTATION.CHECK_CORRECTION_FACTOR
2025-10-21 21:52:14 [runtime] (complete)        ID.F07840_2.SPATIAL_RNA_COUNTER_CS.SPATIAL_RNA_COUNTER.SPATIAL_POST_MATRIX_COMPUTATION.BIN_HD_DATA._BIN_HD_DATA._COMPUTE_BINNED_OUTPUTS.BIN_COUNT_MATRIX.fork_square_002um
2025-10-21 21:52:14 [runtime] (complete)        ID.F07840_2.SPATIAL_RNA_COUNTER_CS.SPATIAL_RNA_COUNTER.SPATIAL_POST_MATRIX_COMPUTATION.BIN_HD_DATA._BIN_HD_DATA._COMPUTE_BINNED_OUTPUTS.BIN_COUNT_MATRIX.fork_square_008um
2025-10-21 21:52:16 [runtime] (chunks_complete) ID.F07840_2.SPATIAL_RNA_COUNTER_CS.SPATIAL_RNA_COUNTER.SPATIAL_POST_MATRIX_COMPUTATION.DISABLE_SECONDARY_ANALYSIS
2025-10-21 21:52:16 [runtime] (complete)        ID.F07840_2.SPATIAL_RNA_COUNTER_CS.SPATIAL_RNA_COUNTER.SPATIAL_POST_MATRIX_COMPUTATION.BIN_HD_DATA._BIN_HD_DATA._COMPUTE_BINNED_OUTPUTS.BIN_COUNT_MATRIX.fork_square_002um
2025-10-21 21:52:16 [runtime] (complete)        ID.F07840_2.SPATIAL_RNA_COUNTER_CS.SPATIAL_RNA_COUNTER.SPATIAL_POST_MATRIX_COMPUTATION.BIN_HD_DATA._BIN_HD_DATA._COMPUTE_BINNED_OUTPUTS.BIN_COUNT_MATRIX.fork_square_008um
2025-10-21 21:52:16 [runtime] (complete)        ID.F07840_2.SPATIAL_RNA_COUNTER_CS.SPATIAL_RNA_COUNTER.SPATIAL_POST_MATRIX_COMPUTATION.BIN_HD_DATA._BIN_HD_DATA._COMPUTE_BINNED_OUTPUTS.BIN_COUNT_MATRIX.fork_square_002um
2025-10-21 21:52:16 [runtime] (complete)        ID.F07840_2.SPATIAL_RNA_COUNTER_CS.SPATIAL_RNA_COUNTER.SPATIAL_POST_MATRIX_COMPUTATION.BIN_HD_DATA._BIN_HD_DATA._COMPUTE_BINNED_OUTPUTS.BIN_COUNT_MATRIX.fork_square_008um
2025-10-21 21:52:16 [runtime] (complete)        ID.F07840_2.SPATIAL_RNA_COUNTER_CS.SPATIAL_RNA_COUNTER.SPATIAL_POST_MATRIX_COMPUTATION.BIN_HD_DATA._BIN_HD_DATA._COMPUTE_BINNED_OUTPUTS.BIN_COUNT_MATRIX.fork_square_002um
2025-10-21 21:52:16 [runtime] (complete)        ID.F07840_2.SPATIAL_RNA_COUNTER_CS.SPATIAL_RNA_COUNTER.SPATIAL_POST_MATRIX_COMPUTATION.BIN_HD_DATA._BIN_HD_DATA._COMPUTE_BINNED_OUTPUTS.BIN_COUNT_MATRIX.fork_square_008um
2025-10-21 21:52:16 [runtime] (ready)           ID.F07840_2.SPATIAL_RNA_COUNTER_CS.SPATIAL_RNA_COUNTER.SPATIAL_POST_MATRIX_COMPUTATION.SPATIAL_RNA_ANALYZER.ANALYZER_PREFLIGHT
2025-10-21 21:52:16 [runtime] (run:local)       ID.F07840_2.SPATIAL_RNA_COUNTER_CS.SPATIAL_RNA_COUNTER.SPATIAL_POST_MATRIX_COMPUTATION.SPATIAL_RNA_ANALYZER.ANALYZER_PREFLIGHT.fork0.chnk0.main
2025-10-21 21:52:17 [runtime] (complete)        ID.F07840_2.SPATIAL_RNA_COUNTER_CS.SPATIAL_RNA_COUNTER.SPATIAL_POST_MATRIX_COMPUTATION.BIN_HD_DATA._BIN_HD_DATA._COMPUTE_BINNED_OUTPUTS.BIN_COUNT_MATRIX.fork_square_002um
2025-10-21 21:52:17 [runtime] (complete)        ID.F07840_2.SPATIAL_RNA_COUNTER_CS.SPATIAL_RNA_COUNTER.SPATIAL_POST_MATRIX_COMPUTATION.BIN_HD_DATA._BIN_HD_DATA._COMPUTE_BINNED_OUTPUTS.BIN_COUNT_MATRIX.fork_square_008um
2025-10-21 21:52:17 [runtime] (chunks_complete) ID.F07840_2.SPATIAL_RNA_COUNTER_CS.SPATIAL_RNA_COUNTER.SPATIAL_POST_MATRIX_COMPUTATION.SPATIAL_RNA_ANALYZER.ANALYZER_PREFLIGHT
2025-10-21 21:52:17 [runtime] (complete)        ID.F07840_2.SPATIAL_RNA_COUNTER_CS.SPATIAL_RNA_COUNTER.SPATIAL_POST_MATRIX_COMPUTATION.BIN_HD_DATA._BIN_HD_DATA._COMPUTE_BINNED_OUTPUTS.BIN_COUNT_MATRIX.fork_square_002um
2025-10-21 21:52:17 [runtime] (complete)        ID.F07840_2.SPATIAL_RNA_COUNTER_CS.SPATIAL_RNA_COUNTER.SPATIAL_POST_MATRIX_COMPUTATION.BIN_HD_DATA._BIN_HD_DATA._COMPUTE_BINNED_OUTPUTS.BIN_COUNT_MATRIX.fork_square_008um
2025-10-21 21:52:17 [runtime] (ready)           ID.F07840_2.SPATIAL_RNA_COUNTER_CS.SPATIAL_RNA_COUNTER.SPATIAL_POST_MATRIX_COMPUTATION.SPATIAL_RNA_ANALYZER.PREPROCESS_MATRIX
2025-10-21 21:52:18 [runtime] (run:local)       ID.F07840_2.SPATIAL_RNA_COUNTER_CS.SPATIAL_RNA_COUNTER.SPATIAL_POST_MATRIX_COMPUTATION.SPATIAL_RNA_ANALYZER.PREPROCESS_MATRIX.fork0.split
2025-10-21 21:52:18 [runtime] (complete)        ID.F07840_2.SPATIAL_RNA_COUNTER_CS.SPATIAL_RNA_COUNTER.SPATIAL_POST_MATRIX_COMPUTATION.BIN_HD_DATA._BIN_HD_DATA._COMPUTE_BINNED_OUTPUTS.BIN_COUNT_MATRIX.fork_square_002um
2025-10-21 21:52:18 [runtime] (complete)        ID.F07840_2.SPATIAL_RNA_COUNTER_CS.SPATIAL_RNA_COUNTER.SPATIAL_POST_MATRIX_COMPUTATION.BIN_HD_DATA._BIN_HD_DATA._COMPUTE_BINNED_OUTPUTS.BIN_COUNT_MATRIX.fork_square_008um
2025-10-21 21:52:19 [runtime] (split_complete)  ID.F07840_2.SPATIAL_RNA_COUNTER_CS.SPATIAL_RNA_COUNTER.SPATIAL_POST_MATRIX_COMPUTATION.RUN_SPATIAL_ENRICHMENT
2025-10-21 21:52:19 [runtime] (run:local)       ID.F07840_2.SPATIAL_RNA_COUNTER_CS.SPATIAL_RNA_COUNTER.SPATIAL_POST_MATRIX_COMPUTATION.RUN_SPATIAL_ENRICHMENT.fork0.join
2025-10-21 21:52:19 [runtime] (complete)        ID.F07840_2.SPATIAL_RNA_COUNTER_CS.SPATIAL_RNA_COUNTER.SPATIAL_POST_MATRIX_COMPUTATION.BIN_HD_DATA._BIN_HD_DATA._COMPUTE_BINNED_OUTPUTS.BIN_COUNT_MATRIX.fork_square_002um
2025-10-21 21:52:19 [runtime] (complete)        ID.F07840_2.SPATIAL_RNA_COUNTER_CS.SPATIAL_RNA_COUNTER.SPATIAL_POST_MATRIX_COMPUTATION.BIN_HD_DATA._BIN_HD_DATA._COMPUTE_BINNED_OUTPUTS.BIN_COUNT_MATRIX.fork_square_008um
2025-10-21 21:52:20 [runtime] (split_complete)  ID.F07840_2.SPATIAL_RNA_COUNTER_CS.SPATIAL_RNA_COUNTER.SPATIAL_POST_MATRIX_COMPUTATION.SPATIAL_RNA_ANALYZER.PREPROCESS_MATRIX
2025-10-21 21:52:20 [runtime] (run:local)       ID.F07840_2.SPATIAL_RNA_COUNTER_CS.SPATIAL_RNA_COUNTER.SPATIAL_POST_MATRIX_COMPUTATION.SPATIAL_RNA_ANALYZER.PREPROCESS_MATRIX.fork0.join
2025-10-21 21:52:20 [runtime] (complete)        ID.F07840_2.SPATIAL_RNA_COUNTER_CS.SPATIAL_RNA_COUNTER.SPATIAL_POST_MATRIX_COMPUTATION.BIN_HD_DATA._BIN_HD_DATA._COMPUTE_BINNED_OUTPUTS.BIN_COUNT_MATRIX.fork_square_002um
2025-10-21 21:52:20 [runtime] (complete)        ID.F07840_2.SPATIAL_RNA_COUNTER_CS.SPATIAL_RNA_COUNTER.SPATIAL_POST_MATRIX_COMPUTATION.BIN_HD_DATA._BIN_HD_DATA._COMPUTE_BINNED_OUTPUTS.BIN_COUNT_MATRIX.fork_square_008um
2025-10-21 21:52:21 [runtime] (join_complete)   ID.F07840_2.SPATIAL_RNA_COUNTER_CS.SPATIAL_RNA_COUNTER.SPATIAL_POST_MATRIX_COMPUTATION.RUN_SPATIAL_ENRICHMENT
2025-10-21 21:52:21 [runtime] (complete)        ID.F07840_2.SPATIAL_RNA_COUNTER_CS.SPATIAL_RNA_COUNTER.SPATIAL_POST_MATRIX_COMPUTATION.BIN_HD_DATA._BIN_HD_DATA._COMPUTE_BINNED_OUTPUTS.BIN_COUNT_MATRIX.fork_square_002um
2025-10-21 21:52:21 [runtime] (complete)        ID.F07840_2.SPATIAL_RNA_COUNTER_CS.SPATIAL_RNA_COUNTER.SPATIAL_POST_MATRIX_COMPUTATION.BIN_HD_DATA._BIN_HD_DATA._COMPUTE_BINNED_OUTPUTS.BIN_COUNT_MATRIX.fork_square_008um
2025-10-21 21:52:21 [runtime] (ready)           ID.F07840_2.SPATIAL_RNA_COUNTER_CS.SPATIAL_RNA_COUNTER.SPATIAL_POST_MATRIX_COMPUTATION.SPATIAL_FOLDER_COLLECTOR
2025-10-21 21:52:21 [runtime] (run:local)       ID.F07840_2.SPATIAL_RNA_COUNTER_CS.SPATIAL_RNA_COUNTER.SPATIAL_POST_MATRIX_COMPUTATION.SPATIAL_FOLDER_COLLECTOR.fork0.chnk0.main
2025-10-21 21:52:21 [runtime] (complete)        ID.F07840_2.SPATIAL_RNA_COUNTER_CS.SPATIAL_RNA_COUNTER.SPATIAL_POST_MATRIX_COMPUTATION.BIN_HD_DATA._BIN_HD_DATA._COMPUTE_BINNED_OUTPUTS.BIN_COUNT_MATRIX.fork_square_002um
2025-10-21 21:52:21 [runtime] (complete)        ID.F07840_2.SPATIAL_RNA_COUNTER_CS.SPATIAL_RNA_COUNTER.SPATIAL_POST_MATRIX_COMPUTATION.BIN_HD_DATA._BIN_HD_DATA._COMPUTE_BINNED_OUTPUTS.BIN_COUNT_MATRIX.fork_square_008um
2025-10-21 21:52:22 [runtime] (complete)        ID.F07840_2.SPATIAL_RNA_COUNTER_CS.SPATIAL_RNA_COUNTER.SPATIAL_POST_MATRIX_COMPUTATION.BIN_HD_DATA._BIN_HD_DATA._COMPUTE_BINNED_OUTPUTS.BIN_COUNT_MATRIX.fork_square_002um
2025-10-21 21:52:22 [runtime] (complete)        ID.F07840_2.SPATIAL_RNA_COUNTER_CS.SPATIAL_RNA_COUNTER.SPATIAL_POST_MATRIX_COMPUTATION.BIN_HD_DATA._BIN_HD_DATA._COMPUTE_BINNED_OUTPUTS.BIN_COUNT_MATRIX.fork_square_008um
2025-10-21 21:52:22 [runtime] (chunks_complete) ID.F07840_2.SPATIAL_RNA_COUNTER_CS.SPATIAL_RNA_COUNTER.SPATIAL_POST_MATRIX_COMPUTATION.SPATIAL_FOLDER_COLLECTOR
2025-10-21 21:52:22 [runtime] (complete)        ID.F07840_2.SPATIAL_RNA_COUNTER_CS.SPATIAL_RNA_COUNTER.SPATIAL_POST_MATRIX_COMPUTATION.BIN_HD_DATA._BIN_HD_DATA._COMPUTE_BINNED_OUTPUTS.BIN_COUNT_MATRIX.fork_square_002um
2025-10-21 21:52:22 [runtime] (complete)        ID.F07840_2.SPATIAL_RNA_COUNTER_CS.SPATIAL_RNA_COUNTER.SPATIAL_POST_MATRIX_COMPUTATION.BIN_HD_DATA._BIN_HD_DATA._COMPUTE_BINNED_OUTPUTS.BIN_COUNT_MATRIX.fork_square_008um
2025-10-21 21:52:22 [runtime] (ready)           ID.F07840_2.SPATIAL_RNA_COUNTER_CS.SPATIAL_RNA_COUNTER.SPATIAL_POST_MATRIX_COMPUTATION.HD_WEBSUMMARY_BUILDER.CREATE_HD_WEBSUMMARY_IMAGE
2025-10-21 21:52:22 [runtime] (run:local)       ID.F07840_2.SPATIAL_RNA_COUNTER_CS.SPATIAL_RNA_COUNTER.SPATIAL_POST_MATRIX_COMPUTATION.HD_WEBSUMMARY_BUILDER.CREATE_HD_WEBSUMMARY_IMAGE.fork0.chnk0.main
2025-10-21 21:52:22 [runtime] (complete)        ID.F07840_2.SPATIAL_RNA_COUNTER_CS.SPATIAL_RNA_COUNTER.SPATIAL_POST_MATRIX_COMPUTATION.BIN_HD_DATA._BIN_HD_DATA._COMPUTE_BINNED_OUTPUTS.BIN_COUNT_MATRIX.fork_square_002um
2025-10-21 21:52:22 [runtime] (complete)        ID.F07840_2.SPATIAL_RNA_COUNTER_CS.SPATIAL_RNA_COUNTER.SPATIAL_POST_MATRIX_COMPUTATION.BIN_HD_DATA._BIN_HD_DATA._COMPUTE_BINNED_OUTPUTS.BIN_COUNT_MATRIX.fork_square_008um
2025-10-21 21:52:23 [runtime] (complete)        ID.F07840_2.SPATIAL_RNA_COUNTER_CS.SPATIAL_RNA_COUNTER.SPATIAL_POST_MATRIX_COMPUTATION.BIN_HD_DATA._BIN_HD_DATA._COMPUTE_BINNED_OUTPUTS.BIN_COUNT_MATRIX.fork_square_002um
2025-10-21 21:52:23 [runtime] (complete)        ID.F07840_2.SPATIAL_RNA_COUNTER_CS.SPATIAL_RNA_COUNTER.SPATIAL_POST_MATRIX_COMPUTATION.BIN_HD_DATA._BIN_HD_DATA._COMPUTE_BINNED_OUTPUTS.BIN_COUNT_MATRIX.fork_square_008um
2025-10-21 21:52:23 [runtime] (join_complete)   ID.F07840_2.SPATIAL_RNA_COUNTER_CS.SPATIAL_RNA_COUNTER.SPATIAL_POST_MATRIX_COMPUTATION.SPATIAL_RNA_ANALYZER.PREPROCESS_MATRIX
2025-10-21 21:52:24 [runtime] (complete)        ID.F07840_2.SPATIAL_RNA_COUNTER_CS.SPATIAL_RNA_COUNTER.SPATIAL_POST_MATRIX_COMPUTATION.BIN_HD_DATA._BIN_HD_DATA._COMPUTE_BINNED_OUTPUTS.BIN_COUNT_MATRIX.fork_square_002um
2025-10-21 21:52:24 [runtime] (complete)        ID.F07840_2.SPATIAL_RNA_COUNTER_CS.SPATIAL_RNA_COUNTER.SPATIAL_POST_MATRIX_COMPUTATION.BIN_HD_DATA._BIN_HD_DATA._COMPUTE_BINNED_OUTPUTS.BIN_COUNT_MATRIX.fork_square_008um
2025-10-21 21:52:24 [runtime] (ready)           ID.F07840_2.SPATIAL_RNA_COUNTER_CS.SPATIAL_RNA_COUNTER.SPATIAL_POST_MATRIX_COMPUTATION.SPATIAL_RNA_ANALYZER._ANTIBODY_ANALYZER.CALL_ANTIBODIES
2025-10-21 21:52:24 [runtime] (ready)           ID.F07840_2.SPATIAL_RNA_COUNTER_CS.SPATIAL_RNA_COUNTER.SPATIAL_POST_MATRIX_COMPUTATION.SPATIAL_RNA_ANALYZER._ANTIBODY_ANALYZER.SUMMARIZE_ANTIBODY_ANALYSIS
2025-10-21 21:52:24 [runtime] (ready)           ID.F07840_2.SPATIAL_RNA_COUNTER_CS.SPATIAL_RNA_COUNTER.SPATIAL_POST_MATRIX_COMPUTATION.SPATIAL_RNA_ANALYZER.RUN_MULTIGENOME_ANALYSIS
2025-10-21 21:52:24 [runtime] (ready)           ID.F07840_2.SPATIAL_RNA_COUNTER_CS.SPATIAL_RNA_COUNTER.SPATIAL_POST_MATRIX_COMPUTATION.SPATIAL_RNA_ANALYZER._ANTIGEN_ANALYZER.CALL_ANTIBODIES
2025-10-21 21:52:24 [runtime] (ready)           ID.F07840_2.SPATIAL_RNA_COUNTER_CS.SPATIAL_RNA_COUNTER.SPATIAL_POST_MATRIX_COMPUTATION.SPATIAL_RNA_ANALYZER.RUN_BATCH_CORRECTION_PCA.PCA_PREP
2025-10-21 21:52:24 [runtime] (ready)           ID.F07840_2.SPATIAL_RNA_COUNTER_CS.SPATIAL_RNA_COUNTER.SPATIAL_POST_MATRIX_COMPUTATION.SPATIAL_RNA_ANALYZER._ANTIGEN_ANALYZER.SUMMARIZE_ANTIBODY_ANALYSIS
2025-10-21 21:52:24 [runtime] (complete)        ID.F07840_2.SPATIAL_RNA_COUNTER_CS.SPATIAL_RNA_COUNTER.SPATIAL_POST_MATRIX_COMPUTATION.BIN_HD_DATA._BIN_HD_DATA._COMPUTE_BINNED_OUTPUTS.BIN_COUNT_MATRIX.fork_square_002um
2025-10-21 21:52:24 [runtime] (complete)        ID.F07840_2.SPATIAL_RNA_COUNTER_CS.SPATIAL_RNA_COUNTER.SPATIAL_POST_MATRIX_COMPUTATION.BIN_HD_DATA._BIN_HD_DATA._COMPUTE_BINNED_OUTPUTS.BIN_COUNT_MATRIX.fork_square_008um
2025-10-21 21:52:24 [runtime] (complete)        ID.F07840_2.SPATIAL_RNA_COUNTER_CS.SPATIAL_RNA_COUNTER.SPATIAL_POST_MATRIX_COMPUTATION.BIN_HD_DATA._BIN_HD_DATA._COMPUTE_BINNED_OUTPUTS.BIN_COUNT_MATRIX.fork_square_002um
2025-10-21 21:52:24 [runtime] (complete)        ID.F07840_2.SPATIAL_RNA_COUNTER_CS.SPATIAL_RNA_COUNTER.SPATIAL_POST_MATRIX_COMPUTATION.BIN_HD_DATA._BIN_HD_DATA._COMPUTE_BINNED_OUTPUTS.BIN_COUNT_MATRIX.fork_square_008um
2025-10-21 21:52:24 [runtime] (complete)        ID.F07840_2.SPATIAL_RNA_COUNTER_CS.SPATIAL_RNA_COUNTER.SPATIAL_POST_MATRIX_COMPUTATION.BIN_HD_DATA._BIN_HD_DATA._COMPUTE_BINNED_OUTPUTS.BIN_COUNT_MATRIX.fork_square_002um
2025-10-21 21:52:24 [runtime] (complete)        ID.F07840_2.SPATIAL_RNA_COUNTER_CS.SPATIAL_RNA_COUNTER.SPATIAL_POST_MATRIX_COMPUTATION.BIN_HD_DATA._BIN_HD_DATA._COMPUTE_BINNED_OUTPUTS.BIN_COUNT_MATRIX.fork_square_008um
2025-10-21 21:52:24 [runtime] (ready)           ID.F07840_2.SPATIAL_RNA_COUNTER_CS.SPATIAL_RNA_COUNTER.SPATIAL_POST_MATRIX_COMPUTATION.SPATIAL_RNA_ANALYZER.RUN_BATCH_CORRECTION_PCA.RUN_PCA2
2025-10-21 21:52:24 [runtime] (complete)        ID.F07840_2.SPATIAL_RNA_COUNTER_CS.SPATIAL_RNA_COUNTER.SPATIAL_POST_MATRIX_COMPUTATION.BIN_HD_DATA._BIN_HD_DATA._COMPUTE_BINNED_OUTPUTS.BIN_COUNT_MATRIX.fork_square_002um
2025-10-21 21:52:24 [runtime] (complete)        ID.F07840_2.SPATIAL_RNA_COUNTER_CS.SPATIAL_RNA_COUNTER.SPATIAL_POST_MATRIX_COMPUTATION.BIN_HD_DATA._BIN_HD_DATA._COMPUTE_BINNED_OUTPUTS.BIN_COUNT_MATRIX.fork_square_008um
2025-10-21 21:52:24 [runtime] (complete)        ID.F07840_2.SPATIAL_RNA_COUNTER_CS.SPATIAL_RNA_COUNTER.SPATIAL_POST_MATRIX_COMPUTATION.BIN_HD_DATA._BIN_HD_DATA._COMPUTE_BINNED_OUTPUTS.BIN_COUNT_MATRIX.fork_square_002um
2025-10-21 21:52:24 [runtime] (complete)        ID.F07840_2.SPATIAL_RNA_COUNTER_CS.SPATIAL_RNA_COUNTER.SPATIAL_POST_MATRIX_COMPUTATION.BIN_HD_DATA._BIN_HD_DATA._COMPUTE_BINNED_OUTPUTS.BIN_COUNT_MATRIX.fork_square_008um
2025-10-21 21:52:24 [runtime] (chunks_complete) ID.F07840_2.SPATIAL_RNA_COUNTER_CS.SPATIAL_RNA_COUNTER.SPATIAL_POST_MATRIX_COMPUTATION.HD_WEBSUMMARY_BUILDER.CREATE_HD_WEBSUMMARY_IMAGE
2025-10-21 21:52:24 [runtime] (ready)           ID.F07840_2.SPATIAL_RNA_COUNTER_CS.SPATIAL_RNA_COUNTER.SPATIAL_POST_MATRIX_COMPUTATION.SPATIAL_RNA_ANALYZER.RUN_BATCH_CORRECTION_PCA.POST_PCA
2025-10-21 21:52:24 [runtime] (ready)           ID.F07840_2.SPATIAL_RNA_COUNTER_CS.SPATIAL_RNA_COUNTER.SPATIAL_POST_MATRIX_COMPUTATION.SPATIAL_RNA_ANALYZER.CORRECT_CHEMISTRY_BATCH
2025-10-21 21:52:24 [runtime] (complete)        ID.F07840_2.SPATIAL_RNA_COUNTER_CS.SPATIAL_RNA_COUNTER.SPATIAL_POST_MATRIX_COMPUTATION.BIN_HD_DATA._BIN_HD_DATA._COMPUTE_BINNED_OUTPUTS.BIN_COUNT_MATRIX.fork_square_002um
2025-10-21 21:52:24 [runtime] (complete)        ID.F07840_2.SPATIAL_RNA_COUNTER_CS.SPATIAL_RNA_COUNTER.SPATIAL_POST_MATRIX_COMPUTATION.BIN_HD_DATA._BIN_HD_DATA._COMPUTE_BINNED_OUTPUTS.BIN_COUNT_MATRIX.fork_square_008um
2025-10-21 21:52:24 [runtime] (complete)        ID.F07840_2.SPATIAL_RNA_COUNTER_CS.SPATIAL_RNA_COUNTER.SPATIAL_POST_MATRIX_COMPUTATION.BIN_HD_DATA._BIN_HD_DATA._COMPUTE_BINNED_OUTPUTS.BIN_COUNT_MATRIX.fork_square_002um
2025-10-21 21:52:24 [runtime] (complete)        ID.F07840_2.SPATIAL_RNA_COUNTER_CS.SPATIAL_RNA_COUNTER.SPATIAL_POST_MATRIX_COMPUTATION.BIN_HD_DATA._BIN_HD_DATA._COMPUTE_BINNED_OUTPUTS.BIN_COUNT_MATRIX.fork_square_008um
2025-10-21 21:52:24 [runtime] (ready)           ID.F07840_2.SPATIAL_RNA_COUNTER_CS.SPATIAL_RNA_COUNTER.SPATIAL_POST_MATRIX_COMPUTATION.SPATIAL_RNA_ANALYZER.RUN_PCA
2025-10-21 21:52:24 [runtime] (complete)        ID.F07840_2.SPATIAL_RNA_COUNTER_CS.SPATIAL_RNA_COUNTER.SPATIAL_POST_MATRIX_COMPUTATION.BIN_HD_DATA._BIN_HD_DATA._COMPUTE_BINNED_OUTPUTS.BIN_COUNT_MATRIX.fork_square_002um
2025-10-21 21:52:24 [runtime] (complete)        ID.F07840_2.SPATIAL_RNA_COUNTER_CS.SPATIAL_RNA_COUNTER.SPATIAL_POST_MATRIX_COMPUTATION.BIN_HD_DATA._BIN_HD_DATA._COMPUTE_BINNED_OUTPUTS.BIN_COUNT_MATRIX.fork_square_008um
2025-10-21 21:52:24 [runtime] (complete)        ID.F07840_2.SPATIAL_RNA_COUNTER_CS.SPATIAL_RNA_COUNTER.SPATIAL_POST_MATRIX_COMPUTATION.BIN_HD_DATA._BIN_HD_DATA._COMPUTE_BINNED_OUTPUTS.BIN_COUNT_MATRIX.fork_square_002um
2025-10-21 21:52:24 [runtime] (complete)        ID.F07840_2.SPATIAL_RNA_COUNTER_CS.SPATIAL_RNA_COUNTER.SPATIAL_POST_MATRIX_COMPUTATION.BIN_HD_DATA._BIN_HD_DATA._COMPUTE_BINNED_OUTPUTS.BIN_COUNT_MATRIX.fork_square_008um
2025-10-21 21:52:24 [runtime] (ready)           ID.F07840_2.SPATIAL_RNA_COUNTER_CS.SPATIAL_RNA_COUNTER.SPATIAL_POST_MATRIX_COMPUTATION.SPATIAL_RNA_ANALYZER.RUN_GRAPH_CLUSTERING
2025-10-21 21:52:24 [runtime] (ready)           ID.F07840_2.SPATIAL_RNA_COUNTER_CS.SPATIAL_RNA_COUNTER.SPATIAL_POST_MATRIX_COMPUTATION.SPATIAL_RNA_ANALYZER.RUN_UMAP
2025-10-21 21:52:24 [runtime] (ready)           ID.F07840_2.SPATIAL_RNA_COUNTER_CS.SPATIAL_RNA_COUNTER.SPATIAL_POST_MATRIX_COMPUTATION.SPATIAL_RNA_ANALYZER.RUN_TSNE
2025-10-21 21:52:24 [runtime] (ready)           ID.F07840_2.SPATIAL_RNA_COUNTER_CS.SPATIAL_RNA_COUNTER.SPATIAL_POST_MATRIX_COMPUTATION.SPATIAL_RNA_ANALYZER.RUN_KMEANS
2025-10-21 21:52:24 [runtime] (complete)        ID.F07840_2.SPATIAL_RNA_COUNTER_CS.SPATIAL_RNA_COUNTER.SPATIAL_POST_MATRIX_COMPUTATION.BIN_HD_DATA._BIN_HD_DATA._COMPUTE_BINNED_OUTPUTS.BIN_COUNT_MATRIX.fork_square_002um
2025-10-21 21:52:24 [runtime] (complete)        ID.F07840_2.SPATIAL_RNA_COUNTER_CS.SPATIAL_RNA_COUNTER.SPATIAL_POST_MATRIX_COMPUTATION.BIN_HD_DATA._BIN_HD_DATA._COMPUTE_BINNED_OUTPUTS.BIN_COUNT_MATRIX.fork_square_008um
2025-10-21 21:52:24 [runtime] (ready)           ID.F07840_2.SPATIAL_RNA_COUNTER_CS.SPATIAL_RNA_COUNTER.SPATIAL_POST_MATRIX_COMPUTATION.SPATIAL_RNA_ANALYZER.RUN_HIERARCHICAL_CLUSTERING
2025-10-21 21:52:24 [runtime] (complete)        ID.F07840_2.SPATIAL_RNA_COUNTER_CS.SPATIAL_RNA_COUNTER.SPATIAL_POST_MATRIX_COMPUTATION.BIN_HD_DATA._BIN_HD_DATA._COMPUTE_BINNED_OUTPUTS.BIN_COUNT_MATRIX.fork_square_002um
2025-10-21 21:52:24 [runtime] (complete)        ID.F07840_2.SPATIAL_RNA_COUNTER_CS.SPATIAL_RNA_COUNTER.SPATIAL_POST_MATRIX_COMPUTATION.BIN_HD_DATA._BIN_HD_DATA._COMPUTE_BINNED_OUTPUTS.BIN_COUNT_MATRIX.fork_square_008um
2025-10-21 21:52:24 [runtime] (ready)           ID.F07840_2.SPATIAL_RNA_COUNTER_CS.SPATIAL_RNA_COUNTER.SPATIAL_POST_MATRIX_COMPUTATION.SPATIAL_RNA_ANALYZER.COMBINE_CLUSTERING
2025-10-21 21:52:24 [runtime] (complete)        ID.F07840_2.SPATIAL_RNA_COUNTER_CS.SPATIAL_RNA_COUNTER.SPATIAL_POST_MATRIX_COMPUTATION.BIN_HD_DATA._BIN_HD_DATA._COMPUTE_BINNED_OUTPUTS.BIN_COUNT_MATRIX.fork_square_002um
2025-10-21 21:52:24 [runtime] (complete)        ID.F07840_2.SPATIAL_RNA_COUNTER_CS.SPATIAL_RNA_COUNTER.SPATIAL_POST_MATRIX_COMPUTATION.BIN_HD_DATA._BIN_HD_DATA._COMPUTE_BINNED_OUTPUTS.BIN_COUNT_MATRIX.fork_square_008um
2025-10-21 21:52:24 [runtime] (complete)        ID.F07840_2.SPATIAL_RNA_COUNTER_CS.SPATIAL_RNA_COUNTER.SPATIAL_POST_MATRIX_COMPUTATION.BIN_HD_DATA._BIN_HD_DATA._COMPUTE_BINNED_OUTPUTS.BIN_COUNT_MATRIX.fork_square_002um
2025-10-21 21:52:24 [runtime] (complete)        ID.F07840_2.SPATIAL_RNA_COUNTER_CS.SPATIAL_RNA_COUNTER.SPATIAL_POST_MATRIX_COMPUTATION.BIN_HD_DATA._BIN_HD_DATA._COMPUTE_BINNED_OUTPUTS.BIN_COUNT_MATRIX.fork_square_008um
2025-10-21 21:52:24 [runtime] (complete)        ID.F07840_2.SPATIAL_RNA_COUNTER_CS.SPATIAL_RNA_COUNTER.SPATIAL_POST_MATRIX_COMPUTATION.BIN_HD_DATA._BIN_HD_DATA._COMPUTE_BINNED_OUTPUTS.BIN_COUNT_MATRIX.fork_square_002um
2025-10-21 21:52:24 [runtime] (complete)        ID.F07840_2.SPATIAL_RNA_COUNTER_CS.SPATIAL_RNA_COUNTER.SPATIAL_POST_MATRIX_COMPUTATION.BIN_HD_DATA._BIN_HD_DATA._COMPUTE_BINNED_OUTPUTS.BIN_COUNT_MATRIX.fork_square_008um
2025-10-21 21:52:24 [runtime] (ready)           ID.F07840_2.SPATIAL_RNA_COUNTER_CS.SPATIAL_RNA_COUNTER.SPATIAL_POST_MATRIX_COMPUTATION.SPATIAL_RNA_ANALYZER.RUN_DIFFERENTIAL_EXPRESSION
2025-10-21 21:52:24 [runtime] (complete)        ID.F07840_2.SPATIAL_RNA_COUNTER_CS.SPATIAL_RNA_COUNTER.SPATIAL_POST_MATRIX_COMPUTATION.BIN_HD_DATA._BIN_HD_DATA._COMPUTE_BINNED_OUTPUTS.BIN_COUNT_MATRIX.fork_square_002um
2025-10-21 21:52:24 [runtime] (complete)        ID.F07840_2.SPATIAL_RNA_COUNTER_CS.SPATIAL_RNA_COUNTER.SPATIAL_POST_MATRIX_COMPUTATION.BIN_HD_DATA._BIN_HD_DATA._COMPUTE_BINNED_OUTPUTS.BIN_COUNT_MATRIX.fork_square_008um
2025-10-21 21:52:24 [runtime] (ready)           ID.F07840_2.SPATIAL_RNA_COUNTER_CS.SPATIAL_RNA_COUNTER.SPATIAL_POST_MATRIX_COMPUTATION.SPATIAL_RNA_ANALYZER.SUMMARIZE_ANALYSIS
2025-10-21 21:52:24 [runtime] (complete)        ID.F07840_2.SPATIAL_RNA_COUNTER_CS.SPATIAL_RNA_COUNTER.SPATIAL_POST_MATRIX_COMPUTATION.BIN_HD_DATA._BIN_HD_DATA._COMPUTE_BINNED_OUTPUTS.BIN_COUNT_MATRIX.fork_square_002um
2025-10-21 21:52:24 [runtime] (complete)        ID.F07840_2.SPATIAL_RNA_COUNTER_CS.SPATIAL_RNA_COUNTER.SPATIAL_POST_MATRIX_COMPUTATION.BIN_HD_DATA._BIN_HD_DATA._COMPUTE_BINNED_OUTPUTS.BIN_COUNT_MATRIX.fork_square_008um
2025-10-21 21:52:24 [runtime] (complete)        ID.F07840_2.SPATIAL_RNA_COUNTER_CS.SPATIAL_RNA_COUNTER.SPATIAL_POST_MATRIX_COMPUTATION.BIN_HD_DATA._BIN_HD_DATA._COMPUTE_BINNED_OUTPUTS.BIN_COUNT_MATRIX.fork_square_002um
2025-10-21 21:52:24 [runtime] (complete)        ID.F07840_2.SPATIAL_RNA_COUNTER_CS.SPATIAL_RNA_COUNTER.SPATIAL_POST_MATRIX_COMPUTATION.BIN_HD_DATA._BIN_HD_DATA._COMPUTE_BINNED_OUTPUTS.BIN_COUNT_MATRIX.fork_square_008um
2025-10-21 21:52:24 [runtime] (ready)           ID.F07840_2.SPATIAL_RNA_COUNTER_CS.SPATIAL_RNA_COUNTER.SPATIAL_POST_MATRIX_COMPUTATION.DECONVOLVE_SPOTS
2025-10-21 21:52:24 [runtime] (complete)        ID.F07840_2.SPATIAL_RNA_COUNTER_CS.SPATIAL_RNA_COUNTER.SPATIAL_POST_MATRIX_COMPUTATION.BIN_HD_DATA._BIN_HD_DATA._COMPUTE_BINNED_OUTPUTS.BIN_COUNT_MATRIX.fork_square_002um
2025-10-21 21:52:24 [runtime] (complete)        ID.F07840_2.SPATIAL_RNA_COUNTER_CS.SPATIAL_RNA_COUNTER.SPATIAL_POST_MATRIX_COMPUTATION.BIN_HD_DATA._BIN_HD_DATA._COMPUTE_BINNED_OUTPUTS.BIN_COUNT_MATRIX.fork_square_008um
2025-10-21 21:52:27 [runtime] (complete)        ID.F07840_2.SPATIAL_RNA_COUNTER_CS.SPATIAL_RNA_COUNTER.SPATIAL_POST_MATRIX_COMPUTATION.BIN_HD_DATA._BIN_HD_DATA._COMPUTE_BINNED_OUTPUTS.BIN_COUNT_MATRIX.fork_square_002um
2025-10-21 21:52:27 [runtime] (complete)        ID.F07840_2.SPATIAL_RNA_COUNTER_CS.SPATIAL_RNA_COUNTER.SPATIAL_POST_MATRIX_COMPUTATION.BIN_HD_DATA._BIN_HD_DATA._COMPUTE_BINNED_OUTPUTS.BIN_COUNT_MATRIX.fork_square_008um
2025-10-21 21:52:30 [runtime] (complete)        ID.F07840_2.SPATIAL_RNA_COUNTER_CS.SPATIAL_RNA_COUNTER.SPATIAL_POST_MATRIX_COMPUTATION.BIN_HD_DATA._BIN_HD_DATA._COMPUTE_BINNED_OUTPUTS.BIN_COUNT_MATRIX.fork_square_002um
2025-10-21 21:52:30 [runtime] (complete)        ID.F07840_2.SPATIAL_RNA_COUNTER_CS.SPATIAL_RNA_COUNTER.SPATIAL_POST_MATRIX_COMPUTATION.BIN_HD_DATA._BIN_HD_DATA._COMPUTE_BINNED_OUTPUTS.BIN_COUNT_MATRIX.fork_square_008um
2025-10-21 21:52:34 [runtime] (complete)        ID.F07840_2.SPATIAL_RNA_COUNTER_CS.SPATIAL_RNA_COUNTER.SPATIAL_POST_MATRIX_COMPUTATION.BIN_HD_DATA._BIN_HD_DATA._COMPUTE_BINNED_OUTPUTS.BIN_COUNT_MATRIX.fork_square_002um
2025-10-21 21:52:34 [runtime] (complete)        ID.F07840_2.SPATIAL_RNA_COUNTER_CS.SPATIAL_RNA_COUNTER.SPATIAL_POST_MATRIX_COMPUTATION.BIN_HD_DATA._BIN_HD_DATA._COMPUTE_BINNED_OUTPUTS.BIN_COUNT_MATRIX.fork_square_008um
2025-10-21 21:52:37 [runtime] (complete)        ID.F07840_2.SPATIAL_RNA_COUNTER_CS.SPATIAL_RNA_COUNTER.SPATIAL_POST_MATRIX_COMPUTATION.BIN_HD_DATA._BIN_HD_DATA._COMPUTE_BINNED_OUTPUTS.BIN_COUNT_MATRIX.fork_square_002um
2025-10-21 21:52:37 [runtime] (complete)        ID.F07840_2.SPATIAL_RNA_COUNTER_CS.SPATIAL_RNA_COUNTER.SPATIAL_POST_MATRIX_COMPUTATION.BIN_HD_DATA._BIN_HD_DATA._COMPUTE_BINNED_OUTPUTS.BIN_COUNT_MATRIX.fork_square_008um
2025-10-21 21:52:40 [runtime] (complete)        ID.F07840_2.SPATIAL_RNA_COUNTER_CS.SPATIAL_RNA_COUNTER.SPATIAL_POST_MATRIX_COMPUTATION.BIN_HD_DATA._BIN_HD_DATA._COMPUTE_BINNED_OUTPUTS.BIN_COUNT_MATRIX.fork_square_002um
2025-10-21 21:52:40 [runtime] (complete)        ID.F07840_2.SPATIAL_RNA_COUNTER_CS.SPATIAL_RNA_COUNTER.SPATIAL_POST_MATRIX_COMPUTATION.BIN_HD_DATA._BIN_HD_DATA._COMPUTE_BINNED_OUTPUTS.BIN_COUNT_MATRIX.fork_square_008um
2025-10-21 21:52:43 [runtime] (complete)        ID.F07840_2.SPATIAL_RNA_COUNTER_CS.SPATIAL_RNA_COUNTER.SPATIAL_POST_MATRIX_COMPUTATION.BIN_HD_DATA._BIN_HD_DATA._COMPUTE_BINNED_OUTPUTS.BIN_COUNT_MATRIX.fork_square_002um
2025-10-21 21:52:43 [runtime] (complete)        ID.F07840_2.SPATIAL_RNA_COUNTER_CS.SPATIAL_RNA_COUNTER.SPATIAL_POST_MATRIX_COMPUTATION.BIN_HD_DATA._BIN_HD_DATA._COMPUTE_BINNED_OUTPUTS.BIN_COUNT_MATRIX.fork_square_008um
2025-10-21 21:52:46 [runtime] (complete)        ID.F07840_2.SPATIAL_RNA_COUNTER_CS.SPATIAL_RNA_COUNTER.SPATIAL_POST_MATRIX_COMPUTATION.BIN_HD_DATA._BIN_HD_DATA._COMPUTE_BINNED_OUTPUTS.BIN_COUNT_MATRIX.fork_square_002um
2025-10-21 21:52:46 [runtime] (complete)        ID.F07840_2.SPATIAL_RNA_COUNTER_CS.SPATIAL_RNA_COUNTER.SPATIAL_POST_MATRIX_COMPUTATION.BIN_HD_DATA._BIN_HD_DATA._COMPUTE_BINNED_OUTPUTS.BIN_COUNT_MATRIX.fork_square_008um
2025-10-21 21:52:47 [runtime] (complete)        ID.F07840_2.SPATIAL_RNA_COUNTER_CS.SPATIAL_RNA_COUNTER.SPATIAL_POST_MATRIX_COMPUTATION.BIN_HD_DATA._BIN_HD_DATA._COMPUTE_BINNED_OUTPUTS.BIN_COUNT_MATRIX.fork_square_002um
2025-10-21 21:52:47 [runtime] (complete)        ID.F07840_2.SPATIAL_RNA_COUNTER_CS.SPATIAL_RNA_COUNTER.SPATIAL_POST_MATRIX_COMPUTATION.BIN_HD_DATA._BIN_HD_DATA._COMPUTE_BINNED_OUTPUTS.BIN_COUNT_MATRIX.fork_square_008um
2025-10-21 21:52:47 [runtime] (chunks_complete) ID.F07840_2.SPATIAL_RNA_COUNTER_CS.SPATIAL_RNA_COUNTER.SPATIAL_POST_MATRIX_COMPUTATION.BIN_HD_DATA._BIN_HD_DATA._COMPUTE_BINNED_OUTPUTS.BIN_COUNT_MATRIX.fork_square_016um
2025-10-21 21:52:47 [runtime] (ready)           ID.F07840_2.SPATIAL_RNA_COUNTER_CS.SPATIAL_RNA_COUNTER.SPATIAL_POST_MATRIX_COMPUTATION.BIN_HD_DATA._BIN_HD_DATA._COMPUTE_BINNED_OUTPUTS.WRITE_BINNED_H5_MATRIX.fork_square_002um
2025-10-21 21:52:47 [runtime] (run:local)       ID.F07840_2.SPATIAL_RNA_COUNTER_CS.SPATIAL_RNA_COUNTER.SPATIAL_POST_MATRIX_COMPUTATION.BIN_HD_DATA._BIN_HD_DATA._COMPUTE_BINNED_OUTPUTS.WRITE_BINNED_H5_MATRIX.fork_square_002um.chnk0.main
2025-10-21 21:52:47 [runtime] (ready)           ID.F07840_2.SPATIAL_RNA_COUNTER_CS.SPATIAL_RNA_COUNTER.SPATIAL_POST_MATRIX_COMPUTATION.BIN_HD_DATA._BIN_HD_DATA._COMPUTE_BINNED_OUTPUTS.WRITE_BINNED_H5_MATRIX.fork_square_008um
2025-10-21 21:52:48 [runtime] (run:local)       ID.F07840_2.SPATIAL_RNA_COUNTER_CS.SPATIAL_RNA_COUNTER.SPATIAL_POST_MATRIX_COMPUTATION.BIN_HD_DATA._BIN_HD_DATA._COMPUTE_BINNED_OUTPUTS.WRITE_BINNED_H5_MATRIX.fork_square_008um.chnk0.main
2025-10-21 21:52:48 [runtime] (ready)           ID.F07840_2.SPATIAL_RNA_COUNTER_CS.SPATIAL_RNA_COUNTER.SPATIAL_POST_MATRIX_COMPUTATION.BIN_HD_DATA._BIN_HD_DATA._COMPUTE_BINNED_OUTPUTS.WRITE_BINNED_H5_MATRIX.fork_square_016um
2025-10-21 21:52:48 [runtime] (run:local)       ID.F07840_2.SPATIAL_RNA_COUNTER_CS.SPATIAL_RNA_COUNTER.SPATIAL_POST_MATRIX_COMPUTATION.BIN_HD_DATA._BIN_HD_DATA._COMPUTE_BINNED_OUTPUTS.WRITE_BINNED_H5_MATRIX.fork_square_016um.chnk0.main
2025-10-21 21:54:15 [runtime] (chunks_complete) ID.F07840_2.SPATIAL_RNA_COUNTER_CS.SPATIAL_RNA_COUNTER.SPATIAL_POST_MATRIX_COMPUTATION.BIN_HD_DATA._BIN_HD_DATA._COMPUTE_BINNED_OUTPUTS.WRITE_BINNED_H5_MATRIX.fork_square_016um
2025-10-21 21:54:18 [runtime] (chunks_complete) ID.F07840_2.SPATIAL_RNA_COUNTER_CS.SPATIAL_RNA_COUNTER.SPATIAL_POST_MATRIX_COMPUTATION.BIN_HD_DATA._BIN_HD_DATA._COMPUTE_BINNED_OUTPUTS.WRITE_BINNED_H5_MATRIX.fork_square_008um
2025-10-21 21:54:18 [runtime] (complete)        ID.F07840_2.SPATIAL_RNA_COUNTER_CS.SPATIAL_RNA_COUNTER.SPATIAL_POST_MATRIX_COMPUTATION.BIN_HD_DATA._BIN_HD_DATA._COMPUTE_BINNED_OUTPUTS.WRITE_BINNED_H5_MATRIX.fork_square_016um
2025-10-21 21:54:21 [runtime] (complete)        ID.F07840_2.SPATIAL_RNA_COUNTER_CS.SPATIAL_RNA_COUNTER.SPATIAL_POST_MATRIX_COMPUTATION.BIN_HD_DATA._BIN_HD_DATA._COMPUTE_BINNED_OUTPUTS.WRITE_BINNED_H5_MATRIX.fork_square_008um
2025-10-21 21:54:21 [runtime] (complete)        ID.F07840_2.SPATIAL_RNA_COUNTER_CS.SPATIAL_RNA_COUNTER.SPATIAL_POST_MATRIX_COMPUTATION.BIN_HD_DATA._BIN_HD_DATA._COMPUTE_BINNED_OUTPUTS.WRITE_BINNED_H5_MATRIX.fork_square_016um
2025-10-21 21:54:24 [runtime] (complete)        ID.F07840_2.SPATIAL_RNA_COUNTER_CS.SPATIAL_RNA_COUNTER.SPATIAL_POST_MATRIX_COMPUTATION.BIN_HD_DATA._BIN_HD_DATA._COMPUTE_BINNED_OUTPUTS.WRITE_BINNED_H5_MATRIX.fork_square_008um
2025-10-21 21:54:24 [runtime] (complete)        ID.F07840_2.SPATIAL_RNA_COUNTER_CS.SPATIAL_RNA_COUNTER.SPATIAL_POST_MATRIX_COMPUTATION.BIN_HD_DATA._BIN_HD_DATA._COMPUTE_BINNED_OUTPUTS.WRITE_BINNED_H5_MATRIX.fork_square_016um
2025-10-21 21:54:27 [runtime] (complete)        ID.F07840_2.SPATIAL_RNA_COUNTER_CS.SPATIAL_RNA_COUNTER.SPATIAL_POST_MATRIX_COMPUTATION.BIN_HD_DATA._BIN_HD_DATA._COMPUTE_BINNED_OUTPUTS.WRITE_BINNED_H5_MATRIX.fork_square_008um
2025-10-21 21:54:27 [runtime] (complete)        ID.F07840_2.SPATIAL_RNA_COUNTER_CS.SPATIAL_RNA_COUNTER.SPATIAL_POST_MATRIX_COMPUTATION.BIN_HD_DATA._BIN_HD_DATA._COMPUTE_BINNED_OUTPUTS.WRITE_BINNED_H5_MATRIX.fork_square_016um
2025-10-21 21:54:30 [runtime] (complete)        ID.F07840_2.SPATIAL_RNA_COUNTER_CS.SPATIAL_RNA_COUNTER.SPATIAL_POST_MATRIX_COMPUTATION.BIN_HD_DATA._BIN_HD_DATA._COMPUTE_BINNED_OUTPUTS.WRITE_BINNED_H5_MATRIX.fork_square_008um
2025-10-21 21:54:30 [runtime] (complete)        ID.F07840_2.SPATIAL_RNA_COUNTER_CS.SPATIAL_RNA_COUNTER.SPATIAL_POST_MATRIX_COMPUTATION.BIN_HD_DATA._BIN_HD_DATA._COMPUTE_BINNED_OUTPUTS.WRITE_BINNED_H5_MATRIX.fork_square_016um
2025-10-21 21:54:31 [runtime] (chunks_complete) ID.F07840_2.SPATIAL_RNA_COUNTER_CS.SPATIAL_RNA_COUNTER.SPATIAL_POST_MATRIX_COMPUTATION.BIN_HD_DATA._BIN_HD_DATA._COMPUTE_BINNED_OUTPUTS.WRITE_BINNED_H5_MATRIX.fork_square_002um
2025-10-21 21:54:31 [runtime] (complete)        ID.F07840_2.SPATIAL_RNA_COUNTER_CS.SPATIAL_RNA_COUNTER.SPATIAL_POST_MATRIX_COMPUTATION.BIN_HD_DATA._BIN_HD_DATA._COMPUTE_BINNED_OUTPUTS.WRITE_BINNED_H5_MATRIX.fork_square_008um
2025-10-21 21:54:31 [runtime] (complete)        ID.F07840_2.SPATIAL_RNA_COUNTER_CS.SPATIAL_RNA_COUNTER.SPATIAL_POST_MATRIX_COMPUTATION.BIN_HD_DATA._BIN_HD_DATA._COMPUTE_BINNED_OUTPUTS.WRITE_BINNED_H5_MATRIX.fork_square_016um
2025-10-21 21:54:31 [runtime] (ready)           ID.F07840_2.SPATIAL_RNA_COUNTER_CS.SPATIAL_RNA_COUNTER.SPATIAL_POST_MATRIX_COMPUTATION.BIN_HD_DATA._BIN_HD_DATA._COMPUTE_BINNED_OUTPUTS.WRITE_BINNED_MATRICES.fork_square_002um
2025-10-21 21:54:31 [runtime] (run:local)       ID.F07840_2.SPATIAL_RNA_COUNTER_CS.SPATIAL_RNA_COUNTER.SPATIAL_POST_MATRIX_COMPUTATION.BIN_HD_DATA._BIN_HD_DATA._COMPUTE_BINNED_OUTPUTS.WRITE_BINNED_MATRICES.fork_square_002um.split
2025-10-21 21:54:31 [runtime] (ready)           ID.F07840_2.SPATIAL_RNA_COUNTER_CS.SPATIAL_RNA_COUNTER.SPATIAL_POST_MATRIX_COMPUTATION.BIN_HD_DATA._BIN_HD_DATA._COMPUTE_BINNED_OUTPUTS.WRITE_BINNED_MATRICES.fork_square_008um
2025-10-21 21:54:31 [runtime] (run:local)       ID.F07840_2.SPATIAL_RNA_COUNTER_CS.SPATIAL_RNA_COUNTER.SPATIAL_POST_MATRIX_COMPUTATION.BIN_HD_DATA._BIN_HD_DATA._COMPUTE_BINNED_OUTPUTS.WRITE_BINNED_MATRICES.fork_square_008um.split
2025-10-21 21:54:31 [runtime] (ready)           ID.F07840_2.SPATIAL_RNA_COUNTER_CS.SPATIAL_RNA_COUNTER.SPATIAL_POST_MATRIX_COMPUTATION.BIN_HD_DATA._BIN_HD_DATA._COMPUTE_BINNED_OUTPUTS.WRITE_BINNED_MATRICES.fork_square_016um
2025-10-21 21:54:31 [runtime] (run:local)       ID.F07840_2.SPATIAL_RNA_COUNTER_CS.SPATIAL_RNA_COUNTER.SPATIAL_POST_MATRIX_COMPUTATION.BIN_HD_DATA._BIN_HD_DATA._COMPUTE_BINNED_OUTPUTS.WRITE_BINNED_MATRICES.fork_square_016um.split
2025-10-21 21:54:42 [runtime] (chunks_complete) ID.F07840_2.SPATIAL_RNA_COUNTER_CS.SPATIAL_RNA_COUNTER.SPATIAL_POST_MATRIX_COMPUTATION.BIN_HD_DATA._BIN_HD_DATA._COMPUTE_BINNED_OUTPUTS.CREATE_TOTAL_UMI_IMAGE.fork_square_002um
2025-10-21 21:54:44 [runtime] (complete)        ID.F07840_2.SPATIAL_RNA_COUNTER_CS.SPATIAL_RNA_COUNTER.SPATIAL_POST_MATRIX_COMPUTATION.BIN_HD_DATA._BIN_HD_DATA._COMPUTE_BINNED_OUTPUTS.CREATE_TOTAL_UMI_IMAGE.fork_square_002um
2025-10-21 21:54:44 [runtime] (split_complete)  ID.F07840_2.SPATIAL_RNA_COUNTER_CS.SPATIAL_RNA_COUNTER.SPATIAL_POST_MATRIX_COMPUTATION.BIN_HD_DATA._BIN_HD_DATA._COMPUTE_BINNED_OUTPUTS.WRITE_BINNED_MATRICES.fork_square_002um
2025-10-21 21:54:44 [runtime] (run:local)       ID.F07840_2.SPATIAL_RNA_COUNTER_CS.SPATIAL_RNA_COUNTER.SPATIAL_POST_MATRIX_COMPUTATION.BIN_HD_DATA._BIN_HD_DATA._COMPUTE_BINNED_OUTPUTS.WRITE_BINNED_MATRICES.fork_square_002um.join
2025-10-21 21:54:44 [runtime] (split_complete)  ID.F07840_2.SPATIAL_RNA_COUNTER_CS.SPATIAL_RNA_COUNTER.SPATIAL_POST_MATRIX_COMPUTATION.BIN_HD_DATA._BIN_HD_DATA._COMPUTE_BINNED_OUTPUTS.WRITE_BINNED_MATRICES.fork_square_008um
2025-10-21 21:54:44 [runtime] (run:local)       ID.F07840_2.SPATIAL_RNA_COUNTER_CS.SPATIAL_RNA_COUNTER.SPATIAL_POST_MATRIX_COMPUTATION.BIN_HD_DATA._BIN_HD_DATA._COMPUTE_BINNED_OUTPUTS.WRITE_BINNED_MATRICES.fork_square_008um.join
2025-10-21 21:54:44 [runtime] (split_complete)  ID.F07840_2.SPATIAL_RNA_COUNTER_CS.SPATIAL_RNA_COUNTER.SPATIAL_POST_MATRIX_COMPUTATION.BIN_HD_DATA._BIN_HD_DATA._COMPUTE_BINNED_OUTPUTS.WRITE_BINNED_MATRICES.fork_square_016um
2025-10-21 21:54:44 [runtime] (run:local)       ID.F07840_2.SPATIAL_RNA_COUNTER_CS.SPATIAL_RNA_COUNTER.SPATIAL_POST_MATRIX_COMPUTATION.BIN_HD_DATA._BIN_HD_DATA._COMPUTE_BINNED_OUTPUTS.WRITE_BINNED_MATRICES.fork_square_016um.join
2025-10-21 21:54:47 [runtime] (complete)        ID.F07840_2.SPATIAL_RNA_COUNTER_CS.SPATIAL_RNA_COUNTER.SPATIAL_POST_MATRIX_COMPUTATION.BIN_HD_DATA._BIN_HD_DATA._COMPUTE_BINNED_OUTPUTS.CREATE_TOTAL_UMI_IMAGE.fork_square_002um
2025-10-21 21:54:50 [runtime] (complete)        ID.F07840_2.SPATIAL_RNA_COUNTER_CS.SPATIAL_RNA_COUNTER.SPATIAL_POST_MATRIX_COMPUTATION.BIN_HD_DATA._BIN_HD_DATA._COMPUTE_BINNED_OUTPUTS.CREATE_TOTAL_UMI_IMAGE.fork_square_002um
2025-10-21 21:54:53 [runtime] (complete)        ID.F07840_2.SPATIAL_RNA_COUNTER_CS.SPATIAL_RNA_COUNTER.SPATIAL_POST_MATRIX_COMPUTATION.BIN_HD_DATA._BIN_HD_DATA._COMPUTE_BINNED_OUTPUTS.CREATE_TOTAL_UMI_IMAGE.fork_square_002um
2025-10-21 21:54:56 [runtime] (complete)        ID.F07840_2.SPATIAL_RNA_COUNTER_CS.SPATIAL_RNA_COUNTER.SPATIAL_POST_MATRIX_COMPUTATION.BIN_HD_DATA._BIN_HD_DATA._COMPUTE_BINNED_OUTPUTS.CREATE_TOTAL_UMI_IMAGE.fork_square_002um
2025-10-21 21:54:59 [runtime] (complete)        ID.F07840_2.SPATIAL_RNA_COUNTER_CS.SPATIAL_RNA_COUNTER.SPATIAL_POST_MATRIX_COMPUTATION.BIN_HD_DATA._BIN_HD_DATA._COMPUTE_BINNED_OUTPUTS.CREATE_TOTAL_UMI_IMAGE.fork_square_002um
2025-10-21 21:55:02 [runtime] (complete)        ID.F07840_2.SPATIAL_RNA_COUNTER_CS.SPATIAL_RNA_COUNTER.SPATIAL_POST_MATRIX_COMPUTATION.BIN_HD_DATA._BIN_HD_DATA._COMPUTE_BINNED_OUTPUTS.CREATE_TOTAL_UMI_IMAGE.fork_square_002um
2025-10-21 21:55:05 [runtime] (complete)        ID.F07840_2.SPATIAL_RNA_COUNTER_CS.SPATIAL_RNA_COUNTER.SPATIAL_POST_MATRIX_COMPUTATION.BIN_HD_DATA._BIN_HD_DATA._COMPUTE_BINNED_OUTPUTS.CREATE_TOTAL_UMI_IMAGE.fork_square_002um
2025-10-21 21:55:08 [runtime] (complete)        ID.F07840_2.SPATIAL_RNA_COUNTER_CS.SPATIAL_RNA_COUNTER.SPATIAL_POST_MATRIX_COMPUTATION.BIN_HD_DATA._BIN_HD_DATA._COMPUTE_BINNED_OUTPUTS.CREATE_TOTAL_UMI_IMAGE.fork_square_002um
2025-10-21 21:55:11 [runtime] (complete)        ID.F07840_2.SPATIAL_RNA_COUNTER_CS.SPATIAL_RNA_COUNTER.SPATIAL_POST_MATRIX_COMPUTATION.BIN_HD_DATA._BIN_HD_DATA._COMPUTE_BINNED_OUTPUTS.CREATE_TOTAL_UMI_IMAGE.fork_square_002um
2025-10-21 21:55:14 [runtime] (complete)        ID.F07840_2.SPATIAL_RNA_COUNTER_CS.SPATIAL_RNA_COUNTER.SPATIAL_POST_MATRIX_COMPUTATION.BIN_HD_DATA._BIN_HD_DATA._COMPUTE_BINNED_OUTPUTS.CREATE_TOTAL_UMI_IMAGE.fork_square_002um
2025-10-21 21:55:17 [runtime] (complete)        ID.F07840_2.SPATIAL_RNA_COUNTER_CS.SPATIAL_RNA_COUNTER.SPATIAL_POST_MATRIX_COMPUTATION.BIN_HD_DATA._BIN_HD_DATA._COMPUTE_BINNED_OUTPUTS.CREATE_TOTAL_UMI_IMAGE.fork_square_002um
2025-10-21 21:55:20 [runtime] (complete)        ID.F07840_2.SPATIAL_RNA_COUNTER_CS.SPATIAL_RNA_COUNTER.SPATIAL_POST_MATRIX_COMPUTATION.BIN_HD_DATA._BIN_HD_DATA._COMPUTE_BINNED_OUTPUTS.CREATE_TOTAL_UMI_IMAGE.fork_square_002um
2025-10-21 21:55:23 [runtime] (complete)        ID.F07840_2.SPATIAL_RNA_COUNTER_CS.SPATIAL_RNA_COUNTER.SPATIAL_POST_MATRIX_COMPUTATION.BIN_HD_DATA._BIN_HD_DATA._COMPUTE_BINNED_OUTPUTS.CREATE_TOTAL_UMI_IMAGE.fork_square_002um
2025-10-21 21:55:26 [runtime] (complete)        ID.F07840_2.SPATIAL_RNA_COUNTER_CS.SPATIAL_RNA_COUNTER.SPATIAL_POST_MATRIX_COMPUTATION.BIN_HD_DATA._BIN_HD_DATA._COMPUTE_BINNED_OUTPUTS.CREATE_TOTAL_UMI_IMAGE.fork_square_002um
2025-10-21 21:55:30 [runtime] (complete)        ID.F07840_2.SPATIAL_RNA_COUNTER_CS.SPATIAL_RNA_COUNTER.SPATIAL_POST_MATRIX_COMPUTATION.BIN_HD_DATA._BIN_HD_DATA._COMPUTE_BINNED_OUTPUTS.CREATE_TOTAL_UMI_IMAGE.fork_square_002um
2025-10-21 21:55:33 [runtime] (complete)        ID.F07840_2.SPATIAL_RNA_COUNTER_CS.SPATIAL_RNA_COUNTER.SPATIAL_POST_MATRIX_COMPUTATION.BIN_HD_DATA._BIN_HD_DATA._COMPUTE_BINNED_OUTPUTS.CREATE_TOTAL_UMI_IMAGE.fork_square_002um
2025-10-21 21:55:36 [runtime] (complete)        ID.F07840_2.SPATIAL_RNA_COUNTER_CS.SPATIAL_RNA_COUNTER.SPATIAL_POST_MATRIX_COMPUTATION.BIN_HD_DATA._BIN_HD_DATA._COMPUTE_BINNED_OUTPUTS.CREATE_TOTAL_UMI_IMAGE.fork_square_002um
2025-10-21 21:55:39 [runtime] (complete)        ID.F07840_2.SPATIAL_RNA_COUNTER_CS.SPATIAL_RNA_COUNTER.SPATIAL_POST_MATRIX_COMPUTATION.BIN_HD_DATA._BIN_HD_DATA._COMPUTE_BINNED_OUTPUTS.CREATE_TOTAL_UMI_IMAGE.fork_square_002um
2025-10-21 21:55:42 [runtime] (complete)        ID.F07840_2.SPATIAL_RNA_COUNTER_CS.SPATIAL_RNA_COUNTER.SPATIAL_POST_MATRIX_COMPUTATION.BIN_HD_DATA._BIN_HD_DATA._COMPUTE_BINNED_OUTPUTS.CREATE_TOTAL_UMI_IMAGE.fork_square_002um
2025-10-21 21:55:45 [runtime] (complete)        ID.F07840_2.SPATIAL_RNA_COUNTER_CS.SPATIAL_RNA_COUNTER.SPATIAL_POST_MATRIX_COMPUTATION.BIN_HD_DATA._BIN_HD_DATA._COMPUTE_BINNED_OUTPUTS.CREATE_TOTAL_UMI_IMAGE.fork_square_002um
2025-10-21 21:55:48 [runtime] (complete)        ID.F07840_2.SPATIAL_RNA_COUNTER_CS.SPATIAL_RNA_COUNTER.SPATIAL_POST_MATRIX_COMPUTATION.BIN_HD_DATA._BIN_HD_DATA._COMPUTE_BINNED_OUTPUTS.CREATE_TOTAL_UMI_IMAGE.fork_square_002um
2025-10-21 21:55:51 [runtime] (complete)        ID.F07840_2.SPATIAL_RNA_COUNTER_CS.SPATIAL_RNA_COUNTER.SPATIAL_POST_MATRIX_COMPUTATION.BIN_HD_DATA._BIN_HD_DATA._COMPUTE_BINNED_OUTPUTS.CREATE_TOTAL_UMI_IMAGE.fork_square_002um
2025-10-21 21:55:54 [runtime] (complete)        ID.F07840_2.SPATIAL_RNA_COUNTER_CS.SPATIAL_RNA_COUNTER.SPATIAL_POST_MATRIX_COMPUTATION.BIN_HD_DATA._BIN_HD_DATA._COMPUTE_BINNED_OUTPUTS.CREATE_TOTAL_UMI_IMAGE.fork_square_002um
2025-10-21 21:55:57 [runtime] (complete)        ID.F07840_2.SPATIAL_RNA_COUNTER_CS.SPATIAL_RNA_COUNTER.SPATIAL_POST_MATRIX_COMPUTATION.BIN_HD_DATA._BIN_HD_DATA._COMPUTE_BINNED_OUTPUTS.CREATE_TOTAL_UMI_IMAGE.fork_square_002um
2025-10-21 21:56:00 [runtime] (complete)        ID.F07840_2.SPATIAL_RNA_COUNTER_CS.SPATIAL_RNA_COUNTER.SPATIAL_POST_MATRIX_COMPUTATION.BIN_HD_DATA._BIN_HD_DATA._COMPUTE_BINNED_OUTPUTS.CREATE_TOTAL_UMI_IMAGE.fork_square_002um
2025-10-21 21:56:03 [runtime] (complete)        ID.F07840_2.SPATIAL_RNA_COUNTER_CS.SPATIAL_RNA_COUNTER.SPATIAL_POST_MATRIX_COMPUTATION.BIN_HD_DATA._BIN_HD_DATA._COMPUTE_BINNED_OUTPUTS.CREATE_TOTAL_UMI_IMAGE.fork_square_002um
2025-10-21 21:56:06 [runtime] (complete)        ID.F07840_2.SPATIAL_RNA_COUNTER_CS.SPATIAL_RNA_COUNTER.SPATIAL_POST_MATRIX_COMPUTATION.BIN_HD_DATA._BIN_HD_DATA._COMPUTE_BINNED_OUTPUTS.CREATE_TOTAL_UMI_IMAGE.fork_square_002um
2025-10-21 21:56:09 [runtime] (complete)        ID.F07840_2.SPATIAL_RNA_COUNTER_CS.SPATIAL_RNA_COUNTER.SPATIAL_POST_MATRIX_COMPUTATION.BIN_HD_DATA._BIN_HD_DATA._COMPUTE_BINNED_OUTPUTS.CREATE_TOTAL_UMI_IMAGE.fork_square_002um
2025-10-21 21:56:12 [runtime] (complete)        ID.F07840_2.SPATIAL_RNA_COUNTER_CS.SPATIAL_RNA_COUNTER.SPATIAL_POST_MATRIX_COMPUTATION.BIN_HD_DATA._BIN_HD_DATA._COMPUTE_BINNED_OUTPUTS.CREATE_TOTAL_UMI_IMAGE.fork_square_002um
2025-10-21 21:56:15 [runtime] (update)          ID.F07840_2.SPATIAL_RNA_COUNTER_CS.SPATIAL_RNA_COUNTER.SPATIAL_POST_MATRIX_COMPUTATION._POST_MATRIX_COMPUTATION.COLLATE_PROBE_METRICS.fork0 chunks_running
2025-10-21 21:56:15 [runtime] (complete)        ID.F07840_2.SPATIAL_RNA_COUNTER_CS.SPATIAL_RNA_COUNTER.SPATIAL_POST_MATRIX_COMPUTATION.BIN_HD_DATA._BIN_HD_DATA._COMPUTE_BINNED_OUTPUTS.CREATE_TOTAL_UMI_IMAGE.fork_square_002um
2025-10-21 21:56:18 [runtime] (complete)        ID.F07840_2.SPATIAL_RNA_COUNTER_CS.SPATIAL_RNA_COUNTER.SPATIAL_POST_MATRIX_COMPUTATION.BIN_HD_DATA._BIN_HD_DATA._COMPUTE_BINNED_OUTPUTS.CREATE_TOTAL_UMI_IMAGE.fork_square_002um
2025-10-21 21:56:21 [runtime] (complete)        ID.F07840_2.SPATIAL_RNA_COUNTER_CS.SPATIAL_RNA_COUNTER.SPATIAL_POST_MATRIX_COMPUTATION.BIN_HD_DATA._BIN_HD_DATA._COMPUTE_BINNED_OUTPUTS.CREATE_TOTAL_UMI_IMAGE.fork_square_002um
2025-10-21 21:56:24 [runtime] (complete)        ID.F07840_2.SPATIAL_RNA_COUNTER_CS.SPATIAL_RNA_COUNTER.SPATIAL_POST_MATRIX_COMPUTATION.BIN_HD_DATA._BIN_HD_DATA._COMPUTE_BINNED_OUTPUTS.CREATE_TOTAL_UMI_IMAGE.fork_square_002um
2025-10-21 21:56:27 [runtime] (complete)        ID.F07840_2.SPATIAL_RNA_COUNTER_CS.SPATIAL_RNA_COUNTER.SPATIAL_POST_MATRIX_COMPUTATION.BIN_HD_DATA._BIN_HD_DATA._COMPUTE_BINNED_OUTPUTS.CREATE_TOTAL_UMI_IMAGE.fork_square_002um
2025-10-21 21:56:30 [runtime] (complete)        ID.F07840_2.SPATIAL_RNA_COUNTER_CS.SPATIAL_RNA_COUNTER.SPATIAL_POST_MATRIX_COMPUTATION.BIN_HD_DATA._BIN_HD_DATA._COMPUTE_BINNED_OUTPUTS.CREATE_TOTAL_UMI_IMAGE.fork_square_002um
2025-10-21 21:56:33 [runtime] (complete)        ID.F07840_2.SPATIAL_RNA_COUNTER_CS.SPATIAL_RNA_COUNTER.SPATIAL_POST_MATRIX_COMPUTATION.BIN_HD_DATA._BIN_HD_DATA._COMPUTE_BINNED_OUTPUTS.CREATE_TOTAL_UMI_IMAGE.fork_square_002um
2025-10-21 21:56:37 [runtime] (complete)        ID.F07840_2.SPATIAL_RNA_COUNTER_CS.SPATIAL_RNA_COUNTER.SPATIAL_POST_MATRIX_COMPUTATION.BIN_HD_DATA._BIN_HD_DATA._COMPUTE_BINNED_OUTPUTS.CREATE_TOTAL_UMI_IMAGE.fork_square_002um
2025-10-21 21:56:40 [runtime] (complete)        ID.F07840_2.SPATIAL_RNA_COUNTER_CS.SPATIAL_RNA_COUNTER.SPATIAL_POST_MATRIX_COMPUTATION.BIN_HD_DATA._BIN_HD_DATA._COMPUTE_BINNED_OUTPUTS.CREATE_TOTAL_UMI_IMAGE.fork_square_002um
2025-10-21 21:56:43 [runtime] (complete)        ID.F07840_2.SPATIAL_RNA_COUNTER_CS.SPATIAL_RNA_COUNTER.SPATIAL_POST_MATRIX_COMPUTATION.BIN_HD_DATA._BIN_HD_DATA._COMPUTE_BINNED_OUTPUTS.CREATE_TOTAL_UMI_IMAGE.fork_square_002um
2025-10-21 21:56:46 [runtime] (complete)        ID.F07840_2.SPATIAL_RNA_COUNTER_CS.SPATIAL_RNA_COUNTER.SPATIAL_POST_MATRIX_COMPUTATION.BIN_HD_DATA._BIN_HD_DATA._COMPUTE_BINNED_OUTPUTS.CREATE_TOTAL_UMI_IMAGE.fork_square_002um
2025-10-21 21:56:49 [runtime] (complete)        ID.F07840_2.SPATIAL_RNA_COUNTER_CS.SPATIAL_RNA_COUNTER.SPATIAL_POST_MATRIX_COMPUTATION.BIN_HD_DATA._BIN_HD_DATA._COMPUTE_BINNED_OUTPUTS.CREATE_TOTAL_UMI_IMAGE.fork_square_002um
2025-10-21 21:56:52 [runtime] (complete)        ID.F07840_2.SPATIAL_RNA_COUNTER_CS.SPATIAL_RNA_COUNTER.SPATIAL_POST_MATRIX_COMPUTATION.BIN_HD_DATA._BIN_HD_DATA._COMPUTE_BINNED_OUTPUTS.CREATE_TOTAL_UMI_IMAGE.fork_square_002um
2025-10-21 21:56:55 [runtime] (complete)        ID.F07840_2.SPATIAL_RNA_COUNTER_CS.SPATIAL_RNA_COUNTER.SPATIAL_POST_MATRIX_COMPUTATION.BIN_HD_DATA._BIN_HD_DATA._COMPUTE_BINNED_OUTPUTS.CREATE_TOTAL_UMI_IMAGE.fork_square_002um
2025-10-21 21:56:58 [runtime] (complete)        ID.F07840_2.SPATIAL_RNA_COUNTER_CS.SPATIAL_RNA_COUNTER.SPATIAL_POST_MATRIX_COMPUTATION.BIN_HD_DATA._BIN_HD_DATA._COMPUTE_BINNED_OUTPUTS.CREATE_TOTAL_UMI_IMAGE.fork_square_002um
2025-10-21 21:56:59 [runtime] (complete)        ID.F07840_2.SPATIAL_RNA_COUNTER_CS.SPATIAL_RNA_COUNTER.SPATIAL_POST_MATRIX_COMPUTATION.BIN_HD_DATA._BIN_HD_DATA._COMPUTE_BINNED_OUTPUTS.CREATE_TOTAL_UMI_IMAGE.fork_square_002um
2025-10-21 21:56:59 [runtime] (chunks_complete) ID.F07840_2.SPATIAL_RNA_COUNTER_CS.SPATIAL_RNA_COUNTER.SPATIAL_POST_MATRIX_COMPUTATION.BIN_HD_DATA._BIN_HD_DATA._COMPUTE_BINNED_OUTPUTS.CREATE_TOTAL_UMI_IMAGE.fork_square_016um
2025-10-21 21:57:02 [runtime] (complete)        ID.F07840_2.SPATIAL_RNA_COUNTER_CS.SPATIAL_RNA_COUNTER.SPATIAL_POST_MATRIX_COMPUTATION.BIN_HD_DATA._BIN_HD_DATA._COMPUTE_BINNED_OUTPUTS.CREATE_TOTAL_UMI_IMAGE.fork_square_002um
2025-10-21 21:57:02 [runtime] (complete)        ID.F07840_2.SPATIAL_RNA_COUNTER_CS.SPATIAL_RNA_COUNTER.SPATIAL_POST_MATRIX_COMPUTATION.BIN_HD_DATA._BIN_HD_DATA._COMPUTE_BINNED_OUTPUTS.CREATE_TOTAL_UMI_IMAGE.fork_square_016um
2025-10-21 21:57:03 [runtime] (complete)        ID.F07840_2.SPATIAL_RNA_COUNTER_CS.SPATIAL_RNA_COUNTER.SPATIAL_POST_MATRIX_COMPUTATION.BIN_HD_DATA._BIN_HD_DATA._COMPUTE_BINNED_OUTPUTS.CREATE_TOTAL_UMI_IMAGE.fork_square_002um
2025-10-21 21:57:03 [runtime] (chunks_complete) ID.F07840_2.SPATIAL_RNA_COUNTER_CS.SPATIAL_RNA_COUNTER.SPATIAL_POST_MATRIX_COMPUTATION.BIN_HD_DATA._BIN_HD_DATA._COMPUTE_BINNED_OUTPUTS.CREATE_TOTAL_UMI_IMAGE.fork_square_008um
2025-10-21 21:57:03 [runtime] (complete)        ID.F07840_2.SPATIAL_RNA_COUNTER_CS.SPATIAL_RNA_COUNTER.SPATIAL_POST_MATRIX_COMPUTATION.BIN_HD_DATA._BIN_HD_DATA._COMPUTE_BINNED_OUTPUTS.CREATE_TOTAL_UMI_IMAGE.fork_square_016um
2025-10-21 21:58:07 [runtime] (chunks_complete) ID.F07840_2.SPATIAL_RNA_COUNTER_CS.SPATIAL_RNA_COUNTER.SPATIAL_POST_MATRIX_COMPUTATION._POST_MATRIX_COMPUTATION.COLLATE_PROBE_METRICS
2025-10-21 21:58:07 [runtime] (ready)           ID.F07840_2.SPATIAL_RNA_COUNTER_CS.SPATIAL_RNA_COUNTER.SPATIAL_POST_MATRIX_COMPUTATION._POST_MATRIX_COMPUTATION._CELLS_REPORTER.WRITE_MOLECULE_INFO
2025-10-21 21:58:07 [runtime] (run:local)       ID.F07840_2.SPATIAL_RNA_COUNTER_CS.SPATIAL_RNA_COUNTER.SPATIAL_POST_MATRIX_COMPUTATION._POST_MATRIX_COMPUTATION._CELLS_REPORTER.WRITE_MOLECULE_INFO.fork0.split
2025-10-21 21:58:07 [runtime] (ready)           ID.F07840_2.SPATIAL_RNA_COUNTER_CS.SPATIAL_RNA_COUNTER.SPATIAL_POST_MATRIX_COMPUTATION.BIN_HD_DATA._BIN_HD_DATA._COMPUTE_BINNED_OUTPUTS.PICK_PROBE_BC_MATRIX.fork_square_002um
2025-10-21 21:58:08 [runtime] (run:local)       ID.F07840_2.SPATIAL_RNA_COUNTER_CS.SPATIAL_RNA_COUNTER.SPATIAL_POST_MATRIX_COMPUTATION.BIN_HD_DATA._BIN_HD_DATA._COMPUTE_BINNED_OUTPUTS.PICK_PROBE_BC_MATRIX.fork_square_002um.chnk0.main
2025-10-21 21:58:08 [runtime] (ready)           ID.F07840_2.SPATIAL_RNA_COUNTER_CS.SPATIAL_RNA_COUNTER.SPATIAL_POST_MATRIX_COMPUTATION.BIN_HD_DATA._BIN_HD_DATA._COMPUTE_BINNED_OUTPUTS.PICK_PROBE_BC_MATRIX.fork_square_008um
2025-10-21 21:58:08 [runtime] (run:local)       ID.F07840_2.SPATIAL_RNA_COUNTER_CS.SPATIAL_RNA_COUNTER.SPATIAL_POST_MATRIX_COMPUTATION.BIN_HD_DATA._BIN_HD_DATA._COMPUTE_BINNED_OUTPUTS.PICK_PROBE_BC_MATRIX.fork_square_008um.chnk0.main
2025-10-21 21:58:08 [runtime] (ready)           ID.F07840_2.SPATIAL_RNA_COUNTER_CS.SPATIAL_RNA_COUNTER.SPATIAL_POST_MATRIX_COMPUTATION.BIN_HD_DATA._BIN_HD_DATA._COMPUTE_BINNED_OUTPUTS.PICK_PROBE_BC_MATRIX.fork_square_016um
2025-10-21 21:58:08 [runtime] (run:local)       ID.F07840_2.SPATIAL_RNA_COUNTER_CS.SPATIAL_RNA_COUNTER.SPATIAL_POST_MATRIX_COMPUTATION.BIN_HD_DATA._BIN_HD_DATA._COMPUTE_BINNED_OUTPUTS.PICK_PROBE_BC_MATRIX.fork_square_016um.chnk0.main
2025-10-21 21:58:08 [runtime] (split_complete)  ID.F07840_2.SPATIAL_RNA_COUNTER_CS.SPATIAL_RNA_COUNTER.SPATIAL_POST_MATRIX_COMPUTATION._POST_MATRIX_COMPUTATION._CELLS_REPORTER.WRITE_MOLECULE_INFO
2025-10-21 21:58:08 [runtime] (run:local)       ID.F07840_2.SPATIAL_RNA_COUNTER_CS.SPATIAL_RNA_COUNTER.SPATIAL_POST_MATRIX_COMPUTATION._POST_MATRIX_COMPUTATION._CELLS_REPORTER.WRITE_MOLECULE_INFO.fork0.join
2025-10-21 21:58:09 [runtime] (chunks_complete) ID.F07840_2.SPATIAL_RNA_COUNTER_CS.SPATIAL_RNA_COUNTER.SPATIAL_POST_MATRIX_COMPUTATION.BIN_HD_DATA._BIN_HD_DATA._COMPUTE_BINNED_OUTPUTS.PICK_PROBE_BC_MATRIX.fork_square_002um
2025-10-21 21:58:10 [runtime] (chunks_complete) ID.F07840_2.SPATIAL_RNA_COUNTER_CS.SPATIAL_RNA_COUNTER.SPATIAL_POST_MATRIX_COMPUTATION.BIN_HD_DATA._BIN_HD_DATA._COMPUTE_BINNED_OUTPUTS.PICK_PROBE_BC_MATRIX.fork_square_008um
2025-10-21 21:58:10 [runtime] (chunks_complete) ID.F07840_2.SPATIAL_RNA_COUNTER_CS.SPATIAL_RNA_COUNTER.SPATIAL_POST_MATRIX_COMPUTATION.BIN_HD_DATA._BIN_HD_DATA._COMPUTE_BINNED_OUTPUTS.PICK_PROBE_BC_MATRIX.fork_square_016um
2025-10-21 21:59:10 [runtime] (join_complete)   ID.F07840_2.SPATIAL_RNA_COUNTER_CS.SPATIAL_RNA_COUNTER.SPATIAL_POST_MATRIX_COMPUTATION.BIN_HD_DATA._BIN_HD_DATA._COMPUTE_BINNED_OUTPUTS.WRITE_BINNED_MATRICES.fork_square_016um
2025-10-21 21:59:13 [runtime] (complete)        ID.F07840_2.SPATIAL_RNA_COUNTER_CS.SPATIAL_RNA_COUNTER.SPATIAL_POST_MATRIX_COMPUTATION.BIN_HD_DATA._BIN_HD_DATA._COMPUTE_BINNED_OUTPUTS.WRITE_BINNED_MATRICES.fork_square_016um
2025-10-21 21:59:16 [runtime] (complete)        ID.F07840_2.SPATIAL_RNA_COUNTER_CS.SPATIAL_RNA_COUNTER.SPATIAL_POST_MATRIX_COMPUTATION.BIN_HD_DATA._BIN_HD_DATA._COMPUTE_BINNED_OUTPUTS.WRITE_BINNED_MATRICES.fork_square_016um
2025-10-21 21:59:19 [runtime] (complete)        ID.F07840_2.SPATIAL_RNA_COUNTER_CS.SPATIAL_RNA_COUNTER.SPATIAL_POST_MATRIX_COMPUTATION.BIN_HD_DATA._BIN_HD_DATA._COMPUTE_BINNED_OUTPUTS.WRITE_BINNED_MATRICES.fork_square_016um
2025-10-21 21:59:22 [runtime] (complete)        ID.F07840_2.SPATIAL_RNA_COUNTER_CS.SPATIAL_RNA_COUNTER.SPATIAL_POST_MATRIX_COMPUTATION.BIN_HD_DATA._BIN_HD_DATA._COMPUTE_BINNED_OUTPUTS.WRITE_BINNED_MATRICES.fork_square_016um
2025-10-21 21:59:25 [runtime] (complete)        ID.F07840_2.SPATIAL_RNA_COUNTER_CS.SPATIAL_RNA_COUNTER.SPATIAL_POST_MATRIX_COMPUTATION.BIN_HD_DATA._BIN_HD_DATA._COMPUTE_BINNED_OUTPUTS.WRITE_BINNED_MATRICES.fork_square_016um
2025-10-21 21:59:29 [runtime] (complete)        ID.F07840_2.SPATIAL_RNA_COUNTER_CS.SPATIAL_RNA_COUNTER.SPATIAL_POST_MATRIX_COMPUTATION.BIN_HD_DATA._BIN_HD_DATA._COMPUTE_BINNED_OUTPUTS.WRITE_BINNED_MATRICES.fork_square_016um
2025-10-21 21:59:32 [runtime] (complete)        ID.F07840_2.SPATIAL_RNA_COUNTER_CS.SPATIAL_RNA_COUNTER.SPATIAL_POST_MATRIX_COMPUTATION.BIN_HD_DATA._BIN_HD_DATA._COMPUTE_BINNED_OUTPUTS.WRITE_BINNED_MATRICES.fork_square_016um
2025-10-21 21:59:35 [runtime] (complete)        ID.F07840_2.SPATIAL_RNA_COUNTER_CS.SPATIAL_RNA_COUNTER.SPATIAL_POST_MATRIX_COMPUTATION.BIN_HD_DATA._BIN_HD_DATA._COMPUTE_BINNED_OUTPUTS.WRITE_BINNED_MATRICES.fork_square_016um
2025-10-21 21:59:38 [runtime] (complete)        ID.F07840_2.SPATIAL_RNA_COUNTER_CS.SPATIAL_RNA_COUNTER.SPATIAL_POST_MATRIX_COMPUTATION.BIN_HD_DATA._BIN_HD_DATA._COMPUTE_BINNED_OUTPUTS.WRITE_BINNED_MATRICES.fork_square_016um
2025-10-21 21:59:41 [runtime] (complete)        ID.F07840_2.SPATIAL_RNA_COUNTER_CS.SPATIAL_RNA_COUNTER.SPATIAL_POST_MATRIX_COMPUTATION.BIN_HD_DATA._BIN_HD_DATA._COMPUTE_BINNED_OUTPUTS.WRITE_BINNED_MATRICES.fork_square_016um
2025-10-21 21:59:44 [runtime] (complete)        ID.F07840_2.SPATIAL_RNA_COUNTER_CS.SPATIAL_RNA_COUNTER.SPATIAL_POST_MATRIX_COMPUTATION.BIN_HD_DATA._BIN_HD_DATA._COMPUTE_BINNED_OUTPUTS.WRITE_BINNED_MATRICES.fork_square_016um
2025-10-21 21:59:47 [runtime] (complete)        ID.F07840_2.SPATIAL_RNA_COUNTER_CS.SPATIAL_RNA_COUNTER.SPATIAL_POST_MATRIX_COMPUTATION.BIN_HD_DATA._BIN_HD_DATA._COMPUTE_BINNED_OUTPUTS.WRITE_BINNED_MATRICES.fork_square_016um
2025-10-21 21:59:50 [runtime] (complete)        ID.F07840_2.SPATIAL_RNA_COUNTER_CS.SPATIAL_RNA_COUNTER.SPATIAL_POST_MATRIX_COMPUTATION.BIN_HD_DATA._BIN_HD_DATA._COMPUTE_BINNED_OUTPUTS.WRITE_BINNED_MATRICES.fork_square_016um
2025-10-21 21:59:53 [runtime] (complete)        ID.F07840_2.SPATIAL_RNA_COUNTER_CS.SPATIAL_RNA_COUNTER.SPATIAL_POST_MATRIX_COMPUTATION.BIN_HD_DATA._BIN_HD_DATA._COMPUTE_BINNED_OUTPUTS.WRITE_BINNED_MATRICES.fork_square_016um
2025-10-21 21:59:56 [runtime] (complete)        ID.F07840_2.SPATIAL_RNA_COUNTER_CS.SPATIAL_RNA_COUNTER.SPATIAL_POST_MATRIX_COMPUTATION.BIN_HD_DATA._BIN_HD_DATA._COMPUTE_BINNED_OUTPUTS.WRITE_BINNED_MATRICES.fork_square_016um
2025-10-21 21:59:59 [runtime] (complete)        ID.F07840_2.SPATIAL_RNA_COUNTER_CS.SPATIAL_RNA_COUNTER.SPATIAL_POST_MATRIX_COMPUTATION.BIN_HD_DATA._BIN_HD_DATA._COMPUTE_BINNED_OUTPUTS.WRITE_BINNED_MATRICES.fork_square_016um
2025-10-21 22:00:02 [runtime] (complete)        ID.F07840_2.SPATIAL_RNA_COUNTER_CS.SPATIAL_RNA_COUNTER.SPATIAL_POST_MATRIX_COMPUTATION.BIN_HD_DATA._BIN_HD_DATA._COMPUTE_BINNED_OUTPUTS.WRITE_BINNED_MATRICES.fork_square_016um
2025-10-21 22:00:04 [runtime] (join_complete)   ID.F07840_2.SPATIAL_RNA_COUNTER_CS.SPATIAL_RNA_COUNTER.SPATIAL_POST_MATRIX_COMPUTATION.BIN_HD_DATA._BIN_HD_DATA._COMPUTE_BINNED_OUTPUTS.WRITE_BINNED_MATRICES.fork_square_008um
2025-10-21 22:00:04 [runtime] (complete)        ID.F07840_2.SPATIAL_RNA_COUNTER_CS.SPATIAL_RNA_COUNTER.SPATIAL_POST_MATRIX_COMPUTATION.BIN_HD_DATA._BIN_HD_DATA._COMPUTE_BINNED_OUTPUTS.WRITE_BINNED_MATRICES.fork_square_016um
2025-10-21 22:00:07 [runtime] (complete)        ID.F07840_2.SPATIAL_RNA_COUNTER_CS.SPATIAL_RNA_COUNTER.SPATIAL_POST_MATRIX_COMPUTATION.BIN_HD_DATA._BIN_HD_DATA._COMPUTE_BINNED_OUTPUTS.WRITE_BINNED_MATRICES.fork_square_008um
2025-10-21 22:00:07 [runtime] (complete)        ID.F07840_2.SPATIAL_RNA_COUNTER_CS.SPATIAL_RNA_COUNTER.SPATIAL_POST_MATRIX_COMPUTATION.BIN_HD_DATA._BIN_HD_DATA._COMPUTE_BINNED_OUTPUTS.WRITE_BINNED_MATRICES.fork_square_016um
2025-10-21 22:00:10 [runtime] (complete)        ID.F07840_2.SPATIAL_RNA_COUNTER_CS.SPATIAL_RNA_COUNTER.SPATIAL_POST_MATRIX_COMPUTATION.BIN_HD_DATA._BIN_HD_DATA._COMPUTE_BINNED_OUTPUTS.WRITE_BINNED_MATRICES.fork_square_008um
2025-10-21 22:00:10 [runtime] (complete)        ID.F07840_2.SPATIAL_RNA_COUNTER_CS.SPATIAL_RNA_COUNTER.SPATIAL_POST_MATRIX_COMPUTATION.BIN_HD_DATA._BIN_HD_DATA._COMPUTE_BINNED_OUTPUTS.WRITE_BINNED_MATRICES.fork_square_016um
2025-10-21 22:00:13 [runtime] (complete)        ID.F07840_2.SPATIAL_RNA_COUNTER_CS.SPATIAL_RNA_COUNTER.SPATIAL_POST_MATRIX_COMPUTATION.BIN_HD_DATA._BIN_HD_DATA._COMPUTE_BINNED_OUTPUTS.WRITE_BINNED_MATRICES.fork_square_008um
2025-10-21 22:00:13 [runtime] (complete)        ID.F07840_2.SPATIAL_RNA_COUNTER_CS.SPATIAL_RNA_COUNTER.SPATIAL_POST_MATRIX_COMPUTATION.BIN_HD_DATA._BIN_HD_DATA._COMPUTE_BINNED_OUTPUTS.WRITE_BINNED_MATRICES.fork_square_016um
2025-10-21 22:00:16 [runtime] (complete)        ID.F07840_2.SPATIAL_RNA_COUNTER_CS.SPATIAL_RNA_COUNTER.SPATIAL_POST_MATRIX_COMPUTATION.BIN_HD_DATA._BIN_HD_DATA._COMPUTE_BINNED_OUTPUTS.WRITE_BINNED_MATRICES.fork_square_008um
2025-10-21 22:00:16 [runtime] (complete)        ID.F07840_2.SPATIAL_RNA_COUNTER_CS.SPATIAL_RNA_COUNTER.SPATIAL_POST_MATRIX_COMPUTATION.BIN_HD_DATA._BIN_HD_DATA._COMPUTE_BINNED_OUTPUTS.WRITE_BINNED_MATRICES.fork_square_016um
2025-10-21 22:00:19 [runtime] (complete)        ID.F07840_2.SPATIAL_RNA_COUNTER_CS.SPATIAL_RNA_COUNTER.SPATIAL_POST_MATRIX_COMPUTATION.BIN_HD_DATA._BIN_HD_DATA._COMPUTE_BINNED_OUTPUTS.WRITE_BINNED_MATRICES.fork_square_008um
2025-10-21 22:00:19 [runtime] (complete)        ID.F07840_2.SPATIAL_RNA_COUNTER_CS.SPATIAL_RNA_COUNTER.SPATIAL_POST_MATRIX_COMPUTATION.BIN_HD_DATA._BIN_HD_DATA._COMPUTE_BINNED_OUTPUTS.WRITE_BINNED_MATRICES.fork_square_016um
2025-10-21 22:00:22 [runtime] (complete)        ID.F07840_2.SPATIAL_RNA_COUNTER_CS.SPATIAL_RNA_COUNTER.SPATIAL_POST_MATRIX_COMPUTATION.BIN_HD_DATA._BIN_HD_DATA._COMPUTE_BINNED_OUTPUTS.WRITE_BINNED_MATRICES.fork_square_008um
2025-10-21 22:00:22 [runtime] (complete)        ID.F07840_2.SPATIAL_RNA_COUNTER_CS.SPATIAL_RNA_COUNTER.SPATIAL_POST_MATRIX_COMPUTATION.BIN_HD_DATA._BIN_HD_DATA._COMPUTE_BINNED_OUTPUTS.WRITE_BINNED_MATRICES.fork_square_016um
2025-10-21 22:00:25 [runtime] (complete)        ID.F07840_2.SPATIAL_RNA_COUNTER_CS.SPATIAL_RNA_COUNTER.SPATIAL_POST_MATRIX_COMPUTATION.BIN_HD_DATA._BIN_HD_DATA._COMPUTE_BINNED_OUTPUTS.WRITE_BINNED_MATRICES.fork_square_008um
2025-10-21 22:00:25 [runtime] (complete)        ID.F07840_2.SPATIAL_RNA_COUNTER_CS.SPATIAL_RNA_COUNTER.SPATIAL_POST_MATRIX_COMPUTATION.BIN_HD_DATA._BIN_HD_DATA._COMPUTE_BINNED_OUTPUTS.WRITE_BINNED_MATRICES.fork_square_016um
2025-10-21 22:00:28 [runtime] (complete)        ID.F07840_2.SPATIAL_RNA_COUNTER_CS.SPATIAL_RNA_COUNTER.SPATIAL_POST_MATRIX_COMPUTATION.BIN_HD_DATA._BIN_HD_DATA._COMPUTE_BINNED_OUTPUTS.WRITE_BINNED_MATRICES.fork_square_008um
2025-10-21 22:00:28 [runtime] (complete)        ID.F07840_2.SPATIAL_RNA_COUNTER_CS.SPATIAL_RNA_COUNTER.SPATIAL_POST_MATRIX_COMPUTATION.BIN_HD_DATA._BIN_HD_DATA._COMPUTE_BINNED_OUTPUTS.WRITE_BINNED_MATRICES.fork_square_016um
2025-10-21 22:00:31 [runtime] (complete)        ID.F07840_2.SPATIAL_RNA_COUNTER_CS.SPATIAL_RNA_COUNTER.SPATIAL_POST_MATRIX_COMPUTATION.BIN_HD_DATA._BIN_HD_DATA._COMPUTE_BINNED_OUTPUTS.WRITE_BINNED_MATRICES.fork_square_008um
2025-10-21 22:00:31 [runtime] (complete)        ID.F07840_2.SPATIAL_RNA_COUNTER_CS.SPATIAL_RNA_COUNTER.SPATIAL_POST_MATRIX_COMPUTATION.BIN_HD_DATA._BIN_HD_DATA._COMPUTE_BINNED_OUTPUTS.WRITE_BINNED_MATRICES.fork_square_016um
2025-10-21 22:00:34 [runtime] (complete)        ID.F07840_2.SPATIAL_RNA_COUNTER_CS.SPATIAL_RNA_COUNTER.SPATIAL_POST_MATRIX_COMPUTATION.BIN_HD_DATA._BIN_HD_DATA._COMPUTE_BINNED_OUTPUTS.WRITE_BINNED_MATRICES.fork_square_008um
2025-10-21 22:00:34 [runtime] (complete)        ID.F07840_2.SPATIAL_RNA_COUNTER_CS.SPATIAL_RNA_COUNTER.SPATIAL_POST_MATRIX_COMPUTATION.BIN_HD_DATA._BIN_HD_DATA._COMPUTE_BINNED_OUTPUTS.WRITE_BINNED_MATRICES.fork_square_016um
2025-10-21 22:00:37 [runtime] (complete)        ID.F07840_2.SPATIAL_RNA_COUNTER_CS.SPATIAL_RNA_COUNTER.SPATIAL_POST_MATRIX_COMPUTATION.BIN_HD_DATA._BIN_HD_DATA._COMPUTE_BINNED_OUTPUTS.WRITE_BINNED_MATRICES.fork_square_008um
2025-10-21 22:00:37 [runtime] (complete)        ID.F07840_2.SPATIAL_RNA_COUNTER_CS.SPATIAL_RNA_COUNTER.SPATIAL_POST_MATRIX_COMPUTATION.BIN_HD_DATA._BIN_HD_DATA._COMPUTE_BINNED_OUTPUTS.WRITE_BINNED_MATRICES.fork_square_016um
2025-10-21 22:00:41 [runtime] (complete)        ID.F07840_2.SPATIAL_RNA_COUNTER_CS.SPATIAL_RNA_COUNTER.SPATIAL_POST_MATRIX_COMPUTATION.BIN_HD_DATA._BIN_HD_DATA._COMPUTE_BINNED_OUTPUTS.WRITE_BINNED_MATRICES.fork_square_008um
2025-10-21 22:00:41 [runtime] (complete)        ID.F07840_2.SPATIAL_RNA_COUNTER_CS.SPATIAL_RNA_COUNTER.SPATIAL_POST_MATRIX_COMPUTATION.BIN_HD_DATA._BIN_HD_DATA._COMPUTE_BINNED_OUTPUTS.WRITE_BINNED_MATRICES.fork_square_016um
2025-10-21 22:00:44 [runtime] (join_complete)   ID.F07840_2.SPATIAL_RNA_COUNTER_CS.SPATIAL_RNA_COUNTER.SPATIAL_POST_MATRIX_COMPUTATION._POST_MATRIX_COMPUTATION._CELLS_REPORTER.WRITE_MOLECULE_INFO
2025-10-21 22:00:44 [runtime] (complete)        ID.F07840_2.SPATIAL_RNA_COUNTER_CS.SPATIAL_RNA_COUNTER.SPATIAL_POST_MATRIX_COMPUTATION.BIN_HD_DATA._BIN_HD_DATA._COMPUTE_BINNED_OUTPUTS.WRITE_BINNED_MATRICES.fork_square_008um
2025-10-21 22:00:44 [runtime] (complete)        ID.F07840_2.SPATIAL_RNA_COUNTER_CS.SPATIAL_RNA_COUNTER.SPATIAL_POST_MATRIX_COMPUTATION.BIN_HD_DATA._BIN_HD_DATA._COMPUTE_BINNED_OUTPUTS.WRITE_BINNED_MATRICES.fork_square_016um
2025-10-21 22:00:44 [runtime] (complete)        ID.F07840_2.SPATIAL_RNA_COUNTER_CS.SPATIAL_RNA_COUNTER.SPATIAL_POST_MATRIX_COMPUTATION.BIN_HD_DATA._BIN_HD_DATA._COMPUTE_BINNED_OUTPUTS.WRITE_BINNED_MATRICES.fork_square_008um
2025-10-21 22:00:44 [runtime] (complete)        ID.F07840_2.SPATIAL_RNA_COUNTER_CS.SPATIAL_RNA_COUNTER.SPATIAL_POST_MATRIX_COMPUTATION.BIN_HD_DATA._BIN_HD_DATA._COMPUTE_BINNED_OUTPUTS.WRITE_BINNED_MATRICES.fork_square_016um
2025-10-21 22:00:44 [runtime] (ready)           ID.F07840_2.SPATIAL_RNA_COUNTER_CS.SPATIAL_RNA_COUNTER.SPATIAL_POST_MATRIX_COMPUTATION._TARGETED_ANALYZER.SUBSAMPLE_ON_TARGET_READS
2025-10-21 22:00:44 [runtime] (ready)           ID.F07840_2.SPATIAL_RNA_COUNTER_CS.SPATIAL_RNA_COUNTER.SPATIAL_POST_MATRIX_COMPUTATION._TARGETED_ANALYZER._RUN_GDNA_ANALYSIS.GET_GDNA_METRICS
2025-10-21 22:00:44 [runtime] (run:local)       ID.F07840_2.SPATIAL_RNA_COUNTER_CS.SPATIAL_RNA_COUNTER.SPATIAL_POST_MATRIX_COMPUTATION._TARGETED_ANALYZER._RUN_GDNA_ANALYSIS.GET_GDNA_METRICS.fork0.chnk0.main
2025-10-21 22:00:44 [runtime] (ready)           ID.F07840_2.SPATIAL_RNA_COUNTER_CS.SPATIAL_RNA_COUNTER.SPATIAL_POST_MATRIX_COMPUTATION._POST_MATRIX_COMPUTATION._CELLS_REPORTER.SUBSAMPLE_READS
2025-10-21 22:00:44 [runtime] (ready)           ID.F07840_2.SPATIAL_RNA_COUNTER_CS.SPATIAL_RNA_COUNTER.SPATIAL_POST_MATRIX_COMPUTATION._POST_MATRIX_COMPUTATION._ASSIGN_TAGS.CALL_TAGS_JIBES
2025-10-21 22:00:44 [runtime] (complete)        ID.F07840_2.SPATIAL_RNA_COUNTER_CS.SPATIAL_RNA_COUNTER.SPATIAL_POST_MATRIX_COMPUTATION.BIN_HD_DATA._BIN_HD_DATA._COMPUTE_BINNED_OUTPUTS.WRITE_BINNED_MATRICES.fork_square_008um
2025-10-21 22:00:44 [runtime] (complete)        ID.F07840_2.SPATIAL_RNA_COUNTER_CS.SPATIAL_RNA_COUNTER.SPATIAL_POST_MATRIX_COMPUTATION.BIN_HD_DATA._BIN_HD_DATA._COMPUTE_BINNED_OUTPUTS.WRITE_BINNED_MATRICES.fork_square_016um
2025-10-21 22:00:44 [runtime] (ready)           ID.F07840_2.SPATIAL_RNA_COUNTER_CS.SPATIAL_RNA_COUNTER.SPATIAL_POST_MATRIX_COMPUTATION.BIN_HD_DATA._BIN_HD_DATA._COMPUTE_BINNED_OUTPUTS.COMPUTE_SUBSAMPLED_BIN_METRICS.fork_square_002um
2025-10-21 22:00:44 [runtime] (run:local)       ID.F07840_2.SPATIAL_RNA_COUNTER_CS.SPATIAL_RNA_COUNTER.SPATIAL_POST_MATRIX_COMPUTATION.BIN_HD_DATA._BIN_HD_DATA._COMPUTE_BINNED_OUTPUTS.COMPUTE_SUBSAMPLED_BIN_METRICS.fork_square_002um.chnk0.main
2025-10-21 22:00:44 [runtime] (ready)           ID.F07840_2.SPATIAL_RNA_COUNTER_CS.SPATIAL_RNA_COUNTER.SPATIAL_POST_MATRIX_COMPUTATION.BIN_HD_DATA._BIN_HD_DATA._COMPUTE_BINNED_OUTPUTS.COMPUTE_SUBSAMPLED_BIN_METRICS.fork_square_008um
2025-10-21 22:00:44 [runtime] (run:local)       ID.F07840_2.SPATIAL_RNA_COUNTER_CS.SPATIAL_RNA_COUNTER.SPATIAL_POST_MATRIX_COMPUTATION.BIN_HD_DATA._BIN_HD_DATA._COMPUTE_BINNED_OUTPUTS.COMPUTE_SUBSAMPLED_BIN_METRICS.fork_square_008um.chnk0.main
2025-10-21 22:00:44 [runtime] (ready)           ID.F07840_2.SPATIAL_RNA_COUNTER_CS.SPATIAL_RNA_COUNTER.SPATIAL_POST_MATRIX_COMPUTATION.BIN_HD_DATA._BIN_HD_DATA._COMPUTE_BINNED_OUTPUTS.COMPUTE_SUBSAMPLED_BIN_METRICS.fork_square_016um
2025-10-21 22:00:44 [runtime] (run:local)       ID.F07840_2.SPATIAL_RNA_COUNTER_CS.SPATIAL_RNA_COUNTER.SPATIAL_POST_MATRIX_COMPUTATION.BIN_HD_DATA._BIN_HD_DATA._COMPUTE_BINNED_OUTPUTS.COMPUTE_SUBSAMPLED_BIN_METRICS.fork_square_016um.chnk0.main
2025-10-21 22:00:44 [runtime] (ready)           ID.F07840_2.SPATIAL_RNA_COUNTER_CS.SPATIAL_RNA_COUNTER.SPATIAL_POST_MATRIX_COMPUTATION._POST_MATRIX_COMPUTATION._ASSIGN_TAGS.DETERMINE_SAMPLE_ASSIGNMENTS
2025-10-21 22:00:45 [runtime] (complete)        ID.F07840_2.SPATIAL_RNA_COUNTER_CS.SPATIAL_RNA_COUNTER.SPATIAL_POST_MATRIX_COMPUTATION.BIN_HD_DATA._BIN_HD_DATA._COMPUTE_BINNED_OUTPUTS.WRITE_BINNED_MATRICES.fork_square_008um
2025-10-21 22:00:45 [runtime] (complete)        ID.F07840_2.SPATIAL_RNA_COUNTER_CS.SPATIAL_RNA_COUNTER.SPATIAL_POST_MATRIX_COMPUTATION.BIN_HD_DATA._BIN_HD_DATA._COMPUTE_BINNED_OUTPUTS.WRITE_BINNED_MATRICES.fork_square_016um
2025-10-21 22:00:45 [runtime] (ready)           ID.F07840_2.SPATIAL_RNA_COUNTER_CS.SPATIAL_RNA_COUNTER.SPATIAL_POST_MATRIX_COMPUTATION._POST_MATRIX_COMPUTATION._CELLS_REPORTER.SUMMARIZE_BASIC_REPORTS
2025-10-21 22:00:45 [runtime] (run:local)       ID.F07840_2.SPATIAL_RNA_COUNTER_CS.SPATIAL_RNA_COUNTER.SPATIAL_POST_MATRIX_COMPUTATION._POST_MATRIX_COMPUTATION._CELLS_REPORTER.SUMMARIZE_BASIC_REPORTS.fork0.split
2025-10-21 22:00:45 [runtime] (ready)           ID.F07840_2.SPATIAL_RNA_COUNTER_CS.SPATIAL_RNA_COUNTER.SPATIAL_POST_MATRIX_COMPUTATION._POST_MATRIX_COMPUTATION.MULTI_WRITE_PER_SAMPLE_MOLECULE_INFO
2025-10-21 22:00:45 [runtime] (ready)           ID.F07840_2.SPATIAL_RNA_COUNTER_CS.SPATIAL_RNA_COUNTER.SPATIAL_POST_MATRIX_COMPUTATION._POST_MATRIX_COMPUTATION.MULTI_COLLATE_PER_SAMPLE_METRICS
2025-10-21 22:00:45 [runtime] (ready)           ID.F07840_2.SPATIAL_RNA_COUNTER_CS.SPATIAL_RNA_COUNTER.SPATIAL_POST_MATRIX_COMPUTATION._POST_MATRIX_COMPUTATION._ASSIGN_TAGS.COMPUTE_EXTRA_MULTIPLEXING_METRICS
2025-10-21 22:00:45 [runtime] (ready)           ID.F07840_2.SPATIAL_RNA_COUNTER_CS.SPATIAL_RNA_COUNTER.SPATIAL_POST_MATRIX_COMPUTATION._POST_MATRIX_COMPUTATION.MULTI_WRITE_PER_SAMPLE_BAM
2025-10-21 22:00:45 [runtime] (complete)        ID.F07840_2.SPATIAL_RNA_COUNTER_CS.SPATIAL_RNA_COUNTER.SPATIAL_POST_MATRIX_COMPUTATION.BIN_HD_DATA._BIN_HD_DATA._COMPUTE_BINNED_OUTPUTS.WRITE_BINNED_MATRICES.fork_square_008um
2025-10-21 22:00:45 [runtime] (complete)        ID.F07840_2.SPATIAL_RNA_COUNTER_CS.SPATIAL_RNA_COUNTER.SPATIAL_POST_MATRIX_COMPUTATION.BIN_HD_DATA._BIN_HD_DATA._COMPUTE_BINNED_OUTPUTS.WRITE_BINNED_MATRICES.fork_square_016um
2025-10-21 22:00:45 [runtime] (update)          ID.F07840_2.SPATIAL_RNA_COUNTER_CS.SPATIAL_RNA_COUNTER.SPATIAL_POST_MATRIX_COMPUTATION.BIN_HD_DATA._BIN_HD_DATA._COMPUTE_BINNED_OUTPUTS.WRITE_BINNED_MATRICES.fork_square_002um join_running
2025-10-21 22:00:45 [runtime] (ready)           ID.F07840_2.SPATIAL_RNA_COUNTER_CS.SPATIAL_RNA_COUNTER.SPATIAL_POST_MATRIX_COMPUTATION._POST_MATRIX_COMPUTATION._ASSIGN_TAGS.MERGE_METRICS
2025-10-21 22:00:45 [runtime] (complete)        ID.F07840_2.SPATIAL_RNA_COUNTER_CS.SPATIAL_RNA_COUNTER.SPATIAL_POST_MATRIX_COMPUTATION.BIN_HD_DATA._BIN_HD_DATA._COMPUTE_BINNED_OUTPUTS.WRITE_BINNED_MATRICES.fork_square_008um
2025-10-21 22:00:45 [runtime] (complete)        ID.F07840_2.SPATIAL_RNA_COUNTER_CS.SPATIAL_RNA_COUNTER.SPATIAL_POST_MATRIX_COMPUTATION.BIN_HD_DATA._BIN_HD_DATA._COMPUTE_BINNED_OUTPUTS.WRITE_BINNED_MATRICES.fork_square_016um
2025-10-21 22:00:45 [runtime] (ready)           ID.F07840_2.SPATIAL_RNA_COUNTER_CS.SPATIAL_RNA_COUNTER.SPATIAL_POST_MATRIX_COMPUTATION._POST_MATRIX_COMPUTATION.DEMUX_PROBE_BC_MATRIX
2025-10-21 22:00:45 [runtime] (ready)           ID.F07840_2.SPATIAL_RNA_COUNTER_CS.SPATIAL_RNA_COUNTER.SPATIAL_POST_MATRIX_COMPUTATION._POST_MATRIX_COMPUTATION.MULTI_WRITE_PER_SAMPLE_MATRICES
2025-10-21 22:00:45 [runtime] (complete)        ID.F07840_2.SPATIAL_RNA_COUNTER_CS.SPATIAL_RNA_COUNTER.SPATIAL_POST_MATRIX_COMPUTATION.BIN_HD_DATA._BIN_HD_DATA._COMPUTE_BINNED_OUTPUTS.WRITE_BINNED_MATRICES.fork_square_008um
2025-10-21 22:00:45 [runtime] (complete)        ID.F07840_2.SPATIAL_RNA_COUNTER_CS.SPATIAL_RNA_COUNTER.SPATIAL_POST_MATRIX_COMPUTATION.BIN_HD_DATA._BIN_HD_DATA._COMPUTE_BINNED_OUTPUTS.WRITE_BINNED_MATRICES.fork_square_016um
2025-10-21 22:00:45 [runtime] (complete)        ID.F07840_2.SPATIAL_RNA_COUNTER_CS.SPATIAL_RNA_COUNTER.SPATIAL_POST_MATRIX_COMPUTATION.BIN_HD_DATA._BIN_HD_DATA._COMPUTE_BINNED_OUTPUTS.WRITE_BINNED_MATRICES.fork_square_008um
2025-10-21 22:00:45 [runtime] (complete)        ID.F07840_2.SPATIAL_RNA_COUNTER_CS.SPATIAL_RNA_COUNTER.SPATIAL_POST_MATRIX_COMPUTATION.BIN_HD_DATA._BIN_HD_DATA._COMPUTE_BINNED_OUTPUTS.WRITE_BINNED_MATRICES.fork_square_016um
2025-10-21 22:00:48 [runtime] (complete)        ID.F07840_2.SPATIAL_RNA_COUNTER_CS.SPATIAL_RNA_COUNTER.SPATIAL_POST_MATRIX_COMPUTATION.BIN_HD_DATA._BIN_HD_DATA._COMPUTE_BINNED_OUTPUTS.WRITE_BINNED_MATRICES.fork_square_008um
2025-10-21 22:00:48 [runtime] (complete)        ID.F07840_2.SPATIAL_RNA_COUNTER_CS.SPATIAL_RNA_COUNTER.SPATIAL_POST_MATRIX_COMPUTATION.BIN_HD_DATA._BIN_HD_DATA._COMPUTE_BINNED_OUTPUTS.WRITE_BINNED_MATRICES.fork_square_016um
2025-10-21 22:00:51 [runtime] (complete)        ID.F07840_2.SPATIAL_RNA_COUNTER_CS.SPATIAL_RNA_COUNTER.SPATIAL_POST_MATRIX_COMPUTATION.BIN_HD_DATA._BIN_HD_DATA._COMPUTE_BINNED_OUTPUTS.WRITE_BINNED_MATRICES.fork_square_008um
2025-10-21 22:00:51 [runtime] (complete)        ID.F07840_2.SPATIAL_RNA_COUNTER_CS.SPATIAL_RNA_COUNTER.SPATIAL_POST_MATRIX_COMPUTATION.BIN_HD_DATA._BIN_HD_DATA._COMPUTE_BINNED_OUTPUTS.WRITE_BINNED_MATRICES.fork_square_016um
2025-10-21 22:00:54 [runtime] (complete)        ID.F07840_2.SPATIAL_RNA_COUNTER_CS.SPATIAL_RNA_COUNTER.SPATIAL_POST_MATRIX_COMPUTATION.BIN_HD_DATA._BIN_HD_DATA._COMPUTE_BINNED_OUTPUTS.WRITE_BINNED_MATRICES.fork_square_008um
2025-10-21 22:00:54 [runtime] (complete)        ID.F07840_2.SPATIAL_RNA_COUNTER_CS.SPATIAL_RNA_COUNTER.SPATIAL_POST_MATRIX_COMPUTATION.BIN_HD_DATA._BIN_HD_DATA._COMPUTE_BINNED_OUTPUTS.WRITE_BINNED_MATRICES.fork_square_016um
2025-10-21 22:00:57 [runtime] (complete)        ID.F07840_2.SPATIAL_RNA_COUNTER_CS.SPATIAL_RNA_COUNTER.SPATIAL_POST_MATRIX_COMPUTATION.BIN_HD_DATA._BIN_HD_DATA._COMPUTE_BINNED_OUTPUTS.WRITE_BINNED_MATRICES.fork_square_008um
2025-10-21 22:00:57 [runtime] (complete)        ID.F07840_2.SPATIAL_RNA_COUNTER_CS.SPATIAL_RNA_COUNTER.SPATIAL_POST_MATRIX_COMPUTATION.BIN_HD_DATA._BIN_HD_DATA._COMPUTE_BINNED_OUTPUTS.WRITE_BINNED_MATRICES.fork_square_016um
2025-10-21 22:01:00 [runtime] (complete)        ID.F07840_2.SPATIAL_RNA_COUNTER_CS.SPATIAL_RNA_COUNTER.SPATIAL_POST_MATRIX_COMPUTATION.BIN_HD_DATA._BIN_HD_DATA._COMPUTE_BINNED_OUTPUTS.WRITE_BINNED_MATRICES.fork_square_008um
2025-10-21 22:01:00 [runtime] (complete)        ID.F07840_2.SPATIAL_RNA_COUNTER_CS.SPATIAL_RNA_COUNTER.SPATIAL_POST_MATRIX_COMPUTATION.BIN_HD_DATA._BIN_HD_DATA._COMPUTE_BINNED_OUTPUTS.WRITE_BINNED_MATRICES.fork_square_016um
2025-10-21 22:01:03 [runtime] (complete)        ID.F07840_2.SPATIAL_RNA_COUNTER_CS.SPATIAL_RNA_COUNTER.SPATIAL_POST_MATRIX_COMPUTATION.BIN_HD_DATA._BIN_HD_DATA._COMPUTE_BINNED_OUTPUTS.WRITE_BINNED_MATRICES.fork_square_008um
2025-10-21 22:01:03 [runtime] (complete)        ID.F07840_2.SPATIAL_RNA_COUNTER_CS.SPATIAL_RNA_COUNTER.SPATIAL_POST_MATRIX_COMPUTATION.BIN_HD_DATA._BIN_HD_DATA._COMPUTE_BINNED_OUTPUTS.WRITE_BINNED_MATRICES.fork_square_016um
2025-10-21 22:01:06 [runtime] (complete)        ID.F07840_2.SPATIAL_RNA_COUNTER_CS.SPATIAL_RNA_COUNTER.SPATIAL_POST_MATRIX_COMPUTATION.BIN_HD_DATA._BIN_HD_DATA._COMPUTE_BINNED_OUTPUTS.WRITE_BINNED_MATRICES.fork_square_008um
2025-10-21 22:01:06 [runtime] (complete)        ID.F07840_2.SPATIAL_RNA_COUNTER_CS.SPATIAL_RNA_COUNTER.SPATIAL_POST_MATRIX_COMPUTATION.BIN_HD_DATA._BIN_HD_DATA._COMPUTE_BINNED_OUTPUTS.WRITE_BINNED_MATRICES.fork_square_016um
2025-10-21 22:01:09 [runtime] (complete)        ID.F07840_2.SPATIAL_RNA_COUNTER_CS.SPATIAL_RNA_COUNTER.SPATIAL_POST_MATRIX_COMPUTATION.BIN_HD_DATA._BIN_HD_DATA._COMPUTE_BINNED_OUTPUTS.WRITE_BINNED_MATRICES.fork_square_008um
2025-10-21 22:01:09 [runtime] (complete)        ID.F07840_2.SPATIAL_RNA_COUNTER_CS.SPATIAL_RNA_COUNTER.SPATIAL_POST_MATRIX_COMPUTATION.BIN_HD_DATA._BIN_HD_DATA._COMPUTE_BINNED_OUTPUTS.WRITE_BINNED_MATRICES.fork_square_016um
2025-10-21 22:01:12 [runtime] (complete)        ID.F07840_2.SPATIAL_RNA_COUNTER_CS.SPATIAL_RNA_COUNTER.SPATIAL_POST_MATRIX_COMPUTATION.BIN_HD_DATA._BIN_HD_DATA._COMPUTE_BINNED_OUTPUTS.WRITE_BINNED_MATRICES.fork_square_008um
2025-10-21 22:01:12 [runtime] (complete)        ID.F07840_2.SPATIAL_RNA_COUNTER_CS.SPATIAL_RNA_COUNTER.SPATIAL_POST_MATRIX_COMPUTATION.BIN_HD_DATA._BIN_HD_DATA._COMPUTE_BINNED_OUTPUTS.WRITE_BINNED_MATRICES.fork_square_016um
2025-10-21 22:01:15 [runtime] (complete)        ID.F07840_2.SPATIAL_RNA_COUNTER_CS.SPATIAL_RNA_COUNTER.SPATIAL_POST_MATRIX_COMPUTATION.BIN_HD_DATA._BIN_HD_DATA._COMPUTE_BINNED_OUTPUTS.WRITE_BINNED_MATRICES.fork_square_008um
2025-10-21 22:01:15 [runtime] (complete)        ID.F07840_2.SPATIAL_RNA_COUNTER_CS.SPATIAL_RNA_COUNTER.SPATIAL_POST_MATRIX_COMPUTATION.BIN_HD_DATA._BIN_HD_DATA._COMPUTE_BINNED_OUTPUTS.WRITE_BINNED_MATRICES.fork_square_016um
2025-10-21 22:01:18 [runtime] (complete)        ID.F07840_2.SPATIAL_RNA_COUNTER_CS.SPATIAL_RNA_COUNTER.SPATIAL_POST_MATRIX_COMPUTATION.BIN_HD_DATA._BIN_HD_DATA._COMPUTE_BINNED_OUTPUTS.WRITE_BINNED_MATRICES.fork_square_008um
2025-10-21 22:01:18 [runtime] (complete)        ID.F07840_2.SPATIAL_RNA_COUNTER_CS.SPATIAL_RNA_COUNTER.SPATIAL_POST_MATRIX_COMPUTATION.BIN_HD_DATA._BIN_HD_DATA._COMPUTE_BINNED_OUTPUTS.WRITE_BINNED_MATRICES.fork_square_016um
2025-10-21 22:01:21 [runtime] (complete)        ID.F07840_2.SPATIAL_RNA_COUNTER_CS.SPATIAL_RNA_COUNTER.SPATIAL_POST_MATRIX_COMPUTATION.BIN_HD_DATA._BIN_HD_DATA._COMPUTE_BINNED_OUTPUTS.WRITE_BINNED_MATRICES.fork_square_008um
2025-10-21 22:01:21 [runtime] (complete)        ID.F07840_2.SPATIAL_RNA_COUNTER_CS.SPATIAL_RNA_COUNTER.SPATIAL_POST_MATRIX_COMPUTATION.BIN_HD_DATA._BIN_HD_DATA._COMPUTE_BINNED_OUTPUTS.WRITE_BINNED_MATRICES.fork_square_016um
2025-10-21 22:01:22 [runtime] (join_complete)   ID.F07840_2.SPATIAL_RNA_COUNTER_CS.SPATIAL_RNA_COUNTER.SPATIAL_POST_MATRIX_COMPUTATION.BIN_HD_DATA._BIN_HD_DATA._COMPUTE_BINNED_OUTPUTS.WRITE_BINNED_MATRICES.fork_square_002um
2025-10-21 22:01:22 [runtime] (complete)        ID.F07840_2.SPATIAL_RNA_COUNTER_CS.SPATIAL_RNA_COUNTER.SPATIAL_POST_MATRIX_COMPUTATION.BIN_HD_DATA._BIN_HD_DATA._COMPUTE_BINNED_OUTPUTS.WRITE_BINNED_MATRICES.fork_square_008um
2025-10-21 22:01:22 [runtime] (complete)        ID.F07840_2.SPATIAL_RNA_COUNTER_CS.SPATIAL_RNA_COUNTER.SPATIAL_POST_MATRIX_COMPUTATION.BIN_HD_DATA._BIN_HD_DATA._COMPUTE_BINNED_OUTPUTS.WRITE_BINNED_MATRICES.fork_square_016um
2025-10-21 22:01:23 [runtime] (ready)           ID.F07840_2.SPATIAL_RNA_COUNTER_CS.SPATIAL_RNA_COUNTER.SPATIAL_POST_MATRIX_COMPUTATION.BIN_HD_DATA._BIN_HD_DATA._COMPUTE_BINNED_OUTPUTS.DISABLE_SECONDARY_ANALYSIS.fork_square_002um
2025-10-21 22:01:23 [runtime] (run:local)       ID.F07840_2.SPATIAL_RNA_COUNTER_CS.SPATIAL_RNA_COUNTER.SPATIAL_POST_MATRIX_COMPUTATION.BIN_HD_DATA._BIN_HD_DATA._COMPUTE_BINNED_OUTPUTS.DISABLE_SECONDARY_ANALYSIS.fork_square_002um.chnk0.main
2025-10-21 22:01:23 [runtime] (ready)           ID.F07840_2.SPATIAL_RNA_COUNTER_CS.SPATIAL_RNA_COUNTER.SPATIAL_POST_MATRIX_COMPUTATION.BIN_HD_DATA._BIN_HD_DATA._COMPUTE_BINNED_OUTPUTS.DISABLE_SECONDARY_ANALYSIS.fork_square_008um
2025-10-21 22:01:23 [runtime] (run:local)       ID.F07840_2.SPATIAL_RNA_COUNTER_CS.SPATIAL_RNA_COUNTER.SPATIAL_POST_MATRIX_COMPUTATION.BIN_HD_DATA._BIN_HD_DATA._COMPUTE_BINNED_OUTPUTS.DISABLE_SECONDARY_ANALYSIS.fork_square_008um.chnk0.main
2025-10-21 22:01:23 [runtime] (ready)           ID.F07840_2.SPATIAL_RNA_COUNTER_CS.SPATIAL_RNA_COUNTER.SPATIAL_POST_MATRIX_COMPUTATION.BIN_HD_DATA._BIN_HD_DATA._COMPUTE_BINNED_OUTPUTS.DISABLE_SECONDARY_ANALYSIS.fork_square_016um
2025-10-21 22:01:23 [runtime] (run:local)       ID.F07840_2.SPATIAL_RNA_COUNTER_CS.SPATIAL_RNA_COUNTER.SPATIAL_POST_MATRIX_COMPUTATION.BIN_HD_DATA._BIN_HD_DATA._COMPUTE_BINNED_OUTPUTS.DISABLE_SECONDARY_ANALYSIS.fork_square_016um.chnk0.main
2025-10-21 22:01:25 [runtime] (chunks_complete) ID.F07840_2.SPATIAL_RNA_COUNTER_CS.SPATIAL_RNA_COUNTER.SPATIAL_POST_MATRIX_COMPUTATION.BIN_HD_DATA._BIN_HD_DATA._COMPUTE_BINNED_OUTPUTS.DISABLE_SECONDARY_ANALYSIS.fork_square_002um
2025-10-21 22:01:25 [runtime] (chunks_complete) ID.F07840_2.SPATIAL_RNA_COUNTER_CS.SPATIAL_RNA_COUNTER.SPATIAL_POST_MATRIX_COMPUTATION.BIN_HD_DATA._BIN_HD_DATA._COMPUTE_BINNED_OUTPUTS.DISABLE_SECONDARY_ANALYSIS.fork_square_008um
2025-10-21 22:01:25 [runtime] (complete)        ID.F07840_2.SPATIAL_RNA_COUNTER_CS.SPATIAL_RNA_COUNTER.SPATIAL_POST_MATRIX_COMPUTATION.BIN_HD_DATA._BIN_HD_DATA._COMPUTE_BINNED_OUTPUTS.DISABLE_SECONDARY_ANALYSIS.fork_square_002um
2025-10-21 22:01:25 [runtime] (complete)        ID.F07840_2.SPATIAL_RNA_COUNTER_CS.SPATIAL_RNA_COUNTER.SPATIAL_POST_MATRIX_COMPUTATION.BIN_HD_DATA._BIN_HD_DATA._COMPUTE_BINNED_OUTPUTS.DISABLE_SECONDARY_ANALYSIS.fork_square_008um
2025-10-21 22:01:25 [runtime] (chunks_complete) ID.F07840_2.SPATIAL_RNA_COUNTER_CS.SPATIAL_RNA_COUNTER.SPATIAL_POST_MATRIX_COMPUTATION.BIN_HD_DATA._BIN_HD_DATA._COMPUTE_BINNED_OUTPUTS.DISABLE_SECONDARY_ANALYSIS.fork_square_016um
2025-10-21 22:01:25 [runtime] (ready)           ID.F07840_2.SPATIAL_RNA_COUNTER_CS.SPATIAL_RNA_COUNTER.SPATIAL_POST_MATRIX_COMPUTATION.BIN_HD_DATA._BIN_HD_DATA._COMPUTE_BINNED_OUTPUTS.SPATIAL_BINNED_RNA_ANALYZER.ANALYZER_PREFLIGHT.fork_square_002um
2025-10-21 22:01:25 [runtime] (run:local)       ID.F07840_2.SPATIAL_RNA_COUNTER_CS.SPATIAL_RNA_COUNTER.SPATIAL_POST_MATRIX_COMPUTATION.BIN_HD_DATA._BIN_HD_DATA._COMPUTE_BINNED_OUTPUTS.SPATIAL_BINNED_RNA_ANALYZER.ANALYZER_PREFLIGHT.fork_square_002um.chnk0.main
2025-10-21 22:01:25 [runtime] (ready)           ID.F07840_2.SPATIAL_RNA_COUNTER_CS.SPATIAL_RNA_COUNTER.SPATIAL_POST_MATRIX_COMPUTATION.BIN_HD_DATA._BIN_HD_DATA._COMPUTE_BINNED_OUTPUTS.SPATIAL_BINNED_RNA_ANALYZER.ANALYZER_PREFLIGHT.fork_square_008um
2025-10-21 22:01:25 [runtime] (run:local)       ID.F07840_2.SPATIAL_RNA_COUNTER_CS.SPATIAL_RNA_COUNTER.SPATIAL_POST_MATRIX_COMPUTATION.BIN_HD_DATA._BIN_HD_DATA._COMPUTE_BINNED_OUTPUTS.SPATIAL_BINNED_RNA_ANALYZER.ANALYZER_PREFLIGHT.fork_square_008um.chnk0.main
2025-10-21 22:01:25 [runtime] (ready)           ID.F07840_2.SPATIAL_RNA_COUNTER_CS.SPATIAL_RNA_COUNTER.SPATIAL_POST_MATRIX_COMPUTATION.BIN_HD_DATA._BIN_HD_DATA._COMPUTE_BINNED_OUTPUTS.SPATIAL_BINNED_RNA_ANALYZER.ANALYZER_PREFLIGHT.fork_square_016um
2025-10-21 22:01:25 [runtime] (run:local)       ID.F07840_2.SPATIAL_RNA_COUNTER_CS.SPATIAL_RNA_COUNTER.SPATIAL_POST_MATRIX_COMPUTATION.BIN_HD_DATA._BIN_HD_DATA._COMPUTE_BINNED_OUTPUTS.SPATIAL_BINNED_RNA_ANALYZER.ANALYZER_PREFLIGHT.fork_square_016um.chnk0.main
2025-10-21 22:01:26 [runtime] (split_complete)  ID.F07840_2.SPATIAL_RNA_COUNTER_CS.SPATIAL_RNA_COUNTER.SPATIAL_POST_MATRIX_COMPUTATION._POST_MATRIX_COMPUTATION._CELLS_REPORTER.SUMMARIZE_BASIC_REPORTS
2025-10-21 22:01:26 [runtime] (run:local)       ID.F07840_2.SPATIAL_RNA_COUNTER_CS.SPATIAL_RNA_COUNTER.SPATIAL_POST_MATRIX_COMPUTATION._POST_MATRIX_COMPUTATION._CELLS_REPORTER.SUMMARIZE_BASIC_REPORTS.fork0.join
2025-10-21 22:01:27 [runtime] (chunks_complete) ID.F07840_2.SPATIAL_RNA_COUNTER_CS.SPATIAL_RNA_COUNTER.SPATIAL_POST_MATRIX_COMPUTATION.BIN_HD_DATA._BIN_HD_DATA._COMPUTE_BINNED_OUTPUTS.SPATIAL_BINNED_RNA_ANALYZER.ANALYZER_PREFLIGHT.fork_square_002um
2025-10-21 22:01:27 [runtime] (complete)        ID.F07840_2.SPATIAL_RNA_COUNTER_CS.SPATIAL_RNA_COUNTER.SPATIAL_POST_MATRIX_COMPUTATION.BIN_HD_DATA._BIN_HD_DATA._COMPUTE_BINNED_OUTPUTS.SPATIAL_BINNED_RNA_ANALYZER.ANALYZER_PREFLIGHT.fork_square_002um
2025-10-21 22:01:27 [runtime] (chunks_complete) ID.F07840_2.SPATIAL_RNA_COUNTER_CS.SPATIAL_RNA_COUNTER.SPATIAL_POST_MATRIX_COMPUTATION.BIN_HD_DATA._BIN_HD_DATA._COMPUTE_BINNED_OUTPUTS.SPATIAL_BINNED_RNA_ANALYZER.ANALYZER_PREFLIGHT.fork_square_008um
2025-10-21 22:01:27 [runtime] (chunks_complete) ID.F07840_2.SPATIAL_RNA_COUNTER_CS.SPATIAL_RNA_COUNTER.SPATIAL_POST_MATRIX_COMPUTATION.BIN_HD_DATA._BIN_HD_DATA._COMPUTE_BINNED_OUTPUTS.SPATIAL_BINNED_RNA_ANALYZER.ANALYZER_PREFLIGHT.fork_square_016um
2025-10-21 22:01:27 [runtime] (ready)           ID.F07840_2.SPATIAL_RNA_COUNTER_CS.SPATIAL_RNA_COUNTER.SPATIAL_POST_MATRIX_COMPUTATION.BIN_HD_DATA._BIN_HD_DATA._COMPUTE_BINNED_OUTPUTS.SPATIAL_BINNED_RNA_ANALYZER.PREPROCESS_MATRIX.fork_square_002um
2025-10-21 22:01:27 [runtime] (run:local)       ID.F07840_2.SPATIAL_RNA_COUNTER_CS.SPATIAL_RNA_COUNTER.SPATIAL_POST_MATRIX_COMPUTATION.BIN_HD_DATA._BIN_HD_DATA._COMPUTE_BINNED_OUTPUTS.SPATIAL_BINNED_RNA_ANALYZER.PREPROCESS_MATRIX.fork_square_002um.split
2025-10-21 22:01:27 [runtime] (ready)           ID.F07840_2.SPATIAL_RNA_COUNTER_CS.SPATIAL_RNA_COUNTER.SPATIAL_POST_MATRIX_COMPUTATION.BIN_HD_DATA._BIN_HD_DATA._COMPUTE_BINNED_OUTPUTS.SPATIAL_BINNED_RNA_ANALYZER.PREPROCESS_MATRIX.fork_square_008um
2025-10-21 22:01:27 [runtime] (run:local)       ID.F07840_2.SPATIAL_RNA_COUNTER_CS.SPATIAL_RNA_COUNTER.SPATIAL_POST_MATRIX_COMPUTATION.BIN_HD_DATA._BIN_HD_DATA._COMPUTE_BINNED_OUTPUTS.SPATIAL_BINNED_RNA_ANALYZER.PREPROCESS_MATRIX.fork_square_008um.split
2025-10-21 22:01:27 [runtime] (ready)           ID.F07840_2.SPATIAL_RNA_COUNTER_CS.SPATIAL_RNA_COUNTER.SPATIAL_POST_MATRIX_COMPUTATION.BIN_HD_DATA._BIN_HD_DATA._COMPUTE_BINNED_OUTPUTS.SPATIAL_BINNED_RNA_ANALYZER.PREPROCESS_MATRIX.fork_square_016um
2025-10-21 22:01:27 [runtime] (run:local)       ID.F07840_2.SPATIAL_RNA_COUNTER_CS.SPATIAL_RNA_COUNTER.SPATIAL_POST_MATRIX_COMPUTATION.BIN_HD_DATA._BIN_HD_DATA._COMPUTE_BINNED_OUTPUTS.SPATIAL_BINNED_RNA_ANALYZER.PREPROCESS_MATRIX.fork_square_016um.split
2025-10-21 22:01:28 [runtime] (chunks_complete) ID.F07840_2.SPATIAL_RNA_COUNTER_CS.SPATIAL_RNA_COUNTER.SPATIAL_POST_MATRIX_COMPUTATION._TARGETED_ANALYZER._RUN_GDNA_ANALYSIS.GET_GDNA_METRICS
2025-10-21 22:01:28 [runtime] (ready)           ID.F07840_2.SPATIAL_RNA_COUNTER_CS.SPATIAL_RNA_COUNTER.SPATIAL_POST_MATRIX_COMPUTATION._TARGETED_ANALYZER._RUN_GDNA_ANALYSIS.GET_GDNA_PLOT
2025-10-21 22:01:28 [runtime] (run:local)       ID.F07840_2.SPATIAL_RNA_COUNTER_CS.SPATIAL_RNA_COUNTER.SPATIAL_POST_MATRIX_COMPUTATION._TARGETED_ANALYZER._RUN_GDNA_ANALYSIS.GET_GDNA_PLOT.fork0.chnk0.main
2025-10-21 22:06:46 [runtime] (update)          ID.F07840_2.SPATIAL_RNA_COUNTER_CS.SPATIAL_RNA_COUNTER.SPATIAL_POST_MATRIX_COMPUTATION.BIN_HD_DATA._BIN_HD_DATA._COMPUTE_BINNED_OUTPUTS.COMPUTE_SUBSAMPLED_BIN_METRICS.fork_square_008um chunks_running
2025-10-21 22:06:46 [runtime] (update)          ID.F07840_2.SPATIAL_RNA_COUNTER_CS.SPATIAL_RNA_COUNTER.SPATIAL_POST_MATRIX_COMPUTATION.BIN_HD_DATA._BIN_HD_DATA._COMPUTE_BINNED_OUTPUTS.COMPUTE_SUBSAMPLED_BIN_METRICS.fork_square_002um chunks_running
2025-10-21 22:06:56 [runtime] (chunks_complete) ID.F07840_2.SPATIAL_RNA_COUNTER_CS.SPATIAL_RNA_COUNTER.SPATIAL_POST_MATRIX_COMPUTATION.BIN_HD_DATA._BIN_HD_DATA._COMPUTE_BINNED_OUTPUTS.COMPUTE_SUBSAMPLED_BIN_METRICS.fork_square_008um
2025-10-21 22:06:57 [runtime] (update)          ID.F07840_2.SPATIAL_RNA_COUNTER_CS.SPATIAL_RNA_COUNTER.SPATIAL_POST_MATRIX_COMPUTATION.BIN_HD_DATA._BIN_HD_DATA._COMPUTE_BINNED_OUTPUTS.SPATIAL_BINNED_RNA_ANALYZER.PREPROCESS_MATRIX.fork_square_008um split_running
2025-10-21 22:06:57 [runtime] (update)          ID.F07840_2.SPATIAL_RNA_COUNTER_CS.SPATIAL_RNA_COUNTER.SPATIAL_POST_MATRIX_COMPUTATION._POST_MATRIX_COMPUTATION._CELLS_REPORTER.SUMMARIZE_BASIC_REPORTS.fork0 join_running
2025-10-21 22:06:57 [runtime] (update)          ID.F07840_2.SPATIAL_RNA_COUNTER_CS.SPATIAL_RNA_COUNTER.SPATIAL_POST_MATRIX_COMPUTATION.BIN_HD_DATA._BIN_HD_DATA._COMPUTE_BINNED_OUTPUTS.SPATIAL_BINNED_RNA_ANALYZER.PREPROCESS_MATRIX.fork_square_016um split_running
2025-10-21 22:06:57 [runtime] (update)          ID.F07840_2.SPATIAL_RNA_COUNTER_CS.SPATIAL_RNA_COUNTER.SPATIAL_POST_MATRIX_COMPUTATION.BIN_HD_DATA._BIN_HD_DATA._COMPUTE_BINNED_OUTPUTS.SPATIAL_BINNED_RNA_ANALYZER.PREPROCESS_MATRIX.fork_square_002um split_running
2025-10-21 22:06:57 [runtime] (complete)        ID.F07840_2.SPATIAL_RNA_COUNTER_CS.SPATIAL_RNA_COUNTER.SPATIAL_POST_MATRIX_COMPUTATION.BIN_HD_DATA._BIN_HD_DATA._COMPUTE_BINNED_OUTPUTS.COMPUTE_SUBSAMPLED_BIN_METRICS.fork_square_008um
2025-10-21 22:06:57 [runtime] (chunks_complete) ID.F07840_2.SPATIAL_RNA_COUNTER_CS.SPATIAL_RNA_COUNTER.SPATIAL_POST_MATRIX_COMPUTATION._TARGETED_ANALYZER._RUN_GDNA_ANALYSIS.GET_GDNA_PLOT
2025-10-21 22:06:57 [runtime] (complete)        ID.F07840_2.SPATIAL_RNA_COUNTER_CS.SPATIAL_RNA_COUNTER.SPATIAL_POST_MATRIX_COMPUTATION.BIN_HD_DATA._BIN_HD_DATA._COMPUTE_BINNED_OUTPUTS.COMPUTE_SUBSAMPLED_BIN_METRICS.fork_square_008um
2025-10-21 22:06:57 [runtime] (complete)        ID.F07840_2.SPATIAL_RNA_COUNTER_CS.SPATIAL_RNA_COUNTER.SPATIAL_POST_MATRIX_COMPUTATION.BIN_HD_DATA._BIN_HD_DATA._COMPUTE_BINNED_OUTPUTS.COMPUTE_SUBSAMPLED_BIN_METRICS.fork_square_008um
2025-10-21 22:06:57 [runtime] (ready)           ID.F07840_2.SPATIAL_RNA_COUNTER_CS.SPATIAL_RNA_COUNTER.SPATIAL_POST_MATRIX_COMPUTATION._TARGETED_ANALYZER._RUN_GDNA_ANALYSIS.MERGE_METRICS
2025-10-21 22:06:58 [runtime] (run:local)       ID.F07840_2.SPATIAL_RNA_COUNTER_CS.SPATIAL_RNA_COUNTER.SPATIAL_POST_MATRIX_COMPUTATION._TARGETED_ANALYZER._RUN_GDNA_ANALYSIS.MERGE_METRICS.fork0.chnk0.main
2025-10-21 22:06:58 [runtime] (complete)        ID.F07840_2.SPATIAL_RNA_COUNTER_CS.SPATIAL_RNA_COUNTER.SPATIAL_POST_MATRIX_COMPUTATION.BIN_HD_DATA._BIN_HD_DATA._COMPUTE_BINNED_OUTPUTS.COMPUTE_SUBSAMPLED_BIN_METRICS.fork_square_008um
2025-10-21 22:06:58 [runtime] (chunks_complete) ID.F07840_2.SPATIAL_RNA_COUNTER_CS.SPATIAL_RNA_COUNTER.SPATIAL_POST_MATRIX_COMPUTATION._TARGETED_ANALYZER._RUN_GDNA_ANALYSIS.MERGE_METRICS
2025-10-21 22:06:58 [runtime] (complete)        ID.F07840_2.SPATIAL_RNA_COUNTER_CS.SPATIAL_RNA_COUNTER.SPATIAL_POST_MATRIX_COMPUTATION.BIN_HD_DATA._BIN_HD_DATA._COMPUTE_BINNED_OUTPUTS.COMPUTE_SUBSAMPLED_BIN_METRICS.fork_square_008um
2025-10-21 22:06:58 [runtime] (complete)        ID.F07840_2.SPATIAL_RNA_COUNTER_CS.SPATIAL_RNA_COUNTER.SPATIAL_POST_MATRIX_COMPUTATION.BIN_HD_DATA._BIN_HD_DATA._COMPUTE_BINNED_OUTPUTS.COMPUTE_SUBSAMPLED_BIN_METRICS.fork_square_008um
2025-10-21 22:06:58 [runtime] (complete)        ID.F07840_2.SPATIAL_RNA_COUNTER_CS.SPATIAL_RNA_COUNTER.SPATIAL_POST_MATRIX_COMPUTATION.BIN_HD_DATA._BIN_HD_DATA._COMPUTE_BINNED_OUTPUTS.COMPUTE_SUBSAMPLED_BIN_METRICS.fork_square_008um
2025-10-21 22:07:00 [runtime] (split_complete)  ID.F07840_2.SPATIAL_RNA_COUNTER_CS.SPATIAL_RNA_COUNTER.SPATIAL_POST_MATRIX_COMPUTATION.BIN_HD_DATA._BIN_HD_DATA._COMPUTE_BINNED_OUTPUTS.SPATIAL_BINNED_RNA_ANALYZER.PREPROCESS_MATRIX.fork_square_002um
2025-10-21 22:07:00 [runtime] (run:local)       ID.F07840_2.SPATIAL_RNA_COUNTER_CS.SPATIAL_RNA_COUNTER.SPATIAL_POST_MATRIX_COMPUTATION.BIN_HD_DATA._BIN_HD_DATA._COMPUTE_BINNED_OUTPUTS.SPATIAL_BINNED_RNA_ANALYZER.PREPROCESS_MATRIX.fork_square_002um.join
2025-10-21 22:07:00 [runtime] (split_complete)  ID.F07840_2.SPATIAL_RNA_COUNTER_CS.SPATIAL_RNA_COUNTER.SPATIAL_POST_MATRIX_COMPUTATION.BIN_HD_DATA._BIN_HD_DATA._COMPUTE_BINNED_OUTPUTS.SPATIAL_BINNED_RNA_ANALYZER.PREPROCESS_MATRIX.fork_square_008um
2025-10-21 22:07:00 [runtime] (run:local)       ID.F07840_2.SPATIAL_RNA_COUNTER_CS.SPATIAL_RNA_COUNTER.SPATIAL_POST_MATRIX_COMPUTATION.BIN_HD_DATA._BIN_HD_DATA._COMPUTE_BINNED_OUTPUTS.SPATIAL_BINNED_RNA_ANALYZER.PREPROCESS_MATRIX.fork_square_008um.join
2025-10-21 22:07:00 [runtime] (split_complete)  ID.F07840_2.SPATIAL_RNA_COUNTER_CS.SPATIAL_RNA_COUNTER.SPATIAL_POST_MATRIX_COMPUTATION.BIN_HD_DATA._BIN_HD_DATA._COMPUTE_BINNED_OUTPUTS.SPATIAL_BINNED_RNA_ANALYZER.PREPROCESS_MATRIX.fork_square_016um
2025-10-21 22:07:00 [runtime] (run:local)       ID.F07840_2.SPATIAL_RNA_COUNTER_CS.SPATIAL_RNA_COUNTER.SPATIAL_POST_MATRIX_COMPUTATION.BIN_HD_DATA._BIN_HD_DATA._COMPUTE_BINNED_OUTPUTS.SPATIAL_BINNED_RNA_ANALYZER.PREPROCESS_MATRIX.fork_square_016um.join
2025-10-21 22:07:00 [runtime] (complete)        ID.F07840_2.SPATIAL_RNA_COUNTER_CS.SPATIAL_RNA_COUNTER.SPATIAL_POST_MATRIX_COMPUTATION.BIN_HD_DATA._BIN_HD_DATA._COMPUTE_BINNED_OUTPUTS.COMPUTE_SUBSAMPLED_BIN_METRICS.fork_square_008um
2025-10-21 22:07:00 [runtime] (complete)        ID.F07840_2.SPATIAL_RNA_COUNTER_CS.SPATIAL_RNA_COUNTER.SPATIAL_POST_MATRIX_COMPUTATION.BIN_HD_DATA._BIN_HD_DATA._COMPUTE_BINNED_OUTPUTS.COMPUTE_SUBSAMPLED_BIN_METRICS.fork_square_008um
2025-10-21 22:07:00 [runtime] (complete)        ID.F07840_2.SPATIAL_RNA_COUNTER_CS.SPATIAL_RNA_COUNTER.SPATIAL_POST_MATRIX_COMPUTATION.BIN_HD_DATA._BIN_HD_DATA._COMPUTE_BINNED_OUTPUTS.COMPUTE_SUBSAMPLED_BIN_METRICS.fork_square_008um
2025-10-21 22:07:00 [runtime] (chunks_complete) ID.F07840_2.SPATIAL_RNA_COUNTER_CS.SPATIAL_RNA_COUNTER.SPATIAL_POST_MATRIX_COMPUTATION.BIN_HD_DATA._BIN_HD_DATA._COMPUTE_BINNED_OUTPUTS.COMPUTE_SUBSAMPLED_BIN_METRICS.fork_square_016um
2025-10-21 22:07:02 [runtime] (complete)        ID.F07840_2.SPATIAL_RNA_COUNTER_CS.SPATIAL_RNA_COUNTER.SPATIAL_POST_MATRIX_COMPUTATION.BIN_HD_DATA._BIN_HD_DATA._COMPUTE_BINNED_OUTPUTS.COMPUTE_SUBSAMPLED_BIN_METRICS.fork_square_008um
2025-10-21 22:07:02 [runtime] (complete)        ID.F07840_2.SPATIAL_RNA_COUNTER_CS.SPATIAL_RNA_COUNTER.SPATIAL_POST_MATRIX_COMPUTATION.BIN_HD_DATA._BIN_HD_DATA._COMPUTE_BINNED_OUTPUTS.COMPUTE_SUBSAMPLED_BIN_METRICS.fork_square_016um
2025-10-21 22:07:02 [runtime] (join_complete)   ID.F07840_2.SPATIAL_RNA_COUNTER_CS.SPATIAL_RNA_COUNTER.SPATIAL_POST_MATRIX_COMPUTATION.BIN_HD_DATA._BIN_HD_DATA._COMPUTE_BINNED_OUTPUTS.SPATIAL_BINNED_RNA_ANALYZER.PREPROCESS_MATRIX.fork_square_002um
2025-10-21 22:07:05 [runtime] (complete)        ID.F07840_2.SPATIAL_RNA_COUNTER_CS.SPATIAL_RNA_COUNTER.SPATIAL_POST_MATRIX_COMPUTATION.BIN_HD_DATA._BIN_HD_DATA._COMPUTE_BINNED_OUTPUTS.SPATIAL_BINNED_RNA_ANALYZER.PREPROCESS_MATRIX.fork_square_002um
2025-10-21 22:07:05 [runtime] (complete)        ID.F07840_2.SPATIAL_RNA_COUNTER_CS.SPATIAL_RNA_COUNTER.SPATIAL_POST_MATRIX_COMPUTATION.BIN_HD_DATA._BIN_HD_DATA._COMPUTE_BINNED_OUTPUTS.COMPUTE_SUBSAMPLED_BIN_METRICS.fork_square_008um
2025-10-21 22:07:05 [runtime] (complete)        ID.F07840_2.SPATIAL_RNA_COUNTER_CS.SPATIAL_RNA_COUNTER.SPATIAL_POST_MATRIX_COMPUTATION.BIN_HD_DATA._BIN_HD_DATA._COMPUTE_BINNED_OUTPUTS.COMPUTE_SUBSAMPLED_BIN_METRICS.fork_square_016um
2025-10-21 22:07:08 [runtime] (complete)        ID.F07840_2.SPATIAL_RNA_COUNTER_CS.SPATIAL_RNA_COUNTER.SPATIAL_POST_MATRIX_COMPUTATION.BIN_HD_DATA._BIN_HD_DATA._COMPUTE_BINNED_OUTPUTS.SPATIAL_BINNED_RNA_ANALYZER.PREPROCESS_MATRIX.fork_square_002um
2025-10-21 22:07:08 [runtime] (complete)        ID.F07840_2.SPATIAL_RNA_COUNTER_CS.SPATIAL_RNA_COUNTER.SPATIAL_POST_MATRIX_COMPUTATION.BIN_HD_DATA._BIN_HD_DATA._COMPUTE_BINNED_OUTPUTS.COMPUTE_SUBSAMPLED_BIN_METRICS.fork_square_008um
2025-10-21 22:07:08 [runtime] (complete)        ID.F07840_2.SPATIAL_RNA_COUNTER_CS.SPATIAL_RNA_COUNTER.SPATIAL_POST_MATRIX_COMPUTATION.BIN_HD_DATA._BIN_HD_DATA._COMPUTE_BINNED_OUTPUTS.COMPUTE_SUBSAMPLED_BIN_METRICS.fork_square_016um
2025-10-21 22:07:11 [runtime] (complete)        ID.F07840_2.SPATIAL_RNA_COUNTER_CS.SPATIAL_RNA_COUNTER.SPATIAL_POST_MATRIX_COMPUTATION.BIN_HD_DATA._BIN_HD_DATA._COMPUTE_BINNED_OUTPUTS.SPATIAL_BINNED_RNA_ANALYZER.PREPROCESS_MATRIX.fork_square_002um
2025-10-21 22:07:11 [runtime] (complete)        ID.F07840_2.SPATIAL_RNA_COUNTER_CS.SPATIAL_RNA_COUNTER.SPATIAL_POST_MATRIX_COMPUTATION.BIN_HD_DATA._BIN_HD_DATA._COMPUTE_BINNED_OUTPUTS.COMPUTE_SUBSAMPLED_BIN_METRICS.fork_square_008um
2025-10-21 22:07:11 [runtime] (complete)        ID.F07840_2.SPATIAL_RNA_COUNTER_CS.SPATIAL_RNA_COUNTER.SPATIAL_POST_MATRIX_COMPUTATION.BIN_HD_DATA._BIN_HD_DATA._COMPUTE_BINNED_OUTPUTS.COMPUTE_SUBSAMPLED_BIN_METRICS.fork_square_016um
2025-10-21 22:07:14 [runtime] (complete)        ID.F07840_2.SPATIAL_RNA_COUNTER_CS.SPATIAL_RNA_COUNTER.SPATIAL_POST_MATRIX_COMPUTATION.BIN_HD_DATA._BIN_HD_DATA._COMPUTE_BINNED_OUTPUTS.SPATIAL_BINNED_RNA_ANALYZER.PREPROCESS_MATRIX.fork_square_002um
2025-10-21 22:07:14 [runtime] (complete)        ID.F07840_2.SPATIAL_RNA_COUNTER_CS.SPATIAL_RNA_COUNTER.SPATIAL_POST_MATRIX_COMPUTATION.BIN_HD_DATA._BIN_HD_DATA._COMPUTE_BINNED_OUTPUTS.COMPUTE_SUBSAMPLED_BIN_METRICS.fork_square_008um
2025-10-21 22:07:14 [runtime] (complete)        ID.F07840_2.SPATIAL_RNA_COUNTER_CS.SPATIAL_RNA_COUNTER.SPATIAL_POST_MATRIX_COMPUTATION.BIN_HD_DATA._BIN_HD_DATA._COMPUTE_BINNED_OUTPUTS.COMPUTE_SUBSAMPLED_BIN_METRICS.fork_square_016um
2025-10-21 22:07:17 [runtime] (complete)        ID.F07840_2.SPATIAL_RNA_COUNTER_CS.SPATIAL_RNA_COUNTER.SPATIAL_POST_MATRIX_COMPUTATION.BIN_HD_DATA._BIN_HD_DATA._COMPUTE_BINNED_OUTPUTS.SPATIAL_BINNED_RNA_ANALYZER.PREPROCESS_MATRIX.fork_square_002um
2025-10-21 22:07:17 [runtime] (complete)        ID.F07840_2.SPATIAL_RNA_COUNTER_CS.SPATIAL_RNA_COUNTER.SPATIAL_POST_MATRIX_COMPUTATION.BIN_HD_DATA._BIN_HD_DATA._COMPUTE_BINNED_OUTPUTS.COMPUTE_SUBSAMPLED_BIN_METRICS.fork_square_008um
2025-10-21 22:07:17 [runtime] (complete)        ID.F07840_2.SPATIAL_RNA_COUNTER_CS.SPATIAL_RNA_COUNTER.SPATIAL_POST_MATRIX_COMPUTATION.BIN_HD_DATA._BIN_HD_DATA._COMPUTE_BINNED_OUTPUTS.COMPUTE_SUBSAMPLED_BIN_METRICS.fork_square_016um
2025-10-21 22:07:20 [runtime] (complete)        ID.F07840_2.SPATIAL_RNA_COUNTER_CS.SPATIAL_RNA_COUNTER.SPATIAL_POST_MATRIX_COMPUTATION.BIN_HD_DATA._BIN_HD_DATA._COMPUTE_BINNED_OUTPUTS.COMPUTE_SUBSAMPLED_BIN_METRICS.fork_square_008um
2025-10-21 22:07:20 [runtime] (complete)        ID.F07840_2.SPATIAL_RNA_COUNTER_CS.SPATIAL_RNA_COUNTER.SPATIAL_POST_MATRIX_COMPUTATION.BIN_HD_DATA._BIN_HD_DATA._COMPUTE_BINNED_OUTPUTS.COMPUTE_SUBSAMPLED_BIN_METRICS.fork_square_016um
2025-10-21 22:07:20 [runtime] (complete)        ID.F07840_2.SPATIAL_RNA_COUNTER_CS.SPATIAL_RNA_COUNTER.SPATIAL_POST_MATRIX_COMPUTATION.BIN_HD_DATA._BIN_HD_DATA._COMPUTE_BINNED_OUTPUTS.SPATIAL_BINNED_RNA_ANALYZER.PREPROCESS_MATRIX.fork_square_002um
2025-10-21 22:07:21 [runtime] (complete)        ID.F07840_2.SPATIAL_RNA_COUNTER_CS.SPATIAL_RNA_COUNTER.SPATIAL_POST_MATRIX_COMPUTATION.BIN_HD_DATA._BIN_HD_DATA._COMPUTE_BINNED_OUTPUTS.SPATIAL_BINNED_RNA_ANALYZER.PREPROCESS_MATRIX.fork_square_002um
2025-10-21 22:07:21 [runtime] (chunks_complete) ID.F07840_2.SPATIAL_RNA_COUNTER_CS.SPATIAL_RNA_COUNTER.SPATIAL_POST_MATRIX_COMPUTATION.BIN_HD_DATA._BIN_HD_DATA._COMPUTE_BINNED_OUTPUTS.COMPUTE_SUBSAMPLED_BIN_METRICS.fork_square_002um
2025-10-21 22:07:21 [runtime] (complete)        ID.F07840_2.SPATIAL_RNA_COUNTER_CS.SPATIAL_RNA_COUNTER.SPATIAL_POST_MATRIX_COMPUTATION.BIN_HD_DATA._BIN_HD_DATA._COMPUTE_BINNED_OUTPUTS.COMPUTE_SUBSAMPLED_BIN_METRICS.fork_square_008um
2025-10-21 22:07:21 [runtime] (complete)        ID.F07840_2.SPATIAL_RNA_COUNTER_CS.SPATIAL_RNA_COUNTER.SPATIAL_POST_MATRIX_COMPUTATION.BIN_HD_DATA._BIN_HD_DATA._COMPUTE_BINNED_OUTPUTS.COMPUTE_SUBSAMPLED_BIN_METRICS.fork_square_016um
2025-10-21 22:07:21 [runtime] (complete)        ID.F07840_2.SPATIAL_RNA_COUNTER_CS.SPATIAL_RNA_COUNTER.SPATIAL_POST_MATRIX_COMPUTATION.BIN_HD_DATA._BIN_HD_DATA._COMPUTE_BINNED_OUTPUTS.SPATIAL_BINNED_RNA_ANALYZER.PREPROCESS_MATRIX.fork_square_002um
2025-10-21 22:07:21 [runtime] (ready)           ID.F07840_2.SPATIAL_RNA_COUNTER_CS.SPATIAL_RNA_COUNTER.SPATIAL_POST_MATRIX_COMPUTATION.BIN_HD_DATA._BIN_HD_DATA._COMPUTE_BINNED_OUTPUTS.RECEIVE_SUBSAMPLED_METRICS.fork_square_002um
2025-10-21 22:07:21 [runtime] (run:local)       ID.F07840_2.SPATIAL_RNA_COUNTER_CS.SPATIAL_RNA_COUNTER.SPATIAL_POST_MATRIX_COMPUTATION.BIN_HD_DATA._BIN_HD_DATA._COMPUTE_BINNED_OUTPUTS.RECEIVE_SUBSAMPLED_METRICS.fork_square_002um.chnk0.main
2025-10-21 22:07:21 [runtime] (ready)           ID.F07840_2.SPATIAL_RNA_COUNTER_CS.SPATIAL_RNA_COUNTER.SPATIAL_POST_MATRIX_COMPUTATION.BIN_HD_DATA._BIN_HD_DATA._COMPUTE_BINNED_OUTPUTS.RECEIVE_SUBSAMPLED_METRICS.fork_square_008um
2025-10-21 22:07:21 [runtime] (run:local)       ID.F07840_2.SPATIAL_RNA_COUNTER_CS.SPATIAL_RNA_COUNTER.SPATIAL_POST_MATRIX_COMPUTATION.BIN_HD_DATA._BIN_HD_DATA._COMPUTE_BINNED_OUTPUTS.RECEIVE_SUBSAMPLED_METRICS.fork_square_008um.chnk0.main
2025-10-21 22:07:21 [runtime] (ready)           ID.F07840_2.SPATIAL_RNA_COUNTER_CS.SPATIAL_RNA_COUNTER.SPATIAL_POST_MATRIX_COMPUTATION.BIN_HD_DATA._BIN_HD_DATA._COMPUTE_BINNED_OUTPUTS.RECEIVE_SUBSAMPLED_METRICS.fork_square_016um
2025-10-21 22:07:21 [runtime] (run:local)       ID.F07840_2.SPATIAL_RNA_COUNTER_CS.SPATIAL_RNA_COUNTER.SPATIAL_POST_MATRIX_COMPUTATION.BIN_HD_DATA._BIN_HD_DATA._COMPUTE_BINNED_OUTPUTS.RECEIVE_SUBSAMPLED_METRICS.fork_square_016um.chnk0.main
2025-10-21 22:07:21 [runtime] (complete)        ID.F07840_2.SPATIAL_RNA_COUNTER_CS.SPATIAL_RNA_COUNTER.SPATIAL_POST_MATRIX_COMPUTATION.BIN_HD_DATA._BIN_HD_DATA._COMPUTE_BINNED_OUTPUTS.SPATIAL_BINNED_RNA_ANALYZER.PREPROCESS_MATRIX.fork_square_002um
2025-10-21 22:07:25 [runtime] (complete)        ID.F07840_2.SPATIAL_RNA_COUNTER_CS.SPATIAL_RNA_COUNTER.SPATIAL_POST_MATRIX_COMPUTATION.BIN_HD_DATA._BIN_HD_DATA._COMPUTE_BINNED_OUTPUTS.SPATIAL_BINNED_RNA_ANALYZER.PREPROCESS_MATRIX.fork_square_002um
2025-10-21 22:07:28 [runtime] (complete)        ID.F07840_2.SPATIAL_RNA_COUNTER_CS.SPATIAL_RNA_COUNTER.SPATIAL_POST_MATRIX_COMPUTATION.BIN_HD_DATA._BIN_HD_DATA._COMPUTE_BINNED_OUTPUTS.SPATIAL_BINNED_RNA_ANALYZER.PREPROCESS_MATRIX.fork_square_002um
2025-10-21 22:07:30 [runtime] (complete)        ID.F07840_2.SPATIAL_RNA_COUNTER_CS.SPATIAL_RNA_COUNTER.SPATIAL_POST_MATRIX_COMPUTATION.BIN_HD_DATA._BIN_HD_DATA._COMPUTE_BINNED_OUTPUTS.SPATIAL_BINNED_RNA_ANALYZER.PREPROCESS_MATRIX.fork_square_002um
2025-10-21 22:07:30 [runtime] (chunks_complete) ID.F07840_2.SPATIAL_RNA_COUNTER_CS.SPATIAL_RNA_COUNTER.SPATIAL_POST_MATRIX_COMPUTATION.BIN_HD_DATA._BIN_HD_DATA._COMPUTE_BINNED_OUTPUTS.RECEIVE_SUBSAMPLED_METRICS.fork_square_002um
2025-10-21 22:07:30 [runtime] (chunks_complete) ID.F07840_2.SPATIAL_RNA_COUNTER_CS.SPATIAL_RNA_COUNTER.SPATIAL_POST_MATRIX_COMPUTATION.BIN_HD_DATA._BIN_HD_DATA._COMPUTE_BINNED_OUTPUTS.RECEIVE_SUBSAMPLED_METRICS.fork_square_008um
2025-10-21 22:07:30 [runtime] (chunks_complete) ID.F07840_2.SPATIAL_RNA_COUNTER_CS.SPATIAL_RNA_COUNTER.SPATIAL_POST_MATRIX_COMPUTATION.BIN_HD_DATA._BIN_HD_DATA._COMPUTE_BINNED_OUTPUTS.RECEIVE_SUBSAMPLED_METRICS.fork_square_016um
2025-10-21 22:07:30 [runtime] (ready)           ID.F07840_2.SPATIAL_RNA_COUNTER_CS.SPATIAL_RNA_COUNTER.SPATIAL_POST_MATRIX_COMPUTATION.HD_WEBSUMMARY_BUILDER.PICK_SATURATION_PLOT
2025-10-21 22:07:30 [runtime] (run:local)       ID.F07840_2.SPATIAL_RNA_COUNTER_CS.SPATIAL_RNA_COUNTER.SPATIAL_POST_MATRIX_COMPUTATION.HD_WEBSUMMARY_BUILDER.PICK_SATURATION_PLOT.fork0.chnk0.main
2025-10-21 22:07:30 [runtime] (complete)        ID.F07840_2.SPATIAL_RNA_COUNTER_CS.SPATIAL_RNA_COUNTER.SPATIAL_POST_MATRIX_COMPUTATION.BIN_HD_DATA._BIN_HD_DATA._COMPUTE_BINNED_OUTPUTS.SPATIAL_BINNED_RNA_ANALYZER.PREPROCESS_MATRIX.fork_square_002um
2025-10-21 22:07:32 [runtime] (complete)        ID.F07840_2.SPATIAL_RNA_COUNTER_CS.SPATIAL_RNA_COUNTER.SPATIAL_POST_MATRIX_COMPUTATION.BIN_HD_DATA._BIN_HD_DATA._COMPUTE_BINNED_OUTPUTS.SPATIAL_BINNED_RNA_ANALYZER.PREPROCESS_MATRIX.fork_square_002um
2025-10-21 22:07:32 [runtime] (chunks_complete) ID.F07840_2.SPATIAL_RNA_COUNTER_CS.SPATIAL_RNA_COUNTER.SPATIAL_POST_MATRIX_COMPUTATION.HD_WEBSUMMARY_BUILDER.PICK_SATURATION_PLOT
2025-10-21 22:07:32 [runtime] (complete)        ID.F07840_2.SPATIAL_RNA_COUNTER_CS.SPATIAL_RNA_COUNTER.SPATIAL_POST_MATRIX_COMPUTATION.BIN_HD_DATA._BIN_HD_DATA._COMPUTE_BINNED_OUTPUTS.SPATIAL_BINNED_RNA_ANALYZER.PREPROCESS_MATRIX.fork_square_002um
2025-10-21 22:07:35 [runtime] (complete)        ID.F07840_2.SPATIAL_RNA_COUNTER_CS.SPATIAL_RNA_COUNTER.SPATIAL_POST_MATRIX_COMPUTATION.BIN_HD_DATA._BIN_HD_DATA._COMPUTE_BINNED_OUTPUTS.SPATIAL_BINNED_RNA_ANALYZER.PREPROCESS_MATRIX.fork_square_002um
2025-10-21 22:07:38 [runtime] (complete)        ID.F07840_2.SPATIAL_RNA_COUNTER_CS.SPATIAL_RNA_COUNTER.SPATIAL_POST_MATRIX_COMPUTATION.BIN_HD_DATA._BIN_HD_DATA._COMPUTE_BINNED_OUTPUTS.SPATIAL_BINNED_RNA_ANALYZER.PREPROCESS_MATRIX.fork_square_002um
2025-10-21 22:07:41 [runtime] (complete)        ID.F07840_2.SPATIAL_RNA_COUNTER_CS.SPATIAL_RNA_COUNTER.SPATIAL_POST_MATRIX_COMPUTATION.BIN_HD_DATA._BIN_HD_DATA._COMPUTE_BINNED_OUTPUTS.SPATIAL_BINNED_RNA_ANALYZER.PREPROCESS_MATRIX.fork_square_002um
2025-10-21 22:07:44 [runtime] (complete)        ID.F07840_2.SPATIAL_RNA_COUNTER_CS.SPATIAL_RNA_COUNTER.SPATIAL_POST_MATRIX_COMPUTATION.BIN_HD_DATA._BIN_HD_DATA._COMPUTE_BINNED_OUTPUTS.SPATIAL_BINNED_RNA_ANALYZER.PREPROCESS_MATRIX.fork_square_002um
2025-10-21 22:07:45 [runtime] (complete)        ID.F07840_2.SPATIAL_RNA_COUNTER_CS.SPATIAL_RNA_COUNTER.SPATIAL_POST_MATRIX_COMPUTATION.BIN_HD_DATA._BIN_HD_DATA._COMPUTE_BINNED_OUTPUTS.SPATIAL_BINNED_RNA_ANALYZER.PREPROCESS_MATRIX.fork_square_002um
2025-10-21 22:07:45 [runtime] (join_complete)   ID.F07840_2.SPATIAL_RNA_COUNTER_CS.SPATIAL_RNA_COUNTER.SPATIAL_POST_MATRIX_COMPUTATION.BIN_HD_DATA._BIN_HD_DATA._COMPUTE_BINNED_OUTPUTS.SPATIAL_BINNED_RNA_ANALYZER.PREPROCESS_MATRIX.fork_square_016um
2025-10-21 22:07:48 [runtime] (complete)        ID.F07840_2.SPATIAL_RNA_COUNTER_CS.SPATIAL_RNA_COUNTER.SPATIAL_POST_MATRIX_COMPUTATION.BIN_HD_DATA._BIN_HD_DATA._COMPUTE_BINNED_OUTPUTS.SPATIAL_BINNED_RNA_ANALYZER.PREPROCESS_MATRIX.fork_square_002um
2025-10-21 22:07:48 [runtime] (complete)        ID.F07840_2.SPATIAL_RNA_COUNTER_CS.SPATIAL_RNA_COUNTER.SPATIAL_POST_MATRIX_COMPUTATION.BIN_HD_DATA._BIN_HD_DATA._COMPUTE_BINNED_OUTPUTS.SPATIAL_BINNED_RNA_ANALYZER.PREPROCESS_MATRIX.fork_square_016um
2025-10-21 22:07:51 [runtime] (complete)        ID.F07840_2.SPATIAL_RNA_COUNTER_CS.SPATIAL_RNA_COUNTER.SPATIAL_POST_MATRIX_COMPUTATION.BIN_HD_DATA._BIN_HD_DATA._COMPUTE_BINNED_OUTPUTS.SPATIAL_BINNED_RNA_ANALYZER.PREPROCESS_MATRIX.fork_square_002um
2025-10-21 22:07:51 [runtime] (complete)        ID.F07840_2.SPATIAL_RNA_COUNTER_CS.SPATIAL_RNA_COUNTER.SPATIAL_POST_MATRIX_COMPUTATION.BIN_HD_DATA._BIN_HD_DATA._COMPUTE_BINNED_OUTPUTS.SPATIAL_BINNED_RNA_ANALYZER.PREPROCESS_MATRIX.fork_square_016um
2025-10-21 22:07:53 [runtime] (complete)        ID.F07840_2.SPATIAL_RNA_COUNTER_CS.SPATIAL_RNA_COUNTER.SPATIAL_POST_MATRIX_COMPUTATION.BIN_HD_DATA._BIN_HD_DATA._COMPUTE_BINNED_OUTPUTS.SPATIAL_BINNED_RNA_ANALYZER.PREPROCESS_MATRIX.fork_square_002um
2025-10-21 22:07:53 [runtime] (join_complete)   ID.F07840_2.SPATIAL_RNA_COUNTER_CS.SPATIAL_RNA_COUNTER.SPATIAL_POST_MATRIX_COMPUTATION.BIN_HD_DATA._BIN_HD_DATA._COMPUTE_BINNED_OUTPUTS.SPATIAL_BINNED_RNA_ANALYZER.PREPROCESS_MATRIX.fork_square_008um
2025-10-21 22:07:53 [runtime] (complete)        ID.F07840_2.SPATIAL_RNA_COUNTER_CS.SPATIAL_RNA_COUNTER.SPATIAL_POST_MATRIX_COMPUTATION.BIN_HD_DATA._BIN_HD_DATA._COMPUTE_BINNED_OUTPUTS.SPATIAL_BINNED_RNA_ANALYZER.PREPROCESS_MATRIX.fork_square_016um
2025-10-21 22:07:53 [runtime] (ready)           ID.F07840_2.SPATIAL_RNA_COUNTER_CS.SPATIAL_RNA_COUNTER.SPATIAL_POST_MATRIX_COMPUTATION.BIN_HD_DATA._BIN_HD_DATA._COMPUTE_BINNED_OUTPUTS.SPATIAL_BINNED_RNA_ANALYZER._ANTIBODY_ANALYZER.SUMMARIZE_ANTIBODY_ANALYSIS.fork_square_002um
2025-10-21 22:07:53 [runtime] (ready)           ID.F07840_2.SPATIAL_RNA_COUNTER_CS.SPATIAL_RNA_COUNTER.SPATIAL_POST_MATRIX_COMPUTATION.BIN_HD_DATA._BIN_HD_DATA._COMPUTE_BINNED_OUTPUTS.SPATIAL_BINNED_RNA_ANALYZER._ANTIBODY_ANALYZER.SUMMARIZE_ANTIBODY_ANALYSIS.fork_square_008um
2025-10-21 22:07:53 [runtime] (ready)           ID.F07840_2.SPATIAL_RNA_COUNTER_CS.SPATIAL_RNA_COUNTER.SPATIAL_POST_MATRIX_COMPUTATION.BIN_HD_DATA._BIN_HD_DATA._COMPUTE_BINNED_OUTPUTS.SPATIAL_BINNED_RNA_ANALYZER._ANTIBODY_ANALYZER.SUMMARIZE_ANTIBODY_ANALYSIS.fork_square_016um
2025-10-21 22:07:53 [runtime] (ready)           ID.F07840_2.SPATIAL_RNA_COUNTER_CS.SPATIAL_RNA_COUNTER.SPATIAL_POST_MATRIX_COMPUTATION.BIN_HD_DATA._BIN_HD_DATA._COMPUTE_BINNED_OUTPUTS.SPATIAL_BINNED_RNA_ANALYZER.RUN_MULTIGENOME_ANALYSIS.fork_square_002um
2025-10-21 22:07:53 [runtime] (ready)           ID.F07840_2.SPATIAL_RNA_COUNTER_CS.SPATIAL_RNA_COUNTER.SPATIAL_POST_MATRIX_COMPUTATION.BIN_HD_DATA._BIN_HD_DATA._COMPUTE_BINNED_OUTPUTS.SPATIAL_BINNED_RNA_ANALYZER.RUN_MULTIGENOME_ANALYSIS.fork_square_008um
2025-10-21 22:07:53 [runtime] (ready)           ID.F07840_2.SPATIAL_RNA_COUNTER_CS.SPATIAL_RNA_COUNTER.SPATIAL_POST_MATRIX_COMPUTATION.BIN_HD_DATA._BIN_HD_DATA._COMPUTE_BINNED_OUTPUTS.SPATIAL_BINNED_RNA_ANALYZER.RUN_MULTIGENOME_ANALYSIS.fork_square_016um
2025-10-21 22:07:53 [runtime] (ready)           ID.F07840_2.SPATIAL_RNA_COUNTER_CS.SPATIAL_RNA_COUNTER.SPATIAL_POST_MATRIX_COMPUTATION.BIN_HD_DATA._BIN_HD_DATA._COMPUTE_BINNED_OUTPUTS.SPATIAL_BINNED_RNA_ANALYZER.RUN_BATCH_CORRECTION_PCA.PCA_PREP.fork_square_002um
2025-10-21 22:07:53 [runtime] (ready)           ID.F07840_2.SPATIAL_RNA_COUNTER_CS.SPATIAL_RNA_COUNTER.SPATIAL_POST_MATRIX_COMPUTATION.BIN_HD_DATA._BIN_HD_DATA._COMPUTE_BINNED_OUTPUTS.SPATIAL_BINNED_RNA_ANALYZER.RUN_BATCH_CORRECTION_PCA.PCA_PREP.fork_square_008um
2025-10-21 22:07:53 [runtime] (ready)           ID.F07840_2.SPATIAL_RNA_COUNTER_CS.SPATIAL_RNA_COUNTER.SPATIAL_POST_MATRIX_COMPUTATION.BIN_HD_DATA._BIN_HD_DATA._COMPUTE_BINNED_OUTPUTS.SPATIAL_BINNED_RNA_ANALYZER.RUN_BATCH_CORRECTION_PCA.PCA_PREP.fork_square_016um
2025-10-21 22:07:53 [runtime] (ready)           ID.F07840_2.SPATIAL_RNA_COUNTER_CS.SPATIAL_RNA_COUNTER.SPATIAL_POST_MATRIX_COMPUTATION.BIN_HD_DATA._BIN_HD_DATA._COMPUTE_BINNED_OUTPUTS.SPATIAL_BINNED_RNA_ANALYZER._ANTIGEN_ANALYZER.SUMMARIZE_ANTIBODY_ANALYSIS.fork_square_002um
2025-10-21 22:07:53 [runtime] (ready)           ID.F07840_2.SPATIAL_RNA_COUNTER_CS.SPATIAL_RNA_COUNTER.SPATIAL_POST_MATRIX_COMPUTATION.BIN_HD_DATA._BIN_HD_DATA._COMPUTE_BINNED_OUTPUTS.SPATIAL_BINNED_RNA_ANALYZER._ANTIGEN_ANALYZER.SUMMARIZE_ANTIBODY_ANALYSIS.fork_square_008um
2025-10-21 22:07:53 [runtime] (ready)           ID.F07840_2.SPATIAL_RNA_COUNTER_CS.SPATIAL_RNA_COUNTER.SPATIAL_POST_MATRIX_COMPUTATION.BIN_HD_DATA._BIN_HD_DATA._COMPUTE_BINNED_OUTPUTS.SPATIAL_BINNED_RNA_ANALYZER._ANTIGEN_ANALYZER.SUMMARIZE_ANTIBODY_ANALYSIS.fork_square_016um
2025-10-21 22:07:53 [runtime] (ready)           ID.F07840_2.SPATIAL_RNA_COUNTER_CS.SPATIAL_RNA_COUNTER.SPATIAL_POST_MATRIX_COMPUTATION.BIN_HD_DATA._BIN_HD_DATA._COMPUTE_BINNED_OUTPUTS.SPATIAL_BINNED_RNA_ANALYZER._ANTIBODY_ANALYZER.CALL_ANTIBODIES.fork_square_002um
2025-10-21 22:07:53 [runtime] (ready)           ID.F07840_2.SPATIAL_RNA_COUNTER_CS.SPATIAL_RNA_COUNTER.SPATIAL_POST_MATRIX_COMPUTATION.BIN_HD_DATA._BIN_HD_DATA._COMPUTE_BINNED_OUTPUTS.SPATIAL_BINNED_RNA_ANALYZER._ANTIBODY_ANALYZER.CALL_ANTIBODIES.fork_square_008um
2025-10-21 22:07:53 [runtime] (ready)           ID.F07840_2.SPATIAL_RNA_COUNTER_CS.SPATIAL_RNA_COUNTER.SPATIAL_POST_MATRIX_COMPUTATION.BIN_HD_DATA._BIN_HD_DATA._COMPUTE_BINNED_OUTPUTS.SPATIAL_BINNED_RNA_ANALYZER._ANTIBODY_ANALYZER.CALL_ANTIBODIES.fork_square_016um
2025-10-21 22:07:53 [runtime] (ready)           ID.F07840_2.SPATIAL_RNA_COUNTER_CS.SPATIAL_RNA_COUNTER.SPATIAL_POST_MATRIX_COMPUTATION.BIN_HD_DATA._BIN_HD_DATA._COMPUTE_BINNED_OUTPUTS.SPATIAL_BINNED_RNA_ANALYZER._ANTIGEN_ANALYZER.CALL_ANTIBODIES.fork_square_002um
2025-10-21 22:07:53 [runtime] (ready)           ID.F07840_2.SPATIAL_RNA_COUNTER_CS.SPATIAL_RNA_COUNTER.SPATIAL_POST_MATRIX_COMPUTATION.BIN_HD_DATA._BIN_HD_DATA._COMPUTE_BINNED_OUTPUTS.SPATIAL_BINNED_RNA_ANALYZER._ANTIGEN_ANALYZER.CALL_ANTIBODIES.fork_square_008um
2025-10-21 22:07:53 [runtime] (ready)           ID.F07840_2.SPATIAL_RNA_COUNTER_CS.SPATIAL_RNA_COUNTER.SPATIAL_POST_MATRIX_COMPUTATION.BIN_HD_DATA._BIN_HD_DATA._COMPUTE_BINNED_OUTPUTS.SPATIAL_BINNED_RNA_ANALYZER._ANTIGEN_ANALYZER.CALL_ANTIBODIES.fork_square_016um
2025-10-21 22:07:53 [runtime] (ready)           ID.F07840_2.SPATIAL_RNA_COUNTER_CS.SPATIAL_RNA_COUNTER.SPATIAL_POST_MATRIX_COMPUTATION.BIN_HD_DATA._BIN_HD_DATA._COMPUTE_BINNED_OUTPUTS.SPATIAL_BINNED_RNA_ANALYZER.RUN_BATCH_CORRECTION_PCA.RUN_PCA2.fork_square_002um
2025-10-21 22:07:53 [runtime] (ready)           ID.F07840_2.SPATIAL_RNA_COUNTER_CS.SPATIAL_RNA_COUNTER.SPATIAL_POST_MATRIX_COMPUTATION.BIN_HD_DATA._BIN_HD_DATA._COMPUTE_BINNED_OUTPUTS.SPATIAL_BINNED_RNA_ANALYZER.RUN_BATCH_CORRECTION_PCA.RUN_PCA2.fork_square_008um
2025-10-21 22:07:53 [runtime] (ready)           ID.F07840_2.SPATIAL_RNA_COUNTER_CS.SPATIAL_RNA_COUNTER.SPATIAL_POST_MATRIX_COMPUTATION.BIN_HD_DATA._BIN_HD_DATA._COMPUTE_BINNED_OUTPUTS.SPATIAL_BINNED_RNA_ANALYZER.RUN_BATCH_CORRECTION_PCA.RUN_PCA2.fork_square_016um
2025-10-21 22:07:53 [runtime] (ready)           ID.F07840_2.SPATIAL_RNA_COUNTER_CS.SPATIAL_RNA_COUNTER.SPATIAL_POST_MATRIX_COMPUTATION.BIN_HD_DATA._BIN_HD_DATA._COMPUTE_BINNED_OUTPUTS.SPATIAL_BINNED_RNA_ANALYZER.RUN_BATCH_CORRECTION_PCA.POST_PCA.fork_square_002um
2025-10-21 22:07:53 [runtime] (ready)           ID.F07840_2.SPATIAL_RNA_COUNTER_CS.SPATIAL_RNA_COUNTER.SPATIAL_POST_MATRIX_COMPUTATION.BIN_HD_DATA._BIN_HD_DATA._COMPUTE_BINNED_OUTPUTS.SPATIAL_BINNED_RNA_ANALYZER.RUN_BATCH_CORRECTION_PCA.POST_PCA.fork_square_008um
2025-10-21 22:07:53 [runtime] (ready)           ID.F07840_2.SPATIAL_RNA_COUNTER_CS.SPATIAL_RNA_COUNTER.SPATIAL_POST_MATRIX_COMPUTATION.BIN_HD_DATA._BIN_HD_DATA._COMPUTE_BINNED_OUTPUTS.SPATIAL_BINNED_RNA_ANALYZER.RUN_BATCH_CORRECTION_PCA.POST_PCA.fork_square_016um
2025-10-21 22:07:53 [runtime] (ready)           ID.F07840_2.SPATIAL_RNA_COUNTER_CS.SPATIAL_RNA_COUNTER.SPATIAL_POST_MATRIX_COMPUTATION.BIN_HD_DATA._BIN_HD_DATA._COMPUTE_BINNED_OUTPUTS.SPATIAL_BINNED_RNA_ANALYZER.CORRECT_CHEMISTRY_BATCH.fork_square_002um
2025-10-21 22:07:53 [runtime] (ready)           ID.F07840_2.SPATIAL_RNA_COUNTER_CS.SPATIAL_RNA_COUNTER.SPATIAL_POST_MATRIX_COMPUTATION.BIN_HD_DATA._BIN_HD_DATA._COMPUTE_BINNED_OUTPUTS.SPATIAL_BINNED_RNA_ANALYZER.CORRECT_CHEMISTRY_BATCH.fork_square_008um
2025-10-21 22:07:53 [runtime] (ready)           ID.F07840_2.SPATIAL_RNA_COUNTER_CS.SPATIAL_RNA_COUNTER.SPATIAL_POST_MATRIX_COMPUTATION.BIN_HD_DATA._BIN_HD_DATA._COMPUTE_BINNED_OUTPUTS.SPATIAL_BINNED_RNA_ANALYZER.CORRECT_CHEMISTRY_BATCH.fork_square_016um
2025-10-21 22:07:54 [runtime] (ready)           ID.F07840_2.SPATIAL_RNA_COUNTER_CS.SPATIAL_RNA_COUNTER.SPATIAL_POST_MATRIX_COMPUTATION.BIN_HD_DATA._BIN_HD_DATA._COMPUTE_BINNED_OUTPUTS.SPATIAL_BINNED_RNA_ANALYZER.RUN_PCA.fork_square_002um
2025-10-21 22:07:54 [runtime] (ready)           ID.F07840_2.SPATIAL_RNA_COUNTER_CS.SPATIAL_RNA_COUNTER.SPATIAL_POST_MATRIX_COMPUTATION.BIN_HD_DATA._BIN_HD_DATA._COMPUTE_BINNED_OUTPUTS.SPATIAL_BINNED_RNA_ANALYZER.RUN_PCA.fork_square_008um
2025-10-21 22:07:54 [runtime] (run:local)       ID.F07840_2.SPATIAL_RNA_COUNTER_CS.SPATIAL_RNA_COUNTER.SPATIAL_POST_MATRIX_COMPUTATION.BIN_HD_DATA._BIN_HD_DATA._COMPUTE_BINNED_OUTPUTS.SPATIAL_BINNED_RNA_ANALYZER.RUN_PCA.fork_square_008um.split
2025-10-21 22:07:54 [runtime] (ready)           ID.F07840_2.SPATIAL_RNA_COUNTER_CS.SPATIAL_RNA_COUNTER.SPATIAL_POST_MATRIX_COMPUTATION.BIN_HD_DATA._BIN_HD_DATA._COMPUTE_BINNED_OUTPUTS.SPATIAL_BINNED_RNA_ANALYZER.RUN_PCA.fork_square_016um
2025-10-21 22:07:54 [runtime] (run:local)       ID.F07840_2.SPATIAL_RNA_COUNTER_CS.SPATIAL_RNA_COUNTER.SPATIAL_POST_MATRIX_COMPUTATION.BIN_HD_DATA._BIN_HD_DATA._COMPUTE_BINNED_OUTPUTS.SPATIAL_BINNED_RNA_ANALYZER.RUN_PCA.fork_square_016um.split
2025-10-21 22:07:54 [runtime] (split_complete)  ID.F07840_2.SPATIAL_RNA_COUNTER_CS.SPATIAL_RNA_COUNTER.SPATIAL_POST_MATRIX_COMPUTATION.BIN_HD_DATA._BIN_HD_DATA._COMPUTE_BINNED_OUTPUTS.SPATIAL_BINNED_RNA_ANALYZER.RUN_PCA.fork_square_008um
2025-10-21 22:07:54 [runtime] (run:local)       ID.F07840_2.SPATIAL_RNA_COUNTER_CS.SPATIAL_RNA_COUNTER.SPATIAL_POST_MATRIX_COMPUTATION.BIN_HD_DATA._BIN_HD_DATA._COMPUTE_BINNED_OUTPUTS.SPATIAL_BINNED_RNA_ANALYZER.RUN_PCA.fork_square_008um.chnk0.main
2025-10-21 22:07:54 [runtime] (split_complete)  ID.F07840_2.SPATIAL_RNA_COUNTER_CS.SPATIAL_RNA_COUNTER.SPATIAL_POST_MATRIX_COMPUTATION.BIN_HD_DATA._BIN_HD_DATA._COMPUTE_BINNED_OUTPUTS.SPATIAL_BINNED_RNA_ANALYZER.RUN_PCA.fork_square_016um
2025-10-21 22:07:54 [runtime] (run:local)       ID.F07840_2.SPATIAL_RNA_COUNTER_CS.SPATIAL_RNA_COUNTER.SPATIAL_POST_MATRIX_COMPUTATION.BIN_HD_DATA._BIN_HD_DATA._COMPUTE_BINNED_OUTPUTS.SPATIAL_BINNED_RNA_ANALYZER.RUN_PCA.fork_square_016um.chnk0.main
2025-10-21 22:10:07 [runtime] (join_complete)   ID.F07840_2.SPATIAL_RNA_COUNTER_CS.SPATIAL_RNA_COUNTER.SPATIAL_POST_MATRIX_COMPUTATION._POST_MATRIX_COMPUTATION._CELLS_REPORTER.SUMMARIZE_BASIC_REPORTS
2025-10-21 22:10:13 [runtime] (ready)           ID.F07840_2.SPATIAL_RNA_COUNTER_CS.SPATIAL_RNA_COUNTER.SPATIAL_POST_MATRIX_COMPUTATION._POST_MATRIX_COMPUTATION.MERGE_METRICS
2025-10-21 22:10:13 [runtime] (run:local)       ID.F07840_2.SPATIAL_RNA_COUNTER_CS.SPATIAL_RNA_COUNTER.SPATIAL_POST_MATRIX_COMPUTATION._POST_MATRIX_COMPUTATION.MERGE_METRICS.fork0.chnk0.main
2025-10-21 22:10:14 [runtime] (chunks_complete) ID.F07840_2.SPATIAL_RNA_COUNTER_CS.SPATIAL_RNA_COUNTER.SPATIAL_POST_MATRIX_COMPUTATION._POST_MATRIX_COMPUTATION.MERGE_METRICS
2025-10-21 22:10:14 [runtime] (ready)           ID.F07840_2.SPATIAL_RNA_COUNTER_CS.SPATIAL_RNA_COUNTER.SPATIAL_POST_MATRIX_COMPUTATION._TARGETED_ANALYZER.CALCULATE_TARGETED_METRICS
2025-10-21 22:10:14 [runtime] (run:local)       ID.F07840_2.SPATIAL_RNA_COUNTER_CS.SPATIAL_RNA_COUNTER.SPATIAL_POST_MATRIX_COMPUTATION._TARGETED_ANALYZER.CALCULATE_TARGETED_METRICS.fork0.split
2025-10-21 22:10:14 [runtime] (ready)           ID.F07840_2.SPATIAL_RNA_COUNTER_CS.SPATIAL_RNA_COUNTER.SPATIAL_POST_MATRIX_COMPUTATION.BIN_HD_DATA._BIN_HD_DATA._COMPUTE_BINNED_OUTPUTS.COMPUTE_BIN_METRICS.fork_square_002um
2025-10-21 22:10:14 [runtime] (run:local)       ID.F07840_2.SPATIAL_RNA_COUNTER_CS.SPATIAL_RNA_COUNTER.SPATIAL_POST_MATRIX_COMPUTATION.BIN_HD_DATA._BIN_HD_DATA._COMPUTE_BINNED_OUTPUTS.COMPUTE_BIN_METRICS.fork_square_002um.split
2025-10-21 22:10:14 [runtime] (ready)           ID.F07840_2.SPATIAL_RNA_COUNTER_CS.SPATIAL_RNA_COUNTER.SPATIAL_POST_MATRIX_COMPUTATION.BIN_HD_DATA._BIN_HD_DATA._COMPUTE_BINNED_OUTPUTS.COMPUTE_BIN_METRICS.fork_square_008um
2025-10-21 22:10:14 [runtime] (run:local)       ID.F07840_2.SPATIAL_RNA_COUNTER_CS.SPATIAL_RNA_COUNTER.SPATIAL_POST_MATRIX_COMPUTATION.BIN_HD_DATA._BIN_HD_DATA._COMPUTE_BINNED_OUTPUTS.COMPUTE_BIN_METRICS.fork_square_008um.split
2025-10-21 22:10:14 [runtime] (ready)           ID.F07840_2.SPATIAL_RNA_COUNTER_CS.SPATIAL_RNA_COUNTER.SPATIAL_POST_MATRIX_COMPUTATION.BIN_HD_DATA._BIN_HD_DATA._COMPUTE_BINNED_OUTPUTS.COMPUTE_BIN_METRICS.fork_square_016um
2025-10-21 22:10:14 [runtime] (run:local)       ID.F07840_2.SPATIAL_RNA_COUNTER_CS.SPATIAL_RNA_COUNTER.SPATIAL_POST_MATRIX_COMPUTATION.BIN_HD_DATA._BIN_HD_DATA._COMPUTE_BINNED_OUTPUTS.COMPUTE_BIN_METRICS.fork_square_016um.split
2025-10-21 22:10:14 [runtime] (split_complete)  ID.F07840_2.SPATIAL_RNA_COUNTER_CS.SPATIAL_RNA_COUNTER.SPATIAL_POST_MATRIX_COMPUTATION.BIN_HD_DATA._BIN_HD_DATA._COMPUTE_BINNED_OUTPUTS.COMPUTE_BIN_METRICS.fork_square_002um
2025-10-21 22:10:14 [runtime] (run:local)       ID.F07840_2.SPATIAL_RNA_COUNTER_CS.SPATIAL_RNA_COUNTER.SPATIAL_POST_MATRIX_COMPUTATION.BIN_HD_DATA._BIN_HD_DATA._COMPUTE_BINNED_OUTPUTS.COMPUTE_BIN_METRICS.fork_square_002um.join
2025-10-21 22:10:14 [runtime] (split_complete)  ID.F07840_2.SPATIAL_RNA_COUNTER_CS.SPATIAL_RNA_COUNTER.SPATIAL_POST_MATRIX_COMPUTATION.BIN_HD_DATA._BIN_HD_DATA._COMPUTE_BINNED_OUTPUTS.COMPUTE_BIN_METRICS.fork_square_008um
2025-10-21 22:10:14 [runtime] (run:local)       ID.F07840_2.SPATIAL_RNA_COUNTER_CS.SPATIAL_RNA_COUNTER.SPATIAL_POST_MATRIX_COMPUTATION.BIN_HD_DATA._BIN_HD_DATA._COMPUTE_BINNED_OUTPUTS.COMPUTE_BIN_METRICS.fork_square_008um.join
2025-10-21 22:10:14 [runtime] (split_complete)  ID.F07840_2.SPATIAL_RNA_COUNTER_CS.SPATIAL_RNA_COUNTER.SPATIAL_POST_MATRIX_COMPUTATION.BIN_HD_DATA._BIN_HD_DATA._COMPUTE_BINNED_OUTPUTS.COMPUTE_BIN_METRICS.fork_square_016um
2025-10-21 22:10:14 [runtime] (run:local)       ID.F07840_2.SPATIAL_RNA_COUNTER_CS.SPATIAL_RNA_COUNTER.SPATIAL_POST_MATRIX_COMPUTATION.BIN_HD_DATA._BIN_HD_DATA._COMPUTE_BINNED_OUTPUTS.COMPUTE_BIN_METRICS.fork_square_016um.join
2025-10-21 22:10:19 [runtime] (split_complete)  ID.F07840_2.SPATIAL_RNA_COUNTER_CS.SPATIAL_RNA_COUNTER.SPATIAL_POST_MATRIX_COMPUTATION._TARGETED_ANALYZER.CALCULATE_TARGETED_METRICS
2025-10-21 22:10:19 [runtime] (run:local)       ID.F07840_2.SPATIAL_RNA_COUNTER_CS.SPATIAL_RNA_COUNTER.SPATIAL_POST_MATRIX_COMPUTATION._TARGETED_ANALYZER.CALCULATE_TARGETED_METRICS.fork0.join
2025-10-21 22:10:22 [runtime] (join_complete)   ID.F07840_2.SPATIAL_RNA_COUNTER_CS.SPATIAL_RNA_COUNTER.SPATIAL_POST_MATRIX_COMPUTATION.BIN_HD_DATA._BIN_HD_DATA._COMPUTE_BINNED_OUTPUTS.COMPUTE_BIN_METRICS.fork_square_016um
2025-10-21 22:10:23 [runtime] (join_complete)   ID.F07840_2.SPATIAL_RNA_COUNTER_CS.SPATIAL_RNA_COUNTER.SPATIAL_POST_MATRIX_COMPUTATION.BIN_HD_DATA._BIN_HD_DATA._COMPUTE_BINNED_OUTPUTS.COMPUTE_BIN_METRICS.fork_square_008um
2025-10-21 22:10:23 [runtime] (complete)        ID.F07840_2.SPATIAL_RNA_COUNTER_CS.SPATIAL_RNA_COUNTER.SPATIAL_POST_MATRIX_COMPUTATION.BIN_HD_DATA._BIN_HD_DATA._COMPUTE_BINNED_OUTPUTS.COMPUTE_BIN_METRICS.fork_square_016um
2025-10-21 22:10:26 [runtime] (complete)        ID.F07840_2.SPATIAL_RNA_COUNTER_CS.SPATIAL_RNA_COUNTER.SPATIAL_POST_MATRIX_COMPUTATION.BIN_HD_DATA._BIN_HD_DATA._COMPUTE_BINNED_OUTPUTS.COMPUTE_BIN_METRICS.fork_square_008um
2025-10-21 22:10:26 [runtime] (complete)        ID.F07840_2.SPATIAL_RNA_COUNTER_CS.SPATIAL_RNA_COUNTER.SPATIAL_POST_MATRIX_COMPUTATION.BIN_HD_DATA._BIN_HD_DATA._COMPUTE_BINNED_OUTPUTS.COMPUTE_BIN_METRICS.fork_square_016um
2025-10-21 22:10:28 [runtime] (join_complete)   ID.F07840_2.SPATIAL_RNA_COUNTER_CS.SPATIAL_RNA_COUNTER.SPATIAL_POST_MATRIX_COMPUTATION.BIN_HD_DATA._BIN_HD_DATA._COMPUTE_BINNED_OUTPUTS.COMPUTE_BIN_METRICS.fork_square_002um
2025-10-21 22:10:28 [runtime] (complete)        ID.F07840_2.SPATIAL_RNA_COUNTER_CS.SPATIAL_RNA_COUNTER.SPATIAL_POST_MATRIX_COMPUTATION.BIN_HD_DATA._BIN_HD_DATA._COMPUTE_BINNED_OUTPUTS.COMPUTE_BIN_METRICS.fork_square_008um
2025-10-21 22:10:28 [runtime] (complete)        ID.F07840_2.SPATIAL_RNA_COUNTER_CS.SPATIAL_RNA_COUNTER.SPATIAL_POST_MATRIX_COMPUTATION.BIN_HD_DATA._BIN_HD_DATA._COMPUTE_BINNED_OUTPUTS.COMPUTE_BIN_METRICS.fork_square_016um
2025-10-21 22:10:28 [runtime] (ready)           ID.F07840_2.SPATIAL_RNA_COUNTER_CS.SPATIAL_RNA_COUNTER.SPATIAL_POST_MATRIX_COMPUTATION.BIN_HD_DATA._BIN_HD_DATA.MERGE_BIN_METRICS
2025-10-21 22:10:28 [runtime] (run:local)       ID.F07840_2.SPATIAL_RNA_COUNTER_CS.SPATIAL_RNA_COUNTER.SPATIAL_POST_MATRIX_COMPUTATION.BIN_HD_DATA._BIN_HD_DATA.MERGE_BIN_METRICS.fork0.chnk0.main
2025-10-21 22:10:28 [runtime] (chunks_complete) ID.F07840_2.SPATIAL_RNA_COUNTER_CS.SPATIAL_RNA_COUNTER.SPATIAL_POST_MATRIX_COMPUTATION.BIN_HD_DATA._BIN_HD_DATA.MERGE_BIN_METRICS
2025-10-21 22:10:41 [runtime] (chunks_complete) ID.F07840_2.SPATIAL_RNA_COUNTER_CS.SPATIAL_RNA_COUNTER.SPATIAL_POST_MATRIX_COMPUTATION.BIN_HD_DATA._BIN_HD_DATA._COMPUTE_BINNED_OUTPUTS.SPATIAL_BINNED_RNA_ANALYZER.RUN_PCA.fork_square_016um
2025-10-21 22:10:41 [runtime] (run:local)       ID.F07840_2.SPATIAL_RNA_COUNTER_CS.SPATIAL_RNA_COUNTER.SPATIAL_POST_MATRIX_COMPUTATION.BIN_HD_DATA._BIN_HD_DATA._COMPUTE_BINNED_OUTPUTS.SPATIAL_BINNED_RNA_ANALYZER.RUN_PCA.fork_square_016um.join
2025-10-21 22:10:42 [runtime] (join_complete)   ID.F07840_2.SPATIAL_RNA_COUNTER_CS.SPATIAL_RNA_COUNTER.SPATIAL_POST_MATRIX_COMPUTATION.BIN_HD_DATA._BIN_HD_DATA._COMPUTE_BINNED_OUTPUTS.SPATIAL_BINNED_RNA_ANALYZER.RUN_PCA.fork_square_016um
2025-10-21 22:10:45 [runtime] (complete)        ID.F07840_2.SPATIAL_RNA_COUNTER_CS.SPATIAL_RNA_COUNTER.SPATIAL_POST_MATRIX_COMPUTATION.BIN_HD_DATA._BIN_HD_DATA._COMPUTE_BINNED_OUTPUTS.SPATIAL_BINNED_RNA_ANALYZER.RUN_PCA.fork_square_016um
2025-10-21 22:10:48 [runtime] (complete)        ID.F07840_2.SPATIAL_RNA_COUNTER_CS.SPATIAL_RNA_COUNTER.SPATIAL_POST_MATRIX_COMPUTATION.BIN_HD_DATA._BIN_HD_DATA._COMPUTE_BINNED_OUTPUTS.SPATIAL_BINNED_RNA_ANALYZER.RUN_PCA.fork_square_016um
2025-10-21 22:10:51 [runtime] (complete)        ID.F07840_2.SPATIAL_RNA_COUNTER_CS.SPATIAL_RNA_COUNTER.SPATIAL_POST_MATRIX_COMPUTATION.BIN_HD_DATA._BIN_HD_DATA._COMPUTE_BINNED_OUTPUTS.SPATIAL_BINNED_RNA_ANALYZER.RUN_PCA.fork_square_016um
2025-10-21 22:10:54 [runtime] (complete)        ID.F07840_2.SPATIAL_RNA_COUNTER_CS.SPATIAL_RNA_COUNTER.SPATIAL_POST_MATRIX_COMPUTATION.BIN_HD_DATA._BIN_HD_DATA._COMPUTE_BINNED_OUTPUTS.SPATIAL_BINNED_RNA_ANALYZER.RUN_PCA.fork_square_016um
2025-10-21 22:10:57 [runtime] (complete)        ID.F07840_2.SPATIAL_RNA_COUNTER_CS.SPATIAL_RNA_COUNTER.SPATIAL_POST_MATRIX_COMPUTATION.BIN_HD_DATA._BIN_HD_DATA._COMPUTE_BINNED_OUTPUTS.SPATIAL_BINNED_RNA_ANALYZER.RUN_PCA.fork_square_016um
2025-10-21 22:11:00 [runtime] (complete)        ID.F07840_2.SPATIAL_RNA_COUNTER_CS.SPATIAL_RNA_COUNTER.SPATIAL_POST_MATRIX_COMPUTATION.BIN_HD_DATA._BIN_HD_DATA._COMPUTE_BINNED_OUTPUTS.SPATIAL_BINNED_RNA_ANALYZER.RUN_PCA.fork_square_016um
2025-10-21 22:11:03 [runtime] (complete)        ID.F07840_2.SPATIAL_RNA_COUNTER_CS.SPATIAL_RNA_COUNTER.SPATIAL_POST_MATRIX_COMPUTATION.BIN_HD_DATA._BIN_HD_DATA._COMPUTE_BINNED_OUTPUTS.SPATIAL_BINNED_RNA_ANALYZER.RUN_PCA.fork_square_016um
2025-10-21 22:11:06 [runtime] (complete)        ID.F07840_2.SPATIAL_RNA_COUNTER_CS.SPATIAL_RNA_COUNTER.SPATIAL_POST_MATRIX_COMPUTATION.BIN_HD_DATA._BIN_HD_DATA._COMPUTE_BINNED_OUTPUTS.SPATIAL_BINNED_RNA_ANALYZER.RUN_PCA.fork_square_016um
2025-10-21 22:11:09 [runtime] (complete)        ID.F07840_2.SPATIAL_RNA_COUNTER_CS.SPATIAL_RNA_COUNTER.SPATIAL_POST_MATRIX_COMPUTATION.BIN_HD_DATA._BIN_HD_DATA._COMPUTE_BINNED_OUTPUTS.SPATIAL_BINNED_RNA_ANALYZER.RUN_PCA.fork_square_016um
2025-10-21 22:11:12 [runtime] (complete)        ID.F07840_2.SPATIAL_RNA_COUNTER_CS.SPATIAL_RNA_COUNTER.SPATIAL_POST_MATRIX_COMPUTATION.BIN_HD_DATA._BIN_HD_DATA._COMPUTE_BINNED_OUTPUTS.SPATIAL_BINNED_RNA_ANALYZER.RUN_PCA.fork_square_016um
2025-10-21 22:11:15 [runtime] (complete)        ID.F07840_2.SPATIAL_RNA_COUNTER_CS.SPATIAL_RNA_COUNTER.SPATIAL_POST_MATRIX_COMPUTATION.BIN_HD_DATA._BIN_HD_DATA._COMPUTE_BINNED_OUTPUTS.SPATIAL_BINNED_RNA_ANALYZER.RUN_PCA.fork_square_016um
2025-10-21 22:11:18 [runtime] (complete)        ID.F07840_2.SPATIAL_RNA_COUNTER_CS.SPATIAL_RNA_COUNTER.SPATIAL_POST_MATRIX_COMPUTATION.BIN_HD_DATA._BIN_HD_DATA._COMPUTE_BINNED_OUTPUTS.SPATIAL_BINNED_RNA_ANALYZER.RUN_PCA.fork_square_016um
2025-10-21 22:11:21 [runtime] (complete)        ID.F07840_2.SPATIAL_RNA_COUNTER_CS.SPATIAL_RNA_COUNTER.SPATIAL_POST_MATRIX_COMPUTATION.BIN_HD_DATA._BIN_HD_DATA._COMPUTE_BINNED_OUTPUTS.SPATIAL_BINNED_RNA_ANALYZER.RUN_PCA.fork_square_016um
2025-10-21 22:11:24 [runtime] (complete)        ID.F07840_2.SPATIAL_RNA_COUNTER_CS.SPATIAL_RNA_COUNTER.SPATIAL_POST_MATRIX_COMPUTATION.BIN_HD_DATA._BIN_HD_DATA._COMPUTE_BINNED_OUTPUTS.SPATIAL_BINNED_RNA_ANALYZER.RUN_PCA.fork_square_016um
2025-10-21 22:11:27 [runtime] (complete)        ID.F07840_2.SPATIAL_RNA_COUNTER_CS.SPATIAL_RNA_COUNTER.SPATIAL_POST_MATRIX_COMPUTATION.BIN_HD_DATA._BIN_HD_DATA._COMPUTE_BINNED_OUTPUTS.SPATIAL_BINNED_RNA_ANALYZER.RUN_PCA.fork_square_016um
2025-10-21 22:11:30 [runtime] (complete)        ID.F07840_2.SPATIAL_RNA_COUNTER_CS.SPATIAL_RNA_COUNTER.SPATIAL_POST_MATRIX_COMPUTATION.BIN_HD_DATA._BIN_HD_DATA._COMPUTE_BINNED_OUTPUTS.SPATIAL_BINNED_RNA_ANALYZER.RUN_PCA.fork_square_016um
2025-10-21 22:11:33 [runtime] (complete)        ID.F07840_2.SPATIAL_RNA_COUNTER_CS.SPATIAL_RNA_COUNTER.SPATIAL_POST_MATRIX_COMPUTATION.BIN_HD_DATA._BIN_HD_DATA._COMPUTE_BINNED_OUTPUTS.SPATIAL_BINNED_RNA_ANALYZER.RUN_PCA.fork_square_016um
2025-10-21 22:11:36 [runtime] (complete)        ID.F07840_2.SPATIAL_RNA_COUNTER_CS.SPATIAL_RNA_COUNTER.SPATIAL_POST_MATRIX_COMPUTATION.BIN_HD_DATA._BIN_HD_DATA._COMPUTE_BINNED_OUTPUTS.SPATIAL_BINNED_RNA_ANALYZER.RUN_PCA.fork_square_016um
2025-10-21 22:11:39 [runtime] (complete)        ID.F07840_2.SPATIAL_RNA_COUNTER_CS.SPATIAL_RNA_COUNTER.SPATIAL_POST_MATRIX_COMPUTATION.BIN_HD_DATA._BIN_HD_DATA._COMPUTE_BINNED_OUTPUTS.SPATIAL_BINNED_RNA_ANALYZER.RUN_PCA.fork_square_016um
2025-10-21 22:11:42 [runtime] (complete)        ID.F07840_2.SPATIAL_RNA_COUNTER_CS.SPATIAL_RNA_COUNTER.SPATIAL_POST_MATRIX_COMPUTATION.BIN_HD_DATA._BIN_HD_DATA._COMPUTE_BINNED_OUTPUTS.SPATIAL_BINNED_RNA_ANALYZER.RUN_PCA.fork_square_016um
2025-10-21 22:11:45 [runtime] (complete)        ID.F07840_2.SPATIAL_RNA_COUNTER_CS.SPATIAL_RNA_COUNTER.SPATIAL_POST_MATRIX_COMPUTATION.BIN_HD_DATA._BIN_HD_DATA._COMPUTE_BINNED_OUTPUTS.SPATIAL_BINNED_RNA_ANALYZER.RUN_PCA.fork_square_016um
2025-10-21 22:11:48 [runtime] (complete)        ID.F07840_2.SPATIAL_RNA_COUNTER_CS.SPATIAL_RNA_COUNTER.SPATIAL_POST_MATRIX_COMPUTATION.BIN_HD_DATA._BIN_HD_DATA._COMPUTE_BINNED_OUTPUTS.SPATIAL_BINNED_RNA_ANALYZER.RUN_PCA.fork_square_016um
2025-10-21 22:11:51 [runtime] (complete)        ID.F07840_2.SPATIAL_RNA_COUNTER_CS.SPATIAL_RNA_COUNTER.SPATIAL_POST_MATRIX_COMPUTATION.BIN_HD_DATA._BIN_HD_DATA._COMPUTE_BINNED_OUTPUTS.SPATIAL_BINNED_RNA_ANALYZER.RUN_PCA.fork_square_016um
2025-10-21 22:11:54 [runtime] (complete)        ID.F07840_2.SPATIAL_RNA_COUNTER_CS.SPATIAL_RNA_COUNTER.SPATIAL_POST_MATRIX_COMPUTATION.BIN_HD_DATA._BIN_HD_DATA._COMPUTE_BINNED_OUTPUTS.SPATIAL_BINNED_RNA_ANALYZER.RUN_PCA.fork_square_016um
2025-10-21 22:11:57 [runtime] (complete)        ID.F07840_2.SPATIAL_RNA_COUNTER_CS.SPATIAL_RNA_COUNTER.SPATIAL_POST_MATRIX_COMPUTATION.BIN_HD_DATA._BIN_HD_DATA._COMPUTE_BINNED_OUTPUTS.SPATIAL_BINNED_RNA_ANALYZER.RUN_PCA.fork_square_016um
2025-10-21 22:12:00 [runtime] (complete)        ID.F07840_2.SPATIAL_RNA_COUNTER_CS.SPATIAL_RNA_COUNTER.SPATIAL_POST_MATRIX_COMPUTATION.BIN_HD_DATA._BIN_HD_DATA._COMPUTE_BINNED_OUTPUTS.SPATIAL_BINNED_RNA_ANALYZER.RUN_PCA.fork_square_016um
2025-10-21 22:12:03 [runtime] (complete)        ID.F07840_2.SPATIAL_RNA_COUNTER_CS.SPATIAL_RNA_COUNTER.SPATIAL_POST_MATRIX_COMPUTATION.BIN_HD_DATA._BIN_HD_DATA._COMPUTE_BINNED_OUTPUTS.SPATIAL_BINNED_RNA_ANALYZER.RUN_PCA.fork_square_016um
2025-10-21 22:12:07 [runtime] (complete)        ID.F07840_2.SPATIAL_RNA_COUNTER_CS.SPATIAL_RNA_COUNTER.SPATIAL_POST_MATRIX_COMPUTATION.BIN_HD_DATA._BIN_HD_DATA._COMPUTE_BINNED_OUTPUTS.SPATIAL_BINNED_RNA_ANALYZER.RUN_PCA.fork_square_016um
2025-10-21 22:12:10 [runtime] (complete)        ID.F07840_2.SPATIAL_RNA_COUNTER_CS.SPATIAL_RNA_COUNTER.SPATIAL_POST_MATRIX_COMPUTATION.BIN_HD_DATA._BIN_HD_DATA._COMPUTE_BINNED_OUTPUTS.SPATIAL_BINNED_RNA_ANALYZER.RUN_PCA.fork_square_016um
2025-10-21 22:12:13 [runtime] (complete)        ID.F07840_2.SPATIAL_RNA_COUNTER_CS.SPATIAL_RNA_COUNTER.SPATIAL_POST_MATRIX_COMPUTATION.BIN_HD_DATA._BIN_HD_DATA._COMPUTE_BINNED_OUTPUTS.SPATIAL_BINNED_RNA_ANALYZER.RUN_PCA.fork_square_016um
2025-10-21 22:12:16 [runtime] (complete)        ID.F07840_2.SPATIAL_RNA_COUNTER_CS.SPATIAL_RNA_COUNTER.SPATIAL_POST_MATRIX_COMPUTATION.BIN_HD_DATA._BIN_HD_DATA._COMPUTE_BINNED_OUTPUTS.SPATIAL_BINNED_RNA_ANALYZER.RUN_PCA.fork_square_016um
2025-10-21 22:12:19 [runtime] (complete)        ID.F07840_2.SPATIAL_RNA_COUNTER_CS.SPATIAL_RNA_COUNTER.SPATIAL_POST_MATRIX_COMPUTATION.BIN_HD_DATA._BIN_HD_DATA._COMPUTE_BINNED_OUTPUTS.SPATIAL_BINNED_RNA_ANALYZER.RUN_PCA.fork_square_016um
2025-10-21 22:12:22 [runtime] (complete)        ID.F07840_2.SPATIAL_RNA_COUNTER_CS.SPATIAL_RNA_COUNTER.SPATIAL_POST_MATRIX_COMPUTATION.BIN_HD_DATA._BIN_HD_DATA._COMPUTE_BINNED_OUTPUTS.SPATIAL_BINNED_RNA_ANALYZER.RUN_PCA.fork_square_016um
2025-10-21 22:12:25 [runtime] (complete)        ID.F07840_2.SPATIAL_RNA_COUNTER_CS.SPATIAL_RNA_COUNTER.SPATIAL_POST_MATRIX_COMPUTATION.BIN_HD_DATA._BIN_HD_DATA._COMPUTE_BINNED_OUTPUTS.SPATIAL_BINNED_RNA_ANALYZER.RUN_PCA.fork_square_016um
2025-10-21 22:12:28 [runtime] (complete)        ID.F07840_2.SPATIAL_RNA_COUNTER_CS.SPATIAL_RNA_COUNTER.SPATIAL_POST_MATRIX_COMPUTATION.BIN_HD_DATA._BIN_HD_DATA._COMPUTE_BINNED_OUTPUTS.SPATIAL_BINNED_RNA_ANALYZER.RUN_PCA.fork_square_016um
2025-10-21 22:12:31 [runtime] (complete)        ID.F07840_2.SPATIAL_RNA_COUNTER_CS.SPATIAL_RNA_COUNTER.SPATIAL_POST_MATRIX_COMPUTATION.BIN_HD_DATA._BIN_HD_DATA._COMPUTE_BINNED_OUTPUTS.SPATIAL_BINNED_RNA_ANALYZER.RUN_PCA.fork_square_016um
2025-10-21 22:12:34 [runtime] (complete)        ID.F07840_2.SPATIAL_RNA_COUNTER_CS.SPATIAL_RNA_COUNTER.SPATIAL_POST_MATRIX_COMPUTATION.BIN_HD_DATA._BIN_HD_DATA._COMPUTE_BINNED_OUTPUTS.SPATIAL_BINNED_RNA_ANALYZER.RUN_PCA.fork_square_016um
2025-10-21 22:12:37 [runtime] (complete)        ID.F07840_2.SPATIAL_RNA_COUNTER_CS.SPATIAL_RNA_COUNTER.SPATIAL_POST_MATRIX_COMPUTATION.BIN_HD_DATA._BIN_HD_DATA._COMPUTE_BINNED_OUTPUTS.SPATIAL_BINNED_RNA_ANALYZER.RUN_PCA.fork_square_016um
2025-10-21 22:12:40 [runtime] (complete)        ID.F07840_2.SPATIAL_RNA_COUNTER_CS.SPATIAL_RNA_COUNTER.SPATIAL_POST_MATRIX_COMPUTATION.BIN_HD_DATA._BIN_HD_DATA._COMPUTE_BINNED_OUTPUTS.SPATIAL_BINNED_RNA_ANALYZER.RUN_PCA.fork_square_016um
2025-10-21 22:12:43 [runtime] (complete)        ID.F07840_2.SPATIAL_RNA_COUNTER_CS.SPATIAL_RNA_COUNTER.SPATIAL_POST_MATRIX_COMPUTATION.BIN_HD_DATA._BIN_HD_DATA._COMPUTE_BINNED_OUTPUTS.SPATIAL_BINNED_RNA_ANALYZER.RUN_PCA.fork_square_016um
2025-10-21 22:12:46 [runtime] (complete)        ID.F07840_2.SPATIAL_RNA_COUNTER_CS.SPATIAL_RNA_COUNTER.SPATIAL_POST_MATRIX_COMPUTATION.BIN_HD_DATA._BIN_HD_DATA._COMPUTE_BINNED_OUTPUTS.SPATIAL_BINNED_RNA_ANALYZER.RUN_PCA.fork_square_016um
2025-10-21 22:12:49 [runtime] (complete)        ID.F07840_2.SPATIAL_RNA_COUNTER_CS.SPATIAL_RNA_COUNTER.SPATIAL_POST_MATRIX_COMPUTATION.BIN_HD_DATA._BIN_HD_DATA._COMPUTE_BINNED_OUTPUTS.SPATIAL_BINNED_RNA_ANALYZER.RUN_PCA.fork_square_016um
2025-10-21 22:12:52 [runtime] (complete)        ID.F07840_2.SPATIAL_RNA_COUNTER_CS.SPATIAL_RNA_COUNTER.SPATIAL_POST_MATRIX_COMPUTATION.BIN_HD_DATA._BIN_HD_DATA._COMPUTE_BINNED_OUTPUTS.SPATIAL_BINNED_RNA_ANALYZER.RUN_PCA.fork_square_016um
2025-10-21 22:12:55 [runtime] (complete)        ID.F07840_2.SPATIAL_RNA_COUNTER_CS.SPATIAL_RNA_COUNTER.SPATIAL_POST_MATRIX_COMPUTATION.BIN_HD_DATA._BIN_HD_DATA._COMPUTE_BINNED_OUTPUTS.SPATIAL_BINNED_RNA_ANALYZER.RUN_PCA.fork_square_016um
2025-10-21 22:12:58 [runtime] (complete)        ID.F07840_2.SPATIAL_RNA_COUNTER_CS.SPATIAL_RNA_COUNTER.SPATIAL_POST_MATRIX_COMPUTATION.BIN_HD_DATA._BIN_HD_DATA._COMPUTE_BINNED_OUTPUTS.SPATIAL_BINNED_RNA_ANALYZER.RUN_PCA.fork_square_016um
2025-10-21 22:13:01 [runtime] (complete)        ID.F07840_2.SPATIAL_RNA_COUNTER_CS.SPATIAL_RNA_COUNTER.SPATIAL_POST_MATRIX_COMPUTATION.BIN_HD_DATA._BIN_HD_DATA._COMPUTE_BINNED_OUTPUTS.SPATIAL_BINNED_RNA_ANALYZER.RUN_PCA.fork_square_016um
2025-10-21 22:13:04 [runtime] (complete)        ID.F07840_2.SPATIAL_RNA_COUNTER_CS.SPATIAL_RNA_COUNTER.SPATIAL_POST_MATRIX_COMPUTATION.BIN_HD_DATA._BIN_HD_DATA._COMPUTE_BINNED_OUTPUTS.SPATIAL_BINNED_RNA_ANALYZER.RUN_PCA.fork_square_016um
2025-10-21 22:13:04 [runtime] (chunks_complete) ID.F07840_2.SPATIAL_RNA_COUNTER_CS.SPATIAL_RNA_COUNTER.SPATIAL_POST_MATRIX_COMPUTATION.BIN_HD_DATA._BIN_HD_DATA._COMPUTE_BINNED_OUTPUTS.SPATIAL_BINNED_RNA_ANALYZER.RUN_PCA.fork_square_008um
2025-10-21 22:13:04 [runtime] (run:local)       ID.F07840_2.SPATIAL_RNA_COUNTER_CS.SPATIAL_RNA_COUNTER.SPATIAL_POST_MATRIX_COMPUTATION.BIN_HD_DATA._BIN_HD_DATA._COMPUTE_BINNED_OUTPUTS.SPATIAL_BINNED_RNA_ANALYZER.RUN_PCA.fork_square_008um.join
2025-10-21 22:13:04 [runtime] (complete)        ID.F07840_2.SPATIAL_RNA_COUNTER_CS.SPATIAL_RNA_COUNTER.SPATIAL_POST_MATRIX_COMPUTATION.BIN_HD_DATA._BIN_HD_DATA._COMPUTE_BINNED_OUTPUTS.SPATIAL_BINNED_RNA_ANALYZER.RUN_PCA.fork_square_016um
2025-10-21 22:13:08 [runtime] (complete)        ID.F07840_2.SPATIAL_RNA_COUNTER_CS.SPATIAL_RNA_COUNTER.SPATIAL_POST_MATRIX_COMPUTATION.BIN_HD_DATA._BIN_HD_DATA._COMPUTE_BINNED_OUTPUTS.SPATIAL_BINNED_RNA_ANALYZER.RUN_PCA.fork_square_016um
2025-10-21 22:13:08 [runtime] (join_complete)   ID.F07840_2.SPATIAL_RNA_COUNTER_CS.SPATIAL_RNA_COUNTER.SPATIAL_POST_MATRIX_COMPUTATION.BIN_HD_DATA._BIN_HD_DATA._COMPUTE_BINNED_OUTPUTS.SPATIAL_BINNED_RNA_ANALYZER.RUN_PCA.fork_square_008um
2025-10-21 22:13:08 [runtime] (complete)        ID.F07840_2.SPATIAL_RNA_COUNTER_CS.SPATIAL_RNA_COUNTER.SPATIAL_POST_MATRIX_COMPUTATION.BIN_HD_DATA._BIN_HD_DATA._COMPUTE_BINNED_OUTPUTS.SPATIAL_BINNED_RNA_ANALYZER.RUN_PCA.fork_square_016um
2025-10-21 22:13:08 [runtime] (ready)           ID.F07840_2.SPATIAL_RNA_COUNTER_CS.SPATIAL_RNA_COUNTER.SPATIAL_POST_MATRIX_COMPUTATION.BIN_HD_DATA._BIN_HD_DATA._COMPUTE_BINNED_OUTPUTS.SPATIAL_BINNED_RNA_ANALYZER.RUN_TSNE.fork_square_002um
2025-10-21 22:13:08 [runtime] (ready)           ID.F07840_2.SPATIAL_RNA_COUNTER_CS.SPATIAL_RNA_COUNTER.SPATIAL_POST_MATRIX_COMPUTATION.BIN_HD_DATA._BIN_HD_DATA._COMPUTE_BINNED_OUTPUTS.SPATIAL_BINNED_RNA_ANALYZER.RUN_TSNE.fork_square_008um
2025-10-21 22:13:08 [runtime] (ready)           ID.F07840_2.SPATIAL_RNA_COUNTER_CS.SPATIAL_RNA_COUNTER.SPATIAL_POST_MATRIX_COMPUTATION.BIN_HD_DATA._BIN_HD_DATA._COMPUTE_BINNED_OUTPUTS.SPATIAL_BINNED_RNA_ANALYZER.RUN_TSNE.fork_square_016um
2025-10-21 22:13:08 [runtime] (ready)           ID.F07840_2.SPATIAL_RNA_COUNTER_CS.SPATIAL_RNA_COUNTER.SPATIAL_POST_MATRIX_COMPUTATION.BIN_HD_DATA._BIN_HD_DATA._COMPUTE_BINNED_OUTPUTS.SPATIAL_BINNED_RNA_ANALYZER.RUN_UMAP.fork_square_002um
2025-10-21 22:13:08 [runtime] (ready)           ID.F07840_2.SPATIAL_RNA_COUNTER_CS.SPATIAL_RNA_COUNTER.SPATIAL_POST_MATRIX_COMPUTATION.BIN_HD_DATA._BIN_HD_DATA._COMPUTE_BINNED_OUTPUTS.SPATIAL_BINNED_RNA_ANALYZER.RUN_UMAP.fork_square_008um
2025-10-21 22:13:08 [runtime] (run:local)       ID.F07840_2.SPATIAL_RNA_COUNTER_CS.SPATIAL_RNA_COUNTER.SPATIAL_POST_MATRIX_COMPUTATION.BIN_HD_DATA._BIN_HD_DATA._COMPUTE_BINNED_OUTPUTS.SPATIAL_BINNED_RNA_ANALYZER.RUN_UMAP.fork_square_008um.split
2025-10-21 22:13:08 [runtime] (ready)           ID.F07840_2.SPATIAL_RNA_COUNTER_CS.SPATIAL_RNA_COUNTER.SPATIAL_POST_MATRIX_COMPUTATION.BIN_HD_DATA._BIN_HD_DATA._COMPUTE_BINNED_OUTPUTS.SPATIAL_BINNED_RNA_ANALYZER.RUN_UMAP.fork_square_016um
2025-10-21 22:13:08 [runtime] (run:local)       ID.F07840_2.SPATIAL_RNA_COUNTER_CS.SPATIAL_RNA_COUNTER.SPATIAL_POST_MATRIX_COMPUTATION.BIN_HD_DATA._BIN_HD_DATA._COMPUTE_BINNED_OUTPUTS.SPATIAL_BINNED_RNA_ANALYZER.RUN_UMAP.fork_square_016um.split
2025-10-21 22:13:08 [runtime] (ready)           ID.F07840_2.SPATIAL_RNA_COUNTER_CS.SPATIAL_RNA_COUNTER.SPATIAL_POST_MATRIX_COMPUTATION.BIN_HD_DATA._BIN_HD_DATA._COMPUTE_BINNED_OUTPUTS.SPATIAL_BINNED_RNA_ANALYZER.RUN_KMEANS.fork_square_002um
2025-10-21 22:13:08 [runtime] (ready)           ID.F07840_2.SPATIAL_RNA_COUNTER_CS.SPATIAL_RNA_COUNTER.SPATIAL_POST_MATRIX_COMPUTATION.BIN_HD_DATA._BIN_HD_DATA._COMPUTE_BINNED_OUTPUTS.SPATIAL_BINNED_RNA_ANALYZER.RUN_KMEANS.fork_square_008um
2025-10-21 22:13:08 [runtime] (run:local)       ID.F07840_2.SPATIAL_RNA_COUNTER_CS.SPATIAL_RNA_COUNTER.SPATIAL_POST_MATRIX_COMPUTATION.BIN_HD_DATA._BIN_HD_DATA._COMPUTE_BINNED_OUTPUTS.SPATIAL_BINNED_RNA_ANALYZER.RUN_KMEANS.fork_square_008um.split
2025-10-21 22:13:08 [runtime] (ready)           ID.F07840_2.SPATIAL_RNA_COUNTER_CS.SPATIAL_RNA_COUNTER.SPATIAL_POST_MATRIX_COMPUTATION.BIN_HD_DATA._BIN_HD_DATA._COMPUTE_BINNED_OUTPUTS.SPATIAL_BINNED_RNA_ANALYZER.RUN_KMEANS.fork_square_016um
2025-10-21 22:13:08 [runtime] (run:local)       ID.F07840_2.SPATIAL_RNA_COUNTER_CS.SPATIAL_RNA_COUNTER.SPATIAL_POST_MATRIX_COMPUTATION.BIN_HD_DATA._BIN_HD_DATA._COMPUTE_BINNED_OUTPUTS.SPATIAL_BINNED_RNA_ANALYZER.RUN_KMEANS.fork_square_016um.split
2025-10-21 22:13:08 [runtime] (ready)           ID.F07840_2.SPATIAL_RNA_COUNTER_CS.SPATIAL_RNA_COUNTER.SPATIAL_POST_MATRIX_COMPUTATION.BIN_HD_DATA._BIN_HD_DATA._COMPUTE_BINNED_OUTPUTS.SPATIAL_BINNED_RNA_ANALYZER.RUN_GRAPH_CLUSTERING.fork_square_002um
2025-10-21 22:13:08 [runtime] (ready)           ID.F07840_2.SPATIAL_RNA_COUNTER_CS.SPATIAL_RNA_COUNTER.SPATIAL_POST_MATRIX_COMPUTATION.BIN_HD_DATA._BIN_HD_DATA._COMPUTE_BINNED_OUTPUTS.SPATIAL_BINNED_RNA_ANALYZER.RUN_GRAPH_CLUSTERING.fork_square_008um
2025-10-21 22:13:08 [runtime] (run:local)       ID.F07840_2.SPATIAL_RNA_COUNTER_CS.SPATIAL_RNA_COUNTER.SPATIAL_POST_MATRIX_COMPUTATION.BIN_HD_DATA._BIN_HD_DATA._COMPUTE_BINNED_OUTPUTS.SPATIAL_BINNED_RNA_ANALYZER.RUN_GRAPH_CLUSTERING.fork_square_008um.split
2025-10-21 22:13:08 [runtime] (ready)           ID.F07840_2.SPATIAL_RNA_COUNTER_CS.SPATIAL_RNA_COUNTER.SPATIAL_POST_MATRIX_COMPUTATION.BIN_HD_DATA._BIN_HD_DATA._COMPUTE_BINNED_OUTPUTS.SPATIAL_BINNED_RNA_ANALYZER.RUN_GRAPH_CLUSTERING.fork_square_016um
2025-10-21 22:13:08 [runtime] (run:local)       ID.F07840_2.SPATIAL_RNA_COUNTER_CS.SPATIAL_RNA_COUNTER.SPATIAL_POST_MATRIX_COMPUTATION.BIN_HD_DATA._BIN_HD_DATA._COMPUTE_BINNED_OUTPUTS.SPATIAL_BINNED_RNA_ANALYZER.RUN_GRAPH_CLUSTERING.fork_square_016um.split
2025-10-21 22:13:08 [runtime] (split_complete)  ID.F07840_2.SPATIAL_RNA_COUNTER_CS.SPATIAL_RNA_COUNTER.SPATIAL_POST_MATRIX_COMPUTATION.BIN_HD_DATA._BIN_HD_DATA._COMPUTE_BINNED_OUTPUTS.SPATIAL_BINNED_RNA_ANALYZER.RUN_UMAP.fork_square_008um
2025-10-21 22:13:08 [runtime] (run:local)       ID.F07840_2.SPATIAL_RNA_COUNTER_CS.SPATIAL_RNA_COUNTER.SPATIAL_POST_MATRIX_COMPUTATION.BIN_HD_DATA._BIN_HD_DATA._COMPUTE_BINNED_OUTPUTS.SPATIAL_BINNED_RNA_ANALYZER.RUN_UMAP.fork_square_008um.chnk0.main
2025-10-21 22:13:08 [runtime] (split_complete)  ID.F07840_2.SPATIAL_RNA_COUNTER_CS.SPATIAL_RNA_COUNTER.SPATIAL_POST_MATRIX_COMPUTATION.BIN_HD_DATA._BIN_HD_DATA._COMPUTE_BINNED_OUTPUTS.SPATIAL_BINNED_RNA_ANALYZER.RUN_UMAP.fork_square_016um
2025-10-21 22:13:08 [runtime] (run:local)       ID.F07840_2.SPATIAL_RNA_COUNTER_CS.SPATIAL_RNA_COUNTER.SPATIAL_POST_MATRIX_COMPUTATION.BIN_HD_DATA._BIN_HD_DATA._COMPUTE_BINNED_OUTPUTS.SPATIAL_BINNED_RNA_ANALYZER.RUN_UMAP.fork_square_016um.chnk0.main
2025-10-21 22:13:08 [runtime] (split_complete)  ID.F07840_2.SPATIAL_RNA_COUNTER_CS.SPATIAL_RNA_COUNTER.SPATIAL_POST_MATRIX_COMPUTATION.BIN_HD_DATA._BIN_HD_DATA._COMPUTE_BINNED_OUTPUTS.SPATIAL_BINNED_RNA_ANALYZER.RUN_GRAPH_CLUSTERING.fork_square_008um
2025-10-21 22:13:08 [runtime] (run:local)       ID.F07840_2.SPATIAL_RNA_COUNTER_CS.SPATIAL_RNA_COUNTER.SPATIAL_POST_MATRIX_COMPUTATION.BIN_HD_DATA._BIN_HD_DATA._COMPUTE_BINNED_OUTPUTS.SPATIAL_BINNED_RNA_ANALYZER.RUN_GRAPH_CLUSTERING.fork_square_008um.chnk0.main
2025-10-21 22:13:08 [runtime] (split_complete)  ID.F07840_2.SPATIAL_RNA_COUNTER_CS.SPATIAL_RNA_COUNTER.SPATIAL_POST_MATRIX_COMPUTATION.BIN_HD_DATA._BIN_HD_DATA._COMPUTE_BINNED_OUTPUTS.SPATIAL_BINNED_RNA_ANALYZER.RUN_GRAPH_CLUSTERING.fork_square_016um
2025-10-21 22:13:08 [runtime] (run:local)       ID.F07840_2.SPATIAL_RNA_COUNTER_CS.SPATIAL_RNA_COUNTER.SPATIAL_POST_MATRIX_COMPUTATION.BIN_HD_DATA._BIN_HD_DATA._COMPUTE_BINNED_OUTPUTS.SPATIAL_BINNED_RNA_ANALYZER.RUN_GRAPH_CLUSTERING.fork_square_016um.chnk0.main
2025-10-21 22:13:13 [runtime] (split_complete)  ID.F07840_2.SPATIAL_RNA_COUNTER_CS.SPATIAL_RNA_COUNTER.SPATIAL_POST_MATRIX_COMPUTATION.BIN_HD_DATA._BIN_HD_DATA._COMPUTE_BINNED_OUTPUTS.SPATIAL_BINNED_RNA_ANALYZER.RUN_KMEANS.fork_square_016um
2025-10-21 22:13:13 [runtime] (run:local)       ID.F07840_2.SPATIAL_RNA_COUNTER_CS.SPATIAL_RNA_COUNTER.SPATIAL_POST_MATRIX_COMPUTATION.BIN_HD_DATA._BIN_HD_DATA._COMPUTE_BINNED_OUTPUTS.SPATIAL_BINNED_RNA_ANALYZER.RUN_KMEANS.fork_square_016um.chnk0.main
2025-10-21 22:13:13 [runtime] (run:local)       ID.F07840_2.SPATIAL_RNA_COUNTER_CS.SPATIAL_RNA_COUNTER.SPATIAL_POST_MATRIX_COMPUTATION.BIN_HD_DATA._BIN_HD_DATA._COMPUTE_BINNED_OUTPUTS.SPATIAL_BINNED_RNA_ANALYZER.RUN_KMEANS.fork_square_016um.chnk1.main
2025-10-21 22:13:13 [runtime] (run:local)       ID.F07840_2.SPATIAL_RNA_COUNTER_CS.SPATIAL_RNA_COUNTER.SPATIAL_POST_MATRIX_COMPUTATION.BIN_HD_DATA._BIN_HD_DATA._COMPUTE_BINNED_OUTPUTS.SPATIAL_BINNED_RNA_ANALYZER.RUN_KMEANS.fork_square_016um.chnk2.main
2025-10-21 22:13:13 [runtime] (run:local)       ID.F07840_2.SPATIAL_RNA_COUNTER_CS.SPATIAL_RNA_COUNTER.SPATIAL_POST_MATRIX_COMPUTATION.BIN_HD_DATA._BIN_HD_DATA._COMPUTE_BINNED_OUTPUTS.SPATIAL_BINNED_RNA_ANALYZER.RUN_KMEANS.fork_square_016um.chnk3.main
2025-10-21 22:13:13 [runtime] (run:local)       ID.F07840_2.SPATIAL_RNA_COUNTER_CS.SPATIAL_RNA_COUNTER.SPATIAL_POST_MATRIX_COMPUTATION.BIN_HD_DATA._BIN_HD_DATA._COMPUTE_BINNED_OUTPUTS.SPATIAL_BINNED_RNA_ANALYZER.RUN_KMEANS.fork_square_016um.chnk4.main
2025-10-21 22:13:13 [runtime] (run:local)       ID.F07840_2.SPATIAL_RNA_COUNTER_CS.SPATIAL_RNA_COUNTER.SPATIAL_POST_MATRIX_COMPUTATION.BIN_HD_DATA._BIN_HD_DATA._COMPUTE_BINNED_OUTPUTS.SPATIAL_BINNED_RNA_ANALYZER.RUN_KMEANS.fork_square_016um.chnk5.main
2025-10-21 22:13:13 [runtime] (run:local)       ID.F07840_2.SPATIAL_RNA_COUNTER_CS.SPATIAL_RNA_COUNTER.SPATIAL_POST_MATRIX_COMPUTATION.BIN_HD_DATA._BIN_HD_DATA._COMPUTE_BINNED_OUTPUTS.SPATIAL_BINNED_RNA_ANALYZER.RUN_KMEANS.fork_square_016um.chnk6.main
2025-10-21 22:13:13 [runtime] (run:local)       ID.F07840_2.SPATIAL_RNA_COUNTER_CS.SPATIAL_RNA_COUNTER.SPATIAL_POST_MATRIX_COMPUTATION.BIN_HD_DATA._BIN_HD_DATA._COMPUTE_BINNED_OUTPUTS.SPATIAL_BINNED_RNA_ANALYZER.RUN_KMEANS.fork_square_016um.chnk7.main
2025-10-21 22:13:13 [runtime] (run:local)       ID.F07840_2.SPATIAL_RNA_COUNTER_CS.SPATIAL_RNA_COUNTER.SPATIAL_POST_MATRIX_COMPUTATION.BIN_HD_DATA._BIN_HD_DATA._COMPUTE_BINNED_OUTPUTS.SPATIAL_BINNED_RNA_ANALYZER.RUN_KMEANS.fork_square_016um.chnk8.main
2025-10-21 22:13:13 [runtime] (split_complete)  ID.F07840_2.SPATIAL_RNA_COUNTER_CS.SPATIAL_RNA_COUNTER.SPATIAL_POST_MATRIX_COMPUTATION.BIN_HD_DATA._BIN_HD_DATA._COMPUTE_BINNED_OUTPUTS.SPATIAL_BINNED_RNA_ANALYZER.RUN_KMEANS.fork_square_008um
2025-10-21 22:13:13 [runtime] (run:local)       ID.F07840_2.SPATIAL_RNA_COUNTER_CS.SPATIAL_RNA_COUNTER.SPATIAL_POST_MATRIX_COMPUTATION.BIN_HD_DATA._BIN_HD_DATA._COMPUTE_BINNED_OUTPUTS.SPATIAL_BINNED_RNA_ANALYZER.RUN_KMEANS.fork_square_008um.chnk0.main
2025-10-21 22:13:13 [runtime] (run:local)       ID.F07840_2.SPATIAL_RNA_COUNTER_CS.SPATIAL_RNA_COUNTER.SPATIAL_POST_MATRIX_COMPUTATION.BIN_HD_DATA._BIN_HD_DATA._COMPUTE_BINNED_OUTPUTS.SPATIAL_BINNED_RNA_ANALYZER.RUN_KMEANS.fork_square_008um.chnk1.main
2025-10-21 22:13:13 [runtime] (run:local)       ID.F07840_2.SPATIAL_RNA_COUNTER_CS.SPATIAL_RNA_COUNTER.SPATIAL_POST_MATRIX_COMPUTATION.BIN_HD_DATA._BIN_HD_DATA._COMPUTE_BINNED_OUTPUTS.SPATIAL_BINNED_RNA_ANALYZER.RUN_KMEANS.fork_square_008um.chnk2.main
2025-10-21 22:13:13 [runtime] (run:local)       ID.F07840_2.SPATIAL_RNA_COUNTER_CS.SPATIAL_RNA_COUNTER.SPATIAL_POST_MATRIX_COMPUTATION.BIN_HD_DATA._BIN_HD_DATA._COMPUTE_BINNED_OUTPUTS.SPATIAL_BINNED_RNA_ANALYZER.RUN_KMEANS.fork_square_008um.chnk3.main
2025-10-21 22:13:13 [runtime] (run:local)       ID.F07840_2.SPATIAL_RNA_COUNTER_CS.SPATIAL_RNA_COUNTER.SPATIAL_POST_MATRIX_COMPUTATION.BIN_HD_DATA._BIN_HD_DATA._COMPUTE_BINNED_OUTPUTS.SPATIAL_BINNED_RNA_ANALYZER.RUN_KMEANS.fork_square_008um.chnk4.main
2025-10-21 22:13:13 [runtime] (run:local)       ID.F07840_2.SPATIAL_RNA_COUNTER_CS.SPATIAL_RNA_COUNTER.SPATIAL_POST_MATRIX_COMPUTATION.BIN_HD_DATA._BIN_HD_DATA._COMPUTE_BINNED_OUTPUTS.SPATIAL_BINNED_RNA_ANALYZER.RUN_KMEANS.fork_square_008um.chnk5.main
2025-10-21 22:13:13 [runtime] (run:local)       ID.F07840_2.SPATIAL_RNA_COUNTER_CS.SPATIAL_RNA_COUNTER.SPATIAL_POST_MATRIX_COMPUTATION.BIN_HD_DATA._BIN_HD_DATA._COMPUTE_BINNED_OUTPUTS.SPATIAL_BINNED_RNA_ANALYZER.RUN_KMEANS.fork_square_008um.chnk6.main
2025-10-21 22:13:13 [runtime] (run:local)       ID.F07840_2.SPATIAL_RNA_COUNTER_CS.SPATIAL_RNA_COUNTER.SPATIAL_POST_MATRIX_COMPUTATION.BIN_HD_DATA._BIN_HD_DATA._COMPUTE_BINNED_OUTPUTS.SPATIAL_BINNED_RNA_ANALYZER.RUN_KMEANS.fork_square_008um.chnk7.main
2025-10-21 22:13:13 [runtime] (run:local)       ID.F07840_2.SPATIAL_RNA_COUNTER_CS.SPATIAL_RNA_COUNTER.SPATIAL_POST_MATRIX_COMPUTATION.BIN_HD_DATA._BIN_HD_DATA._COMPUTE_BINNED_OUTPUTS.SPATIAL_BINNED_RNA_ANALYZER.RUN_KMEANS.fork_square_008um.chnk8.main
2025-10-21 22:14:36 [runtime] (join_complete)   ID.F07840_2.SPATIAL_RNA_COUNTER_CS.SPATIAL_RNA_COUNTER.SPATIAL_POST_MATRIX_COMPUTATION._TARGETED_ANALYZER.CALCULATE_TARGETED_METRICS
2025-10-21 22:14:36 [runtime] (ready)           ID.F07840_2.SPATIAL_RNA_COUNTER_CS.SPATIAL_RNA_COUNTER.SPATIAL_POST_MATRIX_COMPUTATION._TARGETED_ANALYZER.MERGE_METRICS
2025-10-21 22:14:36 [runtime] (run:local)       ID.F07840_2.SPATIAL_RNA_COUNTER_CS.SPATIAL_RNA_COUNTER.SPATIAL_POST_MATRIX_COMPUTATION._TARGETED_ANALYZER.MERGE_METRICS.fork0.chnk0.main
2025-10-21 22:19:10 [runtime] (update)          ID.F07840_2.SPATIAL_RNA_COUNTER_CS.SPATIAL_RNA_COUNTER.SPATIAL_POST_MATRIX_COMPUTATION.BIN_HD_DATA._BIN_HD_DATA._COMPUTE_BINNED_OUTPUTS.SPATIAL_BINNED_RNA_ANALYZER.RUN_UMAP.fork_square_008um chunks_running
2025-10-21 22:25:12 [runtime] (update)          ID.F07840_2.SPATIAL_RNA_COUNTER_CS.SPATIAL_RNA_COUNTER.SPATIAL_POST_MATRIX_COMPUTATION.BIN_HD_DATA._BIN_HD_DATA._COMPUTE_BINNED_OUTPUTS.SPATIAL_BINNED_RNA_ANALYZER.RUN_UMAP.fork_square_008um chunks_running
2025-10-21 22:31:10 [runtime] (update)          ID.F07840_2.SPATIAL_RNA_COUNTER_CS.SPATIAL_RNA_COUNTER.SPATIAL_POST_MATRIX_COMPUTATION.BIN_HD_DATA._BIN_HD_DATA._COMPUTE_BINNED_OUTPUTS.SPATIAL_BINNED_RNA_ANALYZER.RUN_UMAP.fork_square_008um chunks_running
2025-10-21 22:37:08 [runtime] (chunks_complete) ID.F07840_2.SPATIAL_RNA_COUNTER_CS.SPATIAL_RNA_COUNTER.SPATIAL_POST_MATRIX_COMPUTATION.BIN_HD_DATA._BIN_HD_DATA._COMPUTE_BINNED_OUTPUTS.SPATIAL_BINNED_RNA_ANALYZER.RUN_UMAP.fork_square_008um
2025-10-21 22:37:08 [runtime] (run:local)       ID.F07840_2.SPATIAL_RNA_COUNTER_CS.SPATIAL_RNA_COUNTER.SPATIAL_POST_MATRIX_COMPUTATION.BIN_HD_DATA._BIN_HD_DATA._COMPUTE_BINNED_OUTPUTS.SPATIAL_BINNED_RNA_ANALYZER.RUN_UMAP.fork_square_008um.join
2025-10-21 22:37:11 [runtime] (update)          ID.F07840_2.SPATIAL_RNA_COUNTER_CS.SPATIAL_RNA_COUNTER.SPATIAL_POST_MATRIX_COMPUTATION.BIN_HD_DATA._BIN_HD_DATA._COMPUTE_BINNED_OUTPUTS.SPATIAL_BINNED_RNA_ANALYZER.RUN_UMAP.fork_square_016um chunks_running
2025-10-21 22:42:27 [runtime] (chunks_complete) ID.F07840_2.SPATIAL_RNA_COUNTER_CS.SPATIAL_RNA_COUNTER.SPATIAL_POST_MATRIX_COMPUTATION.BIN_HD_DATA._BIN_HD_DATA._COMPUTE_BINNED_OUTPUTS.SPATIAL_BINNED_RNA_ANALYZER.RUN_UMAP.fork_square_016um
2025-10-21 22:42:27 [runtime] (run:local)       ID.F07840_2.SPATIAL_RNA_COUNTER_CS.SPATIAL_RNA_COUNTER.SPATIAL_POST_MATRIX_COMPUTATION.BIN_HD_DATA._BIN_HD_DATA._COMPUTE_BINNED_OUTPUTS.SPATIAL_BINNED_RNA_ANALYZER.RUN_UMAP.fork_square_016um.join
2025-10-21 22:42:30 [runtime] (update)          ID.F07840_2.SPATIAL_RNA_COUNTER_CS.SPATIAL_RNA_COUNTER.SPATIAL_POST_MATRIX_COMPUTATION.BIN_HD_DATA._BIN_HD_DATA._COMPUTE_BINNED_OUTPUTS.SPATIAL_BINNED_RNA_ANALYZER.RUN_GRAPH_CLUSTERING.fork_square_016um chunks_running
2025-10-21 22:42:30 [runtime] (update)          ID.F07840_2.SPATIAL_RNA_COUNTER_CS.SPATIAL_RNA_COUNTER.SPATIAL_POST_MATRIX_COMPUTATION.BIN_HD_DATA._BIN_HD_DATA._COMPUTE_BINNED_OUTPUTS.SPATIAL_BINNED_RNA_ANALYZER.RUN_GRAPH_CLUSTERING.fork_square_008um chunks_running
2025-10-21 22:46:03 [runtime] (chunks_complete) ID.F07840_2.SPATIAL_RNA_COUNTER_CS.SPATIAL_RNA_COUNTER.SPATIAL_POST_MATRIX_COMPUTATION.BIN_HD_DATA._BIN_HD_DATA._COMPUTE_BINNED_OUTPUTS.SPATIAL_BINNED_RNA_ANALYZER.RUN_GRAPH_CLUSTERING.fork_square_016um
2025-10-21 22:46:03 [runtime] (run:local)       ID.F07840_2.SPATIAL_RNA_COUNTER_CS.SPATIAL_RNA_COUNTER.SPATIAL_POST_MATRIX_COMPUTATION.BIN_HD_DATA._BIN_HD_DATA._COMPUTE_BINNED_OUTPUTS.SPATIAL_BINNED_RNA_ANALYZER.RUN_GRAPH_CLUSTERING.fork_square_016um.join
2025-10-21 22:46:06 [runtime] (update)          ID.F07840_2.SPATIAL_RNA_COUNTER_CS.SPATIAL_RNA_COUNTER.SPATIAL_POST_MATRIX_COMPUTATION.BIN_HD_DATA._BIN_HD_DATA._COMPUTE_BINNED_OUTPUTS.SPATIAL_BINNED_RNA_ANALYZER.RUN_KMEANS.fork_square_016um chunks running (0/9 completed)
2025-10-21 22:46:15 [runtime] (update)          ID.F07840_2.SPATIAL_RNA_COUNTER_CS.SPATIAL_RNA_COUNTER.SPATIAL_POST_MATRIX_COMPUTATION.BIN_HD_DATA._BIN_HD_DATA._COMPUTE_BINNED_OUTPUTS.SPATIAL_BINNED_RNA_ANALYZER.RUN_KMEANS.fork_square_008um chunks running (0/9 completed)
2025-10-21 22:46:19 [runtime] (chunks_complete) ID.F07840_2.SPATIAL_RNA_COUNTER_CS.SPATIAL_RNA_COUNTER.SPATIAL_POST_MATRIX_COMPUTATION.BIN_HD_DATA._BIN_HD_DATA._COMPUTE_BINNED_OUTPUTS.SPATIAL_BINNED_RNA_ANALYZER.RUN_KMEANS.fork_square_016um
2025-10-21 22:46:19 [runtime] (run:local)       ID.F07840_2.SPATIAL_RNA_COUNTER_CS.SPATIAL_RNA_COUNTER.SPATIAL_POST_MATRIX_COMPUTATION.BIN_HD_DATA._BIN_HD_DATA._COMPUTE_BINNED_OUTPUTS.SPATIAL_BINNED_RNA_ANALYZER.RUN_KMEANS.fork_square_016um.join
2025-10-21 22:46:32 [runtime] (chunks_complete) ID.F07840_2.SPATIAL_RNA_COUNTER_CS.SPATIAL_RNA_COUNTER.SPATIAL_POST_MATRIX_COMPUTATION._TARGETED_ANALYZER.MERGE_METRICS
2025-10-21 22:46:32 [runtime] (update)          ID.F07840_2.SPATIAL_RNA_COUNTER_CS.SPATIAL_RNA_COUNTER.SPATIAL_POST_MATRIX_COMPUTATION.BIN_HD_DATA._BIN_HD_DATA._COMPUTE_BINNED_OUTPUTS.SPATIAL_BINNED_RNA_ANALYZER.RUN_UMAP.fork_square_008um join_running
2025-10-21 22:46:33 [runtime] (join_complete)   ID.F07840_2.SPATIAL_RNA_COUNTER_CS.SPATIAL_RNA_COUNTER.SPATIAL_POST_MATRIX_COMPUTATION.BIN_HD_DATA._BIN_HD_DATA._COMPUTE_BINNED_OUTPUTS.SPATIAL_BINNED_RNA_ANALYZER.RUN_UMAP.fork_square_008um
2025-10-21 22:46:33 [runtime] (complete)        ID.F07840_2.SPATIAL_RNA_COUNTER_CS.SPATIAL_RNA_COUNTER.SPATIAL_POST_MATRIX_COMPUTATION.BIN_HD_DATA._BIN_HD_DATA._COMPUTE_BINNED_OUTPUTS.SPATIAL_BINNED_RNA_ANALYZER.RUN_UMAP.fork_square_008um
2025-10-21 22:46:33 [runtime] (complete)        ID.F07840_2.SPATIAL_RNA_COUNTER_CS.SPATIAL_RNA_COUNTER.SPATIAL_POST_MATRIX_COMPUTATION.BIN_HD_DATA._BIN_HD_DATA._COMPUTE_BINNED_OUTPUTS.SPATIAL_BINNED_RNA_ANALYZER.RUN_UMAP.fork_square_008um
2025-10-21 22:46:33 [runtime] (join_complete)   ID.F07840_2.SPATIAL_RNA_COUNTER_CS.SPATIAL_RNA_COUNTER.SPATIAL_POST_MATRIX_COMPUTATION.BIN_HD_DATA._BIN_HD_DATA._COMPUTE_BINNED_OUTPUTS.SPATIAL_BINNED_RNA_ANALYZER.RUN_UMAP.fork_square_016um
2025-10-21 22:46:33 [runtime] (join_complete)   ID.F07840_2.SPATIAL_RNA_COUNTER_CS.SPATIAL_RNA_COUNTER.SPATIAL_POST_MATRIX_COMPUTATION.BIN_HD_DATA._BIN_HD_DATA._COMPUTE_BINNED_OUTPUTS.SPATIAL_BINNED_RNA_ANALYZER.RUN_GRAPH_CLUSTERING.fork_square_016um
2025-10-21 22:46:35 [runtime] (complete)        ID.F07840_2.SPATIAL_RNA_COUNTER_CS.SPATIAL_RNA_COUNTER.SPATIAL_POST_MATRIX_COMPUTATION.BIN_HD_DATA._BIN_HD_DATA._COMPUTE_BINNED_OUTPUTS.SPATIAL_BINNED_RNA_ANALYZER.RUN_GRAPH_CLUSTERING.fork_square_016um
2025-10-21 22:46:37 [runtime] (join_complete)   ID.F07840_2.SPATIAL_RNA_COUNTER_CS.SPATIAL_RNA_COUNTER.SPATIAL_POST_MATRIX_COMPUTATION.BIN_HD_DATA._BIN_HD_DATA._COMPUTE_BINNED_OUTPUTS.SPATIAL_BINNED_RNA_ANALYZER.RUN_KMEANS.fork_square_016um
2025-10-21 22:46:37 [runtime] (complete)        ID.F07840_2.SPATIAL_RNA_COUNTER_CS.SPATIAL_RNA_COUNTER.SPATIAL_POST_MATRIX_COMPUTATION.BIN_HD_DATA._BIN_HD_DATA._COMPUTE_BINNED_OUTPUTS.SPATIAL_BINNED_RNA_ANALYZER.RUN_GRAPH_CLUSTERING.fork_square_016um
2025-10-21 22:46:39 [runtime] (chunks_complete) ID.F07840_2.SPATIAL_RNA_COUNTER_CS.SPATIAL_RNA_COUNTER.SPATIAL_POST_MATRIX_COMPUTATION.BIN_HD_DATA._BIN_HD_DATA._COMPUTE_BINNED_OUTPUTS.SPATIAL_BINNED_RNA_ANALYZER.RUN_KMEANS.fork_square_008um
2025-10-21 22:46:39 [runtime] (run:local)       ID.F07840_2.SPATIAL_RNA_COUNTER_CS.SPATIAL_RNA_COUNTER.SPATIAL_POST_MATRIX_COMPUTATION.BIN_HD_DATA._BIN_HD_DATA._COMPUTE_BINNED_OUTPUTS.SPATIAL_BINNED_RNA_ANALYZER.RUN_KMEANS.fork_square_008um.join
2025-10-21 22:46:39 [runtime] (complete)        ID.F07840_2.SPATIAL_RNA_COUNTER_CS.SPATIAL_RNA_COUNTER.SPATIAL_POST_MATRIX_COMPUTATION.BIN_HD_DATA._BIN_HD_DATA._COMPUTE_BINNED_OUTPUTS.SPATIAL_BINNED_RNA_ANALYZER.RUN_KMEANS.fork_square_016um
2025-10-21 22:46:39 [runtime] (complete)        ID.F07840_2.SPATIAL_RNA_COUNTER_CS.SPATIAL_RNA_COUNTER.SPATIAL_POST_MATRIX_COMPUTATION.BIN_HD_DATA._BIN_HD_DATA._COMPUTE_BINNED_OUTPUTS.SPATIAL_BINNED_RNA_ANALYZER.RUN_GRAPH_CLUSTERING.fork_square_016um
2025-10-21 22:46:43 [runtime] (complete)        ID.F07840_2.SPATIAL_RNA_COUNTER_CS.SPATIAL_RNA_COUNTER.SPATIAL_POST_MATRIX_COMPUTATION.BIN_HD_DATA._BIN_HD_DATA._COMPUTE_BINNED_OUTPUTS.SPATIAL_BINNED_RNA_ANALYZER.RUN_KMEANS.fork_square_016um
2025-10-21 22:46:43 [runtime] (complete)        ID.F07840_2.SPATIAL_RNA_COUNTER_CS.SPATIAL_RNA_COUNTER.SPATIAL_POST_MATRIX_COMPUTATION.BIN_HD_DATA._BIN_HD_DATA._COMPUTE_BINNED_OUTPUTS.SPATIAL_BINNED_RNA_ANALYZER.RUN_GRAPH_CLUSTERING.fork_square_016um
2025-10-21 22:46:43 [runtime] (complete)        ID.F07840_2.SPATIAL_RNA_COUNTER_CS.SPATIAL_RNA_COUNTER.SPATIAL_POST_MATRIX_COMPUTATION.BIN_HD_DATA._BIN_HD_DATA._COMPUTE_BINNED_OUTPUTS.SPATIAL_BINNED_RNA_ANALYZER.RUN_GRAPH_CLUSTERING.fork_square_016um
2025-10-21 22:46:43 [runtime] (join_complete)   ID.F07840_2.SPATIAL_RNA_COUNTER_CS.SPATIAL_RNA_COUNTER.SPATIAL_POST_MATRIX_COMPUTATION.BIN_HD_DATA._BIN_HD_DATA._COMPUTE_BINNED_OUTPUTS.SPATIAL_BINNED_RNA_ANALYZER.RUN_KMEANS.fork_square_008um
2025-10-21 22:46:43 [runtime] (complete)        ID.F07840_2.SPATIAL_RNA_COUNTER_CS.SPATIAL_RNA_COUNTER.SPATIAL_POST_MATRIX_COMPUTATION.BIN_HD_DATA._BIN_HD_DATA._COMPUTE_BINNED_OUTPUTS.SPATIAL_BINNED_RNA_ANALYZER.RUN_KMEANS.fork_square_016um
2025-10-21 22:46:43 [runtime] (complete)        ID.F07840_2.SPATIAL_RNA_COUNTER_CS.SPATIAL_RNA_COUNTER.SPATIAL_POST_MATRIX_COMPUTATION.BIN_HD_DATA._BIN_HD_DATA._COMPUTE_BINNED_OUTPUTS.SPATIAL_BINNED_RNA_ANALYZER.RUN_GRAPH_CLUSTERING.fork_square_016um
2025-10-21 22:46:46 [runtime] (complete)        ID.F07840_2.SPATIAL_RNA_COUNTER_CS.SPATIAL_RNA_COUNTER.SPATIAL_POST_MATRIX_COMPUTATION.BIN_HD_DATA._BIN_HD_DATA._COMPUTE_BINNED_OUTPUTS.SPATIAL_BINNED_RNA_ANALYZER.RUN_GRAPH_CLUSTERING.fork_square_016um
2025-10-21 22:46:49 [runtime] (complete)        ID.F07840_2.SPATIAL_RNA_COUNTER_CS.SPATIAL_RNA_COUNTER.SPATIAL_POST_MATRIX_COMPUTATION.BIN_HD_DATA._BIN_HD_DATA._COMPUTE_BINNED_OUTPUTS.SPATIAL_BINNED_RNA_ANALYZER.RUN_GRAPH_CLUSTERING.fork_square_016um
2025-10-21 22:46:52 [runtime] (complete)        ID.F07840_2.SPATIAL_RNA_COUNTER_CS.SPATIAL_RNA_COUNTER.SPATIAL_POST_MATRIX_COMPUTATION.BIN_HD_DATA._BIN_HD_DATA._COMPUTE_BINNED_OUTPUTS.SPATIAL_BINNED_RNA_ANALYZER.RUN_GRAPH_CLUSTERING.fork_square_016um
2025-10-21 22:46:55 [runtime] (complete)        ID.F07840_2.SPATIAL_RNA_COUNTER_CS.SPATIAL_RNA_COUNTER.SPATIAL_POST_MATRIX_COMPUTATION.BIN_HD_DATA._BIN_HD_DATA._COMPUTE_BINNED_OUTPUTS.SPATIAL_BINNED_RNA_ANALYZER.RUN_GRAPH_CLUSTERING.fork_square_016um
2025-10-21 22:46:58 [runtime] (complete)        ID.F07840_2.SPATIAL_RNA_COUNTER_CS.SPATIAL_RNA_COUNTER.SPATIAL_POST_MATRIX_COMPUTATION.BIN_HD_DATA._BIN_HD_DATA._COMPUTE_BINNED_OUTPUTS.SPATIAL_BINNED_RNA_ANALYZER.RUN_GRAPH_CLUSTERING.fork_square_016um
2025-10-21 22:47:01 [runtime] (complete)        ID.F07840_2.SPATIAL_RNA_COUNTER_CS.SPATIAL_RNA_COUNTER.SPATIAL_POST_MATRIX_COMPUTATION.BIN_HD_DATA._BIN_HD_DATA._COMPUTE_BINNED_OUTPUTS.SPATIAL_BINNED_RNA_ANALYZER.RUN_GRAPH_CLUSTERING.fork_square_016um
2025-10-21 22:47:04 [runtime] (complete)        ID.F07840_2.SPATIAL_RNA_COUNTER_CS.SPATIAL_RNA_COUNTER.SPATIAL_POST_MATRIX_COMPUTATION.BIN_HD_DATA._BIN_HD_DATA._COMPUTE_BINNED_OUTPUTS.SPATIAL_BINNED_RNA_ANALYZER.RUN_GRAPH_CLUSTERING.fork_square_016um
2025-10-21 22:47:07 [runtime] (complete)        ID.F07840_2.SPATIAL_RNA_COUNTER_CS.SPATIAL_RNA_COUNTER.SPATIAL_POST_MATRIX_COMPUTATION.BIN_HD_DATA._BIN_HD_DATA._COMPUTE_BINNED_OUTPUTS.SPATIAL_BINNED_RNA_ANALYZER.RUN_GRAPH_CLUSTERING.fork_square_016um
2025-10-21 22:47:10 [runtime] (complete)        ID.F07840_2.SPATIAL_RNA_COUNTER_CS.SPATIAL_RNA_COUNTER.SPATIAL_POST_MATRIX_COMPUTATION.BIN_HD_DATA._BIN_HD_DATA._COMPUTE_BINNED_OUTPUTS.SPATIAL_BINNED_RNA_ANALYZER.RUN_GRAPH_CLUSTERING.fork_square_016um
2025-10-21 22:47:13 [runtime] (complete)        ID.F07840_2.SPATIAL_RNA_COUNTER_CS.SPATIAL_RNA_COUNTER.SPATIAL_POST_MATRIX_COMPUTATION.BIN_HD_DATA._BIN_HD_DATA._COMPUTE_BINNED_OUTPUTS.SPATIAL_BINNED_RNA_ANALYZER.RUN_GRAPH_CLUSTERING.fork_square_016um
2025-10-21 22:47:16 [runtime] (complete)        ID.F07840_2.SPATIAL_RNA_COUNTER_CS.SPATIAL_RNA_COUNTER.SPATIAL_POST_MATRIX_COMPUTATION.BIN_HD_DATA._BIN_HD_DATA._COMPUTE_BINNED_OUTPUTS.SPATIAL_BINNED_RNA_ANALYZER.RUN_GRAPH_CLUSTERING.fork_square_016um
2025-10-21 22:47:19 [runtime] (complete)        ID.F07840_2.SPATIAL_RNA_COUNTER_CS.SPATIAL_RNA_COUNTER.SPATIAL_POST_MATRIX_COMPUTATION.BIN_HD_DATA._BIN_HD_DATA._COMPUTE_BINNED_OUTPUTS.SPATIAL_BINNED_RNA_ANALYZER.RUN_GRAPH_CLUSTERING.fork_square_016um
2025-10-21 22:47:22 [runtime] (complete)        ID.F07840_2.SPATIAL_RNA_COUNTER_CS.SPATIAL_RNA_COUNTER.SPATIAL_POST_MATRIX_COMPUTATION.BIN_HD_DATA._BIN_HD_DATA._COMPUTE_BINNED_OUTPUTS.SPATIAL_BINNED_RNA_ANALYZER.RUN_GRAPH_CLUSTERING.fork_square_016um
2025-10-21 22:47:25 [runtime] (complete)        ID.F07840_2.SPATIAL_RNA_COUNTER_CS.SPATIAL_RNA_COUNTER.SPATIAL_POST_MATRIX_COMPUTATION.BIN_HD_DATA._BIN_HD_DATA._COMPUTE_BINNED_OUTPUTS.SPATIAL_BINNED_RNA_ANALYZER.RUN_GRAPH_CLUSTERING.fork_square_016um
2025-10-21 22:47:28 [runtime] (complete)        ID.F07840_2.SPATIAL_RNA_COUNTER_CS.SPATIAL_RNA_COUNTER.SPATIAL_POST_MATRIX_COMPUTATION.BIN_HD_DATA._BIN_HD_DATA._COMPUTE_BINNED_OUTPUTS.SPATIAL_BINNED_RNA_ANALYZER.RUN_GRAPH_CLUSTERING.fork_square_016um
2025-10-21 22:47:31 [runtime] (complete)        ID.F07840_2.SPATIAL_RNA_COUNTER_CS.SPATIAL_RNA_COUNTER.SPATIAL_POST_MATRIX_COMPUTATION.BIN_HD_DATA._BIN_HD_DATA._COMPUTE_BINNED_OUTPUTS.SPATIAL_BINNED_RNA_ANALYZER.RUN_GRAPH_CLUSTERING.fork_square_016um
2025-10-21 22:47:34 [runtime] (complete)        ID.F07840_2.SPATIAL_RNA_COUNTER_CS.SPATIAL_RNA_COUNTER.SPATIAL_POST_MATRIX_COMPUTATION.BIN_HD_DATA._BIN_HD_DATA._COMPUTE_BINNED_OUTPUTS.SPATIAL_BINNED_RNA_ANALYZER.RUN_GRAPH_CLUSTERING.fork_square_016um
2025-10-21 22:47:37 [runtime] (complete)        ID.F07840_2.SPATIAL_RNA_COUNTER_CS.SPATIAL_RNA_COUNTER.SPATIAL_POST_MATRIX_COMPUTATION.BIN_HD_DATA._BIN_HD_DATA._COMPUTE_BINNED_OUTPUTS.SPATIAL_BINNED_RNA_ANALYZER.RUN_GRAPH_CLUSTERING.fork_square_016um
2025-10-21 22:47:40 [runtime] (complete)        ID.F07840_2.SPATIAL_RNA_COUNTER_CS.SPATIAL_RNA_COUNTER.SPATIAL_POST_MATRIX_COMPUTATION.BIN_HD_DATA._BIN_HD_DATA._COMPUTE_BINNED_OUTPUTS.SPATIAL_BINNED_RNA_ANALYZER.RUN_GRAPH_CLUSTERING.fork_square_016um
2025-10-21 22:47:43 [runtime] (complete)        ID.F07840_2.SPATIAL_RNA_COUNTER_CS.SPATIAL_RNA_COUNTER.SPATIAL_POST_MATRIX_COMPUTATION.BIN_HD_DATA._BIN_HD_DATA._COMPUTE_BINNED_OUTPUTS.SPATIAL_BINNED_RNA_ANALYZER.RUN_GRAPH_CLUSTERING.fork_square_016um
2025-10-21 22:47:46 [runtime] (complete)        ID.F07840_2.SPATIAL_RNA_COUNTER_CS.SPATIAL_RNA_COUNTER.SPATIAL_POST_MATRIX_COMPUTATION.BIN_HD_DATA._BIN_HD_DATA._COMPUTE_BINNED_OUTPUTS.SPATIAL_BINNED_RNA_ANALYZER.RUN_GRAPH_CLUSTERING.fork_square_016um
2025-10-21 22:47:49 [runtime] (complete)        ID.F07840_2.SPATIAL_RNA_COUNTER_CS.SPATIAL_RNA_COUNTER.SPATIAL_POST_MATRIX_COMPUTATION.BIN_HD_DATA._BIN_HD_DATA._COMPUTE_BINNED_OUTPUTS.SPATIAL_BINNED_RNA_ANALYZER.RUN_GRAPH_CLUSTERING.fork_square_016um
2025-10-21 22:47:52 [runtime] (complete)        ID.F07840_2.SPATIAL_RNA_COUNTER_CS.SPATIAL_RNA_COUNTER.SPATIAL_POST_MATRIX_COMPUTATION.BIN_HD_DATA._BIN_HD_DATA._COMPUTE_BINNED_OUTPUTS.SPATIAL_BINNED_RNA_ANALYZER.RUN_GRAPH_CLUSTERING.fork_square_016um
2025-10-21 22:47:55 [runtime] (complete)        ID.F07840_2.SPATIAL_RNA_COUNTER_CS.SPATIAL_RNA_COUNTER.SPATIAL_POST_MATRIX_COMPUTATION.BIN_HD_DATA._BIN_HD_DATA._COMPUTE_BINNED_OUTPUTS.SPATIAL_BINNED_RNA_ANALYZER.RUN_GRAPH_CLUSTERING.fork_square_016um
2025-10-21 22:47:58 [runtime] (complete)        ID.F07840_2.SPATIAL_RNA_COUNTER_CS.SPATIAL_RNA_COUNTER.SPATIAL_POST_MATRIX_COMPUTATION.BIN_HD_DATA._BIN_HD_DATA._COMPUTE_BINNED_OUTPUTS.SPATIAL_BINNED_RNA_ANALYZER.RUN_GRAPH_CLUSTERING.fork_square_016um
2025-10-21 22:48:01 [runtime] (complete)        ID.F07840_2.SPATIAL_RNA_COUNTER_CS.SPATIAL_RNA_COUNTER.SPATIAL_POST_MATRIX_COMPUTATION.BIN_HD_DATA._BIN_HD_DATA._COMPUTE_BINNED_OUTPUTS.SPATIAL_BINNED_RNA_ANALYZER.RUN_GRAPH_CLUSTERING.fork_square_016um
2025-10-21 22:48:04 [runtime] (complete)        ID.F07840_2.SPATIAL_RNA_COUNTER_CS.SPATIAL_RNA_COUNTER.SPATIAL_POST_MATRIX_COMPUTATION.BIN_HD_DATA._BIN_HD_DATA._COMPUTE_BINNED_OUTPUTS.SPATIAL_BINNED_RNA_ANALYZER.RUN_GRAPH_CLUSTERING.fork_square_016um
2025-10-21 22:48:07 [runtime] (complete)        ID.F07840_2.SPATIAL_RNA_COUNTER_CS.SPATIAL_RNA_COUNTER.SPATIAL_POST_MATRIX_COMPUTATION.BIN_HD_DATA._BIN_HD_DATA._COMPUTE_BINNED_OUTPUTS.SPATIAL_BINNED_RNA_ANALYZER.RUN_GRAPH_CLUSTERING.fork_square_016um
2025-10-21 22:48:11 [runtime] (complete)        ID.F07840_2.SPATIAL_RNA_COUNTER_CS.SPATIAL_RNA_COUNTER.SPATIAL_POST_MATRIX_COMPUTATION.BIN_HD_DATA._BIN_HD_DATA._COMPUTE_BINNED_OUTPUTS.SPATIAL_BINNED_RNA_ANALYZER.RUN_GRAPH_CLUSTERING.fork_square_016um
2025-10-21 22:48:14 [runtime] (complete)        ID.F07840_2.SPATIAL_RNA_COUNTER_CS.SPATIAL_RNA_COUNTER.SPATIAL_POST_MATRIX_COMPUTATION.BIN_HD_DATA._BIN_HD_DATA._COMPUTE_BINNED_OUTPUTS.SPATIAL_BINNED_RNA_ANALYZER.RUN_GRAPH_CLUSTERING.fork_square_016um
2025-10-21 22:48:17 [runtime] (complete)        ID.F07840_2.SPATIAL_RNA_COUNTER_CS.SPATIAL_RNA_COUNTER.SPATIAL_POST_MATRIX_COMPUTATION.BIN_HD_DATA._BIN_HD_DATA._COMPUTE_BINNED_OUTPUTS.SPATIAL_BINNED_RNA_ANALYZER.RUN_GRAPH_CLUSTERING.fork_square_016um
2025-10-21 22:48:20 [runtime] (complete)        ID.F07840_2.SPATIAL_RNA_COUNTER_CS.SPATIAL_RNA_COUNTER.SPATIAL_POST_MATRIX_COMPUTATION.BIN_HD_DATA._BIN_HD_DATA._COMPUTE_BINNED_OUTPUTS.SPATIAL_BINNED_RNA_ANALYZER.RUN_GRAPH_CLUSTERING.fork_square_016um
2025-10-21 22:48:23 [runtime] (complete)        ID.F07840_2.SPATIAL_RNA_COUNTER_CS.SPATIAL_RNA_COUNTER.SPATIAL_POST_MATRIX_COMPUTATION.BIN_HD_DATA._BIN_HD_DATA._COMPUTE_BINNED_OUTPUTS.SPATIAL_BINNED_RNA_ANALYZER.RUN_GRAPH_CLUSTERING.fork_square_016um
2025-10-21 22:48:26 [runtime] (complete)        ID.F07840_2.SPATIAL_RNA_COUNTER_CS.SPATIAL_RNA_COUNTER.SPATIAL_POST_MATRIX_COMPUTATION.BIN_HD_DATA._BIN_HD_DATA._COMPUTE_BINNED_OUTPUTS.SPATIAL_BINNED_RNA_ANALYZER.RUN_GRAPH_CLUSTERING.fork_square_016um
2025-10-21 22:48:29 [runtime] (update)          ID.F07840_2.SPATIAL_RNA_COUNTER_CS.SPATIAL_RNA_COUNTER.SPATIAL_POST_MATRIX_COMPUTATION.BIN_HD_DATA._BIN_HD_DATA._COMPUTE_BINNED_OUTPUTS.SPATIAL_BINNED_RNA_ANALYZER.RUN_GRAPH_CLUSTERING.fork_square_008um chunks_running
2025-10-21 22:48:29 [runtime] (complete)        ID.F07840_2.SPATIAL_RNA_COUNTER_CS.SPATIAL_RNA_COUNTER.SPATIAL_POST_MATRIX_COMPUTATION.BIN_HD_DATA._BIN_HD_DATA._COMPUTE_BINNED_OUTPUTS.SPATIAL_BINNED_RNA_ANALYZER.RUN_GRAPH_CLUSTERING.fork_square_016um
2025-10-21 22:48:32 [runtime] (complete)        ID.F07840_2.SPATIAL_RNA_COUNTER_CS.SPATIAL_RNA_COUNTER.SPATIAL_POST_MATRIX_COMPUTATION.BIN_HD_DATA._BIN_HD_DATA._COMPUTE_BINNED_OUTPUTS.SPATIAL_BINNED_RNA_ANALYZER.RUN_GRAPH_CLUSTERING.fork_square_016um
2025-10-21 22:48:35 [runtime] (complete)        ID.F07840_2.SPATIAL_RNA_COUNTER_CS.SPATIAL_RNA_COUNTER.SPATIAL_POST_MATRIX_COMPUTATION.BIN_HD_DATA._BIN_HD_DATA._COMPUTE_BINNED_OUTPUTS.SPATIAL_BINNED_RNA_ANALYZER.RUN_GRAPH_CLUSTERING.fork_square_016um
2025-10-21 22:48:38 [runtime] (complete)        ID.F07840_2.SPATIAL_RNA_COUNTER_CS.SPATIAL_RNA_COUNTER.SPATIAL_POST_MATRIX_COMPUTATION.BIN_HD_DATA._BIN_HD_DATA._COMPUTE_BINNED_OUTPUTS.SPATIAL_BINNED_RNA_ANALYZER.RUN_GRAPH_CLUSTERING.fork_square_016um
2025-10-21 22:48:41 [runtime] (complete)        ID.F07840_2.SPATIAL_RNA_COUNTER_CS.SPATIAL_RNA_COUNTER.SPATIAL_POST_MATRIX_COMPUTATION.BIN_HD_DATA._BIN_HD_DATA._COMPUTE_BINNED_OUTPUTS.SPATIAL_BINNED_RNA_ANALYZER.RUN_GRAPH_CLUSTERING.fork_square_016um
2025-10-21 22:48:44 [runtime] (complete)        ID.F07840_2.SPATIAL_RNA_COUNTER_CS.SPATIAL_RNA_COUNTER.SPATIAL_POST_MATRIX_COMPUTATION.BIN_HD_DATA._BIN_HD_DATA._COMPUTE_BINNED_OUTPUTS.SPATIAL_BINNED_RNA_ANALYZER.RUN_GRAPH_CLUSTERING.fork_square_016um
2025-10-21 22:48:47 [runtime] (complete)        ID.F07840_2.SPATIAL_RNA_COUNTER_CS.SPATIAL_RNA_COUNTER.SPATIAL_POST_MATRIX_COMPUTATION.BIN_HD_DATA._BIN_HD_DATA._COMPUTE_BINNED_OUTPUTS.SPATIAL_BINNED_RNA_ANALYZER.RUN_GRAPH_CLUSTERING.fork_square_016um
2025-10-21 22:48:50 [runtime] (complete)        ID.F07840_2.SPATIAL_RNA_COUNTER_CS.SPATIAL_RNA_COUNTER.SPATIAL_POST_MATRIX_COMPUTATION.BIN_HD_DATA._BIN_HD_DATA._COMPUTE_BINNED_OUTPUTS.SPATIAL_BINNED_RNA_ANALYZER.RUN_GRAPH_CLUSTERING.fork_square_016um
2025-10-21 22:48:53 [runtime] (complete)        ID.F07840_2.SPATIAL_RNA_COUNTER_CS.SPATIAL_RNA_COUNTER.SPATIAL_POST_MATRIX_COMPUTATION.BIN_HD_DATA._BIN_HD_DATA._COMPUTE_BINNED_OUTPUTS.SPATIAL_BINNED_RNA_ANALYZER.RUN_GRAPH_CLUSTERING.fork_square_016um
2025-10-21 22:48:56 [runtime] (complete)        ID.F07840_2.SPATIAL_RNA_COUNTER_CS.SPATIAL_RNA_COUNTER.SPATIAL_POST_MATRIX_COMPUTATION.BIN_HD_DATA._BIN_HD_DATA._COMPUTE_BINNED_OUTPUTS.SPATIAL_BINNED_RNA_ANALYZER.RUN_GRAPH_CLUSTERING.fork_square_016um
2025-10-21 22:48:59 [runtime] (complete)        ID.F07840_2.SPATIAL_RNA_COUNTER_CS.SPATIAL_RNA_COUNTER.SPATIAL_POST_MATRIX_COMPUTATION.BIN_HD_DATA._BIN_HD_DATA._COMPUTE_BINNED_OUTPUTS.SPATIAL_BINNED_RNA_ANALYZER.RUN_GRAPH_CLUSTERING.fork_square_016um
2025-10-21 22:49:02 [runtime] (complete)        ID.F07840_2.SPATIAL_RNA_COUNTER_CS.SPATIAL_RNA_COUNTER.SPATIAL_POST_MATRIX_COMPUTATION.BIN_HD_DATA._BIN_HD_DATA._COMPUTE_BINNED_OUTPUTS.SPATIAL_BINNED_RNA_ANALYZER.RUN_GRAPH_CLUSTERING.fork_square_016um
2025-10-21 22:49:05 [runtime] (complete)        ID.F07840_2.SPATIAL_RNA_COUNTER_CS.SPATIAL_RNA_COUNTER.SPATIAL_POST_MATRIX_COMPUTATION.BIN_HD_DATA._BIN_HD_DATA._COMPUTE_BINNED_OUTPUTS.SPATIAL_BINNED_RNA_ANALYZER.RUN_GRAPH_CLUSTERING.fork_square_016um
2025-10-21 22:49:08 [runtime] (complete)        ID.F07840_2.SPATIAL_RNA_COUNTER_CS.SPATIAL_RNA_COUNTER.SPATIAL_POST_MATRIX_COMPUTATION.BIN_HD_DATA._BIN_HD_DATA._COMPUTE_BINNED_OUTPUTS.SPATIAL_BINNED_RNA_ANALYZER.RUN_GRAPH_CLUSTERING.fork_square_016um
2025-10-21 22:49:11 [runtime] (complete)        ID.F07840_2.SPATIAL_RNA_COUNTER_CS.SPATIAL_RNA_COUNTER.SPATIAL_POST_MATRIX_COMPUTATION.BIN_HD_DATA._BIN_HD_DATA._COMPUTE_BINNED_OUTPUTS.SPATIAL_BINNED_RNA_ANALYZER.RUN_GRAPH_CLUSTERING.fork_square_016um
2025-10-21 22:49:14 [runtime] (complete)        ID.F07840_2.SPATIAL_RNA_COUNTER_CS.SPATIAL_RNA_COUNTER.SPATIAL_POST_MATRIX_COMPUTATION.BIN_HD_DATA._BIN_HD_DATA._COMPUTE_BINNED_OUTPUTS.SPATIAL_BINNED_RNA_ANALYZER.RUN_GRAPH_CLUSTERING.fork_square_016um
2025-10-21 22:49:17 [runtime] (complete)        ID.F07840_2.SPATIAL_RNA_COUNTER_CS.SPATIAL_RNA_COUNTER.SPATIAL_POST_MATRIX_COMPUTATION.BIN_HD_DATA._BIN_HD_DATA._COMPUTE_BINNED_OUTPUTS.SPATIAL_BINNED_RNA_ANALYZER.RUN_GRAPH_CLUSTERING.fork_square_016um
2025-10-21 22:49:20 [runtime] (complete)        ID.F07840_2.SPATIAL_RNA_COUNTER_CS.SPATIAL_RNA_COUNTER.SPATIAL_POST_MATRIX_COMPUTATION.BIN_HD_DATA._BIN_HD_DATA._COMPUTE_BINNED_OUTPUTS.SPATIAL_BINNED_RNA_ANALYZER.RUN_GRAPH_CLUSTERING.fork_square_016um
2025-10-21 22:49:23 [runtime] (complete)        ID.F07840_2.SPATIAL_RNA_COUNTER_CS.SPATIAL_RNA_COUNTER.SPATIAL_POST_MATRIX_COMPUTATION.BIN_HD_DATA._BIN_HD_DATA._COMPUTE_BINNED_OUTPUTS.SPATIAL_BINNED_RNA_ANALYZER.RUN_GRAPH_CLUSTERING.fork_square_016um
2025-10-21 22:49:26 [runtime] (complete)        ID.F07840_2.SPATIAL_RNA_COUNTER_CS.SPATIAL_RNA_COUNTER.SPATIAL_POST_MATRIX_COMPUTATION.BIN_HD_DATA._BIN_HD_DATA._COMPUTE_BINNED_OUTPUTS.SPATIAL_BINNED_RNA_ANALYZER.RUN_GRAPH_CLUSTERING.fork_square_016um
2025-10-21 22:49:29 [runtime] (complete)        ID.F07840_2.SPATIAL_RNA_COUNTER_CS.SPATIAL_RNA_COUNTER.SPATIAL_POST_MATRIX_COMPUTATION.BIN_HD_DATA._BIN_HD_DATA._COMPUTE_BINNED_OUTPUTS.SPATIAL_BINNED_RNA_ANALYZER.RUN_GRAPH_CLUSTERING.fork_square_016um
2025-10-21 22:49:32 [runtime] (complete)        ID.F07840_2.SPATIAL_RNA_COUNTER_CS.SPATIAL_RNA_COUNTER.SPATIAL_POST_MATRIX_COMPUTATION.BIN_HD_DATA._BIN_HD_DATA._COMPUTE_BINNED_OUTPUTS.SPATIAL_BINNED_RNA_ANALYZER.RUN_GRAPH_CLUSTERING.fork_square_016um
2025-10-21 22:49:35 [runtime] (complete)        ID.F07840_2.SPATIAL_RNA_COUNTER_CS.SPATIAL_RNA_COUNTER.SPATIAL_POST_MATRIX_COMPUTATION.BIN_HD_DATA._BIN_HD_DATA._COMPUTE_BINNED_OUTPUTS.SPATIAL_BINNED_RNA_ANALYZER.RUN_GRAPH_CLUSTERING.fork_square_016um
2025-10-21 22:49:38 [runtime] (complete)        ID.F07840_2.SPATIAL_RNA_COUNTER_CS.SPATIAL_RNA_COUNTER.SPATIAL_POST_MATRIX_COMPUTATION.BIN_HD_DATA._BIN_HD_DATA._COMPUTE_BINNED_OUTPUTS.SPATIAL_BINNED_RNA_ANALYZER.RUN_GRAPH_CLUSTERING.fork_square_016um
2025-10-21 22:49:41 [runtime] (complete)        ID.F07840_2.SPATIAL_RNA_COUNTER_CS.SPATIAL_RNA_COUNTER.SPATIAL_POST_MATRIX_COMPUTATION.BIN_HD_DATA._BIN_HD_DATA._COMPUTE_BINNED_OUTPUTS.SPATIAL_BINNED_RNA_ANALYZER.RUN_GRAPH_CLUSTERING.fork_square_016um
2025-10-21 22:49:44 [runtime] (complete)        ID.F07840_2.SPATIAL_RNA_COUNTER_CS.SPATIAL_RNA_COUNTER.SPATIAL_POST_MATRIX_COMPUTATION.BIN_HD_DATA._BIN_HD_DATA._COMPUTE_BINNED_OUTPUTS.SPATIAL_BINNED_RNA_ANALYZER.RUN_GRAPH_CLUSTERING.fork_square_016um
2025-10-21 22:49:47 [runtime] (complete)        ID.F07840_2.SPATIAL_RNA_COUNTER_CS.SPATIAL_RNA_COUNTER.SPATIAL_POST_MATRIX_COMPUTATION.BIN_HD_DATA._BIN_HD_DATA._COMPUTE_BINNED_OUTPUTS.SPATIAL_BINNED_RNA_ANALYZER.RUN_GRAPH_CLUSTERING.fork_square_016um
2025-10-21 22:49:50 [runtime] (complete)        ID.F07840_2.SPATIAL_RNA_COUNTER_CS.SPATIAL_RNA_COUNTER.SPATIAL_POST_MATRIX_COMPUTATION.BIN_HD_DATA._BIN_HD_DATA._COMPUTE_BINNED_OUTPUTS.SPATIAL_BINNED_RNA_ANALYZER.RUN_GRAPH_CLUSTERING.fork_square_016um
2025-10-21 22:49:53 [runtime] (complete)        ID.F07840_2.SPATIAL_RNA_COUNTER_CS.SPATIAL_RNA_COUNTER.SPATIAL_POST_MATRIX_COMPUTATION.BIN_HD_DATA._BIN_HD_DATA._COMPUTE_BINNED_OUTPUTS.SPATIAL_BINNED_RNA_ANALYZER.RUN_GRAPH_CLUSTERING.fork_square_016um
2025-10-21 22:49:56 [runtime] (complete)        ID.F07840_2.SPATIAL_RNA_COUNTER_CS.SPATIAL_RNA_COUNTER.SPATIAL_POST_MATRIX_COMPUTATION.BIN_HD_DATA._BIN_HD_DATA._COMPUTE_BINNED_OUTPUTS.SPATIAL_BINNED_RNA_ANALYZER.RUN_GRAPH_CLUSTERING.fork_square_016um
2025-10-21 22:49:59 [runtime] (complete)        ID.F07840_2.SPATIAL_RNA_COUNTER_CS.SPATIAL_RNA_COUNTER.SPATIAL_POST_MATRIX_COMPUTATION.BIN_HD_DATA._BIN_HD_DATA._COMPUTE_BINNED_OUTPUTS.SPATIAL_BINNED_RNA_ANALYZER.RUN_GRAPH_CLUSTERING.fork_square_016um
2025-10-21 22:50:02 [runtime] (complete)        ID.F07840_2.SPATIAL_RNA_COUNTER_CS.SPATIAL_RNA_COUNTER.SPATIAL_POST_MATRIX_COMPUTATION.BIN_HD_DATA._BIN_HD_DATA._COMPUTE_BINNED_OUTPUTS.SPATIAL_BINNED_RNA_ANALYZER.RUN_GRAPH_CLUSTERING.fork_square_016um
2025-10-21 22:50:05 [runtime] (complete)        ID.F07840_2.SPATIAL_RNA_COUNTER_CS.SPATIAL_RNA_COUNTER.SPATIAL_POST_MATRIX_COMPUTATION.BIN_HD_DATA._BIN_HD_DATA._COMPUTE_BINNED_OUTPUTS.SPATIAL_BINNED_RNA_ANALYZER.RUN_GRAPH_CLUSTERING.fork_square_016um
2025-10-21 22:50:08 [runtime] (complete)        ID.F07840_2.SPATIAL_RNA_COUNTER_CS.SPATIAL_RNA_COUNTER.SPATIAL_POST_MATRIX_COMPUTATION.BIN_HD_DATA._BIN_HD_DATA._COMPUTE_BINNED_OUTPUTS.SPATIAL_BINNED_RNA_ANALYZER.RUN_GRAPH_CLUSTERING.fork_square_016um
2025-10-21 22:50:11 [runtime] (complete)        ID.F07840_2.SPATIAL_RNA_COUNTER_CS.SPATIAL_RNA_COUNTER.SPATIAL_POST_MATRIX_COMPUTATION.BIN_HD_DATA._BIN_HD_DATA._COMPUTE_BINNED_OUTPUTS.SPATIAL_BINNED_RNA_ANALYZER.RUN_GRAPH_CLUSTERING.fork_square_016um
2025-10-21 22:50:14 [runtime] (complete)        ID.F07840_2.SPATIAL_RNA_COUNTER_CS.SPATIAL_RNA_COUNTER.SPATIAL_POST_MATRIX_COMPUTATION.BIN_HD_DATA._BIN_HD_DATA._COMPUTE_BINNED_OUTPUTS.SPATIAL_BINNED_RNA_ANALYZER.RUN_GRAPH_CLUSTERING.fork_square_016um
2025-10-21 22:50:17 [runtime] (complete)        ID.F07840_2.SPATIAL_RNA_COUNTER_CS.SPATIAL_RNA_COUNTER.SPATIAL_POST_MATRIX_COMPUTATION.BIN_HD_DATA._BIN_HD_DATA._COMPUTE_BINNED_OUTPUTS.SPATIAL_BINNED_RNA_ANALYZER.RUN_GRAPH_CLUSTERING.fork_square_016um
2025-10-21 22:50:20 [runtime] (complete)        ID.F07840_2.SPATIAL_RNA_COUNTER_CS.SPATIAL_RNA_COUNTER.SPATIAL_POST_MATRIX_COMPUTATION.BIN_HD_DATA._BIN_HD_DATA._COMPUTE_BINNED_OUTPUTS.SPATIAL_BINNED_RNA_ANALYZER.RUN_GRAPH_CLUSTERING.fork_square_016um
2025-10-21 22:50:23 [runtime] (complete)        ID.F07840_2.SPATIAL_RNA_COUNTER_CS.SPATIAL_RNA_COUNTER.SPATIAL_POST_MATRIX_COMPUTATION.BIN_HD_DATA._BIN_HD_DATA._COMPUTE_BINNED_OUTPUTS.SPATIAL_BINNED_RNA_ANALYZER.RUN_GRAPH_CLUSTERING.fork_square_016um
2025-10-21 22:50:26 [runtime] (complete)        ID.F07840_2.SPATIAL_RNA_COUNTER_CS.SPATIAL_RNA_COUNTER.SPATIAL_POST_MATRIX_COMPUTATION.BIN_HD_DATA._BIN_HD_DATA._COMPUTE_BINNED_OUTPUTS.SPATIAL_BINNED_RNA_ANALYZER.RUN_GRAPH_CLUSTERING.fork_square_016um
2025-10-21 22:50:29 [runtime] (complete)        ID.F07840_2.SPATIAL_RNA_COUNTER_CS.SPATIAL_RNA_COUNTER.SPATIAL_POST_MATRIX_COMPUTATION.BIN_HD_DATA._BIN_HD_DATA._COMPUTE_BINNED_OUTPUTS.SPATIAL_BINNED_RNA_ANALYZER.RUN_GRAPH_CLUSTERING.fork_square_016um
2025-10-21 22:50:32 [runtime] (complete)        ID.F07840_2.SPATIAL_RNA_COUNTER_CS.SPATIAL_RNA_COUNTER.SPATIAL_POST_MATRIX_COMPUTATION.BIN_HD_DATA._BIN_HD_DATA._COMPUTE_BINNED_OUTPUTS.SPATIAL_BINNED_RNA_ANALYZER.RUN_GRAPH_CLUSTERING.fork_square_016um
2025-10-21 22:50:35 [runtime] (complete)        ID.F07840_2.SPATIAL_RNA_COUNTER_CS.SPATIAL_RNA_COUNTER.SPATIAL_POST_MATRIX_COMPUTATION.BIN_HD_DATA._BIN_HD_DATA._COMPUTE_BINNED_OUTPUTS.SPATIAL_BINNED_RNA_ANALYZER.RUN_GRAPH_CLUSTERING.fork_square_016um
2025-10-21 22:50:38 [runtime] (complete)        ID.F07840_2.SPATIAL_RNA_COUNTER_CS.SPATIAL_RNA_COUNTER.SPATIAL_POST_MATRIX_COMPUTATION.BIN_HD_DATA._BIN_HD_DATA._COMPUTE_BINNED_OUTPUTS.SPATIAL_BINNED_RNA_ANALYZER.RUN_GRAPH_CLUSTERING.fork_square_016um
2025-10-21 22:50:41 [runtime] (complete)        ID.F07840_2.SPATIAL_RNA_COUNTER_CS.SPATIAL_RNA_COUNTER.SPATIAL_POST_MATRIX_COMPUTATION.BIN_HD_DATA._BIN_HD_DATA._COMPUTE_BINNED_OUTPUTS.SPATIAL_BINNED_RNA_ANALYZER.RUN_GRAPH_CLUSTERING.fork_square_016um
2025-10-21 22:50:44 [runtime] (complete)        ID.F07840_2.SPATIAL_RNA_COUNTER_CS.SPATIAL_RNA_COUNTER.SPATIAL_POST_MATRIX_COMPUTATION.BIN_HD_DATA._BIN_HD_DATA._COMPUTE_BINNED_OUTPUTS.SPATIAL_BINNED_RNA_ANALYZER.RUN_GRAPH_CLUSTERING.fork_square_016um
2025-10-21 22:50:47 [runtime] (complete)        ID.F07840_2.SPATIAL_RNA_COUNTER_CS.SPATIAL_RNA_COUNTER.SPATIAL_POST_MATRIX_COMPUTATION.BIN_HD_DATA._BIN_HD_DATA._COMPUTE_BINNED_OUTPUTS.SPATIAL_BINNED_RNA_ANALYZER.RUN_GRAPH_CLUSTERING.fork_square_016um
2025-10-21 22:50:50 [runtime] (complete)        ID.F07840_2.SPATIAL_RNA_COUNTER_CS.SPATIAL_RNA_COUNTER.SPATIAL_POST_MATRIX_COMPUTATION.BIN_HD_DATA._BIN_HD_DATA._COMPUTE_BINNED_OUTPUTS.SPATIAL_BINNED_RNA_ANALYZER.RUN_GRAPH_CLUSTERING.fork_square_016um
2025-10-21 22:50:53 [runtime] (complete)        ID.F07840_2.SPATIAL_RNA_COUNTER_CS.SPATIAL_RNA_COUNTER.SPATIAL_POST_MATRIX_COMPUTATION.BIN_HD_DATA._BIN_HD_DATA._COMPUTE_BINNED_OUTPUTS.SPATIAL_BINNED_RNA_ANALYZER.RUN_GRAPH_CLUSTERING.fork_square_016um
2025-10-21 22:50:56 [runtime] (complete)        ID.F07840_2.SPATIAL_RNA_COUNTER_CS.SPATIAL_RNA_COUNTER.SPATIAL_POST_MATRIX_COMPUTATION.BIN_HD_DATA._BIN_HD_DATA._COMPUTE_BINNED_OUTPUTS.SPATIAL_BINNED_RNA_ANALYZER.RUN_GRAPH_CLUSTERING.fork_square_016um
2025-10-21 22:50:59 [runtime] (complete)        ID.F07840_2.SPATIAL_RNA_COUNTER_CS.SPATIAL_RNA_COUNTER.SPATIAL_POST_MATRIX_COMPUTATION.BIN_HD_DATA._BIN_HD_DATA._COMPUTE_BINNED_OUTPUTS.SPATIAL_BINNED_RNA_ANALYZER.RUN_GRAPH_CLUSTERING.fork_square_016um
2025-10-21 22:51:02 [runtime] (complete)        ID.F07840_2.SPATIAL_RNA_COUNTER_CS.SPATIAL_RNA_COUNTER.SPATIAL_POST_MATRIX_COMPUTATION.BIN_HD_DATA._BIN_HD_DATA._COMPUTE_BINNED_OUTPUTS.SPATIAL_BINNED_RNA_ANALYZER.RUN_GRAPH_CLUSTERING.fork_square_016um
2025-10-21 22:51:05 [runtime] (complete)        ID.F07840_2.SPATIAL_RNA_COUNTER_CS.SPATIAL_RNA_COUNTER.SPATIAL_POST_MATRIX_COMPUTATION.BIN_HD_DATA._BIN_HD_DATA._COMPUTE_BINNED_OUTPUTS.SPATIAL_BINNED_RNA_ANALYZER.RUN_GRAPH_CLUSTERING.fork_square_016um
2025-10-21 22:51:08 [runtime] (complete)        ID.F07840_2.SPATIAL_RNA_COUNTER_CS.SPATIAL_RNA_COUNTER.SPATIAL_POST_MATRIX_COMPUTATION.BIN_HD_DATA._BIN_HD_DATA._COMPUTE_BINNED_OUTPUTS.SPATIAL_BINNED_RNA_ANALYZER.RUN_GRAPH_CLUSTERING.fork_square_016um
2025-10-21 22:51:11 [runtime] (complete)        ID.F07840_2.SPATIAL_RNA_COUNTER_CS.SPATIAL_RNA_COUNTER.SPATIAL_POST_MATRIX_COMPUTATION.BIN_HD_DATA._BIN_HD_DATA._COMPUTE_BINNED_OUTPUTS.SPATIAL_BINNED_RNA_ANALYZER.RUN_GRAPH_CLUSTERING.fork_square_016um
2025-10-21 22:51:14 [runtime] (complete)        ID.F07840_2.SPATIAL_RNA_COUNTER_CS.SPATIAL_RNA_COUNTER.SPATIAL_POST_MATRIX_COMPUTATION.BIN_HD_DATA._BIN_HD_DATA._COMPUTE_BINNED_OUTPUTS.SPATIAL_BINNED_RNA_ANALYZER.RUN_GRAPH_CLUSTERING.fork_square_016um
2025-10-21 22:51:17 [runtime] (complete)        ID.F07840_2.SPATIAL_RNA_COUNTER_CS.SPATIAL_RNA_COUNTER.SPATIAL_POST_MATRIX_COMPUTATION.BIN_HD_DATA._BIN_HD_DATA._COMPUTE_BINNED_OUTPUTS.SPATIAL_BINNED_RNA_ANALYZER.RUN_GRAPH_CLUSTERING.fork_square_016um
2025-10-21 22:51:20 [runtime] (complete)        ID.F07840_2.SPATIAL_RNA_COUNTER_CS.SPATIAL_RNA_COUNTER.SPATIAL_POST_MATRIX_COMPUTATION.BIN_HD_DATA._BIN_HD_DATA._COMPUTE_BINNED_OUTPUTS.SPATIAL_BINNED_RNA_ANALYZER.RUN_GRAPH_CLUSTERING.fork_square_016um
2025-10-21 22:51:23 [runtime] (complete)        ID.F07840_2.SPATIAL_RNA_COUNTER_CS.SPATIAL_RNA_COUNTER.SPATIAL_POST_MATRIX_COMPUTATION.BIN_HD_DATA._BIN_HD_DATA._COMPUTE_BINNED_OUTPUTS.SPATIAL_BINNED_RNA_ANALYZER.RUN_GRAPH_CLUSTERING.fork_square_016um
2025-10-21 22:51:26 [runtime] (complete)        ID.F07840_2.SPATIAL_RNA_COUNTER_CS.SPATIAL_RNA_COUNTER.SPATIAL_POST_MATRIX_COMPUTATION.BIN_HD_DATA._BIN_HD_DATA._COMPUTE_BINNED_OUTPUTS.SPATIAL_BINNED_RNA_ANALYZER.RUN_GRAPH_CLUSTERING.fork_square_016um
2025-10-21 22:51:29 [runtime] (complete)        ID.F07840_2.SPATIAL_RNA_COUNTER_CS.SPATIAL_RNA_COUNTER.SPATIAL_POST_MATRIX_COMPUTATION.BIN_HD_DATA._BIN_HD_DATA._COMPUTE_BINNED_OUTPUTS.SPATIAL_BINNED_RNA_ANALYZER.RUN_GRAPH_CLUSTERING.fork_square_016um
2025-10-21 22:51:33 [runtime] (complete)        ID.F07840_2.SPATIAL_RNA_COUNTER_CS.SPATIAL_RNA_COUNTER.SPATIAL_POST_MATRIX_COMPUTATION.BIN_HD_DATA._BIN_HD_DATA._COMPUTE_BINNED_OUTPUTS.SPATIAL_BINNED_RNA_ANALYZER.RUN_GRAPH_CLUSTERING.fork_square_016um
2025-10-21 22:51:36 [runtime] (complete)        ID.F07840_2.SPATIAL_RNA_COUNTER_CS.SPATIAL_RNA_COUNTER.SPATIAL_POST_MATRIX_COMPUTATION.BIN_HD_DATA._BIN_HD_DATA._COMPUTE_BINNED_OUTPUTS.SPATIAL_BINNED_RNA_ANALYZER.RUN_GRAPH_CLUSTERING.fork_square_016um
2025-10-21 22:51:39 [runtime] (complete)        ID.F07840_2.SPATIAL_RNA_COUNTER_CS.SPATIAL_RNA_COUNTER.SPATIAL_POST_MATRIX_COMPUTATION.BIN_HD_DATA._BIN_HD_DATA._COMPUTE_BINNED_OUTPUTS.SPATIAL_BINNED_RNA_ANALYZER.RUN_GRAPH_CLUSTERING.fork_square_016um
2025-10-21 22:51:42 [runtime] (complete)        ID.F07840_2.SPATIAL_RNA_COUNTER_CS.SPATIAL_RNA_COUNTER.SPATIAL_POST_MATRIX_COMPUTATION.BIN_HD_DATA._BIN_HD_DATA._COMPUTE_BINNED_OUTPUTS.SPATIAL_BINNED_RNA_ANALYZER.RUN_GRAPH_CLUSTERING.fork_square_016um
2025-10-21 22:51:45 [runtime] (complete)        ID.F07840_2.SPATIAL_RNA_COUNTER_CS.SPATIAL_RNA_COUNTER.SPATIAL_POST_MATRIX_COMPUTATION.BIN_HD_DATA._BIN_HD_DATA._COMPUTE_BINNED_OUTPUTS.SPATIAL_BINNED_RNA_ANALYZER.RUN_GRAPH_CLUSTERING.fork_square_016um
2025-10-21 22:51:48 [runtime] (complete)        ID.F07840_2.SPATIAL_RNA_COUNTER_CS.SPATIAL_RNA_COUNTER.SPATIAL_POST_MATRIX_COMPUTATION.BIN_HD_DATA._BIN_HD_DATA._COMPUTE_BINNED_OUTPUTS.SPATIAL_BINNED_RNA_ANALYZER.RUN_GRAPH_CLUSTERING.fork_square_016um
2025-10-21 22:51:51 [runtime] (complete)        ID.F07840_2.SPATIAL_RNA_COUNTER_CS.SPATIAL_RNA_COUNTER.SPATIAL_POST_MATRIX_COMPUTATION.BIN_HD_DATA._BIN_HD_DATA._COMPUTE_BINNED_OUTPUTS.SPATIAL_BINNED_RNA_ANALYZER.RUN_GRAPH_CLUSTERING.fork_square_016um
2025-10-21 22:51:54 [runtime] (complete)        ID.F07840_2.SPATIAL_RNA_COUNTER_CS.SPATIAL_RNA_COUNTER.SPATIAL_POST_MATRIX_COMPUTATION.BIN_HD_DATA._BIN_HD_DATA._COMPUTE_BINNED_OUTPUTS.SPATIAL_BINNED_RNA_ANALYZER.RUN_GRAPH_CLUSTERING.fork_square_016um
2025-10-21 22:51:57 [runtime] (complete)        ID.F07840_2.SPATIAL_RNA_COUNTER_CS.SPATIAL_RNA_COUNTER.SPATIAL_POST_MATRIX_COMPUTATION.BIN_HD_DATA._BIN_HD_DATA._COMPUTE_BINNED_OUTPUTS.SPATIAL_BINNED_RNA_ANALYZER.RUN_GRAPH_CLUSTERING.fork_square_016um
2025-10-21 22:52:00 [runtime] (complete)        ID.F07840_2.SPATIAL_RNA_COUNTER_CS.SPATIAL_RNA_COUNTER.SPATIAL_POST_MATRIX_COMPUTATION.BIN_HD_DATA._BIN_HD_DATA._COMPUTE_BINNED_OUTPUTS.SPATIAL_BINNED_RNA_ANALYZER.RUN_GRAPH_CLUSTERING.fork_square_016um
2025-10-21 22:52:03 [runtime] (complete)        ID.F07840_2.SPATIAL_RNA_COUNTER_CS.SPATIAL_RNA_COUNTER.SPATIAL_POST_MATRIX_COMPUTATION.BIN_HD_DATA._BIN_HD_DATA._COMPUTE_BINNED_OUTPUTS.SPATIAL_BINNED_RNA_ANALYZER.RUN_GRAPH_CLUSTERING.fork_square_016um
2025-10-21 22:52:06 [runtime] (complete)        ID.F07840_2.SPATIAL_RNA_COUNTER_CS.SPATIAL_RNA_COUNTER.SPATIAL_POST_MATRIX_COMPUTATION.BIN_HD_DATA._BIN_HD_DATA._COMPUTE_BINNED_OUTPUTS.SPATIAL_BINNED_RNA_ANALYZER.RUN_GRAPH_CLUSTERING.fork_square_016um
2025-10-21 22:52:09 [runtime] (complete)        ID.F07840_2.SPATIAL_RNA_COUNTER_CS.SPATIAL_RNA_COUNTER.SPATIAL_POST_MATRIX_COMPUTATION.BIN_HD_DATA._BIN_HD_DATA._COMPUTE_BINNED_OUTPUTS.SPATIAL_BINNED_RNA_ANALYZER.RUN_GRAPH_CLUSTERING.fork_square_016um
2025-10-21 22:52:12 [runtime] (complete)        ID.F07840_2.SPATIAL_RNA_COUNTER_CS.SPATIAL_RNA_COUNTER.SPATIAL_POST_MATRIX_COMPUTATION.BIN_HD_DATA._BIN_HD_DATA._COMPUTE_BINNED_OUTPUTS.SPATIAL_BINNED_RNA_ANALYZER.RUN_GRAPH_CLUSTERING.fork_square_016um
2025-10-21 22:52:15 [runtime] (complete)        ID.F07840_2.SPATIAL_RNA_COUNTER_CS.SPATIAL_RNA_COUNTER.SPATIAL_POST_MATRIX_COMPUTATION.BIN_HD_DATA._BIN_HD_DATA._COMPUTE_BINNED_OUTPUTS.SPATIAL_BINNED_RNA_ANALYZER.RUN_GRAPH_CLUSTERING.fork_square_016um
2025-10-21 22:52:18 [runtime] (complete)        ID.F07840_2.SPATIAL_RNA_COUNTER_CS.SPATIAL_RNA_COUNTER.SPATIAL_POST_MATRIX_COMPUTATION.BIN_HD_DATA._BIN_HD_DATA._COMPUTE_BINNED_OUTPUTS.SPATIAL_BINNED_RNA_ANALYZER.RUN_GRAPH_CLUSTERING.fork_square_016um
2025-10-21 22:52:21 [runtime] (complete)        ID.F07840_2.SPATIAL_RNA_COUNTER_CS.SPATIAL_RNA_COUNTER.SPATIAL_POST_MATRIX_COMPUTATION.BIN_HD_DATA._BIN_HD_DATA._COMPUTE_BINNED_OUTPUTS.SPATIAL_BINNED_RNA_ANALYZER.RUN_GRAPH_CLUSTERING.fork_square_016um
2025-10-21 22:52:24 [runtime] (complete)        ID.F07840_2.SPATIAL_RNA_COUNTER_CS.SPATIAL_RNA_COUNTER.SPATIAL_POST_MATRIX_COMPUTATION.BIN_HD_DATA._BIN_HD_DATA._COMPUTE_BINNED_OUTPUTS.SPATIAL_BINNED_RNA_ANALYZER.RUN_GRAPH_CLUSTERING.fork_square_016um
2025-10-21 22:52:27 [runtime] (complete)        ID.F07840_2.SPATIAL_RNA_COUNTER_CS.SPATIAL_RNA_COUNTER.SPATIAL_POST_MATRIX_COMPUTATION.BIN_HD_DATA._BIN_HD_DATA._COMPUTE_BINNED_OUTPUTS.SPATIAL_BINNED_RNA_ANALYZER.RUN_GRAPH_CLUSTERING.fork_square_016um
2025-10-21 22:52:30 [runtime] (complete)        ID.F07840_2.SPATIAL_RNA_COUNTER_CS.SPATIAL_RNA_COUNTER.SPATIAL_POST_MATRIX_COMPUTATION.BIN_HD_DATA._BIN_HD_DATA._COMPUTE_BINNED_OUTPUTS.SPATIAL_BINNED_RNA_ANALYZER.RUN_GRAPH_CLUSTERING.fork_square_016um
2025-10-21 22:52:33 [runtime] (complete)        ID.F07840_2.SPATIAL_RNA_COUNTER_CS.SPATIAL_RNA_COUNTER.SPATIAL_POST_MATRIX_COMPUTATION.BIN_HD_DATA._BIN_HD_DATA._COMPUTE_BINNED_OUTPUTS.SPATIAL_BINNED_RNA_ANALYZER.RUN_GRAPH_CLUSTERING.fork_square_016um
2025-10-21 22:52:36 [runtime] (complete)        ID.F07840_2.SPATIAL_RNA_COUNTER_CS.SPATIAL_RNA_COUNTER.SPATIAL_POST_MATRIX_COMPUTATION.BIN_HD_DATA._BIN_HD_DATA._COMPUTE_BINNED_OUTPUTS.SPATIAL_BINNED_RNA_ANALYZER.RUN_GRAPH_CLUSTERING.fork_square_016um
2025-10-21 22:52:39 [runtime] (complete)        ID.F07840_2.SPATIAL_RNA_COUNTER_CS.SPATIAL_RNA_COUNTER.SPATIAL_POST_MATRIX_COMPUTATION.BIN_HD_DATA._BIN_HD_DATA._COMPUTE_BINNED_OUTPUTS.SPATIAL_BINNED_RNA_ANALYZER.RUN_GRAPH_CLUSTERING.fork_square_016um
2025-10-21 22:52:42 [runtime] (complete)        ID.F07840_2.SPATIAL_RNA_COUNTER_CS.SPATIAL_RNA_COUNTER.SPATIAL_POST_MATRIX_COMPUTATION.BIN_HD_DATA._BIN_HD_DATA._COMPUTE_BINNED_OUTPUTS.SPATIAL_BINNED_RNA_ANALYZER.RUN_GRAPH_CLUSTERING.fork_square_016um
2025-10-21 22:52:45 [runtime] (complete)        ID.F07840_2.SPATIAL_RNA_COUNTER_CS.SPATIAL_RNA_COUNTER.SPATIAL_POST_MATRIX_COMPUTATION.BIN_HD_DATA._BIN_HD_DATA._COMPUTE_BINNED_OUTPUTS.SPATIAL_BINNED_RNA_ANALYZER.RUN_GRAPH_CLUSTERING.fork_square_016um
2025-10-21 22:52:48 [runtime] (complete)        ID.F07840_2.SPATIAL_RNA_COUNTER_CS.SPATIAL_RNA_COUNTER.SPATIAL_POST_MATRIX_COMPUTATION.BIN_HD_DATA._BIN_HD_DATA._COMPUTE_BINNED_OUTPUTS.SPATIAL_BINNED_RNA_ANALYZER.RUN_GRAPH_CLUSTERING.fork_square_016um
2025-10-21 22:52:51 [runtime] (complete)        ID.F07840_2.SPATIAL_RNA_COUNTER_CS.SPATIAL_RNA_COUNTER.SPATIAL_POST_MATRIX_COMPUTATION.BIN_HD_DATA._BIN_HD_DATA._COMPUTE_BINNED_OUTPUTS.SPATIAL_BINNED_RNA_ANALYZER.RUN_GRAPH_CLUSTERING.fork_square_016um
2025-10-21 22:52:54 [runtime] (complete)        ID.F07840_2.SPATIAL_RNA_COUNTER_CS.SPATIAL_RNA_COUNTER.SPATIAL_POST_MATRIX_COMPUTATION.BIN_HD_DATA._BIN_HD_DATA._COMPUTE_BINNED_OUTPUTS.SPATIAL_BINNED_RNA_ANALYZER.RUN_GRAPH_CLUSTERING.fork_square_016um
2025-10-21 22:52:57 [runtime] (complete)        ID.F07840_2.SPATIAL_RNA_COUNTER_CS.SPATIAL_RNA_COUNTER.SPATIAL_POST_MATRIX_COMPUTATION.BIN_HD_DATA._BIN_HD_DATA._COMPUTE_BINNED_OUTPUTS.SPATIAL_BINNED_RNA_ANALYZER.RUN_GRAPH_CLUSTERING.fork_square_016um
2025-10-21 22:53:00 [runtime] (complete)        ID.F07840_2.SPATIAL_RNA_COUNTER_CS.SPATIAL_RNA_COUNTER.SPATIAL_POST_MATRIX_COMPUTATION.BIN_HD_DATA._BIN_HD_DATA._COMPUTE_BINNED_OUTPUTS.SPATIAL_BINNED_RNA_ANALYZER.RUN_GRAPH_CLUSTERING.fork_square_016um
2025-10-21 22:53:03 [runtime] (complete)        ID.F07840_2.SPATIAL_RNA_COUNTER_CS.SPATIAL_RNA_COUNTER.SPATIAL_POST_MATRIX_COMPUTATION.BIN_HD_DATA._BIN_HD_DATA._COMPUTE_BINNED_OUTPUTS.SPATIAL_BINNED_RNA_ANALYZER.RUN_GRAPH_CLUSTERING.fork_square_016um
2025-10-21 22:53:06 [runtime] (complete)        ID.F07840_2.SPATIAL_RNA_COUNTER_CS.SPATIAL_RNA_COUNTER.SPATIAL_POST_MATRIX_COMPUTATION.BIN_HD_DATA._BIN_HD_DATA._COMPUTE_BINNED_OUTPUTS.SPATIAL_BINNED_RNA_ANALYZER.RUN_GRAPH_CLUSTERING.fork_square_016um
2025-10-21 22:53:09 [runtime] (complete)        ID.F07840_2.SPATIAL_RNA_COUNTER_CS.SPATIAL_RNA_COUNTER.SPATIAL_POST_MATRIX_COMPUTATION.BIN_HD_DATA._BIN_HD_DATA._COMPUTE_BINNED_OUTPUTS.SPATIAL_BINNED_RNA_ANALYZER.RUN_GRAPH_CLUSTERING.fork_square_016um
2025-10-21 22:53:12 [runtime] (complete)        ID.F07840_2.SPATIAL_RNA_COUNTER_CS.SPATIAL_RNA_COUNTER.SPATIAL_POST_MATRIX_COMPUTATION.BIN_HD_DATA._BIN_HD_DATA._COMPUTE_BINNED_OUTPUTS.SPATIAL_BINNED_RNA_ANALYZER.RUN_GRAPH_CLUSTERING.fork_square_016um
2025-10-21 22:53:15 [runtime] (complete)        ID.F07840_2.SPATIAL_RNA_COUNTER_CS.SPATIAL_RNA_COUNTER.SPATIAL_POST_MATRIX_COMPUTATION.BIN_HD_DATA._BIN_HD_DATA._COMPUTE_BINNED_OUTPUTS.SPATIAL_BINNED_RNA_ANALYZER.RUN_GRAPH_CLUSTERING.fork_square_016um
2025-10-21 22:53:18 [runtime] (complete)        ID.F07840_2.SPATIAL_RNA_COUNTER_CS.SPATIAL_RNA_COUNTER.SPATIAL_POST_MATRIX_COMPUTATION.BIN_HD_DATA._BIN_HD_DATA._COMPUTE_BINNED_OUTPUTS.SPATIAL_BINNED_RNA_ANALYZER.RUN_GRAPH_CLUSTERING.fork_square_016um
2025-10-21 22:53:21 [runtime] (complete)        ID.F07840_2.SPATIAL_RNA_COUNTER_CS.SPATIAL_RNA_COUNTER.SPATIAL_POST_MATRIX_COMPUTATION.BIN_HD_DATA._BIN_HD_DATA._COMPUTE_BINNED_OUTPUTS.SPATIAL_BINNED_RNA_ANALYZER.RUN_GRAPH_CLUSTERING.fork_square_016um
2025-10-21 22:53:24 [runtime] (complete)        ID.F07840_2.SPATIAL_RNA_COUNTER_CS.SPATIAL_RNA_COUNTER.SPATIAL_POST_MATRIX_COMPUTATION.BIN_HD_DATA._BIN_HD_DATA._COMPUTE_BINNED_OUTPUTS.SPATIAL_BINNED_RNA_ANALYZER.RUN_GRAPH_CLUSTERING.fork_square_016um
2025-10-21 22:53:27 [runtime] (complete)        ID.F07840_2.SPATIAL_RNA_COUNTER_CS.SPATIAL_RNA_COUNTER.SPATIAL_POST_MATRIX_COMPUTATION.BIN_HD_DATA._BIN_HD_DATA._COMPUTE_BINNED_OUTPUTS.SPATIAL_BINNED_RNA_ANALYZER.RUN_GRAPH_CLUSTERING.fork_square_016um
2025-10-21 22:53:30 [runtime] (complete)        ID.F07840_2.SPATIAL_RNA_COUNTER_CS.SPATIAL_RNA_COUNTER.SPATIAL_POST_MATRIX_COMPUTATION.BIN_HD_DATA._BIN_HD_DATA._COMPUTE_BINNED_OUTPUTS.SPATIAL_BINNED_RNA_ANALYZER.RUN_GRAPH_CLUSTERING.fork_square_016um
2025-10-21 22:53:33 [runtime] (complete)        ID.F07840_2.SPATIAL_RNA_COUNTER_CS.SPATIAL_RNA_COUNTER.SPATIAL_POST_MATRIX_COMPUTATION.BIN_HD_DATA._BIN_HD_DATA._COMPUTE_BINNED_OUTPUTS.SPATIAL_BINNED_RNA_ANALYZER.RUN_GRAPH_CLUSTERING.fork_square_016um
2025-10-21 22:53:36 [runtime] (complete)        ID.F07840_2.SPATIAL_RNA_COUNTER_CS.SPATIAL_RNA_COUNTER.SPATIAL_POST_MATRIX_COMPUTATION.BIN_HD_DATA._BIN_HD_DATA._COMPUTE_BINNED_OUTPUTS.SPATIAL_BINNED_RNA_ANALYZER.RUN_GRAPH_CLUSTERING.fork_square_016um
2025-10-21 22:53:39 [runtime] (complete)        ID.F07840_2.SPATIAL_RNA_COUNTER_CS.SPATIAL_RNA_COUNTER.SPATIAL_POST_MATRIX_COMPUTATION.BIN_HD_DATA._BIN_HD_DATA._COMPUTE_BINNED_OUTPUTS.SPATIAL_BINNED_RNA_ANALYZER.RUN_GRAPH_CLUSTERING.fork_square_016um
2025-10-21 22:53:42 [runtime] (complete)        ID.F07840_2.SPATIAL_RNA_COUNTER_CS.SPATIAL_RNA_COUNTER.SPATIAL_POST_MATRIX_COMPUTATION.BIN_HD_DATA._BIN_HD_DATA._COMPUTE_BINNED_OUTPUTS.SPATIAL_BINNED_RNA_ANALYZER.RUN_GRAPH_CLUSTERING.fork_square_016um
2025-10-21 22:53:45 [runtime] (complete)        ID.F07840_2.SPATIAL_RNA_COUNTER_CS.SPATIAL_RNA_COUNTER.SPATIAL_POST_MATRIX_COMPUTATION.BIN_HD_DATA._BIN_HD_DATA._COMPUTE_BINNED_OUTPUTS.SPATIAL_BINNED_RNA_ANALYZER.RUN_GRAPH_CLUSTERING.fork_square_016um
2025-10-21 22:53:48 [runtime] (complete)        ID.F07840_2.SPATIAL_RNA_COUNTER_CS.SPATIAL_RNA_COUNTER.SPATIAL_POST_MATRIX_COMPUTATION.BIN_HD_DATA._BIN_HD_DATA._COMPUTE_BINNED_OUTPUTS.SPATIAL_BINNED_RNA_ANALYZER.RUN_GRAPH_CLUSTERING.fork_square_016um
2025-10-21 22:53:51 [runtime] (complete)        ID.F07840_2.SPATIAL_RNA_COUNTER_CS.SPATIAL_RNA_COUNTER.SPATIAL_POST_MATRIX_COMPUTATION.BIN_HD_DATA._BIN_HD_DATA._COMPUTE_BINNED_OUTPUTS.SPATIAL_BINNED_RNA_ANALYZER.RUN_GRAPH_CLUSTERING.fork_square_016um
2025-10-21 22:53:54 [runtime] (complete)        ID.F07840_2.SPATIAL_RNA_COUNTER_CS.SPATIAL_RNA_COUNTER.SPATIAL_POST_MATRIX_COMPUTATION.BIN_HD_DATA._BIN_HD_DATA._COMPUTE_BINNED_OUTPUTS.SPATIAL_BINNED_RNA_ANALYZER.RUN_GRAPH_CLUSTERING.fork_square_016um
2025-10-21 22:53:57 [runtime] (complete)        ID.F07840_2.SPATIAL_RNA_COUNTER_CS.SPATIAL_RNA_COUNTER.SPATIAL_POST_MATRIX_COMPUTATION.BIN_HD_DATA._BIN_HD_DATA._COMPUTE_BINNED_OUTPUTS.SPATIAL_BINNED_RNA_ANALYZER.RUN_GRAPH_CLUSTERING.fork_square_016um
2025-10-21 22:54:00 [runtime] (complete)        ID.F07840_2.SPATIAL_RNA_COUNTER_CS.SPATIAL_RNA_COUNTER.SPATIAL_POST_MATRIX_COMPUTATION.BIN_HD_DATA._BIN_HD_DATA._COMPUTE_BINNED_OUTPUTS.SPATIAL_BINNED_RNA_ANALYZER.RUN_GRAPH_CLUSTERING.fork_square_016um
2025-10-21 22:54:03 [runtime] (complete)        ID.F07840_2.SPATIAL_RNA_COUNTER_CS.SPATIAL_RNA_COUNTER.SPATIAL_POST_MATRIX_COMPUTATION.BIN_HD_DATA._BIN_HD_DATA._COMPUTE_BINNED_OUTPUTS.SPATIAL_BINNED_RNA_ANALYZER.RUN_GRAPH_CLUSTERING.fork_square_016um
2025-10-21 22:54:06 [runtime] (complete)        ID.F07840_2.SPATIAL_RNA_COUNTER_CS.SPATIAL_RNA_COUNTER.SPATIAL_POST_MATRIX_COMPUTATION.BIN_HD_DATA._BIN_HD_DATA._COMPUTE_BINNED_OUTPUTS.SPATIAL_BINNED_RNA_ANALYZER.RUN_GRAPH_CLUSTERING.fork_square_016um
2025-10-21 22:54:09 [runtime] (complete)        ID.F07840_2.SPATIAL_RNA_COUNTER_CS.SPATIAL_RNA_COUNTER.SPATIAL_POST_MATRIX_COMPUTATION.BIN_HD_DATA._BIN_HD_DATA._COMPUTE_BINNED_OUTPUTS.SPATIAL_BINNED_RNA_ANALYZER.RUN_GRAPH_CLUSTERING.fork_square_016um
2025-10-21 22:54:12 [runtime] (complete)        ID.F07840_2.SPATIAL_RNA_COUNTER_CS.SPATIAL_RNA_COUNTER.SPATIAL_POST_MATRIX_COMPUTATION.BIN_HD_DATA._BIN_HD_DATA._COMPUTE_BINNED_OUTPUTS.SPATIAL_BINNED_RNA_ANALYZER.RUN_GRAPH_CLUSTERING.fork_square_016um
2025-10-21 22:54:15 [runtime] (complete)        ID.F07840_2.SPATIAL_RNA_COUNTER_CS.SPATIAL_RNA_COUNTER.SPATIAL_POST_MATRIX_COMPUTATION.BIN_HD_DATA._BIN_HD_DATA._COMPUTE_BINNED_OUTPUTS.SPATIAL_BINNED_RNA_ANALYZER.RUN_GRAPH_CLUSTERING.fork_square_016um
2025-10-21 22:54:18 [runtime] (complete)        ID.F07840_2.SPATIAL_RNA_COUNTER_CS.SPATIAL_RNA_COUNTER.SPATIAL_POST_MATRIX_COMPUTATION.BIN_HD_DATA._BIN_HD_DATA._COMPUTE_BINNED_OUTPUTS.SPATIAL_BINNED_RNA_ANALYZER.RUN_GRAPH_CLUSTERING.fork_square_016um
2025-10-21 22:54:21 [runtime] (complete)        ID.F07840_2.SPATIAL_RNA_COUNTER_CS.SPATIAL_RNA_COUNTER.SPATIAL_POST_MATRIX_COMPUTATION.BIN_HD_DATA._BIN_HD_DATA._COMPUTE_BINNED_OUTPUTS.SPATIAL_BINNED_RNA_ANALYZER.RUN_GRAPH_CLUSTERING.fork_square_016um
2025-10-21 22:54:24 [runtime] (complete)        ID.F07840_2.SPATIAL_RNA_COUNTER_CS.SPATIAL_RNA_COUNTER.SPATIAL_POST_MATRIX_COMPUTATION.BIN_HD_DATA._BIN_HD_DATA._COMPUTE_BINNED_OUTPUTS.SPATIAL_BINNED_RNA_ANALYZER.RUN_GRAPH_CLUSTERING.fork_square_016um
2025-10-21 22:54:27 [runtime] (complete)        ID.F07840_2.SPATIAL_RNA_COUNTER_CS.SPATIAL_RNA_COUNTER.SPATIAL_POST_MATRIX_COMPUTATION.BIN_HD_DATA._BIN_HD_DATA._COMPUTE_BINNED_OUTPUTS.SPATIAL_BINNED_RNA_ANALYZER.RUN_GRAPH_CLUSTERING.fork_square_016um
2025-10-21 22:54:30 [runtime] (update)          ID.F07840_2.SPATIAL_RNA_COUNTER_CS.SPATIAL_RNA_COUNTER.SPATIAL_POST_MATRIX_COMPUTATION.BIN_HD_DATA._BIN_HD_DATA._COMPUTE_BINNED_OUTPUTS.SPATIAL_BINNED_RNA_ANALYZER.RUN_GRAPH_CLUSTERING.fork_square_008um chunks_running
2025-10-21 22:54:30 [runtime] (complete)        ID.F07840_2.SPATIAL_RNA_COUNTER_CS.SPATIAL_RNA_COUNTER.SPATIAL_POST_MATRIX_COMPUTATION.BIN_HD_DATA._BIN_HD_DATA._COMPUTE_BINNED_OUTPUTS.SPATIAL_BINNED_RNA_ANALYZER.RUN_GRAPH_CLUSTERING.fork_square_016um
2025-10-21 22:54:33 [runtime] (complete)        ID.F07840_2.SPATIAL_RNA_COUNTER_CS.SPATIAL_RNA_COUNTER.SPATIAL_POST_MATRIX_COMPUTATION.BIN_HD_DATA._BIN_HD_DATA._COMPUTE_BINNED_OUTPUTS.SPATIAL_BINNED_RNA_ANALYZER.RUN_GRAPH_CLUSTERING.fork_square_016um
2025-10-21 22:54:36 [runtime] (complete)        ID.F07840_2.SPATIAL_RNA_COUNTER_CS.SPATIAL_RNA_COUNTER.SPATIAL_POST_MATRIX_COMPUTATION.BIN_HD_DATA._BIN_HD_DATA._COMPUTE_BINNED_OUTPUTS.SPATIAL_BINNED_RNA_ANALYZER.RUN_GRAPH_CLUSTERING.fork_square_016um
2025-10-21 22:54:39 [runtime] (complete)        ID.F07840_2.SPATIAL_RNA_COUNTER_CS.SPATIAL_RNA_COUNTER.SPATIAL_POST_MATRIX_COMPUTATION.BIN_HD_DATA._BIN_HD_DATA._COMPUTE_BINNED_OUTPUTS.SPATIAL_BINNED_RNA_ANALYZER.RUN_GRAPH_CLUSTERING.fork_square_016um
2025-10-21 22:54:42 [runtime] (complete)        ID.F07840_2.SPATIAL_RNA_COUNTER_CS.SPATIAL_RNA_COUNTER.SPATIAL_POST_MATRIX_COMPUTATION.BIN_HD_DATA._BIN_HD_DATA._COMPUTE_BINNED_OUTPUTS.SPATIAL_BINNED_RNA_ANALYZER.RUN_GRAPH_CLUSTERING.fork_square_016um
2025-10-21 22:54:45 [runtime] (complete)        ID.F07840_2.SPATIAL_RNA_COUNTER_CS.SPATIAL_RNA_COUNTER.SPATIAL_POST_MATRIX_COMPUTATION.BIN_HD_DATA._BIN_HD_DATA._COMPUTE_BINNED_OUTPUTS.SPATIAL_BINNED_RNA_ANALYZER.RUN_GRAPH_CLUSTERING.fork_square_016um
2025-10-21 22:54:48 [runtime] (complete)        ID.F07840_2.SPATIAL_RNA_COUNTER_CS.SPATIAL_RNA_COUNTER.SPATIAL_POST_MATRIX_COMPUTATION.BIN_HD_DATA._BIN_HD_DATA._COMPUTE_BINNED_OUTPUTS.SPATIAL_BINNED_RNA_ANALYZER.RUN_GRAPH_CLUSTERING.fork_square_016um
2025-10-21 22:54:51 [runtime] (complete)        ID.F07840_2.SPATIAL_RNA_COUNTER_CS.SPATIAL_RNA_COUNTER.SPATIAL_POST_MATRIX_COMPUTATION.BIN_HD_DATA._BIN_HD_DATA._COMPUTE_BINNED_OUTPUTS.SPATIAL_BINNED_RNA_ANALYZER.RUN_GRAPH_CLUSTERING.fork_square_016um
2025-10-21 22:54:54 [runtime] (complete)        ID.F07840_2.SPATIAL_RNA_COUNTER_CS.SPATIAL_RNA_COUNTER.SPATIAL_POST_MATRIX_COMPUTATION.BIN_HD_DATA._BIN_HD_DATA._COMPUTE_BINNED_OUTPUTS.SPATIAL_BINNED_RNA_ANALYZER.RUN_GRAPH_CLUSTERING.fork_square_016um
2025-10-21 22:54:57 [runtime] (complete)        ID.F07840_2.SPATIAL_RNA_COUNTER_CS.SPATIAL_RNA_COUNTER.SPATIAL_POST_MATRIX_COMPUTATION.BIN_HD_DATA._BIN_HD_DATA._COMPUTE_BINNED_OUTPUTS.SPATIAL_BINNED_RNA_ANALYZER.RUN_GRAPH_CLUSTERING.fork_square_016um
2025-10-21 22:55:00 [runtime] (complete)        ID.F07840_2.SPATIAL_RNA_COUNTER_CS.SPATIAL_RNA_COUNTER.SPATIAL_POST_MATRIX_COMPUTATION.BIN_HD_DATA._BIN_HD_DATA._COMPUTE_BINNED_OUTPUTS.SPATIAL_BINNED_RNA_ANALYZER.RUN_GRAPH_CLUSTERING.fork_square_016um
2025-10-21 22:55:04 [runtime] (complete)        ID.F07840_2.SPATIAL_RNA_COUNTER_CS.SPATIAL_RNA_COUNTER.SPATIAL_POST_MATRIX_COMPUTATION.BIN_HD_DATA._BIN_HD_DATA._COMPUTE_BINNED_OUTPUTS.SPATIAL_BINNED_RNA_ANALYZER.RUN_GRAPH_CLUSTERING.fork_square_016um
2025-10-21 22:55:07 [runtime] (complete)        ID.F07840_2.SPATIAL_RNA_COUNTER_CS.SPATIAL_RNA_COUNTER.SPATIAL_POST_MATRIX_COMPUTATION.BIN_HD_DATA._BIN_HD_DATA._COMPUTE_BINNED_OUTPUTS.SPATIAL_BINNED_RNA_ANALYZER.RUN_GRAPH_CLUSTERING.fork_square_016um
2025-10-21 22:55:10 [runtime] (complete)        ID.F07840_2.SPATIAL_RNA_COUNTER_CS.SPATIAL_RNA_COUNTER.SPATIAL_POST_MATRIX_COMPUTATION.BIN_HD_DATA._BIN_HD_DATA._COMPUTE_BINNED_OUTPUTS.SPATIAL_BINNED_RNA_ANALYZER.RUN_GRAPH_CLUSTERING.fork_square_016um
2025-10-21 22:55:13 [runtime] (complete)        ID.F07840_2.SPATIAL_RNA_COUNTER_CS.SPATIAL_RNA_COUNTER.SPATIAL_POST_MATRIX_COMPUTATION.BIN_HD_DATA._BIN_HD_DATA._COMPUTE_BINNED_OUTPUTS.SPATIAL_BINNED_RNA_ANALYZER.RUN_GRAPH_CLUSTERING.fork_square_016um
2025-10-21 22:55:16 [runtime] (complete)        ID.F07840_2.SPATIAL_RNA_COUNTER_CS.SPATIAL_RNA_COUNTER.SPATIAL_POST_MATRIX_COMPUTATION.BIN_HD_DATA._BIN_HD_DATA._COMPUTE_BINNED_OUTPUTS.SPATIAL_BINNED_RNA_ANALYZER.RUN_GRAPH_CLUSTERING.fork_square_016um
2025-10-21 22:55:19 [runtime] (complete)        ID.F07840_2.SPATIAL_RNA_COUNTER_CS.SPATIAL_RNA_COUNTER.SPATIAL_POST_MATRIX_COMPUTATION.BIN_HD_DATA._BIN_HD_DATA._COMPUTE_BINNED_OUTPUTS.SPATIAL_BINNED_RNA_ANALYZER.RUN_GRAPH_CLUSTERING.fork_square_016um
2025-10-21 22:55:22 [runtime] (complete)        ID.F07840_2.SPATIAL_RNA_COUNTER_CS.SPATIAL_RNA_COUNTER.SPATIAL_POST_MATRIX_COMPUTATION.BIN_HD_DATA._BIN_HD_DATA._COMPUTE_BINNED_OUTPUTS.SPATIAL_BINNED_RNA_ANALYZER.RUN_GRAPH_CLUSTERING.fork_square_016um
2025-10-21 22:55:25 [runtime] (complete)        ID.F07840_2.SPATIAL_RNA_COUNTER_CS.SPATIAL_RNA_COUNTER.SPATIAL_POST_MATRIX_COMPUTATION.BIN_HD_DATA._BIN_HD_DATA._COMPUTE_BINNED_OUTPUTS.SPATIAL_BINNED_RNA_ANALYZER.RUN_GRAPH_CLUSTERING.fork_square_016um
2025-10-21 22:55:28 [runtime] (complete)        ID.F07840_2.SPATIAL_RNA_COUNTER_CS.SPATIAL_RNA_COUNTER.SPATIAL_POST_MATRIX_COMPUTATION.BIN_HD_DATA._BIN_HD_DATA._COMPUTE_BINNED_OUTPUTS.SPATIAL_BINNED_RNA_ANALYZER.RUN_GRAPH_CLUSTERING.fork_square_016um
2025-10-21 22:55:31 [runtime] (complete)        ID.F07840_2.SPATIAL_RNA_COUNTER_CS.SPATIAL_RNA_COUNTER.SPATIAL_POST_MATRIX_COMPUTATION.BIN_HD_DATA._BIN_HD_DATA._COMPUTE_BINNED_OUTPUTS.SPATIAL_BINNED_RNA_ANALYZER.RUN_GRAPH_CLUSTERING.fork_square_016um
2025-10-21 22:55:34 [runtime] (complete)        ID.F07840_2.SPATIAL_RNA_COUNTER_CS.SPATIAL_RNA_COUNTER.SPATIAL_POST_MATRIX_COMPUTATION.BIN_HD_DATA._BIN_HD_DATA._COMPUTE_BINNED_OUTPUTS.SPATIAL_BINNED_RNA_ANALYZER.RUN_GRAPH_CLUSTERING.fork_square_016um
2025-10-21 22:55:37 [runtime] (complete)        ID.F07840_2.SPATIAL_RNA_COUNTER_CS.SPATIAL_RNA_COUNTER.SPATIAL_POST_MATRIX_COMPUTATION.BIN_HD_DATA._BIN_HD_DATA._COMPUTE_BINNED_OUTPUTS.SPATIAL_BINNED_RNA_ANALYZER.RUN_GRAPH_CLUSTERING.fork_square_016um
2025-10-21 22:55:40 [runtime] (complete)        ID.F07840_2.SPATIAL_RNA_COUNTER_CS.SPATIAL_RNA_COUNTER.SPATIAL_POST_MATRIX_COMPUTATION.BIN_HD_DATA._BIN_HD_DATA._COMPUTE_BINNED_OUTPUTS.SPATIAL_BINNED_RNA_ANALYZER.RUN_GRAPH_CLUSTERING.fork_square_016um
2025-10-21 22:55:43 [runtime] (complete)        ID.F07840_2.SPATIAL_RNA_COUNTER_CS.SPATIAL_RNA_COUNTER.SPATIAL_POST_MATRIX_COMPUTATION.BIN_HD_DATA._BIN_HD_DATA._COMPUTE_BINNED_OUTPUTS.SPATIAL_BINNED_RNA_ANALYZER.RUN_GRAPH_CLUSTERING.fork_square_016um
2025-10-21 22:55:46 [runtime] (complete)        ID.F07840_2.SPATIAL_RNA_COUNTER_CS.SPATIAL_RNA_COUNTER.SPATIAL_POST_MATRIX_COMPUTATION.BIN_HD_DATA._BIN_HD_DATA._COMPUTE_BINNED_OUTPUTS.SPATIAL_BINNED_RNA_ANALYZER.RUN_GRAPH_CLUSTERING.fork_square_016um
2025-10-21 22:55:49 [runtime] (complete)        ID.F07840_2.SPATIAL_RNA_COUNTER_CS.SPATIAL_RNA_COUNTER.SPATIAL_POST_MATRIX_COMPUTATION.BIN_HD_DATA._BIN_HD_DATA._COMPUTE_BINNED_OUTPUTS.SPATIAL_BINNED_RNA_ANALYZER.RUN_GRAPH_CLUSTERING.fork_square_016um
2025-10-21 22:55:52 [runtime] (complete)        ID.F07840_2.SPATIAL_RNA_COUNTER_CS.SPATIAL_RNA_COUNTER.SPATIAL_POST_MATRIX_COMPUTATION.BIN_HD_DATA._BIN_HD_DATA._COMPUTE_BINNED_OUTPUTS.SPATIAL_BINNED_RNA_ANALYZER.RUN_GRAPH_CLUSTERING.fork_square_016um
2025-10-21 22:55:55 [runtime] (complete)        ID.F07840_2.SPATIAL_RNA_COUNTER_CS.SPATIAL_RNA_COUNTER.SPATIAL_POST_MATRIX_COMPUTATION.BIN_HD_DATA._BIN_HD_DATA._COMPUTE_BINNED_OUTPUTS.SPATIAL_BINNED_RNA_ANALYZER.RUN_GRAPH_CLUSTERING.fork_square_016um
2025-10-21 22:55:58 [runtime] (complete)        ID.F07840_2.SPATIAL_RNA_COUNTER_CS.SPATIAL_RNA_COUNTER.SPATIAL_POST_MATRIX_COMPUTATION.BIN_HD_DATA._BIN_HD_DATA._COMPUTE_BINNED_OUTPUTS.SPATIAL_BINNED_RNA_ANALYZER.RUN_GRAPH_CLUSTERING.fork_square_016um
2025-10-21 22:56:01 [runtime] (complete)        ID.F07840_2.SPATIAL_RNA_COUNTER_CS.SPATIAL_RNA_COUNTER.SPATIAL_POST_MATRIX_COMPUTATION.BIN_HD_DATA._BIN_HD_DATA._COMPUTE_BINNED_OUTPUTS.SPATIAL_BINNED_RNA_ANALYZER.RUN_GRAPH_CLUSTERING.fork_square_016um
2025-10-21 22:56:04 [runtime] (complete)        ID.F07840_2.SPATIAL_RNA_COUNTER_CS.SPATIAL_RNA_COUNTER.SPATIAL_POST_MATRIX_COMPUTATION.BIN_HD_DATA._BIN_HD_DATA._COMPUTE_BINNED_OUTPUTS.SPATIAL_BINNED_RNA_ANALYZER.RUN_GRAPH_CLUSTERING.fork_square_016um
2025-10-21 22:56:07 [runtime] (complete)        ID.F07840_2.SPATIAL_RNA_COUNTER_CS.SPATIAL_RNA_COUNTER.SPATIAL_POST_MATRIX_COMPUTATION.BIN_HD_DATA._BIN_HD_DATA._COMPUTE_BINNED_OUTPUTS.SPATIAL_BINNED_RNA_ANALYZER.RUN_GRAPH_CLUSTERING.fork_square_016um
2025-10-21 22:56:10 [runtime] (complete)        ID.F07840_2.SPATIAL_RNA_COUNTER_CS.SPATIAL_RNA_COUNTER.SPATIAL_POST_MATRIX_COMPUTATION.BIN_HD_DATA._BIN_HD_DATA._COMPUTE_BINNED_OUTPUTS.SPATIAL_BINNED_RNA_ANALYZER.RUN_GRAPH_CLUSTERING.fork_square_016um
2025-10-21 22:56:13 [runtime] (complete)        ID.F07840_2.SPATIAL_RNA_COUNTER_CS.SPATIAL_RNA_COUNTER.SPATIAL_POST_MATRIX_COMPUTATION.BIN_HD_DATA._BIN_HD_DATA._COMPUTE_BINNED_OUTPUTS.SPATIAL_BINNED_RNA_ANALYZER.RUN_GRAPH_CLUSTERING.fork_square_016um
2025-10-21 22:56:16 [runtime] (complete)        ID.F07840_2.SPATIAL_RNA_COUNTER_CS.SPATIAL_RNA_COUNTER.SPATIAL_POST_MATRIX_COMPUTATION.BIN_HD_DATA._BIN_HD_DATA._COMPUTE_BINNED_OUTPUTS.SPATIAL_BINNED_RNA_ANALYZER.RUN_GRAPH_CLUSTERING.fork_square_016um
2025-10-21 22:56:19 [runtime] (complete)        ID.F07840_2.SPATIAL_RNA_COUNTER_CS.SPATIAL_RNA_COUNTER.SPATIAL_POST_MATRIX_COMPUTATION.BIN_HD_DATA._BIN_HD_DATA._COMPUTE_BINNED_OUTPUTS.SPATIAL_BINNED_RNA_ANALYZER.RUN_GRAPH_CLUSTERING.fork_square_016um
2025-10-21 22:56:22 [runtime] (complete)        ID.F07840_2.SPATIAL_RNA_COUNTER_CS.SPATIAL_RNA_COUNTER.SPATIAL_POST_MATRIX_COMPUTATION.BIN_HD_DATA._BIN_HD_DATA._COMPUTE_BINNED_OUTPUTS.SPATIAL_BINNED_RNA_ANALYZER.RUN_GRAPH_CLUSTERING.fork_square_016um
2025-10-21 22:56:25 [runtime] (complete)        ID.F07840_2.SPATIAL_RNA_COUNTER_CS.SPATIAL_RNA_COUNTER.SPATIAL_POST_MATRIX_COMPUTATION.BIN_HD_DATA._BIN_HD_DATA._COMPUTE_BINNED_OUTPUTS.SPATIAL_BINNED_RNA_ANALYZER.RUN_GRAPH_CLUSTERING.fork_square_016um
2025-10-21 22:56:28 [runtime] (complete)        ID.F07840_2.SPATIAL_RNA_COUNTER_CS.SPATIAL_RNA_COUNTER.SPATIAL_POST_MATRIX_COMPUTATION.BIN_HD_DATA._BIN_HD_DATA._COMPUTE_BINNED_OUTPUTS.SPATIAL_BINNED_RNA_ANALYZER.RUN_GRAPH_CLUSTERING.fork_square_016um
2025-10-21 22:56:31 [runtime] (complete)        ID.F07840_2.SPATIAL_RNA_COUNTER_CS.SPATIAL_RNA_COUNTER.SPATIAL_POST_MATRIX_COMPUTATION.BIN_HD_DATA._BIN_HD_DATA._COMPUTE_BINNED_OUTPUTS.SPATIAL_BINNED_RNA_ANALYZER.RUN_GRAPH_CLUSTERING.fork_square_016um
2025-10-21 22:56:34 [runtime] (complete)        ID.F07840_2.SPATIAL_RNA_COUNTER_CS.SPATIAL_RNA_COUNTER.SPATIAL_POST_MATRIX_COMPUTATION.BIN_HD_DATA._BIN_HD_DATA._COMPUTE_BINNED_OUTPUTS.SPATIAL_BINNED_RNA_ANALYZER.RUN_GRAPH_CLUSTERING.fork_square_016um
2025-10-21 22:56:37 [runtime] (complete)        ID.F07840_2.SPATIAL_RNA_COUNTER_CS.SPATIAL_RNA_COUNTER.SPATIAL_POST_MATRIX_COMPUTATION.BIN_HD_DATA._BIN_HD_DATA._COMPUTE_BINNED_OUTPUTS.SPATIAL_BINNED_RNA_ANALYZER.RUN_GRAPH_CLUSTERING.fork_square_016um
2025-10-21 22:56:40 [runtime] (complete)        ID.F07840_2.SPATIAL_RNA_COUNTER_CS.SPATIAL_RNA_COUNTER.SPATIAL_POST_MATRIX_COMPUTATION.BIN_HD_DATA._BIN_HD_DATA._COMPUTE_BINNED_OUTPUTS.SPATIAL_BINNED_RNA_ANALYZER.RUN_GRAPH_CLUSTERING.fork_square_016um
2025-10-21 22:56:43 [runtime] (complete)        ID.F07840_2.SPATIAL_RNA_COUNTER_CS.SPATIAL_RNA_COUNTER.SPATIAL_POST_MATRIX_COMPUTATION.BIN_HD_DATA._BIN_HD_DATA._COMPUTE_BINNED_OUTPUTS.SPATIAL_BINNED_RNA_ANALYZER.RUN_GRAPH_CLUSTERING.fork_square_016um
2025-10-21 22:56:46 [runtime] (complete)        ID.F07840_2.SPATIAL_RNA_COUNTER_CS.SPATIAL_RNA_COUNTER.SPATIAL_POST_MATRIX_COMPUTATION.BIN_HD_DATA._BIN_HD_DATA._COMPUTE_BINNED_OUTPUTS.SPATIAL_BINNED_RNA_ANALYZER.RUN_GRAPH_CLUSTERING.fork_square_016um
2025-10-21 22:56:49 [runtime] (complete)        ID.F07840_2.SPATIAL_RNA_COUNTER_CS.SPATIAL_RNA_COUNTER.SPATIAL_POST_MATRIX_COMPUTATION.BIN_HD_DATA._BIN_HD_DATA._COMPUTE_BINNED_OUTPUTS.SPATIAL_BINNED_RNA_ANALYZER.RUN_GRAPH_CLUSTERING.fork_square_016um
2025-10-21 22:56:52 [runtime] (complete)        ID.F07840_2.SPATIAL_RNA_COUNTER_CS.SPATIAL_RNA_COUNTER.SPATIAL_POST_MATRIX_COMPUTATION.BIN_HD_DATA._BIN_HD_DATA._COMPUTE_BINNED_OUTPUTS.SPATIAL_BINNED_RNA_ANALYZER.RUN_GRAPH_CLUSTERING.fork_square_016um
2025-10-21 22:56:55 [runtime] (complete)        ID.F07840_2.SPATIAL_RNA_COUNTER_CS.SPATIAL_RNA_COUNTER.SPATIAL_POST_MATRIX_COMPUTATION.BIN_HD_DATA._BIN_HD_DATA._COMPUTE_BINNED_OUTPUTS.SPATIAL_BINNED_RNA_ANALYZER.RUN_GRAPH_CLUSTERING.fork_square_016um
2025-10-21 22:56:58 [runtime] (complete)        ID.F07840_2.SPATIAL_RNA_COUNTER_CS.SPATIAL_RNA_COUNTER.SPATIAL_POST_MATRIX_COMPUTATION.BIN_HD_DATA._BIN_HD_DATA._COMPUTE_BINNED_OUTPUTS.SPATIAL_BINNED_RNA_ANALYZER.RUN_GRAPH_CLUSTERING.fork_square_016um
2025-10-21 22:57:01 [runtime] (complete)        ID.F07840_2.SPATIAL_RNA_COUNTER_CS.SPATIAL_RNA_COUNTER.SPATIAL_POST_MATRIX_COMPUTATION.BIN_HD_DATA._BIN_HD_DATA._COMPUTE_BINNED_OUTPUTS.SPATIAL_BINNED_RNA_ANALYZER.RUN_GRAPH_CLUSTERING.fork_square_016um
2025-10-21 22:57:04 [runtime] (complete)        ID.F07840_2.SPATIAL_RNA_COUNTER_CS.SPATIAL_RNA_COUNTER.SPATIAL_POST_MATRIX_COMPUTATION.BIN_HD_DATA._BIN_HD_DATA._COMPUTE_BINNED_OUTPUTS.SPATIAL_BINNED_RNA_ANALYZER.RUN_GRAPH_CLUSTERING.fork_square_016um
2025-10-21 22:57:07 [runtime] (complete)        ID.F07840_2.SPATIAL_RNA_COUNTER_CS.SPATIAL_RNA_COUNTER.SPATIAL_POST_MATRIX_COMPUTATION.BIN_HD_DATA._BIN_HD_DATA._COMPUTE_BINNED_OUTPUTS.SPATIAL_BINNED_RNA_ANALYZER.RUN_GRAPH_CLUSTERING.fork_square_016um
2025-10-21 22:57:10 [runtime] (complete)        ID.F07840_2.SPATIAL_RNA_COUNTER_CS.SPATIAL_RNA_COUNTER.SPATIAL_POST_MATRIX_COMPUTATION.BIN_HD_DATA._BIN_HD_DATA._COMPUTE_BINNED_OUTPUTS.SPATIAL_BINNED_RNA_ANALYZER.RUN_GRAPH_CLUSTERING.fork_square_016um
2025-10-21 22:57:13 [runtime] (complete)        ID.F07840_2.SPATIAL_RNA_COUNTER_CS.SPATIAL_RNA_COUNTER.SPATIAL_POST_MATRIX_COMPUTATION.BIN_HD_DATA._BIN_HD_DATA._COMPUTE_BINNED_OUTPUTS.SPATIAL_BINNED_RNA_ANALYZER.RUN_GRAPH_CLUSTERING.fork_square_016um
2025-10-21 22:57:16 [runtime] (complete)        ID.F07840_2.SPATIAL_RNA_COUNTER_CS.SPATIAL_RNA_COUNTER.SPATIAL_POST_MATRIX_COMPUTATION.BIN_HD_DATA._BIN_HD_DATA._COMPUTE_BINNED_OUTPUTS.SPATIAL_BINNED_RNA_ANALYZER.RUN_GRAPH_CLUSTERING.fork_square_016um
2025-10-21 22:57:19 [runtime] (complete)        ID.F07840_2.SPATIAL_RNA_COUNTER_CS.SPATIAL_RNA_COUNTER.SPATIAL_POST_MATRIX_COMPUTATION.BIN_HD_DATA._BIN_HD_DATA._COMPUTE_BINNED_OUTPUTS.SPATIAL_BINNED_RNA_ANALYZER.RUN_GRAPH_CLUSTERING.fork_square_016um
2025-10-21 22:57:22 [runtime] (complete)        ID.F07840_2.SPATIAL_RNA_COUNTER_CS.SPATIAL_RNA_COUNTER.SPATIAL_POST_MATRIX_COMPUTATION.BIN_HD_DATA._BIN_HD_DATA._COMPUTE_BINNED_OUTPUTS.SPATIAL_BINNED_RNA_ANALYZER.RUN_GRAPH_CLUSTERING.fork_square_016um
2025-10-21 22:57:25 [runtime] (complete)        ID.F07840_2.SPATIAL_RNA_COUNTER_CS.SPATIAL_RNA_COUNTER.SPATIAL_POST_MATRIX_COMPUTATION.BIN_HD_DATA._BIN_HD_DATA._COMPUTE_BINNED_OUTPUTS.SPATIAL_BINNED_RNA_ANALYZER.RUN_GRAPH_CLUSTERING.fork_square_016um
2025-10-21 22:57:28 [runtime] (complete)        ID.F07840_2.SPATIAL_RNA_COUNTER_CS.SPATIAL_RNA_COUNTER.SPATIAL_POST_MATRIX_COMPUTATION.BIN_HD_DATA._BIN_HD_DATA._COMPUTE_BINNED_OUTPUTS.SPATIAL_BINNED_RNA_ANALYZER.RUN_GRAPH_CLUSTERING.fork_square_016um
2025-10-21 22:57:31 [runtime] (complete)        ID.F07840_2.SPATIAL_RNA_COUNTER_CS.SPATIAL_RNA_COUNTER.SPATIAL_POST_MATRIX_COMPUTATION.BIN_HD_DATA._BIN_HD_DATA._COMPUTE_BINNED_OUTPUTS.SPATIAL_BINNED_RNA_ANALYZER.RUN_GRAPH_CLUSTERING.fork_square_016um
2025-10-21 22:57:34 [runtime] (complete)        ID.F07840_2.SPATIAL_RNA_COUNTER_CS.SPATIAL_RNA_COUNTER.SPATIAL_POST_MATRIX_COMPUTATION.BIN_HD_DATA._BIN_HD_DATA._COMPUTE_BINNED_OUTPUTS.SPATIAL_BINNED_RNA_ANALYZER.RUN_GRAPH_CLUSTERING.fork_square_016um
2025-10-21 22:57:37 [runtime] (complete)        ID.F07840_2.SPATIAL_RNA_COUNTER_CS.SPATIAL_RNA_COUNTER.SPATIAL_POST_MATRIX_COMPUTATION.BIN_HD_DATA._BIN_HD_DATA._COMPUTE_BINNED_OUTPUTS.SPATIAL_BINNED_RNA_ANALYZER.RUN_GRAPH_CLUSTERING.fork_square_016um
2025-10-21 22:57:40 [runtime] (complete)        ID.F07840_2.SPATIAL_RNA_COUNTER_CS.SPATIAL_RNA_COUNTER.SPATIAL_POST_MATRIX_COMPUTATION.BIN_HD_DATA._BIN_HD_DATA._COMPUTE_BINNED_OUTPUTS.SPATIAL_BINNED_RNA_ANALYZER.RUN_GRAPH_CLUSTERING.fork_square_016um
2025-10-21 22:57:43 [runtime] (complete)        ID.F07840_2.SPATIAL_RNA_COUNTER_CS.SPATIAL_RNA_COUNTER.SPATIAL_POST_MATRIX_COMPUTATION.BIN_HD_DATA._BIN_HD_DATA._COMPUTE_BINNED_OUTPUTS.SPATIAL_BINNED_RNA_ANALYZER.RUN_GRAPH_CLUSTERING.fork_square_016um
2025-10-21 22:57:46 [runtime] (complete)        ID.F07840_2.SPATIAL_RNA_COUNTER_CS.SPATIAL_RNA_COUNTER.SPATIAL_POST_MATRIX_COMPUTATION.BIN_HD_DATA._BIN_HD_DATA._COMPUTE_BINNED_OUTPUTS.SPATIAL_BINNED_RNA_ANALYZER.RUN_GRAPH_CLUSTERING.fork_square_016um
2025-10-21 22:57:49 [runtime] (complete)        ID.F07840_2.SPATIAL_RNA_COUNTER_CS.SPATIAL_RNA_COUNTER.SPATIAL_POST_MATRIX_COMPUTATION.BIN_HD_DATA._BIN_HD_DATA._COMPUTE_BINNED_OUTPUTS.SPATIAL_BINNED_RNA_ANALYZER.RUN_GRAPH_CLUSTERING.fork_square_016um
2025-10-21 22:57:52 [runtime] (complete)        ID.F07840_2.SPATIAL_RNA_COUNTER_CS.SPATIAL_RNA_COUNTER.SPATIAL_POST_MATRIX_COMPUTATION.BIN_HD_DATA._BIN_HD_DATA._COMPUTE_BINNED_OUTPUTS.SPATIAL_BINNED_RNA_ANALYZER.RUN_GRAPH_CLUSTERING.fork_square_016um
2025-10-21 22:57:55 [runtime] (complete)        ID.F07840_2.SPATIAL_RNA_COUNTER_CS.SPATIAL_RNA_COUNTER.SPATIAL_POST_MATRIX_COMPUTATION.BIN_HD_DATA._BIN_HD_DATA._COMPUTE_BINNED_OUTPUTS.SPATIAL_BINNED_RNA_ANALYZER.RUN_GRAPH_CLUSTERING.fork_square_016um
2025-10-21 22:57:58 [runtime] (complete)        ID.F07840_2.SPATIAL_RNA_COUNTER_CS.SPATIAL_RNA_COUNTER.SPATIAL_POST_MATRIX_COMPUTATION.BIN_HD_DATA._BIN_HD_DATA._COMPUTE_BINNED_OUTPUTS.SPATIAL_BINNED_RNA_ANALYZER.RUN_GRAPH_CLUSTERING.fork_square_016um
2025-10-21 22:58:01 [runtime] (complete)        ID.F07840_2.SPATIAL_RNA_COUNTER_CS.SPATIAL_RNA_COUNTER.SPATIAL_POST_MATRIX_COMPUTATION.BIN_HD_DATA._BIN_HD_DATA._COMPUTE_BINNED_OUTPUTS.SPATIAL_BINNED_RNA_ANALYZER.RUN_GRAPH_CLUSTERING.fork_square_016um
2025-10-21 22:58:04 [runtime] (complete)        ID.F07840_2.SPATIAL_RNA_COUNTER_CS.SPATIAL_RNA_COUNTER.SPATIAL_POST_MATRIX_COMPUTATION.BIN_HD_DATA._BIN_HD_DATA._COMPUTE_BINNED_OUTPUTS.SPATIAL_BINNED_RNA_ANALYZER.RUN_GRAPH_CLUSTERING.fork_square_016um
2025-10-21 22:58:07 [runtime] (complete)        ID.F07840_2.SPATIAL_RNA_COUNTER_CS.SPATIAL_RNA_COUNTER.SPATIAL_POST_MATRIX_COMPUTATION.BIN_HD_DATA._BIN_HD_DATA._COMPUTE_BINNED_OUTPUTS.SPATIAL_BINNED_RNA_ANALYZER.RUN_GRAPH_CLUSTERING.fork_square_016um
2025-10-21 22:58:10 [runtime] (complete)        ID.F07840_2.SPATIAL_RNA_COUNTER_CS.SPATIAL_RNA_COUNTER.SPATIAL_POST_MATRIX_COMPUTATION.BIN_HD_DATA._BIN_HD_DATA._COMPUTE_BINNED_OUTPUTS.SPATIAL_BINNED_RNA_ANALYZER.RUN_GRAPH_CLUSTERING.fork_square_016um
2025-10-21 22:58:13 [runtime] (complete)        ID.F07840_2.SPATIAL_RNA_COUNTER_CS.SPATIAL_RNA_COUNTER.SPATIAL_POST_MATRIX_COMPUTATION.BIN_HD_DATA._BIN_HD_DATA._COMPUTE_BINNED_OUTPUTS.SPATIAL_BINNED_RNA_ANALYZER.RUN_GRAPH_CLUSTERING.fork_square_016um
2025-10-21 22:58:16 [runtime] (complete)        ID.F07840_2.SPATIAL_RNA_COUNTER_CS.SPATIAL_RNA_COUNTER.SPATIAL_POST_MATRIX_COMPUTATION.BIN_HD_DATA._BIN_HD_DATA._COMPUTE_BINNED_OUTPUTS.SPATIAL_BINNED_RNA_ANALYZER.RUN_GRAPH_CLUSTERING.fork_square_016um
2025-10-21 22:58:19 [runtime] (complete)        ID.F07840_2.SPATIAL_RNA_COUNTER_CS.SPATIAL_RNA_COUNTER.SPATIAL_POST_MATRIX_COMPUTATION.BIN_HD_DATA._BIN_HD_DATA._COMPUTE_BINNED_OUTPUTS.SPATIAL_BINNED_RNA_ANALYZER.RUN_GRAPH_CLUSTERING.fork_square_016um
2025-10-21 22:58:22 [runtime] (complete)        ID.F07840_2.SPATIAL_RNA_COUNTER_CS.SPATIAL_RNA_COUNTER.SPATIAL_POST_MATRIX_COMPUTATION.BIN_HD_DATA._BIN_HD_DATA._COMPUTE_BINNED_OUTPUTS.SPATIAL_BINNED_RNA_ANALYZER.RUN_GRAPH_CLUSTERING.fork_square_016um
2025-10-21 22:58:25 [runtime] (complete)        ID.F07840_2.SPATIAL_RNA_COUNTER_CS.SPATIAL_RNA_COUNTER.SPATIAL_POST_MATRIX_COMPUTATION.BIN_HD_DATA._BIN_HD_DATA._COMPUTE_BINNED_OUTPUTS.SPATIAL_BINNED_RNA_ANALYZER.RUN_GRAPH_CLUSTERING.fork_square_016um
2025-10-21 22:58:28 [runtime] (complete)        ID.F07840_2.SPATIAL_RNA_COUNTER_CS.SPATIAL_RNA_COUNTER.SPATIAL_POST_MATRIX_COMPUTATION.BIN_HD_DATA._BIN_HD_DATA._COMPUTE_BINNED_OUTPUTS.SPATIAL_BINNED_RNA_ANALYZER.RUN_GRAPH_CLUSTERING.fork_square_016um
2025-10-21 22:58:31 [runtime] (complete)        ID.F07840_2.SPATIAL_RNA_COUNTER_CS.SPATIAL_RNA_COUNTER.SPATIAL_POST_MATRIX_COMPUTATION.BIN_HD_DATA._BIN_HD_DATA._COMPUTE_BINNED_OUTPUTS.SPATIAL_BINNED_RNA_ANALYZER.RUN_GRAPH_CLUSTERING.fork_square_016um
2025-10-21 22:58:34 [runtime] (complete)        ID.F07840_2.SPATIAL_RNA_COUNTER_CS.SPATIAL_RNA_COUNTER.SPATIAL_POST_MATRIX_COMPUTATION.BIN_HD_DATA._BIN_HD_DATA._COMPUTE_BINNED_OUTPUTS.SPATIAL_BINNED_RNA_ANALYZER.RUN_GRAPH_CLUSTERING.fork_square_016um
2025-10-21 22:58:37 [runtime] (complete)        ID.F07840_2.SPATIAL_RNA_COUNTER_CS.SPATIAL_RNA_COUNTER.SPATIAL_POST_MATRIX_COMPUTATION.BIN_HD_DATA._BIN_HD_DATA._COMPUTE_BINNED_OUTPUTS.SPATIAL_BINNED_RNA_ANALYZER.RUN_GRAPH_CLUSTERING.fork_square_016um
2025-10-21 22:58:40 [runtime] (complete)        ID.F07840_2.SPATIAL_RNA_COUNTER_CS.SPATIAL_RNA_COUNTER.SPATIAL_POST_MATRIX_COMPUTATION.BIN_HD_DATA._BIN_HD_DATA._COMPUTE_BINNED_OUTPUTS.SPATIAL_BINNED_RNA_ANALYZER.RUN_GRAPH_CLUSTERING.fork_square_016um
2025-10-21 22:58:43 [runtime] (complete)        ID.F07840_2.SPATIAL_RNA_COUNTER_CS.SPATIAL_RNA_COUNTER.SPATIAL_POST_MATRIX_COMPUTATION.BIN_HD_DATA._BIN_HD_DATA._COMPUTE_BINNED_OUTPUTS.SPATIAL_BINNED_RNA_ANALYZER.RUN_GRAPH_CLUSTERING.fork_square_016um
2025-10-21 22:58:46 [runtime] (complete)        ID.F07840_2.SPATIAL_RNA_COUNTER_CS.SPATIAL_RNA_COUNTER.SPATIAL_POST_MATRIX_COMPUTATION.BIN_HD_DATA._BIN_HD_DATA._COMPUTE_BINNED_OUTPUTS.SPATIAL_BINNED_RNA_ANALYZER.RUN_GRAPH_CLUSTERING.fork_square_016um
2025-10-21 22:58:49 [runtime] (complete)        ID.F07840_2.SPATIAL_RNA_COUNTER_CS.SPATIAL_RNA_COUNTER.SPATIAL_POST_MATRIX_COMPUTATION.BIN_HD_DATA._BIN_HD_DATA._COMPUTE_BINNED_OUTPUTS.SPATIAL_BINNED_RNA_ANALYZER.RUN_GRAPH_CLUSTERING.fork_square_016um
2025-10-21 22:58:53 [runtime] (complete)        ID.F07840_2.SPATIAL_RNA_COUNTER_CS.SPATIAL_RNA_COUNTER.SPATIAL_POST_MATRIX_COMPUTATION.BIN_HD_DATA._BIN_HD_DATA._COMPUTE_BINNED_OUTPUTS.SPATIAL_BINNED_RNA_ANALYZER.RUN_GRAPH_CLUSTERING.fork_square_016um
2025-10-21 22:58:56 [runtime] (complete)        ID.F07840_2.SPATIAL_RNA_COUNTER_CS.SPATIAL_RNA_COUNTER.SPATIAL_POST_MATRIX_COMPUTATION.BIN_HD_DATA._BIN_HD_DATA._COMPUTE_BINNED_OUTPUTS.SPATIAL_BINNED_RNA_ANALYZER.RUN_GRAPH_CLUSTERING.fork_square_016um
2025-10-21 22:58:59 [runtime] (complete)        ID.F07840_2.SPATIAL_RNA_COUNTER_CS.SPATIAL_RNA_COUNTER.SPATIAL_POST_MATRIX_COMPUTATION.BIN_HD_DATA._BIN_HD_DATA._COMPUTE_BINNED_OUTPUTS.SPATIAL_BINNED_RNA_ANALYZER.RUN_GRAPH_CLUSTERING.fork_square_016um
2025-10-21 22:59:02 [runtime] (complete)        ID.F07840_2.SPATIAL_RNA_COUNTER_CS.SPATIAL_RNA_COUNTER.SPATIAL_POST_MATRIX_COMPUTATION.BIN_HD_DATA._BIN_HD_DATA._COMPUTE_BINNED_OUTPUTS.SPATIAL_BINNED_RNA_ANALYZER.RUN_GRAPH_CLUSTERING.fork_square_016um
2025-10-21 22:59:05 [runtime] (complete)        ID.F07840_2.SPATIAL_RNA_COUNTER_CS.SPATIAL_RNA_COUNTER.SPATIAL_POST_MATRIX_COMPUTATION.BIN_HD_DATA._BIN_HD_DATA._COMPUTE_BINNED_OUTPUTS.SPATIAL_BINNED_RNA_ANALYZER.RUN_GRAPH_CLUSTERING.fork_square_016um
2025-10-21 22:59:08 [runtime] (complete)        ID.F07840_2.SPATIAL_RNA_COUNTER_CS.SPATIAL_RNA_COUNTER.SPATIAL_POST_MATRIX_COMPUTATION.BIN_HD_DATA._BIN_HD_DATA._COMPUTE_BINNED_OUTPUTS.SPATIAL_BINNED_RNA_ANALYZER.RUN_GRAPH_CLUSTERING.fork_square_016um
2025-10-21 22:59:11 [runtime] (complete)        ID.F07840_2.SPATIAL_RNA_COUNTER_CS.SPATIAL_RNA_COUNTER.SPATIAL_POST_MATRIX_COMPUTATION.BIN_HD_DATA._BIN_HD_DATA._COMPUTE_BINNED_OUTPUTS.SPATIAL_BINNED_RNA_ANALYZER.RUN_GRAPH_CLUSTERING.fork_square_016um
2025-10-21 22:59:14 [runtime] (complete)        ID.F07840_2.SPATIAL_RNA_COUNTER_CS.SPATIAL_RNA_COUNTER.SPATIAL_POST_MATRIX_COMPUTATION.BIN_HD_DATA._BIN_HD_DATA._COMPUTE_BINNED_OUTPUTS.SPATIAL_BINNED_RNA_ANALYZER.RUN_GRAPH_CLUSTERING.fork_square_016um
2025-10-21 22:59:17 [runtime] (complete)        ID.F07840_2.SPATIAL_RNA_COUNTER_CS.SPATIAL_RNA_COUNTER.SPATIAL_POST_MATRIX_COMPUTATION.BIN_HD_DATA._BIN_HD_DATA._COMPUTE_BINNED_OUTPUTS.SPATIAL_BINNED_RNA_ANALYZER.RUN_GRAPH_CLUSTERING.fork_square_016um
2025-10-21 22:59:20 [runtime] (complete)        ID.F07840_2.SPATIAL_RNA_COUNTER_CS.SPATIAL_RNA_COUNTER.SPATIAL_POST_MATRIX_COMPUTATION.BIN_HD_DATA._BIN_HD_DATA._COMPUTE_BINNED_OUTPUTS.SPATIAL_BINNED_RNA_ANALYZER.RUN_GRAPH_CLUSTERING.fork_square_016um
2025-10-21 22:59:23 [runtime] (complete)        ID.F07840_2.SPATIAL_RNA_COUNTER_CS.SPATIAL_RNA_COUNTER.SPATIAL_POST_MATRIX_COMPUTATION.BIN_HD_DATA._BIN_HD_DATA._COMPUTE_BINNED_OUTPUTS.SPATIAL_BINNED_RNA_ANALYZER.RUN_GRAPH_CLUSTERING.fork_square_016um
2025-10-21 22:59:26 [runtime] (complete)        ID.F07840_2.SPATIAL_RNA_COUNTER_CS.SPATIAL_RNA_COUNTER.SPATIAL_POST_MATRIX_COMPUTATION.BIN_HD_DATA._BIN_HD_DATA._COMPUTE_BINNED_OUTPUTS.SPATIAL_BINNED_RNA_ANALYZER.RUN_GRAPH_CLUSTERING.fork_square_016um
2025-10-21 22:59:29 [runtime] (complete)        ID.F07840_2.SPATIAL_RNA_COUNTER_CS.SPATIAL_RNA_COUNTER.SPATIAL_POST_MATRIX_COMPUTATION.BIN_HD_DATA._BIN_HD_DATA._COMPUTE_BINNED_OUTPUTS.SPATIAL_BINNED_RNA_ANALYZER.RUN_GRAPH_CLUSTERING.fork_square_016um
2025-10-21 22:59:32 [runtime] (complete)        ID.F07840_2.SPATIAL_RNA_COUNTER_CS.SPATIAL_RNA_COUNTER.SPATIAL_POST_MATRIX_COMPUTATION.BIN_HD_DATA._BIN_HD_DATA._COMPUTE_BINNED_OUTPUTS.SPATIAL_BINNED_RNA_ANALYZER.RUN_GRAPH_CLUSTERING.fork_square_016um
2025-10-21 22:59:35 [runtime] (complete)        ID.F07840_2.SPATIAL_RNA_COUNTER_CS.SPATIAL_RNA_COUNTER.SPATIAL_POST_MATRIX_COMPUTATION.BIN_HD_DATA._BIN_HD_DATA._COMPUTE_BINNED_OUTPUTS.SPATIAL_BINNED_RNA_ANALYZER.RUN_GRAPH_CLUSTERING.fork_square_016um
2025-10-21 22:59:38 [runtime] (complete)        ID.F07840_2.SPATIAL_RNA_COUNTER_CS.SPATIAL_RNA_COUNTER.SPATIAL_POST_MATRIX_COMPUTATION.BIN_HD_DATA._BIN_HD_DATA._COMPUTE_BINNED_OUTPUTS.SPATIAL_BINNED_RNA_ANALYZER.RUN_GRAPH_CLUSTERING.fork_square_016um
2025-10-21 22:59:41 [runtime] (complete)        ID.F07840_2.SPATIAL_RNA_COUNTER_CS.SPATIAL_RNA_COUNTER.SPATIAL_POST_MATRIX_COMPUTATION.BIN_HD_DATA._BIN_HD_DATA._COMPUTE_BINNED_OUTPUTS.SPATIAL_BINNED_RNA_ANALYZER.RUN_GRAPH_CLUSTERING.fork_square_016um
2025-10-21 22:59:44 [runtime] (complete)        ID.F07840_2.SPATIAL_RNA_COUNTER_CS.SPATIAL_RNA_COUNTER.SPATIAL_POST_MATRIX_COMPUTATION.BIN_HD_DATA._BIN_HD_DATA._COMPUTE_BINNED_OUTPUTS.SPATIAL_BINNED_RNA_ANALYZER.RUN_GRAPH_CLUSTERING.fork_square_016um
2025-10-21 22:59:47 [runtime] (complete)        ID.F07840_2.SPATIAL_RNA_COUNTER_CS.SPATIAL_RNA_COUNTER.SPATIAL_POST_MATRIX_COMPUTATION.BIN_HD_DATA._BIN_HD_DATA._COMPUTE_BINNED_OUTPUTS.SPATIAL_BINNED_RNA_ANALYZER.RUN_GRAPH_CLUSTERING.fork_square_016um
2025-10-21 22:59:50 [runtime] (complete)        ID.F07840_2.SPATIAL_RNA_COUNTER_CS.SPATIAL_RNA_COUNTER.SPATIAL_POST_MATRIX_COMPUTATION.BIN_HD_DATA._BIN_HD_DATA._COMPUTE_BINNED_OUTPUTS.SPATIAL_BINNED_RNA_ANALYZER.RUN_GRAPH_CLUSTERING.fork_square_016um
2025-10-21 22:59:53 [runtime] (complete)        ID.F07840_2.SPATIAL_RNA_COUNTER_CS.SPATIAL_RNA_COUNTER.SPATIAL_POST_MATRIX_COMPUTATION.BIN_HD_DATA._BIN_HD_DATA._COMPUTE_BINNED_OUTPUTS.SPATIAL_BINNED_RNA_ANALYZER.RUN_GRAPH_CLUSTERING.fork_square_016um
2025-10-21 22:59:56 [runtime] (complete)        ID.F07840_2.SPATIAL_RNA_COUNTER_CS.SPATIAL_RNA_COUNTER.SPATIAL_POST_MATRIX_COMPUTATION.BIN_HD_DATA._BIN_HD_DATA._COMPUTE_BINNED_OUTPUTS.SPATIAL_BINNED_RNA_ANALYZER.RUN_GRAPH_CLUSTERING.fork_square_016um
2025-10-21 22:59:59 [runtime] (complete)        ID.F07840_2.SPATIAL_RNA_COUNTER_CS.SPATIAL_RNA_COUNTER.SPATIAL_POST_MATRIX_COMPUTATION.BIN_HD_DATA._BIN_HD_DATA._COMPUTE_BINNED_OUTPUTS.SPATIAL_BINNED_RNA_ANALYZER.RUN_GRAPH_CLUSTERING.fork_square_016um
2025-10-21 23:00:02 [runtime] (complete)        ID.F07840_2.SPATIAL_RNA_COUNTER_CS.SPATIAL_RNA_COUNTER.SPATIAL_POST_MATRIX_COMPUTATION.BIN_HD_DATA._BIN_HD_DATA._COMPUTE_BINNED_OUTPUTS.SPATIAL_BINNED_RNA_ANALYZER.RUN_GRAPH_CLUSTERING.fork_square_016um
2025-10-21 23:00:05 [runtime] (complete)        ID.F07840_2.SPATIAL_RNA_COUNTER_CS.SPATIAL_RNA_COUNTER.SPATIAL_POST_MATRIX_COMPUTATION.BIN_HD_DATA._BIN_HD_DATA._COMPUTE_BINNED_OUTPUTS.SPATIAL_BINNED_RNA_ANALYZER.RUN_GRAPH_CLUSTERING.fork_square_016um
2025-10-21 23:00:08 [runtime] (complete)        ID.F07840_2.SPATIAL_RNA_COUNTER_CS.SPATIAL_RNA_COUNTER.SPATIAL_POST_MATRIX_COMPUTATION.BIN_HD_DATA._BIN_HD_DATA._COMPUTE_BINNED_OUTPUTS.SPATIAL_BINNED_RNA_ANALYZER.RUN_GRAPH_CLUSTERING.fork_square_016um
2025-10-21 23:00:11 [runtime] (complete)        ID.F07840_2.SPATIAL_RNA_COUNTER_CS.SPATIAL_RNA_COUNTER.SPATIAL_POST_MATRIX_COMPUTATION.BIN_HD_DATA._BIN_HD_DATA._COMPUTE_BINNED_OUTPUTS.SPATIAL_BINNED_RNA_ANALYZER.RUN_GRAPH_CLUSTERING.fork_square_016um
2025-10-21 23:00:14 [runtime] (complete)        ID.F07840_2.SPATIAL_RNA_COUNTER_CS.SPATIAL_RNA_COUNTER.SPATIAL_POST_MATRIX_COMPUTATION.BIN_HD_DATA._BIN_HD_DATA._COMPUTE_BINNED_OUTPUTS.SPATIAL_BINNED_RNA_ANALYZER.RUN_GRAPH_CLUSTERING.fork_square_016um
2025-10-21 23:00:17 [runtime] (complete)        ID.F07840_2.SPATIAL_RNA_COUNTER_CS.SPATIAL_RNA_COUNTER.SPATIAL_POST_MATRIX_COMPUTATION.BIN_HD_DATA._BIN_HD_DATA._COMPUTE_BINNED_OUTPUTS.SPATIAL_BINNED_RNA_ANALYZER.RUN_GRAPH_CLUSTERING.fork_square_016um
2025-10-21 23:00:20 [runtime] (complete)        ID.F07840_2.SPATIAL_RNA_COUNTER_CS.SPATIAL_RNA_COUNTER.SPATIAL_POST_MATRIX_COMPUTATION.BIN_HD_DATA._BIN_HD_DATA._COMPUTE_BINNED_OUTPUTS.SPATIAL_BINNED_RNA_ANALYZER.RUN_GRAPH_CLUSTERING.fork_square_016um
2025-10-21 23:00:23 [runtime] (complete)        ID.F07840_2.SPATIAL_RNA_COUNTER_CS.SPATIAL_RNA_COUNTER.SPATIAL_POST_MATRIX_COMPUTATION.BIN_HD_DATA._BIN_HD_DATA._COMPUTE_BINNED_OUTPUTS.SPATIAL_BINNED_RNA_ANALYZER.RUN_GRAPH_CLUSTERING.fork_square_016um
2025-10-21 23:00:26 [runtime] (complete)        ID.F07840_2.SPATIAL_RNA_COUNTER_CS.SPATIAL_RNA_COUNTER.SPATIAL_POST_MATRIX_COMPUTATION.BIN_HD_DATA._BIN_HD_DATA._COMPUTE_BINNED_OUTPUTS.SPATIAL_BINNED_RNA_ANALYZER.RUN_GRAPH_CLUSTERING.fork_square_016um
2025-10-21 23:00:29 [runtime] (update)          ID.F07840_2.SPATIAL_RNA_COUNTER_CS.SPATIAL_RNA_COUNTER.SPATIAL_POST_MATRIX_COMPUTATION.BIN_HD_DATA._BIN_HD_DATA._COMPUTE_BINNED_OUTPUTS.SPATIAL_BINNED_RNA_ANALYZER.RUN_GRAPH_CLUSTERING.fork_square_008um chunks_running
2025-10-21 23:00:29 [runtime] (complete)        ID.F07840_2.SPATIAL_RNA_COUNTER_CS.SPATIAL_RNA_COUNTER.SPATIAL_POST_MATRIX_COMPUTATION.BIN_HD_DATA._BIN_HD_DATA._COMPUTE_BINNED_OUTPUTS.SPATIAL_BINNED_RNA_ANALYZER.RUN_GRAPH_CLUSTERING.fork_square_016um
2025-10-21 23:00:32 [runtime] (complete)        ID.F07840_2.SPATIAL_RNA_COUNTER_CS.SPATIAL_RNA_COUNTER.SPATIAL_POST_MATRIX_COMPUTATION.BIN_HD_DATA._BIN_HD_DATA._COMPUTE_BINNED_OUTPUTS.SPATIAL_BINNED_RNA_ANALYZER.RUN_GRAPH_CLUSTERING.fork_square_016um
2025-10-21 23:00:35 [runtime] (complete)        ID.F07840_2.SPATIAL_RNA_COUNTER_CS.SPATIAL_RNA_COUNTER.SPATIAL_POST_MATRIX_COMPUTATION.BIN_HD_DATA._BIN_HD_DATA._COMPUTE_BINNED_OUTPUTS.SPATIAL_BINNED_RNA_ANALYZER.RUN_GRAPH_CLUSTERING.fork_square_016um
2025-10-21 23:00:38 [runtime] (complete)        ID.F07840_2.SPATIAL_RNA_COUNTER_CS.SPATIAL_RNA_COUNTER.SPATIAL_POST_MATRIX_COMPUTATION.BIN_HD_DATA._BIN_HD_DATA._COMPUTE_BINNED_OUTPUTS.SPATIAL_BINNED_RNA_ANALYZER.RUN_GRAPH_CLUSTERING.fork_square_016um
2025-10-21 23:00:41 [runtime] (complete)        ID.F07840_2.SPATIAL_RNA_COUNTER_CS.SPATIAL_RNA_COUNTER.SPATIAL_POST_MATRIX_COMPUTATION.BIN_HD_DATA._BIN_HD_DATA._COMPUTE_BINNED_OUTPUTS.SPATIAL_BINNED_RNA_ANALYZER.RUN_GRAPH_CLUSTERING.fork_square_016um
2025-10-21 23:00:44 [runtime] (complete)        ID.F07840_2.SPATIAL_RNA_COUNTER_CS.SPATIAL_RNA_COUNTER.SPATIAL_POST_MATRIX_COMPUTATION.BIN_HD_DATA._BIN_HD_DATA._COMPUTE_BINNED_OUTPUTS.SPATIAL_BINNED_RNA_ANALYZER.RUN_GRAPH_CLUSTERING.fork_square_016um
2025-10-21 23:00:47 [runtime] (complete)        ID.F07840_2.SPATIAL_RNA_COUNTER_CS.SPATIAL_RNA_COUNTER.SPATIAL_POST_MATRIX_COMPUTATION.BIN_HD_DATA._BIN_HD_DATA._COMPUTE_BINNED_OUTPUTS.SPATIAL_BINNED_RNA_ANALYZER.RUN_GRAPH_CLUSTERING.fork_square_016um
2025-10-21 23:00:50 [runtime] (complete)        ID.F07840_2.SPATIAL_RNA_COUNTER_CS.SPATIAL_RNA_COUNTER.SPATIAL_POST_MATRIX_COMPUTATION.BIN_HD_DATA._BIN_HD_DATA._COMPUTE_BINNED_OUTPUTS.SPATIAL_BINNED_RNA_ANALYZER.RUN_GRAPH_CLUSTERING.fork_square_016um
2025-10-21 23:00:53 [runtime] (complete)        ID.F07840_2.SPATIAL_RNA_COUNTER_CS.SPATIAL_RNA_COUNTER.SPATIAL_POST_MATRIX_COMPUTATION.BIN_HD_DATA._BIN_HD_DATA._COMPUTE_BINNED_OUTPUTS.SPATIAL_BINNED_RNA_ANALYZER.RUN_GRAPH_CLUSTERING.fork_square_016um
2025-10-21 23:00:56 [runtime] (complete)        ID.F07840_2.SPATIAL_RNA_COUNTER_CS.SPATIAL_RNA_COUNTER.SPATIAL_POST_MATRIX_COMPUTATION.BIN_HD_DATA._BIN_HD_DATA._COMPUTE_BINNED_OUTPUTS.SPATIAL_BINNED_RNA_ANALYZER.RUN_GRAPH_CLUSTERING.fork_square_016um
2025-10-21 23:00:59 [runtime] (complete)        ID.F07840_2.SPATIAL_RNA_COUNTER_CS.SPATIAL_RNA_COUNTER.SPATIAL_POST_MATRIX_COMPUTATION.BIN_HD_DATA._BIN_HD_DATA._COMPUTE_BINNED_OUTPUTS.SPATIAL_BINNED_RNA_ANALYZER.RUN_GRAPH_CLUSTERING.fork_square_016um
2025-10-21 23:01:02 [runtime] (complete)        ID.F07840_2.SPATIAL_RNA_COUNTER_CS.SPATIAL_RNA_COUNTER.SPATIAL_POST_MATRIX_COMPUTATION.BIN_HD_DATA._BIN_HD_DATA._COMPUTE_BINNED_OUTPUTS.SPATIAL_BINNED_RNA_ANALYZER.RUN_GRAPH_CLUSTERING.fork_square_016um
2025-10-21 23:01:05 [runtime] (complete)        ID.F07840_2.SPATIAL_RNA_COUNTER_CS.SPATIAL_RNA_COUNTER.SPATIAL_POST_MATRIX_COMPUTATION.BIN_HD_DATA._BIN_HD_DATA._COMPUTE_BINNED_OUTPUTS.SPATIAL_BINNED_RNA_ANALYZER.RUN_GRAPH_CLUSTERING.fork_square_016um
2025-10-21 23:01:08 [runtime] (complete)        ID.F07840_2.SPATIAL_RNA_COUNTER_CS.SPATIAL_RNA_COUNTER.SPATIAL_POST_MATRIX_COMPUTATION.BIN_HD_DATA._BIN_HD_DATA._COMPUTE_BINNED_OUTPUTS.SPATIAL_BINNED_RNA_ANALYZER.RUN_GRAPH_CLUSTERING.fork_square_016um
2025-10-21 23:01:11 [runtime] (complete)        ID.F07840_2.SPATIAL_RNA_COUNTER_CS.SPATIAL_RNA_COUNTER.SPATIAL_POST_MATRIX_COMPUTATION.BIN_HD_DATA._BIN_HD_DATA._COMPUTE_BINNED_OUTPUTS.SPATIAL_BINNED_RNA_ANALYZER.RUN_GRAPH_CLUSTERING.fork_square_016um
2025-10-21 23:01:14 [runtime] (complete)        ID.F07840_2.SPATIAL_RNA_COUNTER_CS.SPATIAL_RNA_COUNTER.SPATIAL_POST_MATRIX_COMPUTATION.BIN_HD_DATA._BIN_HD_DATA._COMPUTE_BINNED_OUTPUTS.SPATIAL_BINNED_RNA_ANALYZER.RUN_GRAPH_CLUSTERING.fork_square_016um
2025-10-21 23:01:17 [runtime] (complete)        ID.F07840_2.SPATIAL_RNA_COUNTER_CS.SPATIAL_RNA_COUNTER.SPATIAL_POST_MATRIX_COMPUTATION.BIN_HD_DATA._BIN_HD_DATA._COMPUTE_BINNED_OUTPUTS.SPATIAL_BINNED_RNA_ANALYZER.RUN_GRAPH_CLUSTERING.fork_square_016um
2025-10-21 23:01:20 [runtime] (complete)        ID.F07840_2.SPATIAL_RNA_COUNTER_CS.SPATIAL_RNA_COUNTER.SPATIAL_POST_MATRIX_COMPUTATION.BIN_HD_DATA._BIN_HD_DATA._COMPUTE_BINNED_OUTPUTS.SPATIAL_BINNED_RNA_ANALYZER.RUN_GRAPH_CLUSTERING.fork_square_016um
2025-10-21 23:01:23 [runtime] (complete)        ID.F07840_2.SPATIAL_RNA_COUNTER_CS.SPATIAL_RNA_COUNTER.SPATIAL_POST_MATRIX_COMPUTATION.BIN_HD_DATA._BIN_HD_DATA._COMPUTE_BINNED_OUTPUTS.SPATIAL_BINNED_RNA_ANALYZER.RUN_GRAPH_CLUSTERING.fork_square_016um
2025-10-21 23:01:26 [runtime] (complete)        ID.F07840_2.SPATIAL_RNA_COUNTER_CS.SPATIAL_RNA_COUNTER.SPATIAL_POST_MATRIX_COMPUTATION.BIN_HD_DATA._BIN_HD_DATA._COMPUTE_BINNED_OUTPUTS.SPATIAL_BINNED_RNA_ANALYZER.RUN_GRAPH_CLUSTERING.fork_square_016um
2025-10-21 23:01:29 [runtime] (complete)        ID.F07840_2.SPATIAL_RNA_COUNTER_CS.SPATIAL_RNA_COUNTER.SPATIAL_POST_MATRIX_COMPUTATION.BIN_HD_DATA._BIN_HD_DATA._COMPUTE_BINNED_OUTPUTS.SPATIAL_BINNED_RNA_ANALYZER.RUN_GRAPH_CLUSTERING.fork_square_016um
2025-10-21 23:01:32 [runtime] (complete)        ID.F07840_2.SPATIAL_RNA_COUNTER_CS.SPATIAL_RNA_COUNTER.SPATIAL_POST_MATRIX_COMPUTATION.BIN_HD_DATA._BIN_HD_DATA._COMPUTE_BINNED_OUTPUTS.SPATIAL_BINNED_RNA_ANALYZER.RUN_GRAPH_CLUSTERING.fork_square_016um
2025-10-21 23:01:35 [runtime] (complete)        ID.F07840_2.SPATIAL_RNA_COUNTER_CS.SPATIAL_RNA_COUNTER.SPATIAL_POST_MATRIX_COMPUTATION.BIN_HD_DATA._BIN_HD_DATA._COMPUTE_BINNED_OUTPUTS.SPATIAL_BINNED_RNA_ANALYZER.RUN_GRAPH_CLUSTERING.fork_square_016um
2025-10-21 23:01:38 [runtime] (complete)        ID.F07840_2.SPATIAL_RNA_COUNTER_CS.SPATIAL_RNA_COUNTER.SPATIAL_POST_MATRIX_COMPUTATION.BIN_HD_DATA._BIN_HD_DATA._COMPUTE_BINNED_OUTPUTS.SPATIAL_BINNED_RNA_ANALYZER.RUN_GRAPH_CLUSTERING.fork_square_016um
2025-10-21 23:01:41 [runtime] (complete)        ID.F07840_2.SPATIAL_RNA_COUNTER_CS.SPATIAL_RNA_COUNTER.SPATIAL_POST_MATRIX_COMPUTATION.BIN_HD_DATA._BIN_HD_DATA._COMPUTE_BINNED_OUTPUTS.SPATIAL_BINNED_RNA_ANALYZER.RUN_GRAPH_CLUSTERING.fork_square_016um
2025-10-21 23:01:44 [runtime] (complete)        ID.F07840_2.SPATIAL_RNA_COUNTER_CS.SPATIAL_RNA_COUNTER.SPATIAL_POST_MATRIX_COMPUTATION.BIN_HD_DATA._BIN_HD_DATA._COMPUTE_BINNED_OUTPUTS.SPATIAL_BINNED_RNA_ANALYZER.RUN_GRAPH_CLUSTERING.fork_square_016um
2025-10-21 23:01:47 [runtime] (complete)        ID.F07840_2.SPATIAL_RNA_COUNTER_CS.SPATIAL_RNA_COUNTER.SPATIAL_POST_MATRIX_COMPUTATION.BIN_HD_DATA._BIN_HD_DATA._COMPUTE_BINNED_OUTPUTS.SPATIAL_BINNED_RNA_ANALYZER.RUN_GRAPH_CLUSTERING.fork_square_016um
2025-10-21 23:01:50 [runtime] (complete)        ID.F07840_2.SPATIAL_RNA_COUNTER_CS.SPATIAL_RNA_COUNTER.SPATIAL_POST_MATRIX_COMPUTATION.BIN_HD_DATA._BIN_HD_DATA._COMPUTE_BINNED_OUTPUTS.SPATIAL_BINNED_RNA_ANALYZER.RUN_GRAPH_CLUSTERING.fork_square_016um
2025-10-21 23:01:53 [runtime] (complete)        ID.F07840_2.SPATIAL_RNA_COUNTER_CS.SPATIAL_RNA_COUNTER.SPATIAL_POST_MATRIX_COMPUTATION.BIN_HD_DATA._BIN_HD_DATA._COMPUTE_BINNED_OUTPUTS.SPATIAL_BINNED_RNA_ANALYZER.RUN_GRAPH_CLUSTERING.fork_square_016um
2025-10-21 23:01:56 [runtime] (complete)        ID.F07840_2.SPATIAL_RNA_COUNTER_CS.SPATIAL_RNA_COUNTER.SPATIAL_POST_MATRIX_COMPUTATION.BIN_HD_DATA._BIN_HD_DATA._COMPUTE_BINNED_OUTPUTS.SPATIAL_BINNED_RNA_ANALYZER.RUN_GRAPH_CLUSTERING.fork_square_016um
2025-10-21 23:01:59 [runtime] (complete)        ID.F07840_2.SPATIAL_RNA_COUNTER_CS.SPATIAL_RNA_COUNTER.SPATIAL_POST_MATRIX_COMPUTATION.BIN_HD_DATA._BIN_HD_DATA._COMPUTE_BINNED_OUTPUTS.SPATIAL_BINNED_RNA_ANALYZER.RUN_GRAPH_CLUSTERING.fork_square_016um
2025-10-21 23:02:02 [runtime] (complete)        ID.F07840_2.SPATIAL_RNA_COUNTER_CS.SPATIAL_RNA_COUNTER.SPATIAL_POST_MATRIX_COMPUTATION.BIN_HD_DATA._BIN_HD_DATA._COMPUTE_BINNED_OUTPUTS.SPATIAL_BINNED_RNA_ANALYZER.RUN_GRAPH_CLUSTERING.fork_square_016um
2025-10-21 23:02:05 [runtime] (complete)        ID.F07840_2.SPATIAL_RNA_COUNTER_CS.SPATIAL_RNA_COUNTER.SPATIAL_POST_MATRIX_COMPUTATION.BIN_HD_DATA._BIN_HD_DATA._COMPUTE_BINNED_OUTPUTS.SPATIAL_BINNED_RNA_ANALYZER.RUN_GRAPH_CLUSTERING.fork_square_016um
2025-10-21 23:02:08 [runtime] (complete)        ID.F07840_2.SPATIAL_RNA_COUNTER_CS.SPATIAL_RNA_COUNTER.SPATIAL_POST_MATRIX_COMPUTATION.BIN_HD_DATA._BIN_HD_DATA._COMPUTE_BINNED_OUTPUTS.SPATIAL_BINNED_RNA_ANALYZER.RUN_GRAPH_CLUSTERING.fork_square_016um
2025-10-21 23:02:11 [runtime] (complete)        ID.F07840_2.SPATIAL_RNA_COUNTER_CS.SPATIAL_RNA_COUNTER.SPATIAL_POST_MATRIX_COMPUTATION.BIN_HD_DATA._BIN_HD_DATA._COMPUTE_BINNED_OUTPUTS.SPATIAL_BINNED_RNA_ANALYZER.RUN_GRAPH_CLUSTERING.fork_square_016um
2025-10-21 23:02:14 [runtime] (complete)        ID.F07840_2.SPATIAL_RNA_COUNTER_CS.SPATIAL_RNA_COUNTER.SPATIAL_POST_MATRIX_COMPUTATION.BIN_HD_DATA._BIN_HD_DATA._COMPUTE_BINNED_OUTPUTS.SPATIAL_BINNED_RNA_ANALYZER.RUN_GRAPH_CLUSTERING.fork_square_016um
2025-10-21 23:02:17 [runtime] (complete)        ID.F07840_2.SPATIAL_RNA_COUNTER_CS.SPATIAL_RNA_COUNTER.SPATIAL_POST_MATRIX_COMPUTATION.BIN_HD_DATA._BIN_HD_DATA._COMPUTE_BINNED_OUTPUTS.SPATIAL_BINNED_RNA_ANALYZER.RUN_GRAPH_CLUSTERING.fork_square_016um
2025-10-21 23:02:20 [runtime] (complete)        ID.F07840_2.SPATIAL_RNA_COUNTER_CS.SPATIAL_RNA_COUNTER.SPATIAL_POST_MATRIX_COMPUTATION.BIN_HD_DATA._BIN_HD_DATA._COMPUTE_BINNED_OUTPUTS.SPATIAL_BINNED_RNA_ANALYZER.RUN_GRAPH_CLUSTERING.fork_square_016um
2025-10-21 23:02:23 [runtime] (complete)        ID.F07840_2.SPATIAL_RNA_COUNTER_CS.SPATIAL_RNA_COUNTER.SPATIAL_POST_MATRIX_COMPUTATION.BIN_HD_DATA._BIN_HD_DATA._COMPUTE_BINNED_OUTPUTS.SPATIAL_BINNED_RNA_ANALYZER.RUN_GRAPH_CLUSTERING.fork_square_016um
2025-10-21 23:02:26 [runtime] (complete)        ID.F07840_2.SPATIAL_RNA_COUNTER_CS.SPATIAL_RNA_COUNTER.SPATIAL_POST_MATRIX_COMPUTATION.BIN_HD_DATA._BIN_HD_DATA._COMPUTE_BINNED_OUTPUTS.SPATIAL_BINNED_RNA_ANALYZER.RUN_GRAPH_CLUSTERING.fork_square_016um
2025-10-21 23:02:29 [runtime] (complete)        ID.F07840_2.SPATIAL_RNA_COUNTER_CS.SPATIAL_RNA_COUNTER.SPATIAL_POST_MATRIX_COMPUTATION.BIN_HD_DATA._BIN_HD_DATA._COMPUTE_BINNED_OUTPUTS.SPATIAL_BINNED_RNA_ANALYZER.RUN_GRAPH_CLUSTERING.fork_square_016um
2025-10-21 23:02:33 [runtime] (complete)        ID.F07840_2.SPATIAL_RNA_COUNTER_CS.SPATIAL_RNA_COUNTER.SPATIAL_POST_MATRIX_COMPUTATION.BIN_HD_DATA._BIN_HD_DATA._COMPUTE_BINNED_OUTPUTS.SPATIAL_BINNED_RNA_ANALYZER.RUN_GRAPH_CLUSTERING.fork_square_016um
2025-10-21 23:02:36 [runtime] (complete)        ID.F07840_2.SPATIAL_RNA_COUNTER_CS.SPATIAL_RNA_COUNTER.SPATIAL_POST_MATRIX_COMPUTATION.BIN_HD_DATA._BIN_HD_DATA._COMPUTE_BINNED_OUTPUTS.SPATIAL_BINNED_RNA_ANALYZER.RUN_GRAPH_CLUSTERING.fork_square_016um
2025-10-21 23:02:39 [runtime] (complete)        ID.F07840_2.SPATIAL_RNA_COUNTER_CS.SPATIAL_RNA_COUNTER.SPATIAL_POST_MATRIX_COMPUTATION.BIN_HD_DATA._BIN_HD_DATA._COMPUTE_BINNED_OUTPUTS.SPATIAL_BINNED_RNA_ANALYZER.RUN_GRAPH_CLUSTERING.fork_square_016um
2025-10-21 23:02:42 [runtime] (complete)        ID.F07840_2.SPATIAL_RNA_COUNTER_CS.SPATIAL_RNA_COUNTER.SPATIAL_POST_MATRIX_COMPUTATION.BIN_HD_DATA._BIN_HD_DATA._COMPUTE_BINNED_OUTPUTS.SPATIAL_BINNED_RNA_ANALYZER.RUN_GRAPH_CLUSTERING.fork_square_016um
2025-10-21 23:02:45 [runtime] (complete)        ID.F07840_2.SPATIAL_RNA_COUNTER_CS.SPATIAL_RNA_COUNTER.SPATIAL_POST_MATRIX_COMPUTATION.BIN_HD_DATA._BIN_HD_DATA._COMPUTE_BINNED_OUTPUTS.SPATIAL_BINNED_RNA_ANALYZER.RUN_GRAPH_CLUSTERING.fork_square_016um
2025-10-21 23:02:48 [runtime] (complete)        ID.F07840_2.SPATIAL_RNA_COUNTER_CS.SPATIAL_RNA_COUNTER.SPATIAL_POST_MATRIX_COMPUTATION.BIN_HD_DATA._BIN_HD_DATA._COMPUTE_BINNED_OUTPUTS.SPATIAL_BINNED_RNA_ANALYZER.RUN_GRAPH_CLUSTERING.fork_square_016um
2025-10-21 23:02:51 [runtime] (complete)        ID.F07840_2.SPATIAL_RNA_COUNTER_CS.SPATIAL_RNA_COUNTER.SPATIAL_POST_MATRIX_COMPUTATION.BIN_HD_DATA._BIN_HD_DATA._COMPUTE_BINNED_OUTPUTS.SPATIAL_BINNED_RNA_ANALYZER.RUN_GRAPH_CLUSTERING.fork_square_016um
2025-10-21 23:02:54 [runtime] (complete)        ID.F07840_2.SPATIAL_RNA_COUNTER_CS.SPATIAL_RNA_COUNTER.SPATIAL_POST_MATRIX_COMPUTATION.BIN_HD_DATA._BIN_HD_DATA._COMPUTE_BINNED_OUTPUTS.SPATIAL_BINNED_RNA_ANALYZER.RUN_GRAPH_CLUSTERING.fork_square_016um
2025-10-21 23:02:57 [runtime] (complete)        ID.F07840_2.SPATIAL_RNA_COUNTER_CS.SPATIAL_RNA_COUNTER.SPATIAL_POST_MATRIX_COMPUTATION.BIN_HD_DATA._BIN_HD_DATA._COMPUTE_BINNED_OUTPUTS.SPATIAL_BINNED_RNA_ANALYZER.RUN_GRAPH_CLUSTERING.fork_square_016um
2025-10-21 23:03:00 [runtime] (complete)        ID.F07840_2.SPATIAL_RNA_COUNTER_CS.SPATIAL_RNA_COUNTER.SPATIAL_POST_MATRIX_COMPUTATION.BIN_HD_DATA._BIN_HD_DATA._COMPUTE_BINNED_OUTPUTS.SPATIAL_BINNED_RNA_ANALYZER.RUN_GRAPH_CLUSTERING.fork_square_016um
2025-10-21 23:03:03 [runtime] (complete)        ID.F07840_2.SPATIAL_RNA_COUNTER_CS.SPATIAL_RNA_COUNTER.SPATIAL_POST_MATRIX_COMPUTATION.BIN_HD_DATA._BIN_HD_DATA._COMPUTE_BINNED_OUTPUTS.SPATIAL_BINNED_RNA_ANALYZER.RUN_GRAPH_CLUSTERING.fork_square_016um
2025-10-21 23:03:06 [runtime] (complete)        ID.F07840_2.SPATIAL_RNA_COUNTER_CS.SPATIAL_RNA_COUNTER.SPATIAL_POST_MATRIX_COMPUTATION.BIN_HD_DATA._BIN_HD_DATA._COMPUTE_BINNED_OUTPUTS.SPATIAL_BINNED_RNA_ANALYZER.RUN_GRAPH_CLUSTERING.fork_square_016um
2025-10-21 23:03:09 [runtime] (complete)        ID.F07840_2.SPATIAL_RNA_COUNTER_CS.SPATIAL_RNA_COUNTER.SPATIAL_POST_MATRIX_COMPUTATION.BIN_HD_DATA._BIN_HD_DATA._COMPUTE_BINNED_OUTPUTS.SPATIAL_BINNED_RNA_ANALYZER.RUN_GRAPH_CLUSTERING.fork_square_016um
2025-10-21 23:03:12 [runtime] (complete)        ID.F07840_2.SPATIAL_RNA_COUNTER_CS.SPATIAL_RNA_COUNTER.SPATIAL_POST_MATRIX_COMPUTATION.BIN_HD_DATA._BIN_HD_DATA._COMPUTE_BINNED_OUTPUTS.SPATIAL_BINNED_RNA_ANALYZER.RUN_GRAPH_CLUSTERING.fork_square_016um
2025-10-21 23:03:15 [runtime] (complete)        ID.F07840_2.SPATIAL_RNA_COUNTER_CS.SPATIAL_RNA_COUNTER.SPATIAL_POST_MATRIX_COMPUTATION.BIN_HD_DATA._BIN_HD_DATA._COMPUTE_BINNED_OUTPUTS.SPATIAL_BINNED_RNA_ANALYZER.RUN_GRAPH_CLUSTERING.fork_square_016um
2025-10-21 23:03:18 [runtime] (complete)        ID.F07840_2.SPATIAL_RNA_COUNTER_CS.SPATIAL_RNA_COUNTER.SPATIAL_POST_MATRIX_COMPUTATION.BIN_HD_DATA._BIN_HD_DATA._COMPUTE_BINNED_OUTPUTS.SPATIAL_BINNED_RNA_ANALYZER.RUN_GRAPH_CLUSTERING.fork_square_016um
2025-10-21 23:03:21 [runtime] (complete)        ID.F07840_2.SPATIAL_RNA_COUNTER_CS.SPATIAL_RNA_COUNTER.SPATIAL_POST_MATRIX_COMPUTATION.BIN_HD_DATA._BIN_HD_DATA._COMPUTE_BINNED_OUTPUTS.SPATIAL_BINNED_RNA_ANALYZER.RUN_GRAPH_CLUSTERING.fork_square_016um
2025-10-21 23:03:24 [runtime] (complete)        ID.F07840_2.SPATIAL_RNA_COUNTER_CS.SPATIAL_RNA_COUNTER.SPATIAL_POST_MATRIX_COMPUTATION.BIN_HD_DATA._BIN_HD_DATA._COMPUTE_BINNED_OUTPUTS.SPATIAL_BINNED_RNA_ANALYZER.RUN_GRAPH_CLUSTERING.fork_square_016um
2025-10-21 23:03:27 [runtime] (complete)        ID.F07840_2.SPATIAL_RNA_COUNTER_CS.SPATIAL_RNA_COUNTER.SPATIAL_POST_MATRIX_COMPUTATION.BIN_HD_DATA._BIN_HD_DATA._COMPUTE_BINNED_OUTPUTS.SPATIAL_BINNED_RNA_ANALYZER.RUN_GRAPH_CLUSTERING.fork_square_016um
2025-10-21 23:03:30 [runtime] (complete)        ID.F07840_2.SPATIAL_RNA_COUNTER_CS.SPATIAL_RNA_COUNTER.SPATIAL_POST_MATRIX_COMPUTATION.BIN_HD_DATA._BIN_HD_DATA._COMPUTE_BINNED_OUTPUTS.SPATIAL_BINNED_RNA_ANALYZER.RUN_GRAPH_CLUSTERING.fork_square_016um
2025-10-21 23:03:33 [runtime] (complete)        ID.F07840_2.SPATIAL_RNA_COUNTER_CS.SPATIAL_RNA_COUNTER.SPATIAL_POST_MATRIX_COMPUTATION.BIN_HD_DATA._BIN_HD_DATA._COMPUTE_BINNED_OUTPUTS.SPATIAL_BINNED_RNA_ANALYZER.RUN_GRAPH_CLUSTERING.fork_square_016um
2025-10-21 23:03:36 [runtime] (complete)        ID.F07840_2.SPATIAL_RNA_COUNTER_CS.SPATIAL_RNA_COUNTER.SPATIAL_POST_MATRIX_COMPUTATION.BIN_HD_DATA._BIN_HD_DATA._COMPUTE_BINNED_OUTPUTS.SPATIAL_BINNED_RNA_ANALYZER.RUN_GRAPH_CLUSTERING.fork_square_016um
2025-10-21 23:03:39 [runtime] (complete)        ID.F07840_2.SPATIAL_RNA_COUNTER_CS.SPATIAL_RNA_COUNTER.SPATIAL_POST_MATRIX_COMPUTATION.BIN_HD_DATA._BIN_HD_DATA._COMPUTE_BINNED_OUTPUTS.SPATIAL_BINNED_RNA_ANALYZER.RUN_GRAPH_CLUSTERING.fork_square_016um
2025-10-21 23:03:42 [runtime] (complete)        ID.F07840_2.SPATIAL_RNA_COUNTER_CS.SPATIAL_RNA_COUNTER.SPATIAL_POST_MATRIX_COMPUTATION.BIN_HD_DATA._BIN_HD_DATA._COMPUTE_BINNED_OUTPUTS.SPATIAL_BINNED_RNA_ANALYZER.RUN_GRAPH_CLUSTERING.fork_square_016um
2025-10-21 23:03:45 [runtime] (complete)        ID.F07840_2.SPATIAL_RNA_COUNTER_CS.SPATIAL_RNA_COUNTER.SPATIAL_POST_MATRIX_COMPUTATION.BIN_HD_DATA._BIN_HD_DATA._COMPUTE_BINNED_OUTPUTS.SPATIAL_BINNED_RNA_ANALYZER.RUN_GRAPH_CLUSTERING.fork_square_016um
2025-10-21 23:03:48 [runtime] (complete)        ID.F07840_2.SPATIAL_RNA_COUNTER_CS.SPATIAL_RNA_COUNTER.SPATIAL_POST_MATRIX_COMPUTATION.BIN_HD_DATA._BIN_HD_DATA._COMPUTE_BINNED_OUTPUTS.SPATIAL_BINNED_RNA_ANALYZER.RUN_GRAPH_CLUSTERING.fork_square_016um
2025-10-21 23:03:51 [runtime] (complete)        ID.F07840_2.SPATIAL_RNA_COUNTER_CS.SPATIAL_RNA_COUNTER.SPATIAL_POST_MATRIX_COMPUTATION.BIN_HD_DATA._BIN_HD_DATA._COMPUTE_BINNED_OUTPUTS.SPATIAL_BINNED_RNA_ANALYZER.RUN_GRAPH_CLUSTERING.fork_square_016um
2025-10-21 23:03:54 [runtime] (complete)        ID.F07840_2.SPATIAL_RNA_COUNTER_CS.SPATIAL_RNA_COUNTER.SPATIAL_POST_MATRIX_COMPUTATION.BIN_HD_DATA._BIN_HD_DATA._COMPUTE_BINNED_OUTPUTS.SPATIAL_BINNED_RNA_ANALYZER.RUN_GRAPH_CLUSTERING.fork_square_016um
2025-10-21 23:03:57 [runtime] (complete)        ID.F07840_2.SPATIAL_RNA_COUNTER_CS.SPATIAL_RNA_COUNTER.SPATIAL_POST_MATRIX_COMPUTATION.BIN_HD_DATA._BIN_HD_DATA._COMPUTE_BINNED_OUTPUTS.SPATIAL_BINNED_RNA_ANALYZER.RUN_GRAPH_CLUSTERING.fork_square_016um
2025-10-21 23:04:00 [runtime] (complete)        ID.F07840_2.SPATIAL_RNA_COUNTER_CS.SPATIAL_RNA_COUNTER.SPATIAL_POST_MATRIX_COMPUTATION.BIN_HD_DATA._BIN_HD_DATA._COMPUTE_BINNED_OUTPUTS.SPATIAL_BINNED_RNA_ANALYZER.RUN_GRAPH_CLUSTERING.fork_square_016um
2025-10-21 23:04:03 [runtime] (complete)        ID.F07840_2.SPATIAL_RNA_COUNTER_CS.SPATIAL_RNA_COUNTER.SPATIAL_POST_MATRIX_COMPUTATION.BIN_HD_DATA._BIN_HD_DATA._COMPUTE_BINNED_OUTPUTS.SPATIAL_BINNED_RNA_ANALYZER.RUN_GRAPH_CLUSTERING.fork_square_016um
2025-10-21 23:04:06 [runtime] (complete)        ID.F07840_2.SPATIAL_RNA_COUNTER_CS.SPATIAL_RNA_COUNTER.SPATIAL_POST_MATRIX_COMPUTATION.BIN_HD_DATA._BIN_HD_DATA._COMPUTE_BINNED_OUTPUTS.SPATIAL_BINNED_RNA_ANALYZER.RUN_GRAPH_CLUSTERING.fork_square_016um
2025-10-21 23:04:09 [runtime] (complete)        ID.F07840_2.SPATIAL_RNA_COUNTER_CS.SPATIAL_RNA_COUNTER.SPATIAL_POST_MATRIX_COMPUTATION.BIN_HD_DATA._BIN_HD_DATA._COMPUTE_BINNED_OUTPUTS.SPATIAL_BINNED_RNA_ANALYZER.RUN_GRAPH_CLUSTERING.fork_square_016um
2025-10-21 23:04:12 [runtime] (complete)        ID.F07840_2.SPATIAL_RNA_COUNTER_CS.SPATIAL_RNA_COUNTER.SPATIAL_POST_MATRIX_COMPUTATION.BIN_HD_DATA._BIN_HD_DATA._COMPUTE_BINNED_OUTPUTS.SPATIAL_BINNED_RNA_ANALYZER.RUN_GRAPH_CLUSTERING.fork_square_016um
2025-10-21 23:04:15 [runtime] (complete)        ID.F07840_2.SPATIAL_RNA_COUNTER_CS.SPATIAL_RNA_COUNTER.SPATIAL_POST_MATRIX_COMPUTATION.BIN_HD_DATA._BIN_HD_DATA._COMPUTE_BINNED_OUTPUTS.SPATIAL_BINNED_RNA_ANALYZER.RUN_GRAPH_CLUSTERING.fork_square_016um
2025-10-21 23:04:18 [runtime] (complete)        ID.F07840_2.SPATIAL_RNA_COUNTER_CS.SPATIAL_RNA_COUNTER.SPATIAL_POST_MATRIX_COMPUTATION.BIN_HD_DATA._BIN_HD_DATA._COMPUTE_BINNED_OUTPUTS.SPATIAL_BINNED_RNA_ANALYZER.RUN_GRAPH_CLUSTERING.fork_square_016um
2025-10-21 23:04:21 [runtime] (complete)        ID.F07840_2.SPATIAL_RNA_COUNTER_CS.SPATIAL_RNA_COUNTER.SPATIAL_POST_MATRIX_COMPUTATION.BIN_HD_DATA._BIN_HD_DATA._COMPUTE_BINNED_OUTPUTS.SPATIAL_BINNED_RNA_ANALYZER.RUN_GRAPH_CLUSTERING.fork_square_016um
2025-10-21 23:04:24 [runtime] (complete)        ID.F07840_2.SPATIAL_RNA_COUNTER_CS.SPATIAL_RNA_COUNTER.SPATIAL_POST_MATRIX_COMPUTATION.BIN_HD_DATA._BIN_HD_DATA._COMPUTE_BINNED_OUTPUTS.SPATIAL_BINNED_RNA_ANALYZER.RUN_GRAPH_CLUSTERING.fork_square_016um
2025-10-21 23:04:27 [runtime] (complete)        ID.F07840_2.SPATIAL_RNA_COUNTER_CS.SPATIAL_RNA_COUNTER.SPATIAL_POST_MATRIX_COMPUTATION.BIN_HD_DATA._BIN_HD_DATA._COMPUTE_BINNED_OUTPUTS.SPATIAL_BINNED_RNA_ANALYZER.RUN_GRAPH_CLUSTERING.fork_square_016um
2025-10-21 23:04:30 [runtime] (complete)        ID.F07840_2.SPATIAL_RNA_COUNTER_CS.SPATIAL_RNA_COUNTER.SPATIAL_POST_MATRIX_COMPUTATION.BIN_HD_DATA._BIN_HD_DATA._COMPUTE_BINNED_OUTPUTS.SPATIAL_BINNED_RNA_ANALYZER.RUN_GRAPH_CLUSTERING.fork_square_016um
2025-10-21 23:04:33 [runtime] (complete)        ID.F07840_2.SPATIAL_RNA_COUNTER_CS.SPATIAL_RNA_COUNTER.SPATIAL_POST_MATRIX_COMPUTATION.BIN_HD_DATA._BIN_HD_DATA._COMPUTE_BINNED_OUTPUTS.SPATIAL_BINNED_RNA_ANALYZER.RUN_GRAPH_CLUSTERING.fork_square_016um
2025-10-21 23:04:36 [runtime] (complete)        ID.F07840_2.SPATIAL_RNA_COUNTER_CS.SPATIAL_RNA_COUNTER.SPATIAL_POST_MATRIX_COMPUTATION.BIN_HD_DATA._BIN_HD_DATA._COMPUTE_BINNED_OUTPUTS.SPATIAL_BINNED_RNA_ANALYZER.RUN_GRAPH_CLUSTERING.fork_square_016um
2025-10-21 23:04:39 [runtime] (complete)        ID.F07840_2.SPATIAL_RNA_COUNTER_CS.SPATIAL_RNA_COUNTER.SPATIAL_POST_MATRIX_COMPUTATION.BIN_HD_DATA._BIN_HD_DATA._COMPUTE_BINNED_OUTPUTS.SPATIAL_BINNED_RNA_ANALYZER.RUN_GRAPH_CLUSTERING.fork_square_016um
2025-10-21 23:04:42 [runtime] (complete)        ID.F07840_2.SPATIAL_RNA_COUNTER_CS.SPATIAL_RNA_COUNTER.SPATIAL_POST_MATRIX_COMPUTATION.BIN_HD_DATA._BIN_HD_DATA._COMPUTE_BINNED_OUTPUTS.SPATIAL_BINNED_RNA_ANALYZER.RUN_GRAPH_CLUSTERING.fork_square_016um
2025-10-21 23:04:45 [runtime] (complete)        ID.F07840_2.SPATIAL_RNA_COUNTER_CS.SPATIAL_RNA_COUNTER.SPATIAL_POST_MATRIX_COMPUTATION.BIN_HD_DATA._BIN_HD_DATA._COMPUTE_BINNED_OUTPUTS.SPATIAL_BINNED_RNA_ANALYZER.RUN_GRAPH_CLUSTERING.fork_square_016um
2025-10-21 23:04:48 [runtime] (complete)        ID.F07840_2.SPATIAL_RNA_COUNTER_CS.SPATIAL_RNA_COUNTER.SPATIAL_POST_MATRIX_COMPUTATION.BIN_HD_DATA._BIN_HD_DATA._COMPUTE_BINNED_OUTPUTS.SPATIAL_BINNED_RNA_ANALYZER.RUN_GRAPH_CLUSTERING.fork_square_016um
2025-10-21 23:04:51 [runtime] (complete)        ID.F07840_2.SPATIAL_RNA_COUNTER_CS.SPATIAL_RNA_COUNTER.SPATIAL_POST_MATRIX_COMPUTATION.BIN_HD_DATA._BIN_HD_DATA._COMPUTE_BINNED_OUTPUTS.SPATIAL_BINNED_RNA_ANALYZER.RUN_GRAPH_CLUSTERING.fork_square_016um
2025-10-21 23:04:54 [runtime] (complete)        ID.F07840_2.SPATIAL_RNA_COUNTER_CS.SPATIAL_RNA_COUNTER.SPATIAL_POST_MATRIX_COMPUTATION.BIN_HD_DATA._BIN_HD_DATA._COMPUTE_BINNED_OUTPUTS.SPATIAL_BINNED_RNA_ANALYZER.RUN_GRAPH_CLUSTERING.fork_square_016um
2025-10-21 23:04:57 [runtime] (complete)        ID.F07840_2.SPATIAL_RNA_COUNTER_CS.SPATIAL_RNA_COUNTER.SPATIAL_POST_MATRIX_COMPUTATION.BIN_HD_DATA._BIN_HD_DATA._COMPUTE_BINNED_OUTPUTS.SPATIAL_BINNED_RNA_ANALYZER.RUN_GRAPH_CLUSTERING.fork_square_016um
2025-10-21 23:05:00 [runtime] (complete)        ID.F07840_2.SPATIAL_RNA_COUNTER_CS.SPATIAL_RNA_COUNTER.SPATIAL_POST_MATRIX_COMPUTATION.BIN_HD_DATA._BIN_HD_DATA._COMPUTE_BINNED_OUTPUTS.SPATIAL_BINNED_RNA_ANALYZER.RUN_GRAPH_CLUSTERING.fork_square_016um
2025-10-21 23:05:03 [runtime] (complete)        ID.F07840_2.SPATIAL_RNA_COUNTER_CS.SPATIAL_RNA_COUNTER.SPATIAL_POST_MATRIX_COMPUTATION.BIN_HD_DATA._BIN_HD_DATA._COMPUTE_BINNED_OUTPUTS.SPATIAL_BINNED_RNA_ANALYZER.RUN_GRAPH_CLUSTERING.fork_square_016um
2025-10-21 23:05:06 [runtime] (complete)        ID.F07840_2.SPATIAL_RNA_COUNTER_CS.SPATIAL_RNA_COUNTER.SPATIAL_POST_MATRIX_COMPUTATION.BIN_HD_DATA._BIN_HD_DATA._COMPUTE_BINNED_OUTPUTS.SPATIAL_BINNED_RNA_ANALYZER.RUN_GRAPH_CLUSTERING.fork_square_016um
2025-10-21 23:05:09 [runtime] (complete)        ID.F07840_2.SPATIAL_RNA_COUNTER_CS.SPATIAL_RNA_COUNTER.SPATIAL_POST_MATRIX_COMPUTATION.BIN_HD_DATA._BIN_HD_DATA._COMPUTE_BINNED_OUTPUTS.SPATIAL_BINNED_RNA_ANALYZER.RUN_GRAPH_CLUSTERING.fork_square_016um
2025-10-21 23:05:12 [runtime] (complete)        ID.F07840_2.SPATIAL_RNA_COUNTER_CS.SPATIAL_RNA_COUNTER.SPATIAL_POST_MATRIX_COMPUTATION.BIN_HD_DATA._BIN_HD_DATA._COMPUTE_BINNED_OUTPUTS.SPATIAL_BINNED_RNA_ANALYZER.RUN_GRAPH_CLUSTERING.fork_square_016um
2025-10-21 23:05:15 [runtime] (complete)        ID.F07840_2.SPATIAL_RNA_COUNTER_CS.SPATIAL_RNA_COUNTER.SPATIAL_POST_MATRIX_COMPUTATION.BIN_HD_DATA._BIN_HD_DATA._COMPUTE_BINNED_OUTPUTS.SPATIAL_BINNED_RNA_ANALYZER.RUN_GRAPH_CLUSTERING.fork_square_016um
2025-10-21 23:05:18 [runtime] (complete)        ID.F07840_2.SPATIAL_RNA_COUNTER_CS.SPATIAL_RNA_COUNTER.SPATIAL_POST_MATRIX_COMPUTATION.BIN_HD_DATA._BIN_HD_DATA._COMPUTE_BINNED_OUTPUTS.SPATIAL_BINNED_RNA_ANALYZER.RUN_GRAPH_CLUSTERING.fork_square_016um
2025-10-21 23:05:21 [runtime] (complete)        ID.F07840_2.SPATIAL_RNA_COUNTER_CS.SPATIAL_RNA_COUNTER.SPATIAL_POST_MATRIX_COMPUTATION.BIN_HD_DATA._BIN_HD_DATA._COMPUTE_BINNED_OUTPUTS.SPATIAL_BINNED_RNA_ANALYZER.RUN_GRAPH_CLUSTERING.fork_square_016um
2025-10-21 23:05:24 [runtime] (complete)        ID.F07840_2.SPATIAL_RNA_COUNTER_CS.SPATIAL_RNA_COUNTER.SPATIAL_POST_MATRIX_COMPUTATION.BIN_HD_DATA._BIN_HD_DATA._COMPUTE_BINNED_OUTPUTS.SPATIAL_BINNED_RNA_ANALYZER.RUN_GRAPH_CLUSTERING.fork_square_016um
2025-10-21 23:05:27 [runtime] (complete)        ID.F07840_2.SPATIAL_RNA_COUNTER_CS.SPATIAL_RNA_COUNTER.SPATIAL_POST_MATRIX_COMPUTATION.BIN_HD_DATA._BIN_HD_DATA._COMPUTE_BINNED_OUTPUTS.SPATIAL_BINNED_RNA_ANALYZER.RUN_GRAPH_CLUSTERING.fork_square_016um
2025-10-21 23:05:30 [runtime] (complete)        ID.F07840_2.SPATIAL_RNA_COUNTER_CS.SPATIAL_RNA_COUNTER.SPATIAL_POST_MATRIX_COMPUTATION.BIN_HD_DATA._BIN_HD_DATA._COMPUTE_BINNED_OUTPUTS.SPATIAL_BINNED_RNA_ANALYZER.RUN_GRAPH_CLUSTERING.fork_square_016um
2025-10-21 23:05:33 [runtime] (complete)        ID.F07840_2.SPATIAL_RNA_COUNTER_CS.SPATIAL_RNA_COUNTER.SPATIAL_POST_MATRIX_COMPUTATION.BIN_HD_DATA._BIN_HD_DATA._COMPUTE_BINNED_OUTPUTS.SPATIAL_BINNED_RNA_ANALYZER.RUN_GRAPH_CLUSTERING.fork_square_016um
2025-10-21 23:05:36 [runtime] (complete)        ID.F07840_2.SPATIAL_RNA_COUNTER_CS.SPATIAL_RNA_COUNTER.SPATIAL_POST_MATRIX_COMPUTATION.BIN_HD_DATA._BIN_HD_DATA._COMPUTE_BINNED_OUTPUTS.SPATIAL_BINNED_RNA_ANALYZER.RUN_GRAPH_CLUSTERING.fork_square_016um
2025-10-21 23:05:39 [runtime] (complete)        ID.F07840_2.SPATIAL_RNA_COUNTER_CS.SPATIAL_RNA_COUNTER.SPATIAL_POST_MATRIX_COMPUTATION.BIN_HD_DATA._BIN_HD_DATA._COMPUTE_BINNED_OUTPUTS.SPATIAL_BINNED_RNA_ANALYZER.RUN_GRAPH_CLUSTERING.fork_square_016um
2025-10-21 23:05:42 [runtime] (complete)        ID.F07840_2.SPATIAL_RNA_COUNTER_CS.SPATIAL_RNA_COUNTER.SPATIAL_POST_MATRIX_COMPUTATION.BIN_HD_DATA._BIN_HD_DATA._COMPUTE_BINNED_OUTPUTS.SPATIAL_BINNED_RNA_ANALYZER.RUN_GRAPH_CLUSTERING.fork_square_016um
2025-10-21 23:05:45 [runtime] (complete)        ID.F07840_2.SPATIAL_RNA_COUNTER_CS.SPATIAL_RNA_COUNTER.SPATIAL_POST_MATRIX_COMPUTATION.BIN_HD_DATA._BIN_HD_DATA._COMPUTE_BINNED_OUTPUTS.SPATIAL_BINNED_RNA_ANALYZER.RUN_GRAPH_CLUSTERING.fork_square_016um
2025-10-21 23:05:48 [runtime] (complete)        ID.F07840_2.SPATIAL_RNA_COUNTER_CS.SPATIAL_RNA_COUNTER.SPATIAL_POST_MATRIX_COMPUTATION.BIN_HD_DATA._BIN_HD_DATA._COMPUTE_BINNED_OUTPUTS.SPATIAL_BINNED_RNA_ANALYZER.RUN_GRAPH_CLUSTERING.fork_square_016um
2025-10-21 23:05:51 [runtime] (complete)        ID.F07840_2.SPATIAL_RNA_COUNTER_CS.SPATIAL_RNA_COUNTER.SPATIAL_POST_MATRIX_COMPUTATION.BIN_HD_DATA._BIN_HD_DATA._COMPUTE_BINNED_OUTPUTS.SPATIAL_BINNED_RNA_ANALYZER.RUN_GRAPH_CLUSTERING.fork_square_016um
2025-10-21 23:05:54 [runtime] (complete)        ID.F07840_2.SPATIAL_RNA_COUNTER_CS.SPATIAL_RNA_COUNTER.SPATIAL_POST_MATRIX_COMPUTATION.BIN_HD_DATA._BIN_HD_DATA._COMPUTE_BINNED_OUTPUTS.SPATIAL_BINNED_RNA_ANALYZER.RUN_GRAPH_CLUSTERING.fork_square_016um
2025-10-21 23:05:57 [runtime] (complete)        ID.F07840_2.SPATIAL_RNA_COUNTER_CS.SPATIAL_RNA_COUNTER.SPATIAL_POST_MATRIX_COMPUTATION.BIN_HD_DATA._BIN_HD_DATA._COMPUTE_BINNED_OUTPUTS.SPATIAL_BINNED_RNA_ANALYZER.RUN_GRAPH_CLUSTERING.fork_square_016um
2025-10-21 23:06:00 [runtime] (complete)        ID.F07840_2.SPATIAL_RNA_COUNTER_CS.SPATIAL_RNA_COUNTER.SPATIAL_POST_MATRIX_COMPUTATION.BIN_HD_DATA._BIN_HD_DATA._COMPUTE_BINNED_OUTPUTS.SPATIAL_BINNED_RNA_ANALYZER.RUN_GRAPH_CLUSTERING.fork_square_016um
2025-10-21 23:06:03 [runtime] (complete)        ID.F07840_2.SPATIAL_RNA_COUNTER_CS.SPATIAL_RNA_COUNTER.SPATIAL_POST_MATRIX_COMPUTATION.BIN_HD_DATA._BIN_HD_DATA._COMPUTE_BINNED_OUTPUTS.SPATIAL_BINNED_RNA_ANALYZER.RUN_GRAPH_CLUSTERING.fork_square_016um
2025-10-21 23:06:06 [runtime] (complete)        ID.F07840_2.SPATIAL_RNA_COUNTER_CS.SPATIAL_RNA_COUNTER.SPATIAL_POST_MATRIX_COMPUTATION.BIN_HD_DATA._BIN_HD_DATA._COMPUTE_BINNED_OUTPUTS.SPATIAL_BINNED_RNA_ANALYZER.RUN_GRAPH_CLUSTERING.fork_square_016um
2025-10-21 23:06:10 [runtime] (complete)        ID.F07840_2.SPATIAL_RNA_COUNTER_CS.SPATIAL_RNA_COUNTER.SPATIAL_POST_MATRIX_COMPUTATION.BIN_HD_DATA._BIN_HD_DATA._COMPUTE_BINNED_OUTPUTS.SPATIAL_BINNED_RNA_ANALYZER.RUN_GRAPH_CLUSTERING.fork_square_016um
2025-10-21 23:06:13 [runtime] (complete)        ID.F07840_2.SPATIAL_RNA_COUNTER_CS.SPATIAL_RNA_COUNTER.SPATIAL_POST_MATRIX_COMPUTATION.BIN_HD_DATA._BIN_HD_DATA._COMPUTE_BINNED_OUTPUTS.SPATIAL_BINNED_RNA_ANALYZER.RUN_GRAPH_CLUSTERING.fork_square_016um
2025-10-21 23:06:16 [runtime] (complete)        ID.F07840_2.SPATIAL_RNA_COUNTER_CS.SPATIAL_RNA_COUNTER.SPATIAL_POST_MATRIX_COMPUTATION.BIN_HD_DATA._BIN_HD_DATA._COMPUTE_BINNED_OUTPUTS.SPATIAL_BINNED_RNA_ANALYZER.RUN_GRAPH_CLUSTERING.fork_square_016um
2025-10-21 23:06:19 [runtime] (complete)        ID.F07840_2.SPATIAL_RNA_COUNTER_CS.SPATIAL_RNA_COUNTER.SPATIAL_POST_MATRIX_COMPUTATION.BIN_HD_DATA._BIN_HD_DATA._COMPUTE_BINNED_OUTPUTS.SPATIAL_BINNED_RNA_ANALYZER.RUN_GRAPH_CLUSTERING.fork_square_016um
2025-10-21 23:06:20 [runtime] (chunks_complete) ID.F07840_2.SPATIAL_RNA_COUNTER_CS.SPATIAL_RNA_COUNTER.SPATIAL_POST_MATRIX_COMPUTATION.BIN_HD_DATA._BIN_HD_DATA._COMPUTE_BINNED_OUTPUTS.SPATIAL_BINNED_RNA_ANALYZER.RUN_GRAPH_CLUSTERING.fork_square_008um
2025-10-21 23:06:21 [runtime] (run:local)       ID.F07840_2.SPATIAL_RNA_COUNTER_CS.SPATIAL_RNA_COUNTER.SPATIAL_POST_MATRIX_COMPUTATION.BIN_HD_DATA._BIN_HD_DATA._COMPUTE_BINNED_OUTPUTS.SPATIAL_BINNED_RNA_ANALYZER.RUN_GRAPH_CLUSTERING.fork_square_008um.join
2025-10-21 23:06:21 [runtime] (complete)        ID.F07840_2.SPATIAL_RNA_COUNTER_CS.SPATIAL_RNA_COUNTER.SPATIAL_POST_MATRIX_COMPUTATION.BIN_HD_DATA._BIN_HD_DATA._COMPUTE_BINNED_OUTPUTS.SPATIAL_BINNED_RNA_ANALYZER.RUN_GRAPH_CLUSTERING.fork_square_016um
2025-10-21 23:06:21 [runtime] (join_complete)   ID.F07840_2.SPATIAL_RNA_COUNTER_CS.SPATIAL_RNA_COUNTER.SPATIAL_POST_MATRIX_COMPUTATION.BIN_HD_DATA._BIN_HD_DATA._COMPUTE_BINNED_OUTPUTS.SPATIAL_BINNED_RNA_ANALYZER.RUN_GRAPH_CLUSTERING.fork_square_008um
2025-10-21 23:06:21 [runtime] (complete)        ID.F07840_2.SPATIAL_RNA_COUNTER_CS.SPATIAL_RNA_COUNTER.SPATIAL_POST_MATRIX_COMPUTATION.BIN_HD_DATA._BIN_HD_DATA._COMPUTE_BINNED_OUTPUTS.SPATIAL_BINNED_RNA_ANALYZER.RUN_GRAPH_CLUSTERING.fork_square_016um
2025-10-21 23:06:21 [runtime] (ready)           ID.F07840_2.SPATIAL_RNA_COUNTER_CS.SPATIAL_RNA_COUNTER.SPATIAL_POST_MATRIX_COMPUTATION.BIN_HD_DATA._BIN_HD_DATA._COMPUTE_BINNED_OUTPUTS.SPATIAL_BINNED_RNA_ANALYZER.RUN_HIERARCHICAL_CLUSTERING.fork_square_002um
2025-10-21 23:06:21 [runtime] (ready)           ID.F07840_2.SPATIAL_RNA_COUNTER_CS.SPATIAL_RNA_COUNTER.SPATIAL_POST_MATRIX_COMPUTATION.BIN_HD_DATA._BIN_HD_DATA._COMPUTE_BINNED_OUTPUTS.SPATIAL_BINNED_RNA_ANALYZER.RUN_HIERARCHICAL_CLUSTERING.fork_square_008um
2025-10-21 23:06:21 [runtime] (ready)           ID.F07840_2.SPATIAL_RNA_COUNTER_CS.SPATIAL_RNA_COUNTER.SPATIAL_POST_MATRIX_COMPUTATION.BIN_HD_DATA._BIN_HD_DATA._COMPUTE_BINNED_OUTPUTS.SPATIAL_BINNED_RNA_ANALYZER.RUN_HIERARCHICAL_CLUSTERING.fork_square_016um
2025-10-21 23:06:21 [runtime] (ready)           ID.F07840_2.SPATIAL_RNA_COUNTER_CS.SPATIAL_RNA_COUNTER.SPATIAL_POST_MATRIX_COMPUTATION.BIN_HD_DATA._BIN_HD_DATA._COMPUTE_BINNED_OUTPUTS.SPATIAL_BINNED_RNA_ANALYZER.COMBINE_CLUSTERING.fork_square_002um
2025-10-21 23:06:21 [runtime] (ready)           ID.F07840_2.SPATIAL_RNA_COUNTER_CS.SPATIAL_RNA_COUNTER.SPATIAL_POST_MATRIX_COMPUTATION.BIN_HD_DATA._BIN_HD_DATA._COMPUTE_BINNED_OUTPUTS.SPATIAL_BINNED_RNA_ANALYZER.COMBINE_CLUSTERING.fork_square_008um
2025-10-21 23:06:21 [runtime] (run:local)       ID.F07840_2.SPATIAL_RNA_COUNTER_CS.SPATIAL_RNA_COUNTER.SPATIAL_POST_MATRIX_COMPUTATION.BIN_HD_DATA._BIN_HD_DATA._COMPUTE_BINNED_OUTPUTS.SPATIAL_BINNED_RNA_ANALYZER.COMBINE_CLUSTERING.fork_square_008um.chnk0.main
2025-10-21 23:06:21 [runtime] (ready)           ID.F07840_2.SPATIAL_RNA_COUNTER_CS.SPATIAL_RNA_COUNTER.SPATIAL_POST_MATRIX_COMPUTATION.BIN_HD_DATA._BIN_HD_DATA._COMPUTE_BINNED_OUTPUTS.SPATIAL_BINNED_RNA_ANALYZER.COMBINE_CLUSTERING.fork_square_016um
2025-10-21 23:06:21 [runtime] (run:local)       ID.F07840_2.SPATIAL_RNA_COUNTER_CS.SPATIAL_RNA_COUNTER.SPATIAL_POST_MATRIX_COMPUTATION.BIN_HD_DATA._BIN_HD_DATA._COMPUTE_BINNED_OUTPUTS.SPATIAL_BINNED_RNA_ANALYZER.COMBINE_CLUSTERING.fork_square_016um.chnk0.main
2025-10-21 23:08:24 [runtime] (chunks_complete) ID.F07840_2.SPATIAL_RNA_COUNTER_CS.SPATIAL_RNA_COUNTER.SPATIAL_POST_MATRIX_COMPUTATION.BIN_HD_DATA._BIN_HD_DATA._COMPUTE_BINNED_OUTPUTS.SPATIAL_BINNED_RNA_ANALYZER.COMBINE_CLUSTERING.fork_square_016um
2025-10-21 23:08:24 [runtime] (chunks_complete) ID.F07840_2.SPATIAL_RNA_COUNTER_CS.SPATIAL_RNA_COUNTER.SPATIAL_POST_MATRIX_COMPUTATION.BIN_HD_DATA._BIN_HD_DATA._COMPUTE_BINNED_OUTPUTS.SPATIAL_BINNED_RNA_ANALYZER.COMBINE_CLUSTERING.fork_square_008um
2025-10-21 23:08:24 [runtime] (complete)        ID.F07840_2.SPATIAL_RNA_COUNTER_CS.SPATIAL_RNA_COUNTER.SPATIAL_POST_MATRIX_COMPUTATION.BIN_HD_DATA._BIN_HD_DATA._COMPUTE_BINNED_OUTPUTS.SPATIAL_BINNED_RNA_ANALYZER.COMBINE_CLUSTERING.fork_square_016um
2025-10-21 23:08:25 [runtime] (ready)           ID.F07840_2.SPATIAL_RNA_COUNTER_CS.SPATIAL_RNA_COUNTER.SPATIAL_POST_MATRIX_COMPUTATION.BIN_HD_DATA._BIN_HD_DATA._COMPUTE_BINNED_OUTPUTS.SPATIAL_BINNED_RNA_ANALYZER.RUN_DIFFERENTIAL_EXPRESSION.fork_square_002um
2025-10-21 23:08:25 [runtime] (ready)           ID.F07840_2.SPATIAL_RNA_COUNTER_CS.SPATIAL_RNA_COUNTER.SPATIAL_POST_MATRIX_COMPUTATION.BIN_HD_DATA._BIN_HD_DATA._COMPUTE_BINNED_OUTPUTS.SPATIAL_BINNED_RNA_ANALYZER.RUN_DIFFERENTIAL_EXPRESSION.fork_square_008um
2025-10-21 23:08:25 [runtime] (run:local)       ID.F07840_2.SPATIAL_RNA_COUNTER_CS.SPATIAL_RNA_COUNTER.SPATIAL_POST_MATRIX_COMPUTATION.BIN_HD_DATA._BIN_HD_DATA._COMPUTE_BINNED_OUTPUTS.SPATIAL_BINNED_RNA_ANALYZER.RUN_DIFFERENTIAL_EXPRESSION.fork_square_008um.split
2025-10-21 23:08:25 [runtime] (ready)           ID.F07840_2.SPATIAL_RNA_COUNTER_CS.SPATIAL_RNA_COUNTER.SPATIAL_POST_MATRIX_COMPUTATION.BIN_HD_DATA._BIN_HD_DATA._COMPUTE_BINNED_OUTPUTS.SPATIAL_BINNED_RNA_ANALYZER.RUN_DIFFERENTIAL_EXPRESSION.fork_square_016um
2025-10-21 23:08:25 [runtime] (run:local)       ID.F07840_2.SPATIAL_RNA_COUNTER_CS.SPATIAL_RNA_COUNTER.SPATIAL_POST_MATRIX_COMPUTATION.BIN_HD_DATA._BIN_HD_DATA._COMPUTE_BINNED_OUTPUTS.SPATIAL_BINNED_RNA_ANALYZER.RUN_DIFFERENTIAL_EXPRESSION.fork_square_016um.split
2025-10-21 23:08:25 [runtime] (split_complete)  ID.F07840_2.SPATIAL_RNA_COUNTER_CS.SPATIAL_RNA_COUNTER.SPATIAL_POST_MATRIX_COMPUTATION.BIN_HD_DATA._BIN_HD_DATA._COMPUTE_BINNED_OUTPUTS.SPATIAL_BINNED_RNA_ANALYZER.RUN_DIFFERENTIAL_EXPRESSION.fork_square_016um
2025-10-21 23:08:25 [runtime] (run:local)       ID.F07840_2.SPATIAL_RNA_COUNTER_CS.SPATIAL_RNA_COUNTER.SPATIAL_POST_MATRIX_COMPUTATION.BIN_HD_DATA._BIN_HD_DATA._COMPUTE_BINNED_OUTPUTS.SPATIAL_BINNED_RNA_ANALYZER.RUN_DIFFERENTIAL_EXPRESSION.fork_square_016um.chnk0.main
2025-10-21 23:08:25 [runtime] (run:local)       ID.F07840_2.SPATIAL_RNA_COUNTER_CS.SPATIAL_RNA_COUNTER.SPATIAL_POST_MATRIX_COMPUTATION.BIN_HD_DATA._BIN_HD_DATA._COMPUTE_BINNED_OUTPUTS.SPATIAL_BINNED_RNA_ANALYZER.RUN_DIFFERENTIAL_EXPRESSION.fork_square_016um.chnk1.main
2025-10-21 23:08:25 [runtime] (run:local)       ID.F07840_2.SPATIAL_RNA_COUNTER_CS.SPATIAL_RNA_COUNTER.SPATIAL_POST_MATRIX_COMPUTATION.BIN_HD_DATA._BIN_HD_DATA._COMPUTE_BINNED_OUTPUTS.SPATIAL_BINNED_RNA_ANALYZER.RUN_DIFFERENTIAL_EXPRESSION.fork_square_016um.chnk2.main
2025-10-21 23:08:25 [runtime] (run:local)       ID.F07840_2.SPATIAL_RNA_COUNTER_CS.SPATIAL_RNA_COUNTER.SPATIAL_POST_MATRIX_COMPUTATION.BIN_HD_DATA._BIN_HD_DATA._COMPUTE_BINNED_OUTPUTS.SPATIAL_BINNED_RNA_ANALYZER.RUN_DIFFERENTIAL_EXPRESSION.fork_square_016um.chnk3.main
2025-10-21 23:08:25 [runtime] (run:local)       ID.F07840_2.SPATIAL_RNA_COUNTER_CS.SPATIAL_RNA_COUNTER.SPATIAL_POST_MATRIX_COMPUTATION.BIN_HD_DATA._BIN_HD_DATA._COMPUTE_BINNED_OUTPUTS.SPATIAL_BINNED_RNA_ANALYZER.RUN_DIFFERENTIAL_EXPRESSION.fork_square_016um.chnk4.main
2025-10-21 23:08:25 [runtime] (run:local)       ID.F07840_2.SPATIAL_RNA_COUNTER_CS.SPATIAL_RNA_COUNTER.SPATIAL_POST_MATRIX_COMPUTATION.BIN_HD_DATA._BIN_HD_DATA._COMPUTE_BINNED_OUTPUTS.SPATIAL_BINNED_RNA_ANALYZER.RUN_DIFFERENTIAL_EXPRESSION.fork_square_016um.chnk5.main
2025-10-21 23:08:25 [runtime] (run:local)       ID.F07840_2.SPATIAL_RNA_COUNTER_CS.SPATIAL_RNA_COUNTER.SPATIAL_POST_MATRIX_COMPUTATION.BIN_HD_DATA._BIN_HD_DATA._COMPUTE_BINNED_OUTPUTS.SPATIAL_BINNED_RNA_ANALYZER.RUN_DIFFERENTIAL_EXPRESSION.fork_square_016um.chnk6.main
2025-10-21 23:08:26 [runtime] (run:local)       ID.F07840_2.SPATIAL_RNA_COUNTER_CS.SPATIAL_RNA_COUNTER.SPATIAL_POST_MATRIX_COMPUTATION.BIN_HD_DATA._BIN_HD_DATA._COMPUTE_BINNED_OUTPUTS.SPATIAL_BINNED_RNA_ANALYZER.RUN_DIFFERENTIAL_EXPRESSION.fork_square_016um.chnk7.main
2025-10-21 23:08:26 [runtime] (run:local)       ID.F07840_2.SPATIAL_RNA_COUNTER_CS.SPATIAL_RNA_COUNTER.SPATIAL_POST_MATRIX_COMPUTATION.BIN_HD_DATA._BIN_HD_DATA._COMPUTE_BINNED_OUTPUTS.SPATIAL_BINNED_RNA_ANALYZER.RUN_DIFFERENTIAL_EXPRESSION.fork_square_016um.chnk8.main
2025-10-21 23:08:26 [runtime] (split_complete)  ID.F07840_2.SPATIAL_RNA_COUNTER_CS.SPATIAL_RNA_COUNTER.SPATIAL_POST_MATRIX_COMPUTATION.BIN_HD_DATA._BIN_HD_DATA._COMPUTE_BINNED_OUTPUTS.SPATIAL_BINNED_RNA_ANALYZER.RUN_DIFFERENTIAL_EXPRESSION.fork_square_008um
2025-10-21 23:08:26 [runtime] (run:local)       ID.F07840_2.SPATIAL_RNA_COUNTER_CS.SPATIAL_RNA_COUNTER.SPATIAL_POST_MATRIX_COMPUTATION.BIN_HD_DATA._BIN_HD_DATA._COMPUTE_BINNED_OUTPUTS.SPATIAL_BINNED_RNA_ANALYZER.RUN_DIFFERENTIAL_EXPRESSION.fork_square_008um.chnk0.main
2025-10-21 23:08:26 [runtime] (run:local)       ID.F07840_2.SPATIAL_RNA_COUNTER_CS.SPATIAL_RNA_COUNTER.SPATIAL_POST_MATRIX_COMPUTATION.BIN_HD_DATA._BIN_HD_DATA._COMPUTE_BINNED_OUTPUTS.SPATIAL_BINNED_RNA_ANALYZER.RUN_DIFFERENTIAL_EXPRESSION.fork_square_008um.chnk1.main
2025-10-21 23:08:26 [runtime] (run:local)       ID.F07840_2.SPATIAL_RNA_COUNTER_CS.SPATIAL_RNA_COUNTER.SPATIAL_POST_MATRIX_COMPUTATION.BIN_HD_DATA._BIN_HD_DATA._COMPUTE_BINNED_OUTPUTS.SPATIAL_BINNED_RNA_ANALYZER.RUN_DIFFERENTIAL_EXPRESSION.fork_square_008um.chnk2.main
2025-10-21 23:08:26 [runtime] (run:local)       ID.F07840_2.SPATIAL_RNA_COUNTER_CS.SPATIAL_RNA_COUNTER.SPATIAL_POST_MATRIX_COMPUTATION.BIN_HD_DATA._BIN_HD_DATA._COMPUTE_BINNED_OUTPUTS.SPATIAL_BINNED_RNA_ANALYZER.RUN_DIFFERENTIAL_EXPRESSION.fork_square_008um.chnk3.main
2025-10-21 23:08:26 [runtime] (run:local)       ID.F07840_2.SPATIAL_RNA_COUNTER_CS.SPATIAL_RNA_COUNTER.SPATIAL_POST_MATRIX_COMPUTATION.BIN_HD_DATA._BIN_HD_DATA._COMPUTE_BINNED_OUTPUTS.SPATIAL_BINNED_RNA_ANALYZER.RUN_DIFFERENTIAL_EXPRESSION.fork_square_008um.chnk4.main
2025-10-21 23:08:26 [runtime] (run:local)       ID.F07840_2.SPATIAL_RNA_COUNTER_CS.SPATIAL_RNA_COUNTER.SPATIAL_POST_MATRIX_COMPUTATION.BIN_HD_DATA._BIN_HD_DATA._COMPUTE_BINNED_OUTPUTS.SPATIAL_BINNED_RNA_ANALYZER.RUN_DIFFERENTIAL_EXPRESSION.fork_square_008um.chnk5.main
2025-10-21 23:08:26 [runtime] (run:local)       ID.F07840_2.SPATIAL_RNA_COUNTER_CS.SPATIAL_RNA_COUNTER.SPATIAL_POST_MATRIX_COMPUTATION.BIN_HD_DATA._BIN_HD_DATA._COMPUTE_BINNED_OUTPUTS.SPATIAL_BINNED_RNA_ANALYZER.RUN_DIFFERENTIAL_EXPRESSION.fork_square_008um.chnk6.main
2025-10-21 23:08:26 [runtime] (run:local)       ID.F07840_2.SPATIAL_RNA_COUNTER_CS.SPATIAL_RNA_COUNTER.SPATIAL_POST_MATRIX_COMPUTATION.BIN_HD_DATA._BIN_HD_DATA._COMPUTE_BINNED_OUTPUTS.SPATIAL_BINNED_RNA_ANALYZER.RUN_DIFFERENTIAL_EXPRESSION.fork_square_008um.chnk7.main
2025-10-21 23:08:26 [runtime] (run:local)       ID.F07840_2.SPATIAL_RNA_COUNTER_CS.SPATIAL_RNA_COUNTER.SPATIAL_POST_MATRIX_COMPUTATION.BIN_HD_DATA._BIN_HD_DATA._COMPUTE_BINNED_OUTPUTS.SPATIAL_BINNED_RNA_ANALYZER.RUN_DIFFERENTIAL_EXPRESSION.fork_square_008um.chnk8.main
2025-10-21 23:13:01 [runtime] (chunks_complete) ID.F07840_2.SPATIAL_RNA_COUNTER_CS.SPATIAL_RNA_COUNTER.SPATIAL_POST_MATRIX_COMPUTATION.BIN_HD_DATA._BIN_HD_DATA._COMPUTE_BINNED_OUTPUTS.SPATIAL_BINNED_RNA_ANALYZER.RUN_DIFFERENTIAL_EXPRESSION.fork_square_016um
2025-10-21 23:13:01 [runtime] (run:local)       ID.F07840_2.SPATIAL_RNA_COUNTER_CS.SPATIAL_RNA_COUNTER.SPATIAL_POST_MATRIX_COMPUTATION.BIN_HD_DATA._BIN_HD_DATA._COMPUTE_BINNED_OUTPUTS.SPATIAL_BINNED_RNA_ANALYZER.RUN_DIFFERENTIAL_EXPRESSION.fork_square_016um.join
2025-10-21 23:13:44 [runtime] (update)          ID.F07840_2.SPATIAL_RNA_COUNTER_CS.SPATIAL_RNA_COUNTER.SPATIAL_POST_MATRIX_COMPUTATION.BIN_HD_DATA._BIN_HD_DATA._COMPUTE_BINNED_OUTPUTS.SPATIAL_BINNED_RNA_ANALYZER.RUN_DIFFERENTIAL_EXPRESSION.fork_square_008um chunks running (0/9 completed)
2025-10-21 23:19:04 [runtime] (update)          ID.F07840_2.SPATIAL_RNA_COUNTER_CS.SPATIAL_RNA_COUNTER.SPATIAL_POST_MATRIX_COMPUTATION.BIN_HD_DATA._BIN_HD_DATA._COMPUTE_BINNED_OUTPUTS.SPATIAL_BINNED_RNA_ANALYZER.RUN_DIFFERENTIAL_EXPRESSION.fork_square_008um chunks running (0/9 completed)
2025-10-21 23:20:12 [runtime] (update)          ID.F07840_2.SPATIAL_RNA_COUNTER_CS.SPATIAL_RNA_COUNTER.SPATIAL_POST_MATRIX_COMPUTATION.BIN_HD_DATA._BIN_HD_DATA._COMPUTE_BINNED_OUTPUTS.SPATIAL_BINNED_RNA_ANALYZER.RUN_DIFFERENTIAL_EXPRESSION.fork_square_016um join_running
2025-10-21 23:20:13 [runtime] (join_complete)   ID.F07840_2.SPATIAL_RNA_COUNTER_CS.SPATIAL_RNA_COUNTER.SPATIAL_POST_MATRIX_COMPUTATION.BIN_HD_DATA._BIN_HD_DATA._COMPUTE_BINNED_OUTPUTS.SPATIAL_BINNED_RNA_ANALYZER.RUN_DIFFERENTIAL_EXPRESSION.fork_square_016um
2025-10-21 23:20:16 [runtime] (complete)        ID.F07840_2.SPATIAL_RNA_COUNTER_CS.SPATIAL_RNA_COUNTER.SPATIAL_POST_MATRIX_COMPUTATION.BIN_HD_DATA._BIN_HD_DATA._COMPUTE_BINNED_OUTPUTS.SPATIAL_BINNED_RNA_ANALYZER.RUN_DIFFERENTIAL_EXPRESSION.fork_square_016um
2025-10-21 23:20:17 [runtime] (complete)        ID.F07840_2.SPATIAL_RNA_COUNTER_CS.SPATIAL_RNA_COUNTER.SPATIAL_POST_MATRIX_COMPUTATION.BIN_HD_DATA._BIN_HD_DATA._COMPUTE_BINNED_OUTPUTS.SPATIAL_BINNED_RNA_ANALYZER.RUN_DIFFERENTIAL_EXPRESSION.fork_square_016um
2025-10-21 23:20:18 [runtime] (complete)        ID.F07840_2.SPATIAL_RNA_COUNTER_CS.SPATIAL_RNA_COUNTER.SPATIAL_POST_MATRIX_COMPUTATION.BIN_HD_DATA._BIN_HD_DATA._COMPUTE_BINNED_OUTPUTS.SPATIAL_BINNED_RNA_ANALYZER.RUN_DIFFERENTIAL_EXPRESSION.fork_square_016um
2025-10-21 23:20:21 [runtime] (complete)        ID.F07840_2.SPATIAL_RNA_COUNTER_CS.SPATIAL_RNA_COUNTER.SPATIAL_POST_MATRIX_COMPUTATION.BIN_HD_DATA._BIN_HD_DATA._COMPUTE_BINNED_OUTPUTS.SPATIAL_BINNED_RNA_ANALYZER.RUN_DIFFERENTIAL_EXPRESSION.fork_square_016um
2025-10-21 23:20:24 [runtime] (complete)        ID.F07840_2.SPATIAL_RNA_COUNTER_CS.SPATIAL_RNA_COUNTER.SPATIAL_POST_MATRIX_COMPUTATION.BIN_HD_DATA._BIN_HD_DATA._COMPUTE_BINNED_OUTPUTS.SPATIAL_BINNED_RNA_ANALYZER.RUN_DIFFERENTIAL_EXPRESSION.fork_square_016um
2025-10-21 23:20:28 [runtime] (complete)        ID.F07840_2.SPATIAL_RNA_COUNTER_CS.SPATIAL_RNA_COUNTER.SPATIAL_POST_MATRIX_COMPUTATION.BIN_HD_DATA._BIN_HD_DATA._COMPUTE_BINNED_OUTPUTS.SPATIAL_BINNED_RNA_ANALYZER.RUN_DIFFERENTIAL_EXPRESSION.fork_square_016um
2025-10-21 23:20:31 [runtime] (complete)        ID.F07840_2.SPATIAL_RNA_COUNTER_CS.SPATIAL_RNA_COUNTER.SPATIAL_POST_MATRIX_COMPUTATION.BIN_HD_DATA._BIN_HD_DATA._COMPUTE_BINNED_OUTPUTS.SPATIAL_BINNED_RNA_ANALYZER.RUN_DIFFERENTIAL_EXPRESSION.fork_square_016um
2025-10-21 23:20:34 [runtime] (complete)        ID.F07840_2.SPATIAL_RNA_COUNTER_CS.SPATIAL_RNA_COUNTER.SPATIAL_POST_MATRIX_COMPUTATION.BIN_HD_DATA._BIN_HD_DATA._COMPUTE_BINNED_OUTPUTS.SPATIAL_BINNED_RNA_ANALYZER.RUN_DIFFERENTIAL_EXPRESSION.fork_square_016um
2025-10-21 23:20:37 [runtime] (complete)        ID.F07840_2.SPATIAL_RNA_COUNTER_CS.SPATIAL_RNA_COUNTER.SPATIAL_POST_MATRIX_COMPUTATION.BIN_HD_DATA._BIN_HD_DATA._COMPUTE_BINNED_OUTPUTS.SPATIAL_BINNED_RNA_ANALYZER.RUN_DIFFERENTIAL_EXPRESSION.fork_square_016um
2025-10-21 23:20:40 [runtime] (complete)        ID.F07840_2.SPATIAL_RNA_COUNTER_CS.SPATIAL_RNA_COUNTER.SPATIAL_POST_MATRIX_COMPUTATION.BIN_HD_DATA._BIN_HD_DATA._COMPUTE_BINNED_OUTPUTS.SPATIAL_BINNED_RNA_ANALYZER.RUN_DIFFERENTIAL_EXPRESSION.fork_square_016um
2025-10-21 23:20:43 [runtime] (complete)        ID.F07840_2.SPATIAL_RNA_COUNTER_CS.SPATIAL_RNA_COUNTER.SPATIAL_POST_MATRIX_COMPUTATION.BIN_HD_DATA._BIN_HD_DATA._COMPUTE_BINNED_OUTPUTS.SPATIAL_BINNED_RNA_ANALYZER.RUN_DIFFERENTIAL_EXPRESSION.fork_square_016um
2025-10-21 23:20:46 [runtime] (complete)        ID.F07840_2.SPATIAL_RNA_COUNTER_CS.SPATIAL_RNA_COUNTER.SPATIAL_POST_MATRIX_COMPUTATION.BIN_HD_DATA._BIN_HD_DATA._COMPUTE_BINNED_OUTPUTS.SPATIAL_BINNED_RNA_ANALYZER.RUN_DIFFERENTIAL_EXPRESSION.fork_square_016um
2025-10-21 23:20:49 [runtime] (complete)        ID.F07840_2.SPATIAL_RNA_COUNTER_CS.SPATIAL_RNA_COUNTER.SPATIAL_POST_MATRIX_COMPUTATION.BIN_HD_DATA._BIN_HD_DATA._COMPUTE_BINNED_OUTPUTS.SPATIAL_BINNED_RNA_ANALYZER.RUN_DIFFERENTIAL_EXPRESSION.fork_square_016um
2025-10-21 23:20:52 [runtime] (complete)        ID.F07840_2.SPATIAL_RNA_COUNTER_CS.SPATIAL_RNA_COUNTER.SPATIAL_POST_MATRIX_COMPUTATION.BIN_HD_DATA._BIN_HD_DATA._COMPUTE_BINNED_OUTPUTS.SPATIAL_BINNED_RNA_ANALYZER.RUN_DIFFERENTIAL_EXPRESSION.fork_square_016um
2025-10-21 23:20:55 [runtime] (complete)        ID.F07840_2.SPATIAL_RNA_COUNTER_CS.SPATIAL_RNA_COUNTER.SPATIAL_POST_MATRIX_COMPUTATION.BIN_HD_DATA._BIN_HD_DATA._COMPUTE_BINNED_OUTPUTS.SPATIAL_BINNED_RNA_ANALYZER.RUN_DIFFERENTIAL_EXPRESSION.fork_square_016um
2025-10-21 23:20:58 [runtime] (complete)        ID.F07840_2.SPATIAL_RNA_COUNTER_CS.SPATIAL_RNA_COUNTER.SPATIAL_POST_MATRIX_COMPUTATION.BIN_HD_DATA._BIN_HD_DATA._COMPUTE_BINNED_OUTPUTS.SPATIAL_BINNED_RNA_ANALYZER.RUN_DIFFERENTIAL_EXPRESSION.fork_square_016um
2025-10-21 23:21:01 [runtime] (complete)        ID.F07840_2.SPATIAL_RNA_COUNTER_CS.SPATIAL_RNA_COUNTER.SPATIAL_POST_MATRIX_COMPUTATION.BIN_HD_DATA._BIN_HD_DATA._COMPUTE_BINNED_OUTPUTS.SPATIAL_BINNED_RNA_ANALYZER.RUN_DIFFERENTIAL_EXPRESSION.fork_square_016um
2025-10-21 23:21:02 [runtime] (complete)        ID.F07840_2.SPATIAL_RNA_COUNTER_CS.SPATIAL_RNA_COUNTER.SPATIAL_POST_MATRIX_COMPUTATION.BIN_HD_DATA._BIN_HD_DATA._COMPUTE_BINNED_OUTPUTS.SPATIAL_BINNED_RNA_ANALYZER.RUN_DIFFERENTIAL_EXPRESSION.fork_square_016um
2025-10-21 23:21:05 [runtime] (complete)        ID.F07840_2.SPATIAL_RNA_COUNTER_CS.SPATIAL_RNA_COUNTER.SPATIAL_POST_MATRIX_COMPUTATION.BIN_HD_DATA._BIN_HD_DATA._COMPUTE_BINNED_OUTPUTS.SPATIAL_BINNED_RNA_ANALYZER.RUN_DIFFERENTIAL_EXPRESSION.fork_square_016um
2025-10-21 23:21:08 [runtime] (complete)        ID.F07840_2.SPATIAL_RNA_COUNTER_CS.SPATIAL_RNA_COUNTER.SPATIAL_POST_MATRIX_COMPUTATION.BIN_HD_DATA._BIN_HD_DATA._COMPUTE_BINNED_OUTPUTS.SPATIAL_BINNED_RNA_ANALYZER.RUN_DIFFERENTIAL_EXPRESSION.fork_square_016um
2025-10-21 23:21:11 [runtime] (complete)        ID.F07840_2.SPATIAL_RNA_COUNTER_CS.SPATIAL_RNA_COUNTER.SPATIAL_POST_MATRIX_COMPUTATION.BIN_HD_DATA._BIN_HD_DATA._COMPUTE_BINNED_OUTPUTS.SPATIAL_BINNED_RNA_ANALYZER.RUN_DIFFERENTIAL_EXPRESSION.fork_square_016um
2025-10-21 23:21:14 [runtime] (complete)        ID.F07840_2.SPATIAL_RNA_COUNTER_CS.SPATIAL_RNA_COUNTER.SPATIAL_POST_MATRIX_COMPUTATION.BIN_HD_DATA._BIN_HD_DATA._COMPUTE_BINNED_OUTPUTS.SPATIAL_BINNED_RNA_ANALYZER.RUN_DIFFERENTIAL_EXPRESSION.fork_square_016um
2025-10-21 23:21:17 [runtime] (complete)        ID.F07840_2.SPATIAL_RNA_COUNTER_CS.SPATIAL_RNA_COUNTER.SPATIAL_POST_MATRIX_COMPUTATION.BIN_HD_DATA._BIN_HD_DATA._COMPUTE_BINNED_OUTPUTS.SPATIAL_BINNED_RNA_ANALYZER.RUN_DIFFERENTIAL_EXPRESSION.fork_square_016um
2025-10-21 23:21:20 [runtime] (complete)        ID.F07840_2.SPATIAL_RNA_COUNTER_CS.SPATIAL_RNA_COUNTER.SPATIAL_POST_MATRIX_COMPUTATION.BIN_HD_DATA._BIN_HD_DATA._COMPUTE_BINNED_OUTPUTS.SPATIAL_BINNED_RNA_ANALYZER.RUN_DIFFERENTIAL_EXPRESSION.fork_square_016um
2025-10-21 23:21:23 [runtime] (complete)        ID.F07840_2.SPATIAL_RNA_COUNTER_CS.SPATIAL_RNA_COUNTER.SPATIAL_POST_MATRIX_COMPUTATION.BIN_HD_DATA._BIN_HD_DATA._COMPUTE_BINNED_OUTPUTS.SPATIAL_BINNED_RNA_ANALYZER.RUN_DIFFERENTIAL_EXPRESSION.fork_square_016um
2025-10-21 23:21:26 [runtime] (complete)        ID.F07840_2.SPATIAL_RNA_COUNTER_CS.SPATIAL_RNA_COUNTER.SPATIAL_POST_MATRIX_COMPUTATION.BIN_HD_DATA._BIN_HD_DATA._COMPUTE_BINNED_OUTPUTS.SPATIAL_BINNED_RNA_ANALYZER.RUN_DIFFERENTIAL_EXPRESSION.fork_square_016um
2025-10-21 23:21:28 [runtime] (complete)        ID.F07840_2.SPATIAL_RNA_COUNTER_CS.SPATIAL_RNA_COUNTER.SPATIAL_POST_MATRIX_COMPUTATION.BIN_HD_DATA._BIN_HD_DATA._COMPUTE_BINNED_OUTPUTS.SPATIAL_BINNED_RNA_ANALYZER.RUN_DIFFERENTIAL_EXPRESSION.fork_square_016um
2025-10-21 23:21:31 [runtime] (complete)        ID.F07840_2.SPATIAL_RNA_COUNTER_CS.SPATIAL_RNA_COUNTER.SPATIAL_POST_MATRIX_COMPUTATION.BIN_HD_DATA._BIN_HD_DATA._COMPUTE_BINNED_OUTPUTS.SPATIAL_BINNED_RNA_ANALYZER.RUN_DIFFERENTIAL_EXPRESSION.fork_square_016um
2025-10-21 23:21:34 [runtime] (complete)        ID.F07840_2.SPATIAL_RNA_COUNTER_CS.SPATIAL_RNA_COUNTER.SPATIAL_POST_MATRIX_COMPUTATION.BIN_HD_DATA._BIN_HD_DATA._COMPUTE_BINNED_OUTPUTS.SPATIAL_BINNED_RNA_ANALYZER.RUN_DIFFERENTIAL_EXPRESSION.fork_square_016um
2025-10-21 23:21:37 [runtime] (complete)        ID.F07840_2.SPATIAL_RNA_COUNTER_CS.SPATIAL_RNA_COUNTER.SPATIAL_POST_MATRIX_COMPUTATION.BIN_HD_DATA._BIN_HD_DATA._COMPUTE_BINNED_OUTPUTS.SPATIAL_BINNED_RNA_ANALYZER.RUN_DIFFERENTIAL_EXPRESSION.fork_square_016um
2025-10-21 23:21:40 [runtime] (complete)        ID.F07840_2.SPATIAL_RNA_COUNTER_CS.SPATIAL_RNA_COUNTER.SPATIAL_POST_MATRIX_COMPUTATION.BIN_HD_DATA._BIN_HD_DATA._COMPUTE_BINNED_OUTPUTS.SPATIAL_BINNED_RNA_ANALYZER.RUN_DIFFERENTIAL_EXPRESSION.fork_square_016um
2025-10-21 23:21:43 [runtime] (complete)        ID.F07840_2.SPATIAL_RNA_COUNTER_CS.SPATIAL_RNA_COUNTER.SPATIAL_POST_MATRIX_COMPUTATION.BIN_HD_DATA._BIN_HD_DATA._COMPUTE_BINNED_OUTPUTS.SPATIAL_BINNED_RNA_ANALYZER.RUN_DIFFERENTIAL_EXPRESSION.fork_square_016um
2025-10-21 23:21:46 [runtime] (complete)        ID.F07840_2.SPATIAL_RNA_COUNTER_CS.SPATIAL_RNA_COUNTER.SPATIAL_POST_MATRIX_COMPUTATION.BIN_HD_DATA._BIN_HD_DATA._COMPUTE_BINNED_OUTPUTS.SPATIAL_BINNED_RNA_ANALYZER.RUN_DIFFERENTIAL_EXPRESSION.fork_square_016um
2025-10-21 23:21:49 [runtime] (complete)        ID.F07840_2.SPATIAL_RNA_COUNTER_CS.SPATIAL_RNA_COUNTER.SPATIAL_POST_MATRIX_COMPUTATION.BIN_HD_DATA._BIN_HD_DATA._COMPUTE_BINNED_OUTPUTS.SPATIAL_BINNED_RNA_ANALYZER.RUN_DIFFERENTIAL_EXPRESSION.fork_square_016um
2025-10-21 23:21:52 [runtime] (complete)        ID.F07840_2.SPATIAL_RNA_COUNTER_CS.SPATIAL_RNA_COUNTER.SPATIAL_POST_MATRIX_COMPUTATION.BIN_HD_DATA._BIN_HD_DATA._COMPUTE_BINNED_OUTPUTS.SPATIAL_BINNED_RNA_ANALYZER.RUN_DIFFERENTIAL_EXPRESSION.fork_square_016um
2025-10-21 23:21:55 [runtime] (complete)        ID.F07840_2.SPATIAL_RNA_COUNTER_CS.SPATIAL_RNA_COUNTER.SPATIAL_POST_MATRIX_COMPUTATION.BIN_HD_DATA._BIN_HD_DATA._COMPUTE_BINNED_OUTPUTS.SPATIAL_BINNED_RNA_ANALYZER.RUN_DIFFERENTIAL_EXPRESSION.fork_square_016um
2025-10-21 23:21:58 [runtime] (complete)        ID.F07840_2.SPATIAL_RNA_COUNTER_CS.SPATIAL_RNA_COUNTER.SPATIAL_POST_MATRIX_COMPUTATION.BIN_HD_DATA._BIN_HD_DATA._COMPUTE_BINNED_OUTPUTS.SPATIAL_BINNED_RNA_ANALYZER.RUN_DIFFERENTIAL_EXPRESSION.fork_square_016um
2025-10-21 23:22:01 [runtime] (complete)        ID.F07840_2.SPATIAL_RNA_COUNTER_CS.SPATIAL_RNA_COUNTER.SPATIAL_POST_MATRIX_COMPUTATION.BIN_HD_DATA._BIN_HD_DATA._COMPUTE_BINNED_OUTPUTS.SPATIAL_BINNED_RNA_ANALYZER.RUN_DIFFERENTIAL_EXPRESSION.fork_square_016um
2025-10-21 23:22:04 [runtime] (complete)        ID.F07840_2.SPATIAL_RNA_COUNTER_CS.SPATIAL_RNA_COUNTER.SPATIAL_POST_MATRIX_COMPUTATION.BIN_HD_DATA._BIN_HD_DATA._COMPUTE_BINNED_OUTPUTS.SPATIAL_BINNED_RNA_ANALYZER.RUN_DIFFERENTIAL_EXPRESSION.fork_square_016um
2025-10-21 23:22:07 [runtime] (complete)        ID.F07840_2.SPATIAL_RNA_COUNTER_CS.SPATIAL_RNA_COUNTER.SPATIAL_POST_MATRIX_COMPUTATION.BIN_HD_DATA._BIN_HD_DATA._COMPUTE_BINNED_OUTPUTS.SPATIAL_BINNED_RNA_ANALYZER.RUN_DIFFERENTIAL_EXPRESSION.fork_square_016um
2025-10-21 23:22:10 [runtime] (complete)        ID.F07840_2.SPATIAL_RNA_COUNTER_CS.SPATIAL_RNA_COUNTER.SPATIAL_POST_MATRIX_COMPUTATION.BIN_HD_DATA._BIN_HD_DATA._COMPUTE_BINNED_OUTPUTS.SPATIAL_BINNED_RNA_ANALYZER.RUN_DIFFERENTIAL_EXPRESSION.fork_square_016um
2025-10-21 23:22:13 [runtime] (complete)        ID.F07840_2.SPATIAL_RNA_COUNTER_CS.SPATIAL_RNA_COUNTER.SPATIAL_POST_MATRIX_COMPUTATION.BIN_HD_DATA._BIN_HD_DATA._COMPUTE_BINNED_OUTPUTS.SPATIAL_BINNED_RNA_ANALYZER.RUN_DIFFERENTIAL_EXPRESSION.fork_square_016um
2025-10-21 23:22:16 [runtime] (complete)        ID.F07840_2.SPATIAL_RNA_COUNTER_CS.SPATIAL_RNA_COUNTER.SPATIAL_POST_MATRIX_COMPUTATION.BIN_HD_DATA._BIN_HD_DATA._COMPUTE_BINNED_OUTPUTS.SPATIAL_BINNED_RNA_ANALYZER.RUN_DIFFERENTIAL_EXPRESSION.fork_square_016um
2025-10-21 23:22:19 [runtime] (complete)        ID.F07840_2.SPATIAL_RNA_COUNTER_CS.SPATIAL_RNA_COUNTER.SPATIAL_POST_MATRIX_COMPUTATION.BIN_HD_DATA._BIN_HD_DATA._COMPUTE_BINNED_OUTPUTS.SPATIAL_BINNED_RNA_ANALYZER.RUN_DIFFERENTIAL_EXPRESSION.fork_square_016um
2025-10-21 23:22:22 [runtime] (complete)        ID.F07840_2.SPATIAL_RNA_COUNTER_CS.SPATIAL_RNA_COUNTER.SPATIAL_POST_MATRIX_COMPUTATION.BIN_HD_DATA._BIN_HD_DATA._COMPUTE_BINNED_OUTPUTS.SPATIAL_BINNED_RNA_ANALYZER.RUN_DIFFERENTIAL_EXPRESSION.fork_square_016um
2025-10-21 23:22:25 [runtime] (complete)        ID.F07840_2.SPATIAL_RNA_COUNTER_CS.SPATIAL_RNA_COUNTER.SPATIAL_POST_MATRIX_COMPUTATION.BIN_HD_DATA._BIN_HD_DATA._COMPUTE_BINNED_OUTPUTS.SPATIAL_BINNED_RNA_ANALYZER.RUN_DIFFERENTIAL_EXPRESSION.fork_square_016um
2025-10-21 23:22:28 [runtime] (complete)        ID.F07840_2.SPATIAL_RNA_COUNTER_CS.SPATIAL_RNA_COUNTER.SPATIAL_POST_MATRIX_COMPUTATION.BIN_HD_DATA._BIN_HD_DATA._COMPUTE_BINNED_OUTPUTS.SPATIAL_BINNED_RNA_ANALYZER.RUN_DIFFERENTIAL_EXPRESSION.fork_square_016um
2025-10-21 23:22:32 [runtime] (complete)        ID.F07840_2.SPATIAL_RNA_COUNTER_CS.SPATIAL_RNA_COUNTER.SPATIAL_POST_MATRIX_COMPUTATION.BIN_HD_DATA._BIN_HD_DATA._COMPUTE_BINNED_OUTPUTS.SPATIAL_BINNED_RNA_ANALYZER.RUN_DIFFERENTIAL_EXPRESSION.fork_square_016um
2025-10-21 23:22:35 [runtime] (complete)        ID.F07840_2.SPATIAL_RNA_COUNTER_CS.SPATIAL_RNA_COUNTER.SPATIAL_POST_MATRIX_COMPUTATION.BIN_HD_DATA._BIN_HD_DATA._COMPUTE_BINNED_OUTPUTS.SPATIAL_BINNED_RNA_ANALYZER.RUN_DIFFERENTIAL_EXPRESSION.fork_square_016um
2025-10-21 23:22:38 [runtime] (complete)        ID.F07840_2.SPATIAL_RNA_COUNTER_CS.SPATIAL_RNA_COUNTER.SPATIAL_POST_MATRIX_COMPUTATION.BIN_HD_DATA._BIN_HD_DATA._COMPUTE_BINNED_OUTPUTS.SPATIAL_BINNED_RNA_ANALYZER.RUN_DIFFERENTIAL_EXPRESSION.fork_square_016um
2025-10-21 23:22:41 [runtime] (complete)        ID.F07840_2.SPATIAL_RNA_COUNTER_CS.SPATIAL_RNA_COUNTER.SPATIAL_POST_MATRIX_COMPUTATION.BIN_HD_DATA._BIN_HD_DATA._COMPUTE_BINNED_OUTPUTS.SPATIAL_BINNED_RNA_ANALYZER.RUN_DIFFERENTIAL_EXPRESSION.fork_square_016um
2025-10-21 23:22:44 [runtime] (complete)        ID.F07840_2.SPATIAL_RNA_COUNTER_CS.SPATIAL_RNA_COUNTER.SPATIAL_POST_MATRIX_COMPUTATION.BIN_HD_DATA._BIN_HD_DATA._COMPUTE_BINNED_OUTPUTS.SPATIAL_BINNED_RNA_ANALYZER.RUN_DIFFERENTIAL_EXPRESSION.fork_square_016um
2025-10-21 23:22:47 [runtime] (complete)        ID.F07840_2.SPATIAL_RNA_COUNTER_CS.SPATIAL_RNA_COUNTER.SPATIAL_POST_MATRIX_COMPUTATION.BIN_HD_DATA._BIN_HD_DATA._COMPUTE_BINNED_OUTPUTS.SPATIAL_BINNED_RNA_ANALYZER.RUN_DIFFERENTIAL_EXPRESSION.fork_square_016um
2025-10-21 23:22:50 [runtime] (complete)        ID.F07840_2.SPATIAL_RNA_COUNTER_CS.SPATIAL_RNA_COUNTER.SPATIAL_POST_MATRIX_COMPUTATION.BIN_HD_DATA._BIN_HD_DATA._COMPUTE_BINNED_OUTPUTS.SPATIAL_BINNED_RNA_ANALYZER.RUN_DIFFERENTIAL_EXPRESSION.fork_square_016um
2025-10-21 23:22:53 [runtime] (complete)        ID.F07840_2.SPATIAL_RNA_COUNTER_CS.SPATIAL_RNA_COUNTER.SPATIAL_POST_MATRIX_COMPUTATION.BIN_HD_DATA._BIN_HD_DATA._COMPUTE_BINNED_OUTPUTS.SPATIAL_BINNED_RNA_ANALYZER.RUN_DIFFERENTIAL_EXPRESSION.fork_square_016um
2025-10-21 23:22:56 [runtime] (complete)        ID.F07840_2.SPATIAL_RNA_COUNTER_CS.SPATIAL_RNA_COUNTER.SPATIAL_POST_MATRIX_COMPUTATION.BIN_HD_DATA._BIN_HD_DATA._COMPUTE_BINNED_OUTPUTS.SPATIAL_BINNED_RNA_ANALYZER.RUN_DIFFERENTIAL_EXPRESSION.fork_square_016um
2025-10-21 23:22:59 [runtime] (complete)        ID.F07840_2.SPATIAL_RNA_COUNTER_CS.SPATIAL_RNA_COUNTER.SPATIAL_POST_MATRIX_COMPUTATION.BIN_HD_DATA._BIN_HD_DATA._COMPUTE_BINNED_OUTPUTS.SPATIAL_BINNED_RNA_ANALYZER.RUN_DIFFERENTIAL_EXPRESSION.fork_square_016um
2025-10-21 23:23:02 [runtime] (complete)        ID.F07840_2.SPATIAL_RNA_COUNTER_CS.SPATIAL_RNA_COUNTER.SPATIAL_POST_MATRIX_COMPUTATION.BIN_HD_DATA._BIN_HD_DATA._COMPUTE_BINNED_OUTPUTS.SPATIAL_BINNED_RNA_ANALYZER.RUN_DIFFERENTIAL_EXPRESSION.fork_square_016um
2025-10-21 23:23:05 [runtime] (complete)        ID.F07840_2.SPATIAL_RNA_COUNTER_CS.SPATIAL_RNA_COUNTER.SPATIAL_POST_MATRIX_COMPUTATION.BIN_HD_DATA._BIN_HD_DATA._COMPUTE_BINNED_OUTPUTS.SPATIAL_BINNED_RNA_ANALYZER.RUN_DIFFERENTIAL_EXPRESSION.fork_square_016um
2025-10-21 23:23:06 [runtime] (complete)        ID.F07840_2.SPATIAL_RNA_COUNTER_CS.SPATIAL_RNA_COUNTER.SPATIAL_POST_MATRIX_COMPUTATION.BIN_HD_DATA._BIN_HD_DATA._COMPUTE_BINNED_OUTPUTS.SPATIAL_BINNED_RNA_ANALYZER.RUN_DIFFERENTIAL_EXPRESSION.fork_square_016um
2025-10-21 23:23:09 [runtime] (complete)        ID.F07840_2.SPATIAL_RNA_COUNTER_CS.SPATIAL_RNA_COUNTER.SPATIAL_POST_MATRIX_COMPUTATION.BIN_HD_DATA._BIN_HD_DATA._COMPUTE_BINNED_OUTPUTS.SPATIAL_BINNED_RNA_ANALYZER.RUN_DIFFERENTIAL_EXPRESSION.fork_square_016um
2025-10-21 23:23:12 [runtime] (complete)        ID.F07840_2.SPATIAL_RNA_COUNTER_CS.SPATIAL_RNA_COUNTER.SPATIAL_POST_MATRIX_COMPUTATION.BIN_HD_DATA._BIN_HD_DATA._COMPUTE_BINNED_OUTPUTS.SPATIAL_BINNED_RNA_ANALYZER.RUN_DIFFERENTIAL_EXPRESSION.fork_square_016um
2025-10-21 23:23:15 [runtime] (complete)        ID.F07840_2.SPATIAL_RNA_COUNTER_CS.SPATIAL_RNA_COUNTER.SPATIAL_POST_MATRIX_COMPUTATION.BIN_HD_DATA._BIN_HD_DATA._COMPUTE_BINNED_OUTPUTS.SPATIAL_BINNED_RNA_ANALYZER.RUN_DIFFERENTIAL_EXPRESSION.fork_square_016um
2025-10-21 23:23:18 [runtime] (complete)        ID.F07840_2.SPATIAL_RNA_COUNTER_CS.SPATIAL_RNA_COUNTER.SPATIAL_POST_MATRIX_COMPUTATION.BIN_HD_DATA._BIN_HD_DATA._COMPUTE_BINNED_OUTPUTS.SPATIAL_BINNED_RNA_ANALYZER.RUN_DIFFERENTIAL_EXPRESSION.fork_square_016um
2025-10-21 23:23:21 [runtime] (complete)        ID.F07840_2.SPATIAL_RNA_COUNTER_CS.SPATIAL_RNA_COUNTER.SPATIAL_POST_MATRIX_COMPUTATION.BIN_HD_DATA._BIN_HD_DATA._COMPUTE_BINNED_OUTPUTS.SPATIAL_BINNED_RNA_ANALYZER.RUN_DIFFERENTIAL_EXPRESSION.fork_square_016um
2025-10-21 23:23:24 [runtime] (complete)        ID.F07840_2.SPATIAL_RNA_COUNTER_CS.SPATIAL_RNA_COUNTER.SPATIAL_POST_MATRIX_COMPUTATION.BIN_HD_DATA._BIN_HD_DATA._COMPUTE_BINNED_OUTPUTS.SPATIAL_BINNED_RNA_ANALYZER.RUN_DIFFERENTIAL_EXPRESSION.fork_square_016um
2025-10-21 23:23:27 [runtime] (complete)        ID.F07840_2.SPATIAL_RNA_COUNTER_CS.SPATIAL_RNA_COUNTER.SPATIAL_POST_MATRIX_COMPUTATION.BIN_HD_DATA._BIN_HD_DATA._COMPUTE_BINNED_OUTPUTS.SPATIAL_BINNED_RNA_ANALYZER.RUN_DIFFERENTIAL_EXPRESSION.fork_square_016um
2025-10-21 23:23:30 [runtime] (complete)        ID.F07840_2.SPATIAL_RNA_COUNTER_CS.SPATIAL_RNA_COUNTER.SPATIAL_POST_MATRIX_COMPUTATION.BIN_HD_DATA._BIN_HD_DATA._COMPUTE_BINNED_OUTPUTS.SPATIAL_BINNED_RNA_ANALYZER.RUN_DIFFERENTIAL_EXPRESSION.fork_square_016um
2025-10-21 23:23:33 [runtime] (complete)        ID.F07840_2.SPATIAL_RNA_COUNTER_CS.SPATIAL_RNA_COUNTER.SPATIAL_POST_MATRIX_COMPUTATION.BIN_HD_DATA._BIN_HD_DATA._COMPUTE_BINNED_OUTPUTS.SPATIAL_BINNED_RNA_ANALYZER.RUN_DIFFERENTIAL_EXPRESSION.fork_square_016um
2025-10-21 23:23:36 [runtime] (complete)        ID.F07840_2.SPATIAL_RNA_COUNTER_CS.SPATIAL_RNA_COUNTER.SPATIAL_POST_MATRIX_COMPUTATION.BIN_HD_DATA._BIN_HD_DATA._COMPUTE_BINNED_OUTPUTS.SPATIAL_BINNED_RNA_ANALYZER.RUN_DIFFERENTIAL_EXPRESSION.fork_square_016um
2025-10-21 23:23:39 [runtime] (complete)        ID.F07840_2.SPATIAL_RNA_COUNTER_CS.SPATIAL_RNA_COUNTER.SPATIAL_POST_MATRIX_COMPUTATION.BIN_HD_DATA._BIN_HD_DATA._COMPUTE_BINNED_OUTPUTS.SPATIAL_BINNED_RNA_ANALYZER.RUN_DIFFERENTIAL_EXPRESSION.fork_square_016um
2025-10-21 23:23:42 [runtime] (complete)        ID.F07840_2.SPATIAL_RNA_COUNTER_CS.SPATIAL_RNA_COUNTER.SPATIAL_POST_MATRIX_COMPUTATION.BIN_HD_DATA._BIN_HD_DATA._COMPUTE_BINNED_OUTPUTS.SPATIAL_BINNED_RNA_ANALYZER.RUN_DIFFERENTIAL_EXPRESSION.fork_square_016um
2025-10-21 23:23:45 [runtime] (complete)        ID.F07840_2.SPATIAL_RNA_COUNTER_CS.SPATIAL_RNA_COUNTER.SPATIAL_POST_MATRIX_COMPUTATION.BIN_HD_DATA._BIN_HD_DATA._COMPUTE_BINNED_OUTPUTS.SPATIAL_BINNED_RNA_ANALYZER.RUN_DIFFERENTIAL_EXPRESSION.fork_square_016um
2025-10-21 23:23:48 [runtime] (complete)        ID.F07840_2.SPATIAL_RNA_COUNTER_CS.SPATIAL_RNA_COUNTER.SPATIAL_POST_MATRIX_COMPUTATION.BIN_HD_DATA._BIN_HD_DATA._COMPUTE_BINNED_OUTPUTS.SPATIAL_BINNED_RNA_ANALYZER.RUN_DIFFERENTIAL_EXPRESSION.fork_square_016um
2025-10-21 23:23:51 [runtime] (complete)        ID.F07840_2.SPATIAL_RNA_COUNTER_CS.SPATIAL_RNA_COUNTER.SPATIAL_POST_MATRIX_COMPUTATION.BIN_HD_DATA._BIN_HD_DATA._COMPUTE_BINNED_OUTPUTS.SPATIAL_BINNED_RNA_ANALYZER.RUN_DIFFERENTIAL_EXPRESSION.fork_square_016um
2025-10-21 23:23:54 [runtime] (complete)        ID.F07840_2.SPATIAL_RNA_COUNTER_CS.SPATIAL_RNA_COUNTER.SPATIAL_POST_MATRIX_COMPUTATION.BIN_HD_DATA._BIN_HD_DATA._COMPUTE_BINNED_OUTPUTS.SPATIAL_BINNED_RNA_ANALYZER.RUN_DIFFERENTIAL_EXPRESSION.fork_square_016um
2025-10-21 23:23:57 [runtime] (complete)        ID.F07840_2.SPATIAL_RNA_COUNTER_CS.SPATIAL_RNA_COUNTER.SPATIAL_POST_MATRIX_COMPUTATION.BIN_HD_DATA._BIN_HD_DATA._COMPUTE_BINNED_OUTPUTS.SPATIAL_BINNED_RNA_ANALYZER.RUN_DIFFERENTIAL_EXPRESSION.fork_square_016um
2025-10-21 23:24:00 [runtime] (complete)        ID.F07840_2.SPATIAL_RNA_COUNTER_CS.SPATIAL_RNA_COUNTER.SPATIAL_POST_MATRIX_COMPUTATION.BIN_HD_DATA._BIN_HD_DATA._COMPUTE_BINNED_OUTPUTS.SPATIAL_BINNED_RNA_ANALYZER.RUN_DIFFERENTIAL_EXPRESSION.fork_square_016um
2025-10-21 23:24:03 [runtime] (complete)        ID.F07840_2.SPATIAL_RNA_COUNTER_CS.SPATIAL_RNA_COUNTER.SPATIAL_POST_MATRIX_COMPUTATION.BIN_HD_DATA._BIN_HD_DATA._COMPUTE_BINNED_OUTPUTS.SPATIAL_BINNED_RNA_ANALYZER.RUN_DIFFERENTIAL_EXPRESSION.fork_square_016um
2025-10-21 23:24:06 [runtime] (complete)        ID.F07840_2.SPATIAL_RNA_COUNTER_CS.SPATIAL_RNA_COUNTER.SPATIAL_POST_MATRIX_COMPUTATION.BIN_HD_DATA._BIN_HD_DATA._COMPUTE_BINNED_OUTPUTS.SPATIAL_BINNED_RNA_ANALYZER.RUN_DIFFERENTIAL_EXPRESSION.fork_square_016um
2025-10-21 23:24:09 [runtime] (complete)        ID.F07840_2.SPATIAL_RNA_COUNTER_CS.SPATIAL_RNA_COUNTER.SPATIAL_POST_MATRIX_COMPUTATION.BIN_HD_DATA._BIN_HD_DATA._COMPUTE_BINNED_OUTPUTS.SPATIAL_BINNED_RNA_ANALYZER.RUN_DIFFERENTIAL_EXPRESSION.fork_square_016um
2025-10-21 23:24:12 [runtime] (complete)        ID.F07840_2.SPATIAL_RNA_COUNTER_CS.SPATIAL_RNA_COUNTER.SPATIAL_POST_MATRIX_COMPUTATION.BIN_HD_DATA._BIN_HD_DATA._COMPUTE_BINNED_OUTPUTS.SPATIAL_BINNED_RNA_ANALYZER.RUN_DIFFERENTIAL_EXPRESSION.fork_square_016um
2025-10-21 23:24:15 [runtime] (complete)        ID.F07840_2.SPATIAL_RNA_COUNTER_CS.SPATIAL_RNA_COUNTER.SPATIAL_POST_MATRIX_COMPUTATION.BIN_HD_DATA._BIN_HD_DATA._COMPUTE_BINNED_OUTPUTS.SPATIAL_BINNED_RNA_ANALYZER.RUN_DIFFERENTIAL_EXPRESSION.fork_square_016um
2025-10-21 23:24:18 [runtime] (complete)        ID.F07840_2.SPATIAL_RNA_COUNTER_CS.SPATIAL_RNA_COUNTER.SPATIAL_POST_MATRIX_COMPUTATION.BIN_HD_DATA._BIN_HD_DATA._COMPUTE_BINNED_OUTPUTS.SPATIAL_BINNED_RNA_ANALYZER.RUN_DIFFERENTIAL_EXPRESSION.fork_square_016um
2025-10-21 23:24:21 [runtime] (complete)        ID.F07840_2.SPATIAL_RNA_COUNTER_CS.SPATIAL_RNA_COUNTER.SPATIAL_POST_MATRIX_COMPUTATION.BIN_HD_DATA._BIN_HD_DATA._COMPUTE_BINNED_OUTPUTS.SPATIAL_BINNED_RNA_ANALYZER.RUN_DIFFERENTIAL_EXPRESSION.fork_square_016um
2025-10-21 23:24:24 [runtime] (complete)        ID.F07840_2.SPATIAL_RNA_COUNTER_CS.SPATIAL_RNA_COUNTER.SPATIAL_POST_MATRIX_COMPUTATION.BIN_HD_DATA._BIN_HD_DATA._COMPUTE_BINNED_OUTPUTS.SPATIAL_BINNED_RNA_ANALYZER.RUN_DIFFERENTIAL_EXPRESSION.fork_square_016um
2025-10-21 23:24:27 [runtime] (complete)        ID.F07840_2.SPATIAL_RNA_COUNTER_CS.SPATIAL_RNA_COUNTER.SPATIAL_POST_MATRIX_COMPUTATION.BIN_HD_DATA._BIN_HD_DATA._COMPUTE_BINNED_OUTPUTS.SPATIAL_BINNED_RNA_ANALYZER.RUN_DIFFERENTIAL_EXPRESSION.fork_square_016um
2025-10-21 23:24:30 [runtime] (complete)        ID.F07840_2.SPATIAL_RNA_COUNTER_CS.SPATIAL_RNA_COUNTER.SPATIAL_POST_MATRIX_COMPUTATION.BIN_HD_DATA._BIN_HD_DATA._COMPUTE_BINNED_OUTPUTS.SPATIAL_BINNED_RNA_ANALYZER.RUN_DIFFERENTIAL_EXPRESSION.fork_square_016um
2025-10-21 23:24:33 [runtime] (complete)        ID.F07840_2.SPATIAL_RNA_COUNTER_CS.SPATIAL_RNA_COUNTER.SPATIAL_POST_MATRIX_COMPUTATION.BIN_HD_DATA._BIN_HD_DATA._COMPUTE_BINNED_OUTPUTS.SPATIAL_BINNED_RNA_ANALYZER.RUN_DIFFERENTIAL_EXPRESSION.fork_square_016um
2025-10-21 23:24:36 [runtime] (complete)        ID.F07840_2.SPATIAL_RNA_COUNTER_CS.SPATIAL_RNA_COUNTER.SPATIAL_POST_MATRIX_COMPUTATION.BIN_HD_DATA._BIN_HD_DATA._COMPUTE_BINNED_OUTPUTS.SPATIAL_BINNED_RNA_ANALYZER.RUN_DIFFERENTIAL_EXPRESSION.fork_square_016um
2025-10-21 23:24:39 [runtime] (complete)        ID.F07840_2.SPATIAL_RNA_COUNTER_CS.SPATIAL_RNA_COUNTER.SPATIAL_POST_MATRIX_COMPUTATION.BIN_HD_DATA._BIN_HD_DATA._COMPUTE_BINNED_OUTPUTS.SPATIAL_BINNED_RNA_ANALYZER.RUN_DIFFERENTIAL_EXPRESSION.fork_square_016um
2025-10-21 23:24:42 [runtime] (complete)        ID.F07840_2.SPATIAL_RNA_COUNTER_CS.SPATIAL_RNA_COUNTER.SPATIAL_POST_MATRIX_COMPUTATION.BIN_HD_DATA._BIN_HD_DATA._COMPUTE_BINNED_OUTPUTS.SPATIAL_BINNED_RNA_ANALYZER.RUN_DIFFERENTIAL_EXPRESSION.fork_square_016um
2025-10-21 23:24:45 [runtime] (complete)        ID.F07840_2.SPATIAL_RNA_COUNTER_CS.SPATIAL_RNA_COUNTER.SPATIAL_POST_MATRIX_COMPUTATION.BIN_HD_DATA._BIN_HD_DATA._COMPUTE_BINNED_OUTPUTS.SPATIAL_BINNED_RNA_ANALYZER.RUN_DIFFERENTIAL_EXPRESSION.fork_square_016um
2025-10-21 23:24:48 [runtime] (complete)        ID.F07840_2.SPATIAL_RNA_COUNTER_CS.SPATIAL_RNA_COUNTER.SPATIAL_POST_MATRIX_COMPUTATION.BIN_HD_DATA._BIN_HD_DATA._COMPUTE_BINNED_OUTPUTS.SPATIAL_BINNED_RNA_ANALYZER.RUN_DIFFERENTIAL_EXPRESSION.fork_square_016um
2025-10-21 23:24:51 [runtime] (complete)        ID.F07840_2.SPATIAL_RNA_COUNTER_CS.SPATIAL_RNA_COUNTER.SPATIAL_POST_MATRIX_COMPUTATION.BIN_HD_DATA._BIN_HD_DATA._COMPUTE_BINNED_OUTPUTS.SPATIAL_BINNED_RNA_ANALYZER.RUN_DIFFERENTIAL_EXPRESSION.fork_square_016um
2025-10-21 23:24:54 [runtime] (complete)        ID.F07840_2.SPATIAL_RNA_COUNTER_CS.SPATIAL_RNA_COUNTER.SPATIAL_POST_MATRIX_COMPUTATION.BIN_HD_DATA._BIN_HD_DATA._COMPUTE_BINNED_OUTPUTS.SPATIAL_BINNED_RNA_ANALYZER.RUN_DIFFERENTIAL_EXPRESSION.fork_square_016um
2025-10-21 23:24:57 [runtime] (complete)        ID.F07840_2.SPATIAL_RNA_COUNTER_CS.SPATIAL_RNA_COUNTER.SPATIAL_POST_MATRIX_COMPUTATION.BIN_HD_DATA._BIN_HD_DATA._COMPUTE_BINNED_OUTPUTS.SPATIAL_BINNED_RNA_ANALYZER.RUN_DIFFERENTIAL_EXPRESSION.fork_square_016um
2025-10-21 23:25:00 [runtime] (complete)        ID.F07840_2.SPATIAL_RNA_COUNTER_CS.SPATIAL_RNA_COUNTER.SPATIAL_POST_MATRIX_COMPUTATION.BIN_HD_DATA._BIN_HD_DATA._COMPUTE_BINNED_OUTPUTS.SPATIAL_BINNED_RNA_ANALYZER.RUN_DIFFERENTIAL_EXPRESSION.fork_square_016um
2025-10-21 23:25:03 [runtime] (complete)        ID.F07840_2.SPATIAL_RNA_COUNTER_CS.SPATIAL_RNA_COUNTER.SPATIAL_POST_MATRIX_COMPUTATION.BIN_HD_DATA._BIN_HD_DATA._COMPUTE_BINNED_OUTPUTS.SPATIAL_BINNED_RNA_ANALYZER.RUN_DIFFERENTIAL_EXPRESSION.fork_square_016um
2025-10-21 23:25:06 [runtime] (complete)        ID.F07840_2.SPATIAL_RNA_COUNTER_CS.SPATIAL_RNA_COUNTER.SPATIAL_POST_MATRIX_COMPUTATION.BIN_HD_DATA._BIN_HD_DATA._COMPUTE_BINNED_OUTPUTS.SPATIAL_BINNED_RNA_ANALYZER.RUN_DIFFERENTIAL_EXPRESSION.fork_square_016um
2025-10-21 23:25:09 [runtime] (complete)        ID.F07840_2.SPATIAL_RNA_COUNTER_CS.SPATIAL_RNA_COUNTER.SPATIAL_POST_MATRIX_COMPUTATION.BIN_HD_DATA._BIN_HD_DATA._COMPUTE_BINNED_OUTPUTS.SPATIAL_BINNED_RNA_ANALYZER.RUN_DIFFERENTIAL_EXPRESSION.fork_square_016um
2025-10-21 23:25:12 [runtime] (complete)        ID.F07840_2.SPATIAL_RNA_COUNTER_CS.SPATIAL_RNA_COUNTER.SPATIAL_POST_MATRIX_COMPUTATION.BIN_HD_DATA._BIN_HD_DATA._COMPUTE_BINNED_OUTPUTS.SPATIAL_BINNED_RNA_ANALYZER.RUN_DIFFERENTIAL_EXPRESSION.fork_square_016um
2025-10-21 23:25:15 [runtime] (complete)        ID.F07840_2.SPATIAL_RNA_COUNTER_CS.SPATIAL_RNA_COUNTER.SPATIAL_POST_MATRIX_COMPUTATION.BIN_HD_DATA._BIN_HD_DATA._COMPUTE_BINNED_OUTPUTS.SPATIAL_BINNED_RNA_ANALYZER.RUN_DIFFERENTIAL_EXPRESSION.fork_square_016um
2025-10-21 23:25:18 [runtime] (complete)        ID.F07840_2.SPATIAL_RNA_COUNTER_CS.SPATIAL_RNA_COUNTER.SPATIAL_POST_MATRIX_COMPUTATION.BIN_HD_DATA._BIN_HD_DATA._COMPUTE_BINNED_OUTPUTS.SPATIAL_BINNED_RNA_ANALYZER.RUN_DIFFERENTIAL_EXPRESSION.fork_square_016um
2025-10-21 23:25:21 [runtime] (complete)        ID.F07840_2.SPATIAL_RNA_COUNTER_CS.SPATIAL_RNA_COUNTER.SPATIAL_POST_MATRIX_COMPUTATION.BIN_HD_DATA._BIN_HD_DATA._COMPUTE_BINNED_OUTPUTS.SPATIAL_BINNED_RNA_ANALYZER.RUN_DIFFERENTIAL_EXPRESSION.fork_square_016um
2025-10-21 23:25:24 [runtime] (complete)        ID.F07840_2.SPATIAL_RNA_COUNTER_CS.SPATIAL_RNA_COUNTER.SPATIAL_POST_MATRIX_COMPUTATION.BIN_HD_DATA._BIN_HD_DATA._COMPUTE_BINNED_OUTPUTS.SPATIAL_BINNED_RNA_ANALYZER.RUN_DIFFERENTIAL_EXPRESSION.fork_square_016um
2025-10-21 23:25:27 [runtime] (complete)        ID.F07840_2.SPATIAL_RNA_COUNTER_CS.SPATIAL_RNA_COUNTER.SPATIAL_POST_MATRIX_COMPUTATION.BIN_HD_DATA._BIN_HD_DATA._COMPUTE_BINNED_OUTPUTS.SPATIAL_BINNED_RNA_ANALYZER.RUN_DIFFERENTIAL_EXPRESSION.fork_square_016um
2025-10-21 23:25:30 [runtime] (complete)        ID.F07840_2.SPATIAL_RNA_COUNTER_CS.SPATIAL_RNA_COUNTER.SPATIAL_POST_MATRIX_COMPUTATION.BIN_HD_DATA._BIN_HD_DATA._COMPUTE_BINNED_OUTPUTS.SPATIAL_BINNED_RNA_ANALYZER.RUN_DIFFERENTIAL_EXPRESSION.fork_square_016um
2025-10-21 23:25:34 [runtime] (complete)        ID.F07840_2.SPATIAL_RNA_COUNTER_CS.SPATIAL_RNA_COUNTER.SPATIAL_POST_MATRIX_COMPUTATION.BIN_HD_DATA._BIN_HD_DATA._COMPUTE_BINNED_OUTPUTS.SPATIAL_BINNED_RNA_ANALYZER.RUN_DIFFERENTIAL_EXPRESSION.fork_square_016um
2025-10-21 23:25:37 [runtime] (complete)        ID.F07840_2.SPATIAL_RNA_COUNTER_CS.SPATIAL_RNA_COUNTER.SPATIAL_POST_MATRIX_COMPUTATION.BIN_HD_DATA._BIN_HD_DATA._COMPUTE_BINNED_OUTPUTS.SPATIAL_BINNED_RNA_ANALYZER.RUN_DIFFERENTIAL_EXPRESSION.fork_square_016um
2025-10-21 23:25:40 [runtime] (complete)        ID.F07840_2.SPATIAL_RNA_COUNTER_CS.SPATIAL_RNA_COUNTER.SPATIAL_POST_MATRIX_COMPUTATION.BIN_HD_DATA._BIN_HD_DATA._COMPUTE_BINNED_OUTPUTS.SPATIAL_BINNED_RNA_ANALYZER.RUN_DIFFERENTIAL_EXPRESSION.fork_square_016um
2025-10-21 23:25:43 [runtime] (complete)        ID.F07840_2.SPATIAL_RNA_COUNTER_CS.SPATIAL_RNA_COUNTER.SPATIAL_POST_MATRIX_COMPUTATION.BIN_HD_DATA._BIN_HD_DATA._COMPUTE_BINNED_OUTPUTS.SPATIAL_BINNED_RNA_ANALYZER.RUN_DIFFERENTIAL_EXPRESSION.fork_square_016um
2025-10-21 23:25:46 [runtime] (complete)        ID.F07840_2.SPATIAL_RNA_COUNTER_CS.SPATIAL_RNA_COUNTER.SPATIAL_POST_MATRIX_COMPUTATION.BIN_HD_DATA._BIN_HD_DATA._COMPUTE_BINNED_OUTPUTS.SPATIAL_BINNED_RNA_ANALYZER.RUN_DIFFERENTIAL_EXPRESSION.fork_square_016um
2025-10-21 23:25:49 [runtime] (complete)        ID.F07840_2.SPATIAL_RNA_COUNTER_CS.SPATIAL_RNA_COUNTER.SPATIAL_POST_MATRIX_COMPUTATION.BIN_HD_DATA._BIN_HD_DATA._COMPUTE_BINNED_OUTPUTS.SPATIAL_BINNED_RNA_ANALYZER.RUN_DIFFERENTIAL_EXPRESSION.fork_square_016um
2025-10-21 23:25:52 [runtime] (update)          ID.F07840_2.SPATIAL_RNA_COUNTER_CS.SPATIAL_RNA_COUNTER.SPATIAL_POST_MATRIX_COMPUTATION.BIN_HD_DATA._BIN_HD_DATA._COMPUTE_BINNED_OUTPUTS.SPATIAL_BINNED_RNA_ANALYZER.RUN_DIFFERENTIAL_EXPRESSION.fork_square_008um chunks running (8/9 completed)
2025-10-21 23:25:52 [runtime] (complete)        ID.F07840_2.SPATIAL_RNA_COUNTER_CS.SPATIAL_RNA_COUNTER.SPATIAL_POST_MATRIX_COMPUTATION.BIN_HD_DATA._BIN_HD_DATA._COMPUTE_BINNED_OUTPUTS.SPATIAL_BINNED_RNA_ANALYZER.RUN_DIFFERENTIAL_EXPRESSION.fork_square_016um
2025-10-21 23:25:55 [runtime] (complete)        ID.F07840_2.SPATIAL_RNA_COUNTER_CS.SPATIAL_RNA_COUNTER.SPATIAL_POST_MATRIX_COMPUTATION.BIN_HD_DATA._BIN_HD_DATA._COMPUTE_BINNED_OUTPUTS.SPATIAL_BINNED_RNA_ANALYZER.RUN_DIFFERENTIAL_EXPRESSION.fork_square_016um
2025-10-21 23:25:58 [runtime] (complete)        ID.F07840_2.SPATIAL_RNA_COUNTER_CS.SPATIAL_RNA_COUNTER.SPATIAL_POST_MATRIX_COMPUTATION.BIN_HD_DATA._BIN_HD_DATA._COMPUTE_BINNED_OUTPUTS.SPATIAL_BINNED_RNA_ANALYZER.RUN_DIFFERENTIAL_EXPRESSION.fork_square_016um
2025-10-21 23:26:01 [runtime] (complete)        ID.F07840_2.SPATIAL_RNA_COUNTER_CS.SPATIAL_RNA_COUNTER.SPATIAL_POST_MATRIX_COMPUTATION.BIN_HD_DATA._BIN_HD_DATA._COMPUTE_BINNED_OUTPUTS.SPATIAL_BINNED_RNA_ANALYZER.RUN_DIFFERENTIAL_EXPRESSION.fork_square_016um
2025-10-21 23:26:04 [runtime] (complete)        ID.F07840_2.SPATIAL_RNA_COUNTER_CS.SPATIAL_RNA_COUNTER.SPATIAL_POST_MATRIX_COMPUTATION.BIN_HD_DATA._BIN_HD_DATA._COMPUTE_BINNED_OUTPUTS.SPATIAL_BINNED_RNA_ANALYZER.RUN_DIFFERENTIAL_EXPRESSION.fork_square_016um
2025-10-21 23:26:07 [runtime] (complete)        ID.F07840_2.SPATIAL_RNA_COUNTER_CS.SPATIAL_RNA_COUNTER.SPATIAL_POST_MATRIX_COMPUTATION.BIN_HD_DATA._BIN_HD_DATA._COMPUTE_BINNED_OUTPUTS.SPATIAL_BINNED_RNA_ANALYZER.RUN_DIFFERENTIAL_EXPRESSION.fork_square_016um
2025-10-21 23:26:10 [runtime] (complete)        ID.F07840_2.SPATIAL_RNA_COUNTER_CS.SPATIAL_RNA_COUNTER.SPATIAL_POST_MATRIX_COMPUTATION.BIN_HD_DATA._BIN_HD_DATA._COMPUTE_BINNED_OUTPUTS.SPATIAL_BINNED_RNA_ANALYZER.RUN_DIFFERENTIAL_EXPRESSION.fork_square_016um
2025-10-21 23:26:13 [runtime] (complete)        ID.F07840_2.SPATIAL_RNA_COUNTER_CS.SPATIAL_RNA_COUNTER.SPATIAL_POST_MATRIX_COMPUTATION.BIN_HD_DATA._BIN_HD_DATA._COMPUTE_BINNED_OUTPUTS.SPATIAL_BINNED_RNA_ANALYZER.RUN_DIFFERENTIAL_EXPRESSION.fork_square_016um
2025-10-21 23:26:16 [runtime] (complete)        ID.F07840_2.SPATIAL_RNA_COUNTER_CS.SPATIAL_RNA_COUNTER.SPATIAL_POST_MATRIX_COMPUTATION.BIN_HD_DATA._BIN_HD_DATA._COMPUTE_BINNED_OUTPUTS.SPATIAL_BINNED_RNA_ANALYZER.RUN_DIFFERENTIAL_EXPRESSION.fork_square_016um
2025-10-21 23:26:19 [runtime] (complete)        ID.F07840_2.SPATIAL_RNA_COUNTER_CS.SPATIAL_RNA_COUNTER.SPATIAL_POST_MATRIX_COMPUTATION.BIN_HD_DATA._BIN_HD_DATA._COMPUTE_BINNED_OUTPUTS.SPATIAL_BINNED_RNA_ANALYZER.RUN_DIFFERENTIAL_EXPRESSION.fork_square_016um
2025-10-21 23:26:22 [runtime] (complete)        ID.F07840_2.SPATIAL_RNA_COUNTER_CS.SPATIAL_RNA_COUNTER.SPATIAL_POST_MATRIX_COMPUTATION.BIN_HD_DATA._BIN_HD_DATA._COMPUTE_BINNED_OUTPUTS.SPATIAL_BINNED_RNA_ANALYZER.RUN_DIFFERENTIAL_EXPRESSION.fork_square_016um
2025-10-21 23:26:25 [runtime] (complete)        ID.F07840_2.SPATIAL_RNA_COUNTER_CS.SPATIAL_RNA_COUNTER.SPATIAL_POST_MATRIX_COMPUTATION.BIN_HD_DATA._BIN_HD_DATA._COMPUTE_BINNED_OUTPUTS.SPATIAL_BINNED_RNA_ANALYZER.RUN_DIFFERENTIAL_EXPRESSION.fork_square_016um
2025-10-21 23:26:28 [runtime] (complete)        ID.F07840_2.SPATIAL_RNA_COUNTER_CS.SPATIAL_RNA_COUNTER.SPATIAL_POST_MATRIX_COMPUTATION.BIN_HD_DATA._BIN_HD_DATA._COMPUTE_BINNED_OUTPUTS.SPATIAL_BINNED_RNA_ANALYZER.RUN_DIFFERENTIAL_EXPRESSION.fork_square_016um
2025-10-21 23:26:31 [runtime] (complete)        ID.F07840_2.SPATIAL_RNA_COUNTER_CS.SPATIAL_RNA_COUNTER.SPATIAL_POST_MATRIX_COMPUTATION.BIN_HD_DATA._BIN_HD_DATA._COMPUTE_BINNED_OUTPUTS.SPATIAL_BINNED_RNA_ANALYZER.RUN_DIFFERENTIAL_EXPRESSION.fork_square_016um
2025-10-21 23:26:34 [runtime] (complete)        ID.F07840_2.SPATIAL_RNA_COUNTER_CS.SPATIAL_RNA_COUNTER.SPATIAL_POST_MATRIX_COMPUTATION.BIN_HD_DATA._BIN_HD_DATA._COMPUTE_BINNED_OUTPUTS.SPATIAL_BINNED_RNA_ANALYZER.RUN_DIFFERENTIAL_EXPRESSION.fork_square_016um
2025-10-21 23:26:37 [runtime] (complete)        ID.F07840_2.SPATIAL_RNA_COUNTER_CS.SPATIAL_RNA_COUNTER.SPATIAL_POST_MATRIX_COMPUTATION.BIN_HD_DATA._BIN_HD_DATA._COMPUTE_BINNED_OUTPUTS.SPATIAL_BINNED_RNA_ANALYZER.RUN_DIFFERENTIAL_EXPRESSION.fork_square_016um
2025-10-21 23:26:40 [runtime] (complete)        ID.F07840_2.SPATIAL_RNA_COUNTER_CS.SPATIAL_RNA_COUNTER.SPATIAL_POST_MATRIX_COMPUTATION.BIN_HD_DATA._BIN_HD_DATA._COMPUTE_BINNED_OUTPUTS.SPATIAL_BINNED_RNA_ANALYZER.RUN_DIFFERENTIAL_EXPRESSION.fork_square_016um
2025-10-21 23:26:40 [runtime] (chunks_complete) ID.F07840_2.SPATIAL_RNA_COUNTER_CS.SPATIAL_RNA_COUNTER.SPATIAL_POST_MATRIX_COMPUTATION.BIN_HD_DATA._BIN_HD_DATA._COMPUTE_BINNED_OUTPUTS.SPATIAL_BINNED_RNA_ANALYZER.RUN_DIFFERENTIAL_EXPRESSION.fork_square_008um
2025-10-21 23:26:40 [runtime] (run:local)       ID.F07840_2.SPATIAL_RNA_COUNTER_CS.SPATIAL_RNA_COUNTER.SPATIAL_POST_MATRIX_COMPUTATION.BIN_HD_DATA._BIN_HD_DATA._COMPUTE_BINNED_OUTPUTS.SPATIAL_BINNED_RNA_ANALYZER.RUN_DIFFERENTIAL_EXPRESSION.fork_square_008um.join
2025-10-21 23:26:40 [runtime] (complete)        ID.F07840_2.SPATIAL_RNA_COUNTER_CS.SPATIAL_RNA_COUNTER.SPATIAL_POST_MATRIX_COMPUTATION.BIN_HD_DATA._BIN_HD_DATA._COMPUTE_BINNED_OUTPUTS.SPATIAL_BINNED_RNA_ANALYZER.RUN_DIFFERENTIAL_EXPRESSION.fork_square_016um
2025-10-21 23:26:43 [runtime] (complete)        ID.F07840_2.SPATIAL_RNA_COUNTER_CS.SPATIAL_RNA_COUNTER.SPATIAL_POST_MATRIX_COMPUTATION.BIN_HD_DATA._BIN_HD_DATA._COMPUTE_BINNED_OUTPUTS.SPATIAL_BINNED_RNA_ANALYZER.RUN_DIFFERENTIAL_EXPRESSION.fork_square_016um
2025-10-21 23:26:43 [runtime] (join_complete)   ID.F07840_2.SPATIAL_RNA_COUNTER_CS.SPATIAL_RNA_COUNTER.SPATIAL_POST_MATRIX_COMPUTATION.BIN_HD_DATA._BIN_HD_DATA._COMPUTE_BINNED_OUTPUTS.SPATIAL_BINNED_RNA_ANALYZER.RUN_DIFFERENTIAL_EXPRESSION.fork_square_008um
2025-10-21 23:26:43 [runtime] (complete)        ID.F07840_2.SPATIAL_RNA_COUNTER_CS.SPATIAL_RNA_COUNTER.SPATIAL_POST_MATRIX_COMPUTATION.BIN_HD_DATA._BIN_HD_DATA._COMPUTE_BINNED_OUTPUTS.SPATIAL_BINNED_RNA_ANALYZER.RUN_DIFFERENTIAL_EXPRESSION.fork_square_016um
2025-10-21 23:26:44 [runtime] (ready)           ID.F07840_2.SPATIAL_RNA_COUNTER_CS.SPATIAL_RNA_COUNTER.SPATIAL_POST_MATRIX_COMPUTATION.BIN_HD_DATA._BIN_HD_DATA._COMPUTE_BINNED_OUTPUTS.SPATIAL_BINNED_RNA_ANALYZER.SUMMARIZE_ANALYSIS.fork_square_002um
2025-10-21 23:26:44 [runtime] (ready)           ID.F07840_2.SPATIAL_RNA_COUNTER_CS.SPATIAL_RNA_COUNTER.SPATIAL_POST_MATRIX_COMPUTATION.BIN_HD_DATA._BIN_HD_DATA._COMPUTE_BINNED_OUTPUTS.SPATIAL_BINNED_RNA_ANALYZER.SUMMARIZE_ANALYSIS.fork_square_008um
2025-10-21 23:26:44 [runtime] (run:local)       ID.F07840_2.SPATIAL_RNA_COUNTER_CS.SPATIAL_RNA_COUNTER.SPATIAL_POST_MATRIX_COMPUTATION.BIN_HD_DATA._BIN_HD_DATA._COMPUTE_BINNED_OUTPUTS.SPATIAL_BINNED_RNA_ANALYZER.SUMMARIZE_ANALYSIS.fork_square_008um.split
2025-10-21 23:26:44 [runtime] (ready)           ID.F07840_2.SPATIAL_RNA_COUNTER_CS.SPATIAL_RNA_COUNTER.SPATIAL_POST_MATRIX_COMPUTATION.BIN_HD_DATA._BIN_HD_DATA._COMPUTE_BINNED_OUTPUTS.SPATIAL_BINNED_RNA_ANALYZER.SUMMARIZE_ANALYSIS.fork_square_016um
2025-10-21 23:26:44 [runtime] (run:local)       ID.F07840_2.SPATIAL_RNA_COUNTER_CS.SPATIAL_RNA_COUNTER.SPATIAL_POST_MATRIX_COMPUTATION.BIN_HD_DATA._BIN_HD_DATA._COMPUTE_BINNED_OUTPUTS.SPATIAL_BINNED_RNA_ANALYZER.SUMMARIZE_ANALYSIS.fork_square_016um.split
2025-10-21 23:26:46 [runtime] (split_complete)  ID.F07840_2.SPATIAL_RNA_COUNTER_CS.SPATIAL_RNA_COUNTER.SPATIAL_POST_MATRIX_COMPUTATION.BIN_HD_DATA._BIN_HD_DATA._COMPUTE_BINNED_OUTPUTS.SPATIAL_BINNED_RNA_ANALYZER.SUMMARIZE_ANALYSIS.fork_square_008um
2025-10-21 23:26:46 [runtime] (run:local)       ID.F07840_2.SPATIAL_RNA_COUNTER_CS.SPATIAL_RNA_COUNTER.SPATIAL_POST_MATRIX_COMPUTATION.BIN_HD_DATA._BIN_HD_DATA._COMPUTE_BINNED_OUTPUTS.SPATIAL_BINNED_RNA_ANALYZER.SUMMARIZE_ANALYSIS.fork_square_008um.chnk0.main
2025-10-21 23:26:46 [runtime] (split_complete)  ID.F07840_2.SPATIAL_RNA_COUNTER_CS.SPATIAL_RNA_COUNTER.SPATIAL_POST_MATRIX_COMPUTATION.BIN_HD_DATA._BIN_HD_DATA._COMPUTE_BINNED_OUTPUTS.SPATIAL_BINNED_RNA_ANALYZER.SUMMARIZE_ANALYSIS.fork_square_016um
2025-10-21 23:26:46 [runtime] (run:local)       ID.F07840_2.SPATIAL_RNA_COUNTER_CS.SPATIAL_RNA_COUNTER.SPATIAL_POST_MATRIX_COMPUTATION.BIN_HD_DATA._BIN_HD_DATA._COMPUTE_BINNED_OUTPUTS.SPATIAL_BINNED_RNA_ANALYZER.SUMMARIZE_ANALYSIS.fork_square_016um.chnk0.main
2025-10-21 23:26:55 [runtime] (chunks_complete) ID.F07840_2.SPATIAL_RNA_COUNTER_CS.SPATIAL_RNA_COUNTER.SPATIAL_POST_MATRIX_COMPUTATION.BIN_HD_DATA._BIN_HD_DATA._COMPUTE_BINNED_OUTPUTS.SPATIAL_BINNED_RNA_ANALYZER.SUMMARIZE_ANALYSIS.fork_square_016um
2025-10-21 23:26:55 [runtime] (run:local)       ID.F07840_2.SPATIAL_RNA_COUNTER_CS.SPATIAL_RNA_COUNTER.SPATIAL_POST_MATRIX_COMPUTATION.BIN_HD_DATA._BIN_HD_DATA._COMPUTE_BINNED_OUTPUTS.SPATIAL_BINNED_RNA_ANALYZER.SUMMARIZE_ANALYSIS.fork_square_016um.join
2025-10-21 23:26:55 [runtime] (chunks_complete) ID.F07840_2.SPATIAL_RNA_COUNTER_CS.SPATIAL_RNA_COUNTER.SPATIAL_POST_MATRIX_COMPUTATION.BIN_HD_DATA._BIN_HD_DATA._COMPUTE_BINNED_OUTPUTS.SPATIAL_BINNED_RNA_ANALYZER.SUMMARIZE_ANALYSIS.fork_square_008um
2025-10-21 23:26:55 [runtime] (run:local)       ID.F07840_2.SPATIAL_RNA_COUNTER_CS.SPATIAL_RNA_COUNTER.SPATIAL_POST_MATRIX_COMPUTATION.BIN_HD_DATA._BIN_HD_DATA._COMPUTE_BINNED_OUTPUTS.SPATIAL_BINNED_RNA_ANALYZER.SUMMARIZE_ANALYSIS.fork_square_008um.join
2025-10-21 23:26:56 [runtime] (join_complete)   ID.F07840_2.SPATIAL_RNA_COUNTER_CS.SPATIAL_RNA_COUNTER.SPATIAL_POST_MATRIX_COMPUTATION.BIN_HD_DATA._BIN_HD_DATA._COMPUTE_BINNED_OUTPUTS.SPATIAL_BINNED_RNA_ANALYZER.SUMMARIZE_ANALYSIS.fork_square_008um
2025-10-21 23:26:56 [runtime] (join_complete)   ID.F07840_2.SPATIAL_RNA_COUNTER_CS.SPATIAL_RNA_COUNTER.SPATIAL_POST_MATRIX_COMPUTATION.BIN_HD_DATA._BIN_HD_DATA._COMPUTE_BINNED_OUTPUTS.SPATIAL_BINNED_RNA_ANALYZER.SUMMARIZE_ANALYSIS.fork_square_016um
2025-10-21 23:26:57 [runtime] (ready)           ID.F07840_2.SPATIAL_RNA_COUNTER_CS.SPATIAL_RNA_COUNTER.SPATIAL_POST_MATRIX_COMPUTATION.BIN_HD_DATA._BIN_HD_DATA.UPDATE_HD_FEATURE_SLICE_H5
2025-10-21 23:26:57 [runtime] (run:local)       ID.F07840_2.SPATIAL_RNA_COUNTER_CS.SPATIAL_RNA_COUNTER.SPATIAL_POST_MATRIX_COMPUTATION.BIN_HD_DATA._BIN_HD_DATA.UPDATE_HD_FEATURE_SLICE_H5.fork0.split
2025-10-21 23:26:57 [runtime] (ready)           ID.F07840_2.SPATIAL_RNA_COUNTER_CS.SPATIAL_RNA_COUNTER.SPATIAL_POST_MATRIX_COMPUTATION.BIN_HD_DATA._BIN_HD_DATA._COMPUTE_BINNED_OUTPUTS.CLOUPE_PREPROCESS.fork_square_002um
2025-10-21 23:26:57 [runtime] (run:local)       ID.F07840_2.SPATIAL_RNA_COUNTER_CS.SPATIAL_RNA_COUNTER.SPATIAL_POST_MATRIX_COMPUTATION.BIN_HD_DATA._BIN_HD_DATA._COMPUTE_BINNED_OUTPUTS.CLOUPE_PREPROCESS.fork_square_002um.split
2025-10-21 23:26:57 [runtime] (ready)           ID.F07840_2.SPATIAL_RNA_COUNTER_CS.SPATIAL_RNA_COUNTER.SPATIAL_POST_MATRIX_COMPUTATION.BIN_HD_DATA._BIN_HD_DATA._COMPUTE_BINNED_OUTPUTS.CLOUPE_PREPROCESS.fork_square_008um
2025-10-21 23:26:57 [runtime] (run:local)       ID.F07840_2.SPATIAL_RNA_COUNTER_CS.SPATIAL_RNA_COUNTER.SPATIAL_POST_MATRIX_COMPUTATION.BIN_HD_DATA._BIN_HD_DATA._COMPUTE_BINNED_OUTPUTS.CLOUPE_PREPROCESS.fork_square_008um.split
2025-10-21 23:26:57 [runtime] (ready)           ID.F07840_2.SPATIAL_RNA_COUNTER_CS.SPATIAL_RNA_COUNTER.SPATIAL_POST_MATRIX_COMPUTATION.BIN_HD_DATA._BIN_HD_DATA._COMPUTE_BINNED_OUTPUTS.CLOUPE_PREPROCESS.fork_square_016um
2025-10-21 23:26:57 [runtime] (run:local)       ID.F07840_2.SPATIAL_RNA_COUNTER_CS.SPATIAL_RNA_COUNTER.SPATIAL_POST_MATRIX_COMPUTATION.BIN_HD_DATA._BIN_HD_DATA._COMPUTE_BINNED_OUTPUTS.CLOUPE_PREPROCESS.fork_square_016um.split
2025-10-21 23:27:00 [runtime] (split_complete)  ID.F07840_2.SPATIAL_RNA_COUNTER_CS.SPATIAL_RNA_COUNTER.SPATIAL_POST_MATRIX_COMPUTATION.BIN_HD_DATA._BIN_HD_DATA._COMPUTE_BINNED_OUTPUTS.CLOUPE_PREPROCESS.fork_square_002um
2025-10-21 23:27:00 [runtime] (run:local)       ID.F07840_2.SPATIAL_RNA_COUNTER_CS.SPATIAL_RNA_COUNTER.SPATIAL_POST_MATRIX_COMPUTATION.BIN_HD_DATA._BIN_HD_DATA._COMPUTE_BINNED_OUTPUTS.CLOUPE_PREPROCESS.fork_square_002um.join
2025-10-21 23:27:00 [runtime] (split_complete)  ID.F07840_2.SPATIAL_RNA_COUNTER_CS.SPATIAL_RNA_COUNTER.SPATIAL_POST_MATRIX_COMPUTATION.BIN_HD_DATA._BIN_HD_DATA._COMPUTE_BINNED_OUTPUTS.CLOUPE_PREPROCESS.fork_square_016um
2025-10-21 23:27:00 [runtime] (run:local)       ID.F07840_2.SPATIAL_RNA_COUNTER_CS.SPATIAL_RNA_COUNTER.SPATIAL_POST_MATRIX_COMPUTATION.BIN_HD_DATA._BIN_HD_DATA._COMPUTE_BINNED_OUTPUTS.CLOUPE_PREPROCESS.fork_square_016um.join
2025-10-21 23:27:00 [runtime] (split_complete)  ID.F07840_2.SPATIAL_RNA_COUNTER_CS.SPATIAL_RNA_COUNTER.SPATIAL_POST_MATRIX_COMPUTATION.BIN_HD_DATA._BIN_HD_DATA._COMPUTE_BINNED_OUTPUTS.CLOUPE_PREPROCESS.fork_square_008um
2025-10-21 23:27:00 [runtime] (run:local)       ID.F07840_2.SPATIAL_RNA_COUNTER_CS.SPATIAL_RNA_COUNTER.SPATIAL_POST_MATRIX_COMPUTATION.BIN_HD_DATA._BIN_HD_DATA._COMPUTE_BINNED_OUTPUTS.CLOUPE_PREPROCESS.fork_square_008um.join
2025-10-21 23:27:01 [runtime] (split_complete)  ID.F07840_2.SPATIAL_RNA_COUNTER_CS.SPATIAL_RNA_COUNTER.SPATIAL_POST_MATRIX_COMPUTATION.BIN_HD_DATA._BIN_HD_DATA.UPDATE_HD_FEATURE_SLICE_H5
2025-10-21 23:27:01 [runtime] (run:local)       ID.F07840_2.SPATIAL_RNA_COUNTER_CS.SPATIAL_RNA_COUNTER.SPATIAL_POST_MATRIX_COMPUTATION.BIN_HD_DATA._BIN_HD_DATA.UPDATE_HD_FEATURE_SLICE_H5.fork0.join
2025-10-21 23:27:02 [runtime] (join_complete)   ID.F07840_2.SPATIAL_RNA_COUNTER_CS.SPATIAL_RNA_COUNTER.SPATIAL_POST_MATRIX_COMPUTATION.BIN_HD_DATA._BIN_HD_DATA._COMPUTE_BINNED_OUTPUTS.CLOUPE_PREPROCESS.fork_square_002um
2025-10-21 23:27:02 [runtime] (join_complete)   ID.F07840_2.SPATIAL_RNA_COUNTER_CS.SPATIAL_RNA_COUNTER.SPATIAL_POST_MATRIX_COMPUTATION.BIN_HD_DATA._BIN_HD_DATA._COMPUTE_BINNED_OUTPUTS.CLOUPE_PREPROCESS.fork_square_016um
2025-10-21 23:27:02 [runtime] (complete)        ID.F07840_2.SPATIAL_RNA_COUNTER_CS.SPATIAL_RNA_COUNTER.SPATIAL_POST_MATRIX_COMPUTATION.BIN_HD_DATA._BIN_HD_DATA._COMPUTE_BINNED_OUTPUTS.CLOUPE_PREPROCESS.fork_square_002um
2025-10-21 23:27:02 [runtime] (complete)        ID.F07840_2.SPATIAL_RNA_COUNTER_CS.SPATIAL_RNA_COUNTER.SPATIAL_POST_MATRIX_COMPUTATION.BIN_HD_DATA._BIN_HD_DATA._COMPUTE_BINNED_OUTPUTS.CLOUPE_PREPROCESS.fork_square_016um
2025-10-21 23:27:05 [runtime] (complete)        ID.F07840_2.SPATIAL_RNA_COUNTER_CS.SPATIAL_RNA_COUNTER.SPATIAL_POST_MATRIX_COMPUTATION.BIN_HD_DATA._BIN_HD_DATA._COMPUTE_BINNED_OUTPUTS.CLOUPE_PREPROCESS.fork_square_002um
2025-10-21 23:27:05 [runtime] (complete)        ID.F07840_2.SPATIAL_RNA_COUNTER_CS.SPATIAL_RNA_COUNTER.SPATIAL_POST_MATRIX_COMPUTATION.BIN_HD_DATA._BIN_HD_DATA._COMPUTE_BINNED_OUTPUTS.CLOUPE_PREPROCESS.fork_square_016um
2025-10-21 23:27:08 [runtime] (complete)        ID.F07840_2.SPATIAL_RNA_COUNTER_CS.SPATIAL_RNA_COUNTER.SPATIAL_POST_MATRIX_COMPUTATION.BIN_HD_DATA._BIN_HD_DATA._COMPUTE_BINNED_OUTPUTS.CLOUPE_PREPROCESS.fork_square_002um
2025-10-21 23:27:08 [runtime] (complete)        ID.F07840_2.SPATIAL_RNA_COUNTER_CS.SPATIAL_RNA_COUNTER.SPATIAL_POST_MATRIX_COMPUTATION.BIN_HD_DATA._BIN_HD_DATA._COMPUTE_BINNED_OUTPUTS.CLOUPE_PREPROCESS.fork_square_016um
2025-10-21 23:27:12 [runtime] (complete)        ID.F07840_2.SPATIAL_RNA_COUNTER_CS.SPATIAL_RNA_COUNTER.SPATIAL_POST_MATRIX_COMPUTATION.BIN_HD_DATA._BIN_HD_DATA._COMPUTE_BINNED_OUTPUTS.CLOUPE_PREPROCESS.fork_square_002um
2025-10-21 23:27:12 [runtime] (complete)        ID.F07840_2.SPATIAL_RNA_COUNTER_CS.SPATIAL_RNA_COUNTER.SPATIAL_POST_MATRIX_COMPUTATION.BIN_HD_DATA._BIN_HD_DATA._COMPUTE_BINNED_OUTPUTS.CLOUPE_PREPROCESS.fork_square_016um
2025-10-21 23:27:15 [runtime] (complete)        ID.F07840_2.SPATIAL_RNA_COUNTER_CS.SPATIAL_RNA_COUNTER.SPATIAL_POST_MATRIX_COMPUTATION.BIN_HD_DATA._BIN_HD_DATA._COMPUTE_BINNED_OUTPUTS.CLOUPE_PREPROCESS.fork_square_002um
2025-10-21 23:27:15 [runtime] (complete)        ID.F07840_2.SPATIAL_RNA_COUNTER_CS.SPATIAL_RNA_COUNTER.SPATIAL_POST_MATRIX_COMPUTATION.BIN_HD_DATA._BIN_HD_DATA._COMPUTE_BINNED_OUTPUTS.CLOUPE_PREPROCESS.fork_square_016um
2025-10-21 23:27:18 [runtime] (complete)        ID.F07840_2.SPATIAL_RNA_COUNTER_CS.SPATIAL_RNA_COUNTER.SPATIAL_POST_MATRIX_COMPUTATION.BIN_HD_DATA._BIN_HD_DATA._COMPUTE_BINNED_OUTPUTS.CLOUPE_PREPROCESS.fork_square_002um
2025-10-21 23:27:18 [runtime] (complete)        ID.F07840_2.SPATIAL_RNA_COUNTER_CS.SPATIAL_RNA_COUNTER.SPATIAL_POST_MATRIX_COMPUTATION.BIN_HD_DATA._BIN_HD_DATA._COMPUTE_BINNED_OUTPUTS.CLOUPE_PREPROCESS.fork_square_016um
2025-10-21 23:27:21 [runtime] (complete)        ID.F07840_2.SPATIAL_RNA_COUNTER_CS.SPATIAL_RNA_COUNTER.SPATIAL_POST_MATRIX_COMPUTATION.BIN_HD_DATA._BIN_HD_DATA._COMPUTE_BINNED_OUTPUTS.CLOUPE_PREPROCESS.fork_square_002um
2025-10-21 23:27:21 [runtime] (complete)        ID.F07840_2.SPATIAL_RNA_COUNTER_CS.SPATIAL_RNA_COUNTER.SPATIAL_POST_MATRIX_COMPUTATION.BIN_HD_DATA._BIN_HD_DATA._COMPUTE_BINNED_OUTPUTS.CLOUPE_PREPROCESS.fork_square_016um
2025-10-21 23:27:24 [runtime] (complete)        ID.F07840_2.SPATIAL_RNA_COUNTER_CS.SPATIAL_RNA_COUNTER.SPATIAL_POST_MATRIX_COMPUTATION.BIN_HD_DATA._BIN_HD_DATA._COMPUTE_BINNED_OUTPUTS.CLOUPE_PREPROCESS.fork_square_002um
2025-10-21 23:27:24 [runtime] (complete)        ID.F07840_2.SPATIAL_RNA_COUNTER_CS.SPATIAL_RNA_COUNTER.SPATIAL_POST_MATRIX_COMPUTATION.BIN_HD_DATA._BIN_HD_DATA._COMPUTE_BINNED_OUTPUTS.CLOUPE_PREPROCESS.fork_square_016um
2025-10-21 23:27:27 [runtime] (complete)        ID.F07840_2.SPATIAL_RNA_COUNTER_CS.SPATIAL_RNA_COUNTER.SPATIAL_POST_MATRIX_COMPUTATION.BIN_HD_DATA._BIN_HD_DATA._COMPUTE_BINNED_OUTPUTS.CLOUPE_PREPROCESS.fork_square_002um
2025-10-21 23:27:27 [runtime] (complete)        ID.F07840_2.SPATIAL_RNA_COUNTER_CS.SPATIAL_RNA_COUNTER.SPATIAL_POST_MATRIX_COMPUTATION.BIN_HD_DATA._BIN_HD_DATA._COMPUTE_BINNED_OUTPUTS.CLOUPE_PREPROCESS.fork_square_016um
2025-10-21 23:27:30 [runtime] (complete)        ID.F07840_2.SPATIAL_RNA_COUNTER_CS.SPATIAL_RNA_COUNTER.SPATIAL_POST_MATRIX_COMPUTATION.BIN_HD_DATA._BIN_HD_DATA._COMPUTE_BINNED_OUTPUTS.CLOUPE_PREPROCESS.fork_square_002um
2025-10-21 23:27:30 [runtime] (complete)        ID.F07840_2.SPATIAL_RNA_COUNTER_CS.SPATIAL_RNA_COUNTER.SPATIAL_POST_MATRIX_COMPUTATION.BIN_HD_DATA._BIN_HD_DATA._COMPUTE_BINNED_OUTPUTS.CLOUPE_PREPROCESS.fork_square_016um
2025-10-21 23:27:33 [runtime] (complete)        ID.F07840_2.SPATIAL_RNA_COUNTER_CS.SPATIAL_RNA_COUNTER.SPATIAL_POST_MATRIX_COMPUTATION.BIN_HD_DATA._BIN_HD_DATA._COMPUTE_BINNED_OUTPUTS.CLOUPE_PREPROCESS.fork_square_002um
2025-10-21 23:27:33 [runtime] (complete)        ID.F07840_2.SPATIAL_RNA_COUNTER_CS.SPATIAL_RNA_COUNTER.SPATIAL_POST_MATRIX_COMPUTATION.BIN_HD_DATA._BIN_HD_DATA._COMPUTE_BINNED_OUTPUTS.CLOUPE_PREPROCESS.fork_square_016um
2025-10-21 23:27:36 [runtime] (complete)        ID.F07840_2.SPATIAL_RNA_COUNTER_CS.SPATIAL_RNA_COUNTER.SPATIAL_POST_MATRIX_COMPUTATION.BIN_HD_DATA._BIN_HD_DATA._COMPUTE_BINNED_OUTPUTS.CLOUPE_PREPROCESS.fork_square_002um
2025-10-21 23:27:36 [runtime] (complete)        ID.F07840_2.SPATIAL_RNA_COUNTER_CS.SPATIAL_RNA_COUNTER.SPATIAL_POST_MATRIX_COMPUTATION.BIN_HD_DATA._BIN_HD_DATA._COMPUTE_BINNED_OUTPUTS.CLOUPE_PREPROCESS.fork_square_016um
2025-10-21 23:27:39 [runtime] (complete)        ID.F07840_2.SPATIAL_RNA_COUNTER_CS.SPATIAL_RNA_COUNTER.SPATIAL_POST_MATRIX_COMPUTATION.BIN_HD_DATA._BIN_HD_DATA._COMPUTE_BINNED_OUTPUTS.CLOUPE_PREPROCESS.fork_square_002um
2025-10-21 23:27:39 [runtime] (complete)        ID.F07840_2.SPATIAL_RNA_COUNTER_CS.SPATIAL_RNA_COUNTER.SPATIAL_POST_MATRIX_COMPUTATION.BIN_HD_DATA._BIN_HD_DATA._COMPUTE_BINNED_OUTPUTS.CLOUPE_PREPROCESS.fork_square_016um
2025-10-21 23:27:42 [runtime] (complete)        ID.F07840_2.SPATIAL_RNA_COUNTER_CS.SPATIAL_RNA_COUNTER.SPATIAL_POST_MATRIX_COMPUTATION.BIN_HD_DATA._BIN_HD_DATA._COMPUTE_BINNED_OUTPUTS.CLOUPE_PREPROCESS.fork_square_002um
2025-10-21 23:27:42 [runtime] (complete)        ID.F07840_2.SPATIAL_RNA_COUNTER_CS.SPATIAL_RNA_COUNTER.SPATIAL_POST_MATRIX_COMPUTATION.BIN_HD_DATA._BIN_HD_DATA._COMPUTE_BINNED_OUTPUTS.CLOUPE_PREPROCESS.fork_square_016um
2025-10-21 23:27:45 [runtime] (complete)        ID.F07840_2.SPATIAL_RNA_COUNTER_CS.SPATIAL_RNA_COUNTER.SPATIAL_POST_MATRIX_COMPUTATION.BIN_HD_DATA._BIN_HD_DATA._COMPUTE_BINNED_OUTPUTS.CLOUPE_PREPROCESS.fork_square_002um
2025-10-21 23:27:45 [runtime] (complete)        ID.F07840_2.SPATIAL_RNA_COUNTER_CS.SPATIAL_RNA_COUNTER.SPATIAL_POST_MATRIX_COMPUTATION.BIN_HD_DATA._BIN_HD_DATA._COMPUTE_BINNED_OUTPUTS.CLOUPE_PREPROCESS.fork_square_016um
2025-10-21 23:27:48 [runtime] (complete)        ID.F07840_2.SPATIAL_RNA_COUNTER_CS.SPATIAL_RNA_COUNTER.SPATIAL_POST_MATRIX_COMPUTATION.BIN_HD_DATA._BIN_HD_DATA._COMPUTE_BINNED_OUTPUTS.CLOUPE_PREPROCESS.fork_square_002um
2025-10-21 23:27:48 [runtime] (complete)        ID.F07840_2.SPATIAL_RNA_COUNTER_CS.SPATIAL_RNA_COUNTER.SPATIAL_POST_MATRIX_COMPUTATION.BIN_HD_DATA._BIN_HD_DATA._COMPUTE_BINNED_OUTPUTS.CLOUPE_PREPROCESS.fork_square_016um
2025-10-21 23:27:51 [runtime] (complete)        ID.F07840_2.SPATIAL_RNA_COUNTER_CS.SPATIAL_RNA_COUNTER.SPATIAL_POST_MATRIX_COMPUTATION.BIN_HD_DATA._BIN_HD_DATA._COMPUTE_BINNED_OUTPUTS.CLOUPE_PREPROCESS.fork_square_002um
2025-10-21 23:27:51 [runtime] (complete)        ID.F07840_2.SPATIAL_RNA_COUNTER_CS.SPATIAL_RNA_COUNTER.SPATIAL_POST_MATRIX_COMPUTATION.BIN_HD_DATA._BIN_HD_DATA._COMPUTE_BINNED_OUTPUTS.CLOUPE_PREPROCESS.fork_square_016um
2025-10-21 23:27:54 [runtime] (complete)        ID.F07840_2.SPATIAL_RNA_COUNTER_CS.SPATIAL_RNA_COUNTER.SPATIAL_POST_MATRIX_COMPUTATION.BIN_HD_DATA._BIN_HD_DATA._COMPUTE_BINNED_OUTPUTS.CLOUPE_PREPROCESS.fork_square_002um
2025-10-21 23:27:54 [runtime] (complete)        ID.F07840_2.SPATIAL_RNA_COUNTER_CS.SPATIAL_RNA_COUNTER.SPATIAL_POST_MATRIX_COMPUTATION.BIN_HD_DATA._BIN_HD_DATA._COMPUTE_BINNED_OUTPUTS.CLOUPE_PREPROCESS.fork_square_016um
2025-10-21 23:27:57 [runtime] (complete)        ID.F07840_2.SPATIAL_RNA_COUNTER_CS.SPATIAL_RNA_COUNTER.SPATIAL_POST_MATRIX_COMPUTATION.BIN_HD_DATA._BIN_HD_DATA._COMPUTE_BINNED_OUTPUTS.CLOUPE_PREPROCESS.fork_square_002um
2025-10-21 23:27:57 [runtime] (complete)        ID.F07840_2.SPATIAL_RNA_COUNTER_CS.SPATIAL_RNA_COUNTER.SPATIAL_POST_MATRIX_COMPUTATION.BIN_HD_DATA._BIN_HD_DATA._COMPUTE_BINNED_OUTPUTS.CLOUPE_PREPROCESS.fork_square_016um
2025-10-21 23:28:00 [runtime] (complete)        ID.F07840_2.SPATIAL_RNA_COUNTER_CS.SPATIAL_RNA_COUNTER.SPATIAL_POST_MATRIX_COMPUTATION.BIN_HD_DATA._BIN_HD_DATA._COMPUTE_BINNED_OUTPUTS.CLOUPE_PREPROCESS.fork_square_002um
2025-10-21 23:28:00 [runtime] (complete)        ID.F07840_2.SPATIAL_RNA_COUNTER_CS.SPATIAL_RNA_COUNTER.SPATIAL_POST_MATRIX_COMPUTATION.BIN_HD_DATA._BIN_HD_DATA._COMPUTE_BINNED_OUTPUTS.CLOUPE_PREPROCESS.fork_square_016um
2025-10-21 23:28:03 [runtime] (complete)        ID.F07840_2.SPATIAL_RNA_COUNTER_CS.SPATIAL_RNA_COUNTER.SPATIAL_POST_MATRIX_COMPUTATION.BIN_HD_DATA._BIN_HD_DATA._COMPUTE_BINNED_OUTPUTS.CLOUPE_PREPROCESS.fork_square_002um
2025-10-21 23:28:03 [runtime] (complete)        ID.F07840_2.SPATIAL_RNA_COUNTER_CS.SPATIAL_RNA_COUNTER.SPATIAL_POST_MATRIX_COMPUTATION.BIN_HD_DATA._BIN_HD_DATA._COMPUTE_BINNED_OUTPUTS.CLOUPE_PREPROCESS.fork_square_016um
2025-10-21 23:28:06 [runtime] (complete)        ID.F07840_2.SPATIAL_RNA_COUNTER_CS.SPATIAL_RNA_COUNTER.SPATIAL_POST_MATRIX_COMPUTATION.BIN_HD_DATA._BIN_HD_DATA._COMPUTE_BINNED_OUTPUTS.CLOUPE_PREPROCESS.fork_square_002um
2025-10-21 23:28:06 [runtime] (complete)        ID.F07840_2.SPATIAL_RNA_COUNTER_CS.SPATIAL_RNA_COUNTER.SPATIAL_POST_MATRIX_COMPUTATION.BIN_HD_DATA._BIN_HD_DATA._COMPUTE_BINNED_OUTPUTS.CLOUPE_PREPROCESS.fork_square_016um
2025-10-21 23:28:09 [runtime] (complete)        ID.F07840_2.SPATIAL_RNA_COUNTER_CS.SPATIAL_RNA_COUNTER.SPATIAL_POST_MATRIX_COMPUTATION.BIN_HD_DATA._BIN_HD_DATA._COMPUTE_BINNED_OUTPUTS.CLOUPE_PREPROCESS.fork_square_002um
2025-10-21 23:28:09 [runtime] (complete)        ID.F07840_2.SPATIAL_RNA_COUNTER_CS.SPATIAL_RNA_COUNTER.SPATIAL_POST_MATRIX_COMPUTATION.BIN_HD_DATA._BIN_HD_DATA._COMPUTE_BINNED_OUTPUTS.CLOUPE_PREPROCESS.fork_square_016um
2025-10-21 23:28:12 [runtime] (complete)        ID.F07840_2.SPATIAL_RNA_COUNTER_CS.SPATIAL_RNA_COUNTER.SPATIAL_POST_MATRIX_COMPUTATION.BIN_HD_DATA._BIN_HD_DATA._COMPUTE_BINNED_OUTPUTS.CLOUPE_PREPROCESS.fork_square_002um
2025-10-21 23:28:12 [runtime] (complete)        ID.F07840_2.SPATIAL_RNA_COUNTER_CS.SPATIAL_RNA_COUNTER.SPATIAL_POST_MATRIX_COMPUTATION.BIN_HD_DATA._BIN_HD_DATA._COMPUTE_BINNED_OUTPUTS.CLOUPE_PREPROCESS.fork_square_016um
2025-10-21 23:28:15 [runtime] (complete)        ID.F07840_2.SPATIAL_RNA_COUNTER_CS.SPATIAL_RNA_COUNTER.SPATIAL_POST_MATRIX_COMPUTATION.BIN_HD_DATA._BIN_HD_DATA._COMPUTE_BINNED_OUTPUTS.CLOUPE_PREPROCESS.fork_square_002um
2025-10-21 23:28:15 [runtime] (complete)        ID.F07840_2.SPATIAL_RNA_COUNTER_CS.SPATIAL_RNA_COUNTER.SPATIAL_POST_MATRIX_COMPUTATION.BIN_HD_DATA._BIN_HD_DATA._COMPUTE_BINNED_OUTPUTS.CLOUPE_PREPROCESS.fork_square_016um
2025-10-21 23:28:18 [runtime] (complete)        ID.F07840_2.SPATIAL_RNA_COUNTER_CS.SPATIAL_RNA_COUNTER.SPATIAL_POST_MATRIX_COMPUTATION.BIN_HD_DATA._BIN_HD_DATA._COMPUTE_BINNED_OUTPUTS.CLOUPE_PREPROCESS.fork_square_002um
2025-10-21 23:28:18 [runtime] (complete)        ID.F07840_2.SPATIAL_RNA_COUNTER_CS.SPATIAL_RNA_COUNTER.SPATIAL_POST_MATRIX_COMPUTATION.BIN_HD_DATA._BIN_HD_DATA._COMPUTE_BINNED_OUTPUTS.CLOUPE_PREPROCESS.fork_square_016um
2025-10-21 23:28:21 [runtime] (complete)        ID.F07840_2.SPATIAL_RNA_COUNTER_CS.SPATIAL_RNA_COUNTER.SPATIAL_POST_MATRIX_COMPUTATION.BIN_HD_DATA._BIN_HD_DATA._COMPUTE_BINNED_OUTPUTS.CLOUPE_PREPROCESS.fork_square_002um
2025-10-21 23:28:21 [runtime] (complete)        ID.F07840_2.SPATIAL_RNA_COUNTER_CS.SPATIAL_RNA_COUNTER.SPATIAL_POST_MATRIX_COMPUTATION.BIN_HD_DATA._BIN_HD_DATA._COMPUTE_BINNED_OUTPUTS.CLOUPE_PREPROCESS.fork_square_016um
2025-10-21 23:28:24 [runtime] (complete)        ID.F07840_2.SPATIAL_RNA_COUNTER_CS.SPATIAL_RNA_COUNTER.SPATIAL_POST_MATRIX_COMPUTATION.BIN_HD_DATA._BIN_HD_DATA._COMPUTE_BINNED_OUTPUTS.CLOUPE_PREPROCESS.fork_square_002um
2025-10-21 23:28:24 [runtime] (complete)        ID.F07840_2.SPATIAL_RNA_COUNTER_CS.SPATIAL_RNA_COUNTER.SPATIAL_POST_MATRIX_COMPUTATION.BIN_HD_DATA._BIN_HD_DATA._COMPUTE_BINNED_OUTPUTS.CLOUPE_PREPROCESS.fork_square_016um
2025-10-21 23:28:27 [runtime] (complete)        ID.F07840_2.SPATIAL_RNA_COUNTER_CS.SPATIAL_RNA_COUNTER.SPATIAL_POST_MATRIX_COMPUTATION.BIN_HD_DATA._BIN_HD_DATA._COMPUTE_BINNED_OUTPUTS.CLOUPE_PREPROCESS.fork_square_002um
2025-10-21 23:28:27 [runtime] (complete)        ID.F07840_2.SPATIAL_RNA_COUNTER_CS.SPATIAL_RNA_COUNTER.SPATIAL_POST_MATRIX_COMPUTATION.BIN_HD_DATA._BIN_HD_DATA._COMPUTE_BINNED_OUTPUTS.CLOUPE_PREPROCESS.fork_square_016um
2025-10-21 23:28:30 [runtime] (complete)        ID.F07840_2.SPATIAL_RNA_COUNTER_CS.SPATIAL_RNA_COUNTER.SPATIAL_POST_MATRIX_COMPUTATION.BIN_HD_DATA._BIN_HD_DATA._COMPUTE_BINNED_OUTPUTS.CLOUPE_PREPROCESS.fork_square_002um
2025-10-21 23:28:30 [runtime] (complete)        ID.F07840_2.SPATIAL_RNA_COUNTER_CS.SPATIAL_RNA_COUNTER.SPATIAL_POST_MATRIX_COMPUTATION.BIN_HD_DATA._BIN_HD_DATA._COMPUTE_BINNED_OUTPUTS.CLOUPE_PREPROCESS.fork_square_016um
2025-10-21 23:28:33 [runtime] (complete)        ID.F07840_2.SPATIAL_RNA_COUNTER_CS.SPATIAL_RNA_COUNTER.SPATIAL_POST_MATRIX_COMPUTATION.BIN_HD_DATA._BIN_HD_DATA._COMPUTE_BINNED_OUTPUTS.CLOUPE_PREPROCESS.fork_square_002um
2025-10-21 23:28:33 [runtime] (complete)        ID.F07840_2.SPATIAL_RNA_COUNTER_CS.SPATIAL_RNA_COUNTER.SPATIAL_POST_MATRIX_COMPUTATION.BIN_HD_DATA._BIN_HD_DATA._COMPUTE_BINNED_OUTPUTS.CLOUPE_PREPROCESS.fork_square_016um
2025-10-21 23:28:36 [runtime] (complete)        ID.F07840_2.SPATIAL_RNA_COUNTER_CS.SPATIAL_RNA_COUNTER.SPATIAL_POST_MATRIX_COMPUTATION.BIN_HD_DATA._BIN_HD_DATA._COMPUTE_BINNED_OUTPUTS.CLOUPE_PREPROCESS.fork_square_002um
2025-10-21 23:28:36 [runtime] (complete)        ID.F07840_2.SPATIAL_RNA_COUNTER_CS.SPATIAL_RNA_COUNTER.SPATIAL_POST_MATRIX_COMPUTATION.BIN_HD_DATA._BIN_HD_DATA._COMPUTE_BINNED_OUTPUTS.CLOUPE_PREPROCESS.fork_square_016um
2025-10-21 23:28:39 [runtime] (complete)        ID.F07840_2.SPATIAL_RNA_COUNTER_CS.SPATIAL_RNA_COUNTER.SPATIAL_POST_MATRIX_COMPUTATION.BIN_HD_DATA._BIN_HD_DATA._COMPUTE_BINNED_OUTPUTS.CLOUPE_PREPROCESS.fork_square_002um
2025-10-21 23:28:39 [runtime] (complete)        ID.F07840_2.SPATIAL_RNA_COUNTER_CS.SPATIAL_RNA_COUNTER.SPATIAL_POST_MATRIX_COMPUTATION.BIN_HD_DATA._BIN_HD_DATA._COMPUTE_BINNED_OUTPUTS.CLOUPE_PREPROCESS.fork_square_016um
2025-10-21 23:28:42 [runtime] (complete)        ID.F07840_2.SPATIAL_RNA_COUNTER_CS.SPATIAL_RNA_COUNTER.SPATIAL_POST_MATRIX_COMPUTATION.BIN_HD_DATA._BIN_HD_DATA._COMPUTE_BINNED_OUTPUTS.CLOUPE_PREPROCESS.fork_square_002um
2025-10-21 23:28:42 [runtime] (complete)        ID.F07840_2.SPATIAL_RNA_COUNTER_CS.SPATIAL_RNA_COUNTER.SPATIAL_POST_MATRIX_COMPUTATION.BIN_HD_DATA._BIN_HD_DATA._COMPUTE_BINNED_OUTPUTS.CLOUPE_PREPROCESS.fork_square_016um
2025-10-21 23:28:45 [runtime] (complete)        ID.F07840_2.SPATIAL_RNA_COUNTER_CS.SPATIAL_RNA_COUNTER.SPATIAL_POST_MATRIX_COMPUTATION.BIN_HD_DATA._BIN_HD_DATA._COMPUTE_BINNED_OUTPUTS.CLOUPE_PREPROCESS.fork_square_002um
2025-10-21 23:28:45 [runtime] (complete)        ID.F07840_2.SPATIAL_RNA_COUNTER_CS.SPATIAL_RNA_COUNTER.SPATIAL_POST_MATRIX_COMPUTATION.BIN_HD_DATA._BIN_HD_DATA._COMPUTE_BINNED_OUTPUTS.CLOUPE_PREPROCESS.fork_square_016um
2025-10-21 23:28:48 [runtime] (complete)        ID.F07840_2.SPATIAL_RNA_COUNTER_CS.SPATIAL_RNA_COUNTER.SPATIAL_POST_MATRIX_COMPUTATION.BIN_HD_DATA._BIN_HD_DATA._COMPUTE_BINNED_OUTPUTS.CLOUPE_PREPROCESS.fork_square_002um
2025-10-21 23:28:48 [runtime] (complete)        ID.F07840_2.SPATIAL_RNA_COUNTER_CS.SPATIAL_RNA_COUNTER.SPATIAL_POST_MATRIX_COMPUTATION.BIN_HD_DATA._BIN_HD_DATA._COMPUTE_BINNED_OUTPUTS.CLOUPE_PREPROCESS.fork_square_016um
2025-10-21 23:28:51 [runtime] (complete)        ID.F07840_2.SPATIAL_RNA_COUNTER_CS.SPATIAL_RNA_COUNTER.SPATIAL_POST_MATRIX_COMPUTATION.BIN_HD_DATA._BIN_HD_DATA._COMPUTE_BINNED_OUTPUTS.CLOUPE_PREPROCESS.fork_square_002um
2025-10-21 23:28:51 [runtime] (complete)        ID.F07840_2.SPATIAL_RNA_COUNTER_CS.SPATIAL_RNA_COUNTER.SPATIAL_POST_MATRIX_COMPUTATION.BIN_HD_DATA._BIN_HD_DATA._COMPUTE_BINNED_OUTPUTS.CLOUPE_PREPROCESS.fork_square_016um
2025-10-21 23:28:55 [runtime] (complete)        ID.F07840_2.SPATIAL_RNA_COUNTER_CS.SPATIAL_RNA_COUNTER.SPATIAL_POST_MATRIX_COMPUTATION.BIN_HD_DATA._BIN_HD_DATA._COMPUTE_BINNED_OUTPUTS.CLOUPE_PREPROCESS.fork_square_002um
2025-10-21 23:28:55 [runtime] (complete)        ID.F07840_2.SPATIAL_RNA_COUNTER_CS.SPATIAL_RNA_COUNTER.SPATIAL_POST_MATRIX_COMPUTATION.BIN_HD_DATA._BIN_HD_DATA._COMPUTE_BINNED_OUTPUTS.CLOUPE_PREPROCESS.fork_square_016um
2025-10-21 23:28:58 [runtime] (complete)        ID.F07840_2.SPATIAL_RNA_COUNTER_CS.SPATIAL_RNA_COUNTER.SPATIAL_POST_MATRIX_COMPUTATION.BIN_HD_DATA._BIN_HD_DATA._COMPUTE_BINNED_OUTPUTS.CLOUPE_PREPROCESS.fork_square_002um
2025-10-21 23:28:58 [runtime] (complete)        ID.F07840_2.SPATIAL_RNA_COUNTER_CS.SPATIAL_RNA_COUNTER.SPATIAL_POST_MATRIX_COMPUTATION.BIN_HD_DATA._BIN_HD_DATA._COMPUTE_BINNED_OUTPUTS.CLOUPE_PREPROCESS.fork_square_016um
2025-10-21 23:29:01 [runtime] (complete)        ID.F07840_2.SPATIAL_RNA_COUNTER_CS.SPATIAL_RNA_COUNTER.SPATIAL_POST_MATRIX_COMPUTATION.BIN_HD_DATA._BIN_HD_DATA._COMPUTE_BINNED_OUTPUTS.CLOUPE_PREPROCESS.fork_square_002um
2025-10-21 23:29:01 [runtime] (complete)        ID.F07840_2.SPATIAL_RNA_COUNTER_CS.SPATIAL_RNA_COUNTER.SPATIAL_POST_MATRIX_COMPUTATION.BIN_HD_DATA._BIN_HD_DATA._COMPUTE_BINNED_OUTPUTS.CLOUPE_PREPROCESS.fork_square_016um
2025-10-21 23:29:04 [runtime] (complete)        ID.F07840_2.SPATIAL_RNA_COUNTER_CS.SPATIAL_RNA_COUNTER.SPATIAL_POST_MATRIX_COMPUTATION.BIN_HD_DATA._BIN_HD_DATA._COMPUTE_BINNED_OUTPUTS.CLOUPE_PREPROCESS.fork_square_002um
2025-10-21 23:29:04 [runtime] (complete)        ID.F07840_2.SPATIAL_RNA_COUNTER_CS.SPATIAL_RNA_COUNTER.SPATIAL_POST_MATRIX_COMPUTATION.BIN_HD_DATA._BIN_HD_DATA._COMPUTE_BINNED_OUTPUTS.CLOUPE_PREPROCESS.fork_square_016um
2025-10-21 23:29:07 [runtime] (complete)        ID.F07840_2.SPATIAL_RNA_COUNTER_CS.SPATIAL_RNA_COUNTER.SPATIAL_POST_MATRIX_COMPUTATION.BIN_HD_DATA._BIN_HD_DATA._COMPUTE_BINNED_OUTPUTS.CLOUPE_PREPROCESS.fork_square_002um
2025-10-21 23:29:07 [runtime] (complete)        ID.F07840_2.SPATIAL_RNA_COUNTER_CS.SPATIAL_RNA_COUNTER.SPATIAL_POST_MATRIX_COMPUTATION.BIN_HD_DATA._BIN_HD_DATA._COMPUTE_BINNED_OUTPUTS.CLOUPE_PREPROCESS.fork_square_016um
2025-10-21 23:29:10 [runtime] (complete)        ID.F07840_2.SPATIAL_RNA_COUNTER_CS.SPATIAL_RNA_COUNTER.SPATIAL_POST_MATRIX_COMPUTATION.BIN_HD_DATA._BIN_HD_DATA._COMPUTE_BINNED_OUTPUTS.CLOUPE_PREPROCESS.fork_square_002um
2025-10-21 23:29:10 [runtime] (complete)        ID.F07840_2.SPATIAL_RNA_COUNTER_CS.SPATIAL_RNA_COUNTER.SPATIAL_POST_MATRIX_COMPUTATION.BIN_HD_DATA._BIN_HD_DATA._COMPUTE_BINNED_OUTPUTS.CLOUPE_PREPROCESS.fork_square_016um
2025-10-21 23:29:13 [runtime] (complete)        ID.F07840_2.SPATIAL_RNA_COUNTER_CS.SPATIAL_RNA_COUNTER.SPATIAL_POST_MATRIX_COMPUTATION.BIN_HD_DATA._BIN_HD_DATA._COMPUTE_BINNED_OUTPUTS.CLOUPE_PREPROCESS.fork_square_002um
2025-10-21 23:29:13 [runtime] (complete)        ID.F07840_2.SPATIAL_RNA_COUNTER_CS.SPATIAL_RNA_COUNTER.SPATIAL_POST_MATRIX_COMPUTATION.BIN_HD_DATA._BIN_HD_DATA._COMPUTE_BINNED_OUTPUTS.CLOUPE_PREPROCESS.fork_square_016um
2025-10-21 23:29:16 [runtime] (complete)        ID.F07840_2.SPATIAL_RNA_COUNTER_CS.SPATIAL_RNA_COUNTER.SPATIAL_POST_MATRIX_COMPUTATION.BIN_HD_DATA._BIN_HD_DATA._COMPUTE_BINNED_OUTPUTS.CLOUPE_PREPROCESS.fork_square_002um
2025-10-21 23:29:16 [runtime] (complete)        ID.F07840_2.SPATIAL_RNA_COUNTER_CS.SPATIAL_RNA_COUNTER.SPATIAL_POST_MATRIX_COMPUTATION.BIN_HD_DATA._BIN_HD_DATA._COMPUTE_BINNED_OUTPUTS.CLOUPE_PREPROCESS.fork_square_016um
2025-10-21 23:29:19 [runtime] (complete)        ID.F07840_2.SPATIAL_RNA_COUNTER_CS.SPATIAL_RNA_COUNTER.SPATIAL_POST_MATRIX_COMPUTATION.BIN_HD_DATA._BIN_HD_DATA._COMPUTE_BINNED_OUTPUTS.CLOUPE_PREPROCESS.fork_square_002um
2025-10-21 23:29:19 [runtime] (complete)        ID.F07840_2.SPATIAL_RNA_COUNTER_CS.SPATIAL_RNA_COUNTER.SPATIAL_POST_MATRIX_COMPUTATION.BIN_HD_DATA._BIN_HD_DATA._COMPUTE_BINNED_OUTPUTS.CLOUPE_PREPROCESS.fork_square_016um
2025-10-21 23:29:22 [runtime] (complete)        ID.F07840_2.SPATIAL_RNA_COUNTER_CS.SPATIAL_RNA_COUNTER.SPATIAL_POST_MATRIX_COMPUTATION.BIN_HD_DATA._BIN_HD_DATA._COMPUTE_BINNED_OUTPUTS.CLOUPE_PREPROCESS.fork_square_002um
2025-10-21 23:29:22 [runtime] (complete)        ID.F07840_2.SPATIAL_RNA_COUNTER_CS.SPATIAL_RNA_COUNTER.SPATIAL_POST_MATRIX_COMPUTATION.BIN_HD_DATA._BIN_HD_DATA._COMPUTE_BINNED_OUTPUTS.CLOUPE_PREPROCESS.fork_square_016um
2025-10-21 23:29:25 [runtime] (complete)        ID.F07840_2.SPATIAL_RNA_COUNTER_CS.SPATIAL_RNA_COUNTER.SPATIAL_POST_MATRIX_COMPUTATION.BIN_HD_DATA._BIN_HD_DATA._COMPUTE_BINNED_OUTPUTS.CLOUPE_PREPROCESS.fork_square_002um
2025-10-21 23:29:25 [runtime] (complete)        ID.F07840_2.SPATIAL_RNA_COUNTER_CS.SPATIAL_RNA_COUNTER.SPATIAL_POST_MATRIX_COMPUTATION.BIN_HD_DATA._BIN_HD_DATA._COMPUTE_BINNED_OUTPUTS.CLOUPE_PREPROCESS.fork_square_016um
2025-10-21 23:29:28 [runtime] (complete)        ID.F07840_2.SPATIAL_RNA_COUNTER_CS.SPATIAL_RNA_COUNTER.SPATIAL_POST_MATRIX_COMPUTATION.BIN_HD_DATA._BIN_HD_DATA._COMPUTE_BINNED_OUTPUTS.CLOUPE_PREPROCESS.fork_square_002um
2025-10-21 23:29:28 [runtime] (complete)        ID.F07840_2.SPATIAL_RNA_COUNTER_CS.SPATIAL_RNA_COUNTER.SPATIAL_POST_MATRIX_COMPUTATION.BIN_HD_DATA._BIN_HD_DATA._COMPUTE_BINNED_OUTPUTS.CLOUPE_PREPROCESS.fork_square_016um
2025-10-21 23:29:31 [runtime] (complete)        ID.F07840_2.SPATIAL_RNA_COUNTER_CS.SPATIAL_RNA_COUNTER.SPATIAL_POST_MATRIX_COMPUTATION.BIN_HD_DATA._BIN_HD_DATA._COMPUTE_BINNED_OUTPUTS.CLOUPE_PREPROCESS.fork_square_002um
2025-10-21 23:29:31 [runtime] (complete)        ID.F07840_2.SPATIAL_RNA_COUNTER_CS.SPATIAL_RNA_COUNTER.SPATIAL_POST_MATRIX_COMPUTATION.BIN_HD_DATA._BIN_HD_DATA._COMPUTE_BINNED_OUTPUTS.CLOUPE_PREPROCESS.fork_square_016um
2025-10-21 23:29:34 [runtime] (complete)        ID.F07840_2.SPATIAL_RNA_COUNTER_CS.SPATIAL_RNA_COUNTER.SPATIAL_POST_MATRIX_COMPUTATION.BIN_HD_DATA._BIN_HD_DATA._COMPUTE_BINNED_OUTPUTS.CLOUPE_PREPROCESS.fork_square_002um
2025-10-21 23:29:34 [runtime] (complete)        ID.F07840_2.SPATIAL_RNA_COUNTER_CS.SPATIAL_RNA_COUNTER.SPATIAL_POST_MATRIX_COMPUTATION.BIN_HD_DATA._BIN_HD_DATA._COMPUTE_BINNED_OUTPUTS.CLOUPE_PREPROCESS.fork_square_016um
2025-10-21 23:29:34 [runtime] (join_complete)   ID.F07840_2.SPATIAL_RNA_COUNTER_CS.SPATIAL_RNA_COUNTER.SPATIAL_POST_MATRIX_COMPUTATION.BIN_HD_DATA._BIN_HD_DATA.UPDATE_HD_FEATURE_SLICE_H5
2025-10-21 23:29:35 [runtime] (complete)        ID.F07840_2.SPATIAL_RNA_COUNTER_CS.SPATIAL_RNA_COUNTER.SPATIAL_POST_MATRIX_COMPUTATION.BIN_HD_DATA._BIN_HD_DATA._COMPUTE_BINNED_OUTPUTS.CLOUPE_PREPROCESS.fork_square_002um
2025-10-21 23:29:35 [runtime] (complete)        ID.F07840_2.SPATIAL_RNA_COUNTER_CS.SPATIAL_RNA_COUNTER.SPATIAL_POST_MATRIX_COMPUTATION.BIN_HD_DATA._BIN_HD_DATA._COMPUTE_BINNED_OUTPUTS.CLOUPE_PREPROCESS.fork_square_016um
2025-10-21 23:29:35 [runtime] (ready)           ID.F07840_2.SPATIAL_RNA_COUNTER_CS.SPATIAL_RNA_COUNTER.SPATIAL_POST_MATRIX_COMPUTATION.BIN_HD_DATA._BIN_HD_DATA.PROCESS_SEGMENTATIONS._PROCESS_SEGMENTATIONS.SEGMENT_TO_FEATURE_CELL_MATRIX.PREPROCESS_INSTANCE_MASK
2025-10-21 23:29:35 [runtime] (run:local)       ID.F07840_2.SPATIAL_RNA_COUNTER_CS.SPATIAL_RNA_COUNTER.SPATIAL_POST_MATRIX_COMPUTATION.BIN_HD_DATA._BIN_HD_DATA.PROCESS_SEGMENTATIONS._PROCESS_SEGMENTATIONS.SEGMENT_TO_FEATURE_CELL_MATRIX.PREPROCESS_INSTANCE_MASK.fork0.split
2025-10-21 23:29:35 [runtime] (complete)        ID.F07840_2.SPATIAL_RNA_COUNTER_CS.SPATIAL_RNA_COUNTER.SPATIAL_POST_MATRIX_COMPUTATION.BIN_HD_DATA._BIN_HD_DATA._COMPUTE_BINNED_OUTPUTS.CLOUPE_PREPROCESS.fork_square_002um
2025-10-21 23:29:35 [runtime] (complete)        ID.F07840_2.SPATIAL_RNA_COUNTER_CS.SPATIAL_RNA_COUNTER.SPATIAL_POST_MATRIX_COMPUTATION.BIN_HD_DATA._BIN_HD_DATA._COMPUTE_BINNED_OUTPUTS.CLOUPE_PREPROCESS.fork_square_016um
2025-10-21 23:29:35 [runtime] (ready)           ID.F07840_2.SPATIAL_RNA_COUNTER_CS.SPATIAL_RNA_COUNTER.SPATIAL_POST_MATRIX_COMPUTATION.BIN_HD_DATA._BIN_HD_DATA.PICK_INPUTS_FOR_CELLSEG_LOUPE
2025-10-21 23:29:35 [runtime] (run:local)       ID.F07840_2.SPATIAL_RNA_COUNTER_CS.SPATIAL_RNA_COUNTER.SPATIAL_POST_MATRIX_COMPUTATION.BIN_HD_DATA._BIN_HD_DATA.PICK_INPUTS_FOR_CELLSEG_LOUPE.fork0.chnk0.main
2025-10-21 23:29:35 [runtime] (complete)        ID.F07840_2.SPATIAL_RNA_COUNTER_CS.SPATIAL_RNA_COUNTER.SPATIAL_POST_MATRIX_COMPUTATION.BIN_HD_DATA._BIN_HD_DATA._COMPUTE_BINNED_OUTPUTS.CLOUPE_PREPROCESS.fork_square_002um
2025-10-21 23:29:35 [runtime] (complete)        ID.F07840_2.SPATIAL_RNA_COUNTER_CS.SPATIAL_RNA_COUNTER.SPATIAL_POST_MATRIX_COMPUTATION.BIN_HD_DATA._BIN_HD_DATA._COMPUTE_BINNED_OUTPUTS.CLOUPE_PREPROCESS.fork_square_016um
2025-10-21 23:29:35 [runtime] (split_complete)  ID.F07840_2.SPATIAL_RNA_COUNTER_CS.SPATIAL_RNA_COUNTER.SPATIAL_POST_MATRIX_COMPUTATION.BIN_HD_DATA._BIN_HD_DATA.PROCESS_SEGMENTATIONS._PROCESS_SEGMENTATIONS.SEGMENT_TO_FEATURE_CELL_MATRIX.PREPROCESS_INSTANCE_MASK
2025-10-21 23:29:35 [runtime] (run:local)       ID.F07840_2.SPATIAL_RNA_COUNTER_CS.SPATIAL_RNA_COUNTER.SPATIAL_POST_MATRIX_COMPUTATION.BIN_HD_DATA._BIN_HD_DATA.PROCESS_SEGMENTATIONS._PROCESS_SEGMENTATIONS.SEGMENT_TO_FEATURE_CELL_MATRIX.PREPROCESS_INSTANCE_MASK.fork0.join
2025-10-21 23:29:35 [runtime] (complete)        ID.F07840_2.SPATIAL_RNA_COUNTER_CS.SPATIAL_RNA_COUNTER.SPATIAL_POST_MATRIX_COMPUTATION.BIN_HD_DATA._BIN_HD_DATA._COMPUTE_BINNED_OUTPUTS.CLOUPE_PREPROCESS.fork_square_002um
2025-10-21 23:29:35 [runtime] (complete)        ID.F07840_2.SPATIAL_RNA_COUNTER_CS.SPATIAL_RNA_COUNTER.SPATIAL_POST_MATRIX_COMPUTATION.BIN_HD_DATA._BIN_HD_DATA._COMPUTE_BINNED_OUTPUTS.CLOUPE_PREPROCESS.fork_square_016um
2025-10-21 23:29:35 [runtime] (join_complete)   ID.F07840_2.SPATIAL_RNA_COUNTER_CS.SPATIAL_RNA_COUNTER.SPATIAL_POST_MATRIX_COMPUTATION.BIN_HD_DATA._BIN_HD_DATA.PROCESS_SEGMENTATIONS._PROCESS_SEGMENTATIONS.SEGMENT_TO_FEATURE_CELL_MATRIX.PREPROCESS_INSTANCE_MASK
2025-10-21 23:29:35 [runtime] (ready)           ID.F07840_2.SPATIAL_RNA_COUNTER_CS.SPATIAL_RNA_COUNTER.SPATIAL_POST_MATRIX_COMPUTATION.BIN_HD_DATA._BIN_HD_DATA.PROCESS_SEGMENTATIONS._PROCESS_SEGMENTATIONS.SEGMENT_TO_FEATURE_CELL_MATRIX.PREPROCESS_NUCLEUS_SEGMENTATION_GEOJSON
2025-10-21 23:29:35 [runtime] (run:local)       ID.F07840_2.SPATIAL_RNA_COUNTER_CS.SPATIAL_RNA_COUNTER.SPATIAL_POST_MATRIX_COMPUTATION.BIN_HD_DATA._BIN_HD_DATA.PROCESS_SEGMENTATIONS._PROCESS_SEGMENTATIONS.SEGMENT_TO_FEATURE_CELL_MATRIX.PREPROCESS_NUCLEUS_SEGMENTATION_GEOJSON.fork0.split
2025-10-21 23:29:35 [runtime] (complete)        ID.F07840_2.SPATIAL_RNA_COUNTER_CS.SPATIAL_RNA_COUNTER.SPATIAL_POST_MATRIX_COMPUTATION.BIN_HD_DATA._BIN_HD_DATA._COMPUTE_BINNED_OUTPUTS.CLOUPE_PREPROCESS.fork_square_002um
2025-10-21 23:29:35 [runtime] (complete)        ID.F07840_2.SPATIAL_RNA_COUNTER_CS.SPATIAL_RNA_COUNTER.SPATIAL_POST_MATRIX_COMPUTATION.BIN_HD_DATA._BIN_HD_DATA._COMPUTE_BINNED_OUTPUTS.CLOUPE_PREPROCESS.fork_square_016um
2025-10-21 23:29:36 [runtime] (complete)        ID.F07840_2.SPATIAL_RNA_COUNTER_CS.SPATIAL_RNA_COUNTER.SPATIAL_POST_MATRIX_COMPUTATION.BIN_HD_DATA._BIN_HD_DATA._COMPUTE_BINNED_OUTPUTS.CLOUPE_PREPROCESS.fork_square_002um
2025-10-21 23:29:36 [runtime] (complete)        ID.F07840_2.SPATIAL_RNA_COUNTER_CS.SPATIAL_RNA_COUNTER.SPATIAL_POST_MATRIX_COMPUTATION.BIN_HD_DATA._BIN_HD_DATA._COMPUTE_BINNED_OUTPUTS.CLOUPE_PREPROCESS.fork_square_016um
2025-10-21 23:29:36 [runtime] (split_complete)  ID.F07840_2.SPATIAL_RNA_COUNTER_CS.SPATIAL_RNA_COUNTER.SPATIAL_POST_MATRIX_COMPUTATION.BIN_HD_DATA._BIN_HD_DATA.PROCESS_SEGMENTATIONS._PROCESS_SEGMENTATIONS.SEGMENT_TO_FEATURE_CELL_MATRIX.PREPROCESS_NUCLEUS_SEGMENTATION_GEOJSON
2025-10-21 23:29:36 [runtime] (run:local)       ID.F07840_2.SPATIAL_RNA_COUNTER_CS.SPATIAL_RNA_COUNTER.SPATIAL_POST_MATRIX_COMPUTATION.BIN_HD_DATA._BIN_HD_DATA.PROCESS_SEGMENTATIONS._PROCESS_SEGMENTATIONS.SEGMENT_TO_FEATURE_CELL_MATRIX.PREPROCESS_NUCLEUS_SEGMENTATION_GEOJSON.fork0.chnk00.main
2025-10-21 23:29:36 [runtime] (run:local)       ID.F07840_2.SPATIAL_RNA_COUNTER_CS.SPATIAL_RNA_COUNTER.SPATIAL_POST_MATRIX_COMPUTATION.BIN_HD_DATA._BIN_HD_DATA.PROCESS_SEGMENTATIONS._PROCESS_SEGMENTATIONS.SEGMENT_TO_FEATURE_CELL_MATRIX.PREPROCESS_NUCLEUS_SEGMENTATION_GEOJSON.fork0.chnk01.main
2025-10-21 23:29:36 [runtime] (run:local)       ID.F07840_2.SPATIAL_RNA_COUNTER_CS.SPATIAL_RNA_COUNTER.SPATIAL_POST_MATRIX_COMPUTATION.BIN_HD_DATA._BIN_HD_DATA.PROCESS_SEGMENTATIONS._PROCESS_SEGMENTATIONS.SEGMENT_TO_FEATURE_CELL_MATRIX.PREPROCESS_NUCLEUS_SEGMENTATION_GEOJSON.fork0.chnk02.main
2025-10-21 23:29:36 [runtime] (run:local)       ID.F07840_2.SPATIAL_RNA_COUNTER_CS.SPATIAL_RNA_COUNTER.SPATIAL_POST_MATRIX_COMPUTATION.BIN_HD_DATA._BIN_HD_DATA.PROCESS_SEGMENTATIONS._PROCESS_SEGMENTATIONS.SEGMENT_TO_FEATURE_CELL_MATRIX.PREPROCESS_NUCLEUS_SEGMENTATION_GEOJSON.fork0.chnk03.main
2025-10-21 23:29:36 [runtime] (run:local)       ID.F07840_2.SPATIAL_RNA_COUNTER_CS.SPATIAL_RNA_COUNTER.SPATIAL_POST_MATRIX_COMPUTATION.BIN_HD_DATA._BIN_HD_DATA.PROCESS_SEGMENTATIONS._PROCESS_SEGMENTATIONS.SEGMENT_TO_FEATURE_CELL_MATRIX.PREPROCESS_NUCLEUS_SEGMENTATION_GEOJSON.fork0.chnk04.main
2025-10-21 23:29:36 [runtime] (run:local)       ID.F07840_2.SPATIAL_RNA_COUNTER_CS.SPATIAL_RNA_COUNTER.SPATIAL_POST_MATRIX_COMPUTATION.BIN_HD_DATA._BIN_HD_DATA.PROCESS_SEGMENTATIONS._PROCESS_SEGMENTATIONS.SEGMENT_TO_FEATURE_CELL_MATRIX.PREPROCESS_NUCLEUS_SEGMENTATION_GEOJSON.fork0.chnk05.main
2025-10-21 23:29:36 [runtime] (run:local)       ID.F07840_2.SPATIAL_RNA_COUNTER_CS.SPATIAL_RNA_COUNTER.SPATIAL_POST_MATRIX_COMPUTATION.BIN_HD_DATA._BIN_HD_DATA.PROCESS_SEGMENTATIONS._PROCESS_SEGMENTATIONS.SEGMENT_TO_FEATURE_CELL_MATRIX.PREPROCESS_NUCLEUS_SEGMENTATION_GEOJSON.fork0.chnk06.main
2025-10-21 23:29:36 [runtime] (run:local)       ID.F07840_2.SPATIAL_RNA_COUNTER_CS.SPATIAL_RNA_COUNTER.SPATIAL_POST_MATRIX_COMPUTATION.BIN_HD_DATA._BIN_HD_DATA.PROCESS_SEGMENTATIONS._PROCESS_SEGMENTATIONS.SEGMENT_TO_FEATURE_CELL_MATRIX.PREPROCESS_NUCLEUS_SEGMENTATION_GEOJSON.fork0.chnk07.main
2025-10-21 23:29:36 [runtime] (run:local)       ID.F07840_2.SPATIAL_RNA_COUNTER_CS.SPATIAL_RNA_COUNTER.SPATIAL_POST_MATRIX_COMPUTATION.BIN_HD_DATA._BIN_HD_DATA.PROCESS_SEGMENTATIONS._PROCESS_SEGMENTATIONS.SEGMENT_TO_FEATURE_CELL_MATRIX.PREPROCESS_NUCLEUS_SEGMENTATION_GEOJSON.fork0.chnk08.main
2025-10-21 23:29:36 [runtime] (run:local)       ID.F07840_2.SPATIAL_RNA_COUNTER_CS.SPATIAL_RNA_COUNTER.SPATIAL_POST_MATRIX_COMPUTATION.BIN_HD_DATA._BIN_HD_DATA.PROCESS_SEGMENTATIONS._PROCESS_SEGMENTATIONS.SEGMENT_TO_FEATURE_CELL_MATRIX.PREPROCESS_NUCLEUS_SEGMENTATION_GEOJSON.fork0.chnk09.main
2025-10-21 23:29:36 [runtime] (run:local)       ID.F07840_2.SPATIAL_RNA_COUNTER_CS.SPATIAL_RNA_COUNTER.SPATIAL_POST_MATRIX_COMPUTATION.BIN_HD_DATA._BIN_HD_DATA.PROCESS_SEGMENTATIONS._PROCESS_SEGMENTATIONS.SEGMENT_TO_FEATURE_CELL_MATRIX.PREPROCESS_NUCLEUS_SEGMENTATION_GEOJSON.fork0.chnk10.main
2025-10-21 23:29:36 [runtime] (run:local)       ID.F07840_2.SPATIAL_RNA_COUNTER_CS.SPATIAL_RNA_COUNTER.SPATIAL_POST_MATRIX_COMPUTATION.BIN_HD_DATA._BIN_HD_DATA.PROCESS_SEGMENTATIONS._PROCESS_SEGMENTATIONS.SEGMENT_TO_FEATURE_CELL_MATRIX.PREPROCESS_NUCLEUS_SEGMENTATION_GEOJSON.fork0.chnk11.main
2025-10-21 23:29:36 [runtime] (run:local)       ID.F07840_2.SPATIAL_RNA_COUNTER_CS.SPATIAL_RNA_COUNTER.SPATIAL_POST_MATRIX_COMPUTATION.BIN_HD_DATA._BIN_HD_DATA.PROCESS_SEGMENTATIONS._PROCESS_SEGMENTATIONS.SEGMENT_TO_FEATURE_CELL_MATRIX.PREPROCESS_NUCLEUS_SEGMENTATION_GEOJSON.fork0.chnk12.main
2025-10-21 23:29:36 [runtime] (run:local)       ID.F07840_2.SPATIAL_RNA_COUNTER_CS.SPATIAL_RNA_COUNTER.SPATIAL_POST_MATRIX_COMPUTATION.BIN_HD_DATA._BIN_HD_DATA.PROCESS_SEGMENTATIONS._PROCESS_SEGMENTATIONS.SEGMENT_TO_FEATURE_CELL_MATRIX.PREPROCESS_NUCLEUS_SEGMENTATION_GEOJSON.fork0.chnk13.main
2025-10-21 23:29:36 [runtime] (run:local)       ID.F07840_2.SPATIAL_RNA_COUNTER_CS.SPATIAL_RNA_COUNTER.SPATIAL_POST_MATRIX_COMPUTATION.BIN_HD_DATA._BIN_HD_DATA.PROCESS_SEGMENTATIONS._PROCESS_SEGMENTATIONS.SEGMENT_TO_FEATURE_CELL_MATRIX.PREPROCESS_NUCLEUS_SEGMENTATION_GEOJSON.fork0.chnk14.main
2025-10-21 23:29:36 [runtime] (run:local)       ID.F07840_2.SPATIAL_RNA_COUNTER_CS.SPATIAL_RNA_COUNTER.SPATIAL_POST_MATRIX_COMPUTATION.BIN_HD_DATA._BIN_HD_DATA.PROCESS_SEGMENTATIONS._PROCESS_SEGMENTATIONS.SEGMENT_TO_FEATURE_CELL_MATRIX.PREPROCESS_NUCLEUS_SEGMENTATION_GEOJSON.fork0.chnk15.main
2025-10-21 23:29:36 [runtime] (run:local)       ID.F07840_2.SPATIAL_RNA_COUNTER_CS.SPATIAL_RNA_COUNTER.SPATIAL_POST_MATRIX_COMPUTATION.BIN_HD_DATA._BIN_HD_DATA.PROCESS_SEGMENTATIONS._PROCESS_SEGMENTATIONS.SEGMENT_TO_FEATURE_CELL_MATRIX.PREPROCESS_NUCLEUS_SEGMENTATION_GEOJSON.fork0.chnk16.main
2025-10-21 23:29:36 [runtime] (run:local)       ID.F07840_2.SPATIAL_RNA_COUNTER_CS.SPATIAL_RNA_COUNTER.SPATIAL_POST_MATRIX_COMPUTATION.BIN_HD_DATA._BIN_HD_DATA.PROCESS_SEGMENTATIONS._PROCESS_SEGMENTATIONS.SEGMENT_TO_FEATURE_CELL_MATRIX.PREPROCESS_NUCLEUS_SEGMENTATION_GEOJSON.fork0.chnk17.main
2025-10-21 23:29:36 [runtime] (run:local)       ID.F07840_2.SPATIAL_RNA_COUNTER_CS.SPATIAL_RNA_COUNTER.SPATIAL_POST_MATRIX_COMPUTATION.BIN_HD_DATA._BIN_HD_DATA.PROCESS_SEGMENTATIONS._PROCESS_SEGMENTATIONS.SEGMENT_TO_FEATURE_CELL_MATRIX.PREPROCESS_NUCLEUS_SEGMENTATION_GEOJSON.fork0.chnk18.main
2025-10-21 23:29:36 [runtime] (run:local)       ID.F07840_2.SPATIAL_RNA_COUNTER_CS.SPATIAL_RNA_COUNTER.SPATIAL_POST_MATRIX_COMPUTATION.BIN_HD_DATA._BIN_HD_DATA.PROCESS_SEGMENTATIONS._PROCESS_SEGMENTATIONS.SEGMENT_TO_FEATURE_CELL_MATRIX.PREPROCESS_NUCLEUS_SEGMENTATION_GEOJSON.fork0.chnk19.main
2025-10-21 23:29:36 [runtime] (run:local)       ID.F07840_2.SPATIAL_RNA_COUNTER_CS.SPATIAL_RNA_COUNTER.SPATIAL_POST_MATRIX_COMPUTATION.BIN_HD_DATA._BIN_HD_DATA.PROCESS_SEGMENTATIONS._PROCESS_SEGMENTATIONS.SEGMENT_TO_FEATURE_CELL_MATRIX.PREPROCESS_NUCLEUS_SEGMENTATION_GEOJSON.fork0.chnk20.main
2025-10-21 23:29:36 [runtime] (run:local)       ID.F07840_2.SPATIAL_RNA_COUNTER_CS.SPATIAL_RNA_COUNTER.SPATIAL_POST_MATRIX_COMPUTATION.BIN_HD_DATA._BIN_HD_DATA.PROCESS_SEGMENTATIONS._PROCESS_SEGMENTATIONS.SEGMENT_TO_FEATURE_CELL_MATRIX.PREPROCESS_NUCLEUS_SEGMENTATION_GEOJSON.fork0.chnk21.main
2025-10-21 23:29:36 [runtime] (run:local)       ID.F07840_2.SPATIAL_RNA_COUNTER_CS.SPATIAL_RNA_COUNTER.SPATIAL_POST_MATRIX_COMPUTATION.BIN_HD_DATA._BIN_HD_DATA.PROCESS_SEGMENTATIONS._PROCESS_SEGMENTATIONS.SEGMENT_TO_FEATURE_CELL_MATRIX.PREPROCESS_NUCLEUS_SEGMENTATION_GEOJSON.fork0.chnk22.main
2025-10-21 23:29:36 [runtime] (run:local)       ID.F07840_2.SPATIAL_RNA_COUNTER_CS.SPATIAL_RNA_COUNTER.SPATIAL_POST_MATRIX_COMPUTATION.BIN_HD_DATA._BIN_HD_DATA.PROCESS_SEGMENTATIONS._PROCESS_SEGMENTATIONS.SEGMENT_TO_FEATURE_CELL_MATRIX.PREPROCESS_NUCLEUS_SEGMENTATION_GEOJSON.fork0.chnk23.main
2025-10-21 23:29:36 [runtime] (run:local)       ID.F07840_2.SPATIAL_RNA_COUNTER_CS.SPATIAL_RNA_COUNTER.SPATIAL_POST_MATRIX_COMPUTATION.BIN_HD_DATA._BIN_HD_DATA.PROCESS_SEGMENTATIONS._PROCESS_SEGMENTATIONS.SEGMENT_TO_FEATURE_CELL_MATRIX.PREPROCESS_NUCLEUS_SEGMENTATION_GEOJSON.fork0.chnk24.main
2025-10-21 23:29:36 [runtime] (run:local)       ID.F07840_2.SPATIAL_RNA_COUNTER_CS.SPATIAL_RNA_COUNTER.SPATIAL_POST_MATRIX_COMPUTATION.BIN_HD_DATA._BIN_HD_DATA.PROCESS_SEGMENTATIONS._PROCESS_SEGMENTATIONS.SEGMENT_TO_FEATURE_CELL_MATRIX.PREPROCESS_NUCLEUS_SEGMENTATION_GEOJSON.fork0.chnk25.main
2025-10-21 23:29:36 [runtime] (run:local)       ID.F07840_2.SPATIAL_RNA_COUNTER_CS.SPATIAL_RNA_COUNTER.SPATIAL_POST_MATRIX_COMPUTATION.BIN_HD_DATA._BIN_HD_DATA.PROCESS_SEGMENTATIONS._PROCESS_SEGMENTATIONS.SEGMENT_TO_FEATURE_CELL_MATRIX.PREPROCESS_NUCLEUS_SEGMENTATION_GEOJSON.fork0.chnk26.main
2025-10-21 23:29:36 [runtime] (run:local)       ID.F07840_2.SPATIAL_RNA_COUNTER_CS.SPATIAL_RNA_COUNTER.SPATIAL_POST_MATRIX_COMPUTATION.BIN_HD_DATA._BIN_HD_DATA.PROCESS_SEGMENTATIONS._PROCESS_SEGMENTATIONS.SEGMENT_TO_FEATURE_CELL_MATRIX.PREPROCESS_NUCLEUS_SEGMENTATION_GEOJSON.fork0.chnk27.main
2025-10-21 23:29:36 [runtime] (run:local)       ID.F07840_2.SPATIAL_RNA_COUNTER_CS.SPATIAL_RNA_COUNTER.SPATIAL_POST_MATRIX_COMPUTATION.BIN_HD_DATA._BIN_HD_DATA.PROCESS_SEGMENTATIONS._PROCESS_SEGMENTATIONS.SEGMENT_TO_FEATURE_CELL_MATRIX.PREPROCESS_NUCLEUS_SEGMENTATION_GEOJSON.fork0.chnk28.main
2025-10-21 23:29:36 [runtime] (run:local)       ID.F07840_2.SPATIAL_RNA_COUNTER_CS.SPATIAL_RNA_COUNTER.SPATIAL_POST_MATRIX_COMPUTATION.BIN_HD_DATA._BIN_HD_DATA.PROCESS_SEGMENTATIONS._PROCESS_SEGMENTATIONS.SEGMENT_TO_FEATURE_CELL_MATRIX.PREPROCESS_NUCLEUS_SEGMENTATION_GEOJSON.fork0.chnk29.main
2025-10-21 23:29:36 [runtime] (run:local)       ID.F07840_2.SPATIAL_RNA_COUNTER_CS.SPATIAL_RNA_COUNTER.SPATIAL_POST_MATRIX_COMPUTATION.BIN_HD_DATA._BIN_HD_DATA.PROCESS_SEGMENTATIONS._PROCESS_SEGMENTATIONS.SEGMENT_TO_FEATURE_CELL_MATRIX.PREPROCESS_NUCLEUS_SEGMENTATION_GEOJSON.fork0.chnk30.main
2025-10-21 23:29:36 [runtime] (run:local)       ID.F07840_2.SPATIAL_RNA_COUNTER_CS.SPATIAL_RNA_COUNTER.SPATIAL_POST_MATRIX_COMPUTATION.BIN_HD_DATA._BIN_HD_DATA.PROCESS_SEGMENTATIONS._PROCESS_SEGMENTATIONS.SEGMENT_TO_FEATURE_CELL_MATRIX.PREPROCESS_NUCLEUS_SEGMENTATION_GEOJSON.fork0.chnk31.main
2025-10-21 23:29:36 [runtime] (run:local)       ID.F07840_2.SPATIAL_RNA_COUNTER_CS.SPATIAL_RNA_COUNTER.SPATIAL_POST_MATRIX_COMPUTATION.BIN_HD_DATA._BIN_HD_DATA.PROCESS_SEGMENTATIONS._PROCESS_SEGMENTATIONS.SEGMENT_TO_FEATURE_CELL_MATRIX.PREPROCESS_NUCLEUS_SEGMENTATION_GEOJSON.fork0.chnk32.main
2025-10-21 23:29:36 [runtime] (run:local)       ID.F07840_2.SPATIAL_RNA_COUNTER_CS.SPATIAL_RNA_COUNTER.SPATIAL_POST_MATRIX_COMPUTATION.BIN_HD_DATA._BIN_HD_DATA.PROCESS_SEGMENTATIONS._PROCESS_SEGMENTATIONS.SEGMENT_TO_FEATURE_CELL_MATRIX.PREPROCESS_NUCLEUS_SEGMENTATION_GEOJSON.fork0.chnk33.main
2025-10-21 23:29:40 [runtime] (complete)        ID.F07840_2.SPATIAL_RNA_COUNTER_CS.SPATIAL_RNA_COUNTER.SPATIAL_POST_MATRIX_COMPUTATION.BIN_HD_DATA._BIN_HD_DATA._COMPUTE_BINNED_OUTPUTS.CLOUPE_PREPROCESS.fork_square_002um
2025-10-21 23:29:40 [runtime] (complete)        ID.F07840_2.SPATIAL_RNA_COUNTER_CS.SPATIAL_RNA_COUNTER.SPATIAL_POST_MATRIX_COMPUTATION.BIN_HD_DATA._BIN_HD_DATA._COMPUTE_BINNED_OUTPUTS.CLOUPE_PREPROCESS.fork_square_016um
2025-10-21 23:29:43 [runtime] (complete)        ID.F07840_2.SPATIAL_RNA_COUNTER_CS.SPATIAL_RNA_COUNTER.SPATIAL_POST_MATRIX_COMPUTATION.BIN_HD_DATA._BIN_HD_DATA._COMPUTE_BINNED_OUTPUTS.CLOUPE_PREPROCESS.fork_square_002um
2025-10-21 23:29:43 [runtime] (complete)        ID.F07840_2.SPATIAL_RNA_COUNTER_CS.SPATIAL_RNA_COUNTER.SPATIAL_POST_MATRIX_COMPUTATION.BIN_HD_DATA._BIN_HD_DATA._COMPUTE_BINNED_OUTPUTS.CLOUPE_PREPROCESS.fork_square_016um
2025-10-21 23:29:46 [runtime] (complete)        ID.F07840_2.SPATIAL_RNA_COUNTER_CS.SPATIAL_RNA_COUNTER.SPATIAL_POST_MATRIX_COMPUTATION.BIN_HD_DATA._BIN_HD_DATA._COMPUTE_BINNED_OUTPUTS.CLOUPE_PREPROCESS.fork_square_002um
2025-10-21 23:29:46 [runtime] (complete)        ID.F07840_2.SPATIAL_RNA_COUNTER_CS.SPATIAL_RNA_COUNTER.SPATIAL_POST_MATRIX_COMPUTATION.BIN_HD_DATA._BIN_HD_DATA._COMPUTE_BINNED_OUTPUTS.CLOUPE_PREPROCESS.fork_square_016um
2025-10-21 23:29:49 [runtime] (complete)        ID.F07840_2.SPATIAL_RNA_COUNTER_CS.SPATIAL_RNA_COUNTER.SPATIAL_POST_MATRIX_COMPUTATION.BIN_HD_DATA._BIN_HD_DATA._COMPUTE_BINNED_OUTPUTS.CLOUPE_PREPROCESS.fork_square_002um
2025-10-21 23:29:49 [runtime] (complete)        ID.F07840_2.SPATIAL_RNA_COUNTER_CS.SPATIAL_RNA_COUNTER.SPATIAL_POST_MATRIX_COMPUTATION.BIN_HD_DATA._BIN_HD_DATA._COMPUTE_BINNED_OUTPUTS.CLOUPE_PREPROCESS.fork_square_016um
2025-10-21 23:29:52 [runtime] (complete)        ID.F07840_2.SPATIAL_RNA_COUNTER_CS.SPATIAL_RNA_COUNTER.SPATIAL_POST_MATRIX_COMPUTATION.BIN_HD_DATA._BIN_HD_DATA._COMPUTE_BINNED_OUTPUTS.CLOUPE_PREPROCESS.fork_square_002um
2025-10-21 23:29:52 [runtime] (complete)        ID.F07840_2.SPATIAL_RNA_COUNTER_CS.SPATIAL_RNA_COUNTER.SPATIAL_POST_MATRIX_COMPUTATION.BIN_HD_DATA._BIN_HD_DATA._COMPUTE_BINNED_OUTPUTS.CLOUPE_PREPROCESS.fork_square_016um
2025-10-21 23:29:55 [runtime] (complete)        ID.F07840_2.SPATIAL_RNA_COUNTER_CS.SPATIAL_RNA_COUNTER.SPATIAL_POST_MATRIX_COMPUTATION.BIN_HD_DATA._BIN_HD_DATA._COMPUTE_BINNED_OUTPUTS.CLOUPE_PREPROCESS.fork_square_002um
2025-10-21 23:29:55 [runtime] (complete)        ID.F07840_2.SPATIAL_RNA_COUNTER_CS.SPATIAL_RNA_COUNTER.SPATIAL_POST_MATRIX_COMPUTATION.BIN_HD_DATA._BIN_HD_DATA._COMPUTE_BINNED_OUTPUTS.CLOUPE_PREPROCESS.fork_square_016um
2025-10-21 23:29:58 [runtime] (complete)        ID.F07840_2.SPATIAL_RNA_COUNTER_CS.SPATIAL_RNA_COUNTER.SPATIAL_POST_MATRIX_COMPUTATION.BIN_HD_DATA._BIN_HD_DATA._COMPUTE_BINNED_OUTPUTS.CLOUPE_PREPROCESS.fork_square_002um
2025-10-21 23:29:58 [runtime] (complete)        ID.F07840_2.SPATIAL_RNA_COUNTER_CS.SPATIAL_RNA_COUNTER.SPATIAL_POST_MATRIX_COMPUTATION.BIN_HD_DATA._BIN_HD_DATA._COMPUTE_BINNED_OUTPUTS.CLOUPE_PREPROCESS.fork_square_016um
2025-10-21 23:29:59 [runtime] (complete)        ID.F07840_2.SPATIAL_RNA_COUNTER_CS.SPATIAL_RNA_COUNTER.SPATIAL_POST_MATRIX_COMPUTATION.BIN_HD_DATA._BIN_HD_DATA._COMPUTE_BINNED_OUTPUTS.CLOUPE_PREPROCESS.fork_square_002um
2025-10-21 23:29:59 [runtime] (complete)        ID.F07840_2.SPATIAL_RNA_COUNTER_CS.SPATIAL_RNA_COUNTER.SPATIAL_POST_MATRIX_COMPUTATION.BIN_HD_DATA._BIN_HD_DATA._COMPUTE_BINNED_OUTPUTS.CLOUPE_PREPROCESS.fork_square_016um
2025-10-21 23:29:59 [runtime] (chunks_complete) ID.F07840_2.SPATIAL_RNA_COUNTER_CS.SPATIAL_RNA_COUNTER.SPATIAL_POST_MATRIX_COMPUTATION.BIN_HD_DATA._BIN_HD_DATA.PICK_INPUTS_FOR_CELLSEG_LOUPE
2025-10-21 23:29:59 [runtime] (complete)        ID.F07840_2.SPATIAL_RNA_COUNTER_CS.SPATIAL_RNA_COUNTER.SPATIAL_POST_MATRIX_COMPUTATION.BIN_HD_DATA._BIN_HD_DATA._COMPUTE_BINNED_OUTPUTS.CLOUPE_PREPROCESS.fork_square_002um
2025-10-21 23:29:59 [runtime] (complete)        ID.F07840_2.SPATIAL_RNA_COUNTER_CS.SPATIAL_RNA_COUNTER.SPATIAL_POST_MATRIX_COMPUTATION.BIN_HD_DATA._BIN_HD_DATA._COMPUTE_BINNED_OUTPUTS.CLOUPE_PREPROCESS.fork_square_016um
2025-10-21 23:30:02 [runtime] (complete)        ID.F07840_2.SPATIAL_RNA_COUNTER_CS.SPATIAL_RNA_COUNTER.SPATIAL_POST_MATRIX_COMPUTATION.BIN_HD_DATA._BIN_HD_DATA._COMPUTE_BINNED_OUTPUTS.CLOUPE_PREPROCESS.fork_square_002um
2025-10-21 23:30:02 [runtime] (complete)        ID.F07840_2.SPATIAL_RNA_COUNTER_CS.SPATIAL_RNA_COUNTER.SPATIAL_POST_MATRIX_COMPUTATION.BIN_HD_DATA._BIN_HD_DATA._COMPUTE_BINNED_OUTPUTS.CLOUPE_PREPROCESS.fork_square_016um
2025-10-21 23:30:05 [runtime] (complete)        ID.F07840_2.SPATIAL_RNA_COUNTER_CS.SPATIAL_RNA_COUNTER.SPATIAL_POST_MATRIX_COMPUTATION.BIN_HD_DATA._BIN_HD_DATA._COMPUTE_BINNED_OUTPUTS.CLOUPE_PREPROCESS.fork_square_002um
2025-10-21 23:30:05 [runtime] (complete)        ID.F07840_2.SPATIAL_RNA_COUNTER_CS.SPATIAL_RNA_COUNTER.SPATIAL_POST_MATRIX_COMPUTATION.BIN_HD_DATA._BIN_HD_DATA._COMPUTE_BINNED_OUTPUTS.CLOUPE_PREPROCESS.fork_square_016um
2025-10-21 23:30:08 [runtime] (complete)        ID.F07840_2.SPATIAL_RNA_COUNTER_CS.SPATIAL_RNA_COUNTER.SPATIAL_POST_MATRIX_COMPUTATION.BIN_HD_DATA._BIN_HD_DATA._COMPUTE_BINNED_OUTPUTS.CLOUPE_PREPROCESS.fork_square_002um
2025-10-21 23:30:08 [runtime] (complete)        ID.F07840_2.SPATIAL_RNA_COUNTER_CS.SPATIAL_RNA_COUNTER.SPATIAL_POST_MATRIX_COMPUTATION.BIN_HD_DATA._BIN_HD_DATA._COMPUTE_BINNED_OUTPUTS.CLOUPE_PREPROCESS.fork_square_016um
2025-10-21 23:30:11 [runtime] (complete)        ID.F07840_2.SPATIAL_RNA_COUNTER_CS.SPATIAL_RNA_COUNTER.SPATIAL_POST_MATRIX_COMPUTATION.BIN_HD_DATA._BIN_HD_DATA._COMPUTE_BINNED_OUTPUTS.CLOUPE_PREPROCESS.fork_square_002um
2025-10-21 23:30:11 [runtime] (complete)        ID.F07840_2.SPATIAL_RNA_COUNTER_CS.SPATIAL_RNA_COUNTER.SPATIAL_POST_MATRIX_COMPUTATION.BIN_HD_DATA._BIN_HD_DATA._COMPUTE_BINNED_OUTPUTS.CLOUPE_PREPROCESS.fork_square_016um
2025-10-21 23:30:15 [runtime] (complete)        ID.F07840_2.SPATIAL_RNA_COUNTER_CS.SPATIAL_RNA_COUNTER.SPATIAL_POST_MATRIX_COMPUTATION.BIN_HD_DATA._BIN_HD_DATA._COMPUTE_BINNED_OUTPUTS.CLOUPE_PREPROCESS.fork_square_002um
2025-10-21 23:30:15 [runtime] (complete)        ID.F07840_2.SPATIAL_RNA_COUNTER_CS.SPATIAL_RNA_COUNTER.SPATIAL_POST_MATRIX_COMPUTATION.BIN_HD_DATA._BIN_HD_DATA._COMPUTE_BINNED_OUTPUTS.CLOUPE_PREPROCESS.fork_square_016um
2025-10-21 23:30:18 [runtime] (complete)        ID.F07840_2.SPATIAL_RNA_COUNTER_CS.SPATIAL_RNA_COUNTER.SPATIAL_POST_MATRIX_COMPUTATION.BIN_HD_DATA._BIN_HD_DATA._COMPUTE_BINNED_OUTPUTS.CLOUPE_PREPROCESS.fork_square_002um
2025-10-21 23:30:18 [runtime] (complete)        ID.F07840_2.SPATIAL_RNA_COUNTER_CS.SPATIAL_RNA_COUNTER.SPATIAL_POST_MATRIX_COMPUTATION.BIN_HD_DATA._BIN_HD_DATA._COMPUTE_BINNED_OUTPUTS.CLOUPE_PREPROCESS.fork_square_016um
2025-10-21 23:30:18 [runtime] (complete)        ID.F07840_2.SPATIAL_RNA_COUNTER_CS.SPATIAL_RNA_COUNTER.SPATIAL_POST_MATRIX_COMPUTATION.BIN_HD_DATA._BIN_HD_DATA._COMPUTE_BINNED_OUTPUTS.CLOUPE_PREPROCESS.fork_square_002um
2025-10-21 23:30:18 [runtime] (join_complete)   ID.F07840_2.SPATIAL_RNA_COUNTER_CS.SPATIAL_RNA_COUNTER.SPATIAL_POST_MATRIX_COMPUTATION.BIN_HD_DATA._BIN_HD_DATA._COMPUTE_BINNED_OUTPUTS.CLOUPE_PREPROCESS.fork_square_008um
2025-10-21 23:30:18 [runtime] (complete)        ID.F07840_2.SPATIAL_RNA_COUNTER_CS.SPATIAL_RNA_COUNTER.SPATIAL_POST_MATRIX_COMPUTATION.BIN_HD_DATA._BIN_HD_DATA._COMPUTE_BINNED_OUTPUTS.CLOUPE_PREPROCESS.fork_square_016um
2025-10-21 23:34:37 [runtime] (update)          ID.F07840_2.SPATIAL_RNA_COUNTER_CS.SPATIAL_RNA_COUNTER.SPATIAL_POST_MATRIX_COMPUTATION.BIN_HD_DATA._BIN_HD_DATA.PROCESS_SEGMENTATIONS._PROCESS_SEGMENTATIONS.SEGMENT_TO_FEATURE_CELL_MATRIX.PREPROCESS_NUCLEUS_SEGMENTATION_GEOJSON.fork0 chunks running (23/34 completed)
2025-10-21 23:35:59 [runtime] (chunks_complete) ID.F07840_2.SPATIAL_RNA_COUNTER_CS.SPATIAL_RNA_COUNTER.SPATIAL_POST_MATRIX_COMPUTATION.BIN_HD_DATA._BIN_HD_DATA.PROCESS_SEGMENTATIONS._PROCESS_SEGMENTATIONS.SEGMENT_TO_FEATURE_CELL_MATRIX.PREPROCESS_NUCLEUS_SEGMENTATION_GEOJSON
2025-10-21 23:35:59 [runtime] (run:local)       ID.F07840_2.SPATIAL_RNA_COUNTER_CS.SPATIAL_RNA_COUNTER.SPATIAL_POST_MATRIX_COMPUTATION.BIN_HD_DATA._BIN_HD_DATA.PROCESS_SEGMENTATIONS._PROCESS_SEGMENTATIONS.SEGMENT_TO_FEATURE_CELL_MATRIX.PREPROCESS_NUCLEUS_SEGMENTATION_GEOJSON.fork0.join
2025-10-21 23:36:23 [runtime] (join_complete)   ID.F07840_2.SPATIAL_RNA_COUNTER_CS.SPATIAL_RNA_COUNTER.SPATIAL_POST_MATRIX_COMPUTATION.BIN_HD_DATA._BIN_HD_DATA.PROCESS_SEGMENTATIONS._PROCESS_SEGMENTATIONS.SEGMENT_TO_FEATURE_CELL_MATRIX.PREPROCESS_NUCLEUS_SEGMENTATION_GEOJSON
2025-10-21 23:36:23 [runtime] (ready)           ID.F07840_2.SPATIAL_RNA_COUNTER_CS.SPATIAL_RNA_COUNTER.SPATIAL_POST_MATRIX_COMPUTATION.BIN_HD_DATA._BIN_HD_DATA.PROCESS_SEGMENTATIONS._PROCESS_SEGMENTATIONS.SEGMENT_TO_FEATURE_CELL_MATRIX.CLEAN_SPOT_MASK
2025-10-21 23:36:23 [runtime] (run:local)       ID.F07840_2.SPATIAL_RNA_COUNTER_CS.SPATIAL_RNA_COUNTER.SPATIAL_POST_MATRIX_COMPUTATION.BIN_HD_DATA._BIN_HD_DATA.PROCESS_SEGMENTATIONS._PROCESS_SEGMENTATIONS.SEGMENT_TO_FEATURE_CELL_MATRIX.CLEAN_SPOT_MASK.fork0.chnk0.main
2025-10-21 23:37:50 [runtime] (chunks_complete) ID.F07840_2.SPATIAL_RNA_COUNTER_CS.SPATIAL_RNA_COUNTER.SPATIAL_POST_MATRIX_COMPUTATION.BIN_HD_DATA._BIN_HD_DATA.PROCESS_SEGMENTATIONS._PROCESS_SEGMENTATIONS.SEGMENT_TO_FEATURE_CELL_MATRIX.CLEAN_SPOT_MASK
2025-10-21 23:37:51 [runtime] (ready)           ID.F07840_2.SPATIAL_RNA_COUNTER_CS.SPATIAL_RNA_COUNTER.SPATIAL_POST_MATRIX_COMPUTATION.BIN_HD_DATA._BIN_HD_DATA.PROCESS_SEGMENTATIONS._PROCESS_SEGMENTATIONS.SEGMENT_TO_FEATURE_CELL_MATRIX.ASSIGN_NUCLEI
2025-10-21 23:37:51 [runtime] (run:local)       ID.F07840_2.SPATIAL_RNA_COUNTER_CS.SPATIAL_RNA_COUNTER.SPATIAL_POST_MATRIX_COMPUTATION.BIN_HD_DATA._BIN_HD_DATA.PROCESS_SEGMENTATIONS._PROCESS_SEGMENTATIONS.SEGMENT_TO_FEATURE_CELL_MATRIX.ASSIGN_NUCLEI.fork0.chnk0.main
2025-10-21 23:37:51 [runtime] (ready)           ID.F07840_2.SPATIAL_RNA_COUNTER_CS.SPATIAL_RNA_COUNTER.SPATIAL_POST_MATRIX_COMPUTATION.BIN_HD_DATA._BIN_HD_DATA.PROCESS_SEGMENTATIONS._PROCESS_SEGMENTATIONS.SEGMENT_TO_FEATURE_CELL_MATRIX.DERASTERISE_NUCLEUS_MASK
2025-10-21 23:37:51 [runtime] (run:local)       ID.F07840_2.SPATIAL_RNA_COUNTER_CS.SPATIAL_RNA_COUNTER.SPATIAL_POST_MATRIX_COMPUTATION.BIN_HD_DATA._BIN_HD_DATA.PROCESS_SEGMENTATIONS._PROCESS_SEGMENTATIONS.SEGMENT_TO_FEATURE_CELL_MATRIX.DERASTERISE_NUCLEUS_MASK.fork0.split
2025-10-21 23:37:55 [runtime] (split_complete)  ID.F07840_2.SPATIAL_RNA_COUNTER_CS.SPATIAL_RNA_COUNTER.SPATIAL_POST_MATRIX_COMPUTATION.BIN_HD_DATA._BIN_HD_DATA.PROCESS_SEGMENTATIONS._PROCESS_SEGMENTATIONS.SEGMENT_TO_FEATURE_CELL_MATRIX.DERASTERISE_NUCLEUS_MASK
2025-10-21 23:37:57 [runtime] (run:local)       ID.F07840_2.SPATIAL_RNA_COUNTER_CS.SPATIAL_RNA_COUNTER.SPATIAL_POST_MATRIX_COMPUTATION.BIN_HD_DATA._BIN_HD_DATA.PROCESS_SEGMENTATIONS._PROCESS_SEGMENTATIONS.SEGMENT_TO_FEATURE_CELL_MATRIX.DERASTERISE_NUCLEUS_MASK.fork0.chnk00.main
2025-10-21 23:37:57 [runtime] (run:local)       ID.F07840_2.SPATIAL_RNA_COUNTER_CS.SPATIAL_RNA_COUNTER.SPATIAL_POST_MATRIX_COMPUTATION.BIN_HD_DATA._BIN_HD_DATA.PROCESS_SEGMENTATIONS._PROCESS_SEGMENTATIONS.SEGMENT_TO_FEATURE_CELL_MATRIX.DERASTERISE_NUCLEUS_MASK.fork0.chnk01.main
2025-10-21 23:37:57 [runtime] (run:local)       ID.F07840_2.SPATIAL_RNA_COUNTER_CS.SPATIAL_RNA_COUNTER.SPATIAL_POST_MATRIX_COMPUTATION.BIN_HD_DATA._BIN_HD_DATA.PROCESS_SEGMENTATIONS._PROCESS_SEGMENTATIONS.SEGMENT_TO_FEATURE_CELL_MATRIX.DERASTERISE_NUCLEUS_MASK.fork0.chnk02.main
2025-10-21 23:37:57 [runtime] (run:local)       ID.F07840_2.SPATIAL_RNA_COUNTER_CS.SPATIAL_RNA_COUNTER.SPATIAL_POST_MATRIX_COMPUTATION.BIN_HD_DATA._BIN_HD_DATA.PROCESS_SEGMENTATIONS._PROCESS_SEGMENTATIONS.SEGMENT_TO_FEATURE_CELL_MATRIX.DERASTERISE_NUCLEUS_MASK.fork0.chnk03.main
2025-10-21 23:37:57 [runtime] (run:local)       ID.F07840_2.SPATIAL_RNA_COUNTER_CS.SPATIAL_RNA_COUNTER.SPATIAL_POST_MATRIX_COMPUTATION.BIN_HD_DATA._BIN_HD_DATA.PROCESS_SEGMENTATIONS._PROCESS_SEGMENTATIONS.SEGMENT_TO_FEATURE_CELL_MATRIX.DERASTERISE_NUCLEUS_MASK.fork0.chnk04.main
2025-10-21 23:37:57 [runtime] (run:local)       ID.F07840_2.SPATIAL_RNA_COUNTER_CS.SPATIAL_RNA_COUNTER.SPATIAL_POST_MATRIX_COMPUTATION.BIN_HD_DATA._BIN_HD_DATA.PROCESS_SEGMENTATIONS._PROCESS_SEGMENTATIONS.SEGMENT_TO_FEATURE_CELL_MATRIX.DERASTERISE_NUCLEUS_MASK.fork0.chnk05.main
2025-10-21 23:37:57 [runtime] (run:local)       ID.F07840_2.SPATIAL_RNA_COUNTER_CS.SPATIAL_RNA_COUNTER.SPATIAL_POST_MATRIX_COMPUTATION.BIN_HD_DATA._BIN_HD_DATA.PROCESS_SEGMENTATIONS._PROCESS_SEGMENTATIONS.SEGMENT_TO_FEATURE_CELL_MATRIX.DERASTERISE_NUCLEUS_MASK.fork0.chnk06.main
2025-10-21 23:37:58 [runtime] (run:local)       ID.F07840_2.SPATIAL_RNA_COUNTER_CS.SPATIAL_RNA_COUNTER.SPATIAL_POST_MATRIX_COMPUTATION.BIN_HD_DATA._BIN_HD_DATA.PROCESS_SEGMENTATIONS._PROCESS_SEGMENTATIONS.SEGMENT_TO_FEATURE_CELL_MATRIX.DERASTERISE_NUCLEUS_MASK.fork0.chnk07.main
2025-10-21 23:37:59 [runtime] (run:local)       ID.F07840_2.SPATIAL_RNA_COUNTER_CS.SPATIAL_RNA_COUNTER.SPATIAL_POST_MATRIX_COMPUTATION.BIN_HD_DATA._BIN_HD_DATA.PROCESS_SEGMENTATIONS._PROCESS_SEGMENTATIONS.SEGMENT_TO_FEATURE_CELL_MATRIX.DERASTERISE_NUCLEUS_MASK.fork0.chnk08.main
2025-10-21 23:38:01 [runtime] (run:local)       ID.F07840_2.SPATIAL_RNA_COUNTER_CS.SPATIAL_RNA_COUNTER.SPATIAL_POST_MATRIX_COMPUTATION.BIN_HD_DATA._BIN_HD_DATA.PROCESS_SEGMENTATIONS._PROCESS_SEGMENTATIONS.SEGMENT_TO_FEATURE_CELL_MATRIX.DERASTERISE_NUCLEUS_MASK.fork0.chnk09.main
2025-10-21 23:38:02 [runtime] (run:local)       ID.F07840_2.SPATIAL_RNA_COUNTER_CS.SPATIAL_RNA_COUNTER.SPATIAL_POST_MATRIX_COMPUTATION.BIN_HD_DATA._BIN_HD_DATA.PROCESS_SEGMENTATIONS._PROCESS_SEGMENTATIONS.SEGMENT_TO_FEATURE_CELL_MATRIX.DERASTERISE_NUCLEUS_MASK.fork0.chnk10.main
2025-10-21 23:38:02 [runtime] (run:local)       ID.F07840_2.SPATIAL_RNA_COUNTER_CS.SPATIAL_RNA_COUNTER.SPATIAL_POST_MATRIX_COMPUTATION.BIN_HD_DATA._BIN_HD_DATA.PROCESS_SEGMENTATIONS._PROCESS_SEGMENTATIONS.SEGMENT_TO_FEATURE_CELL_MATRIX.DERASTERISE_NUCLEUS_MASK.fork0.chnk11.main
2025-10-21 23:38:02 [runtime] (run:local)       ID.F07840_2.SPATIAL_RNA_COUNTER_CS.SPATIAL_RNA_COUNTER.SPATIAL_POST_MATRIX_COMPUTATION.BIN_HD_DATA._BIN_HD_DATA.PROCESS_SEGMENTATIONS._PROCESS_SEGMENTATIONS.SEGMENT_TO_FEATURE_CELL_MATRIX.DERASTERISE_NUCLEUS_MASK.fork0.chnk12.main
2025-10-21 23:38:02 [runtime] (chunks_complete) ID.F07840_2.SPATIAL_RNA_COUNTER_CS.SPATIAL_RNA_COUNTER.SPATIAL_POST_MATRIX_COMPUTATION.BIN_HD_DATA._BIN_HD_DATA.PROCESS_SEGMENTATIONS._PROCESS_SEGMENTATIONS.SEGMENT_TO_FEATURE_CELL_MATRIX.ASSIGN_NUCLEI
2025-10-21 23:38:02 [runtime] (ready)           ID.F07840_2.SPATIAL_RNA_COUNTER_CS.SPATIAL_RNA_COUNTER.SPATIAL_POST_MATRIX_COMPUTATION.BIN_HD_DATA._BIN_HD_DATA.PROCESS_SEGMENTATIONS._PROCESS_SEGMENTATIONS.SEGMENT_TO_FEATURE_CELL_MATRIX.SEGMENT_COUNT_SHARDS.BIN_SPOTS_TO_CELLS
2025-10-21 23:38:02 [runtime] (run:local)       ID.F07840_2.SPATIAL_RNA_COUNTER_CS.SPATIAL_RNA_COUNTER.SPATIAL_POST_MATRIX_COMPUTATION.BIN_HD_DATA._BIN_HD_DATA.PROCESS_SEGMENTATIONS._PROCESS_SEGMENTATIONS.SEGMENT_TO_FEATURE_CELL_MATRIX.SEGMENT_COUNT_SHARDS.BIN_SPOTS_TO_CELLS.fork0.chnk0.main
2025-10-21 23:38:02 [runtime] (ready)           ID.F07840_2.SPATIAL_RNA_COUNTER_CS.SPATIAL_RNA_COUNTER.SPATIAL_POST_MATRIX_COMPUTATION.BIN_HD_DATA._BIN_HD_DATA.PROCESS_SEGMENTATIONS._PROCESS_SEGMENTATIONS.SEGMENT_TO_FEATURE_CELL_MATRIX.DERASTERISE_MASK
2025-10-21 23:38:02 [runtime] (run:local)       ID.F07840_2.SPATIAL_RNA_COUNTER_CS.SPATIAL_RNA_COUNTER.SPATIAL_POST_MATRIX_COMPUTATION.BIN_HD_DATA._BIN_HD_DATA.PROCESS_SEGMENTATIONS._PROCESS_SEGMENTATIONS.SEGMENT_TO_FEATURE_CELL_MATRIX.DERASTERISE_MASK.fork0.split
2025-10-21 23:43:58 [runtime] (update)          ID.F07840_2.SPATIAL_RNA_COUNTER_CS.SPATIAL_RNA_COUNTER.SPATIAL_POST_MATRIX_COMPUTATION.BIN_HD_DATA._BIN_HD_DATA.PROCESS_SEGMENTATIONS._PROCESS_SEGMENTATIONS.SEGMENT_TO_FEATURE_CELL_MATRIX.DERASTERISE_NUCLEUS_MASK.fork0 chunks running (0/13 completed)
2025-10-21 23:45:15 [runtime] (update)          ID.F07840_2.SPATIAL_RNA_COUNTER_CS.SPATIAL_RNA_COUNTER.SPATIAL_POST_MATRIX_COMPUTATION.BIN_HD_DATA._BIN_HD_DATA.PROCESS_SEGMENTATIONS._PROCESS_SEGMENTATIONS.SEGMENT_TO_FEATURE_CELL_MATRIX.SEGMENT_COUNT_SHARDS.BIN_SPOTS_TO_CELLS.fork0 chunks_running
2025-10-21 23:45:15 [runtime] (update)          ID.F07840_2.SPATIAL_RNA_COUNTER_CS.SPATIAL_RNA_COUNTER.SPATIAL_POST_MATRIX_COMPUTATION.BIN_HD_DATA._BIN_HD_DATA.PROCESS_SEGMENTATIONS._PROCESS_SEGMENTATIONS.SEGMENT_TO_FEATURE_CELL_MATRIX.DERASTERISE_MASK.fork0 split_running
2025-10-21 23:45:56 [runtime] (split_complete)  ID.F07840_2.SPATIAL_RNA_COUNTER_CS.SPATIAL_RNA_COUNTER.SPATIAL_POST_MATRIX_COMPUTATION.BIN_HD_DATA._BIN_HD_DATA.PROCESS_SEGMENTATIONS._PROCESS_SEGMENTATIONS.SEGMENT_TO_FEATURE_CELL_MATRIX.DERASTERISE_MASK
2025-10-21 23:45:56 [runtime] (run:local)       ID.F07840_2.SPATIAL_RNA_COUNTER_CS.SPATIAL_RNA_COUNTER.SPATIAL_POST_MATRIX_COMPUTATION.BIN_HD_DATA._BIN_HD_DATA.PROCESS_SEGMENTATIONS._PROCESS_SEGMENTATIONS.SEGMENT_TO_FEATURE_CELL_MATRIX.DERASTERISE_MASK.fork0.chnk00.main
2025-10-21 23:45:56 [runtime] (run:local)       ID.F07840_2.SPATIAL_RNA_COUNTER_CS.SPATIAL_RNA_COUNTER.SPATIAL_POST_MATRIX_COMPUTATION.BIN_HD_DATA._BIN_HD_DATA.PROCESS_SEGMENTATIONS._PROCESS_SEGMENTATIONS.SEGMENT_TO_FEATURE_CELL_MATRIX.DERASTERISE_MASK.fork0.chnk01.main
2025-10-21 23:45:56 [runtime] (run:local)       ID.F07840_2.SPATIAL_RNA_COUNTER_CS.SPATIAL_RNA_COUNTER.SPATIAL_POST_MATRIX_COMPUTATION.BIN_HD_DATA._BIN_HD_DATA.PROCESS_SEGMENTATIONS._PROCESS_SEGMENTATIONS.SEGMENT_TO_FEATURE_CELL_MATRIX.DERASTERISE_MASK.fork0.chnk02.main
2025-10-21 23:45:56 [runtime] (run:local)       ID.F07840_2.SPATIAL_RNA_COUNTER_CS.SPATIAL_RNA_COUNTER.SPATIAL_POST_MATRIX_COMPUTATION.BIN_HD_DATA._BIN_HD_DATA.PROCESS_SEGMENTATIONS._PROCESS_SEGMENTATIONS.SEGMENT_TO_FEATURE_CELL_MATRIX.DERASTERISE_MASK.fork0.chnk03.main
2025-10-21 23:45:56 [runtime] (run:local)       ID.F07840_2.SPATIAL_RNA_COUNTER_CS.SPATIAL_RNA_COUNTER.SPATIAL_POST_MATRIX_COMPUTATION.BIN_HD_DATA._BIN_HD_DATA.PROCESS_SEGMENTATIONS._PROCESS_SEGMENTATIONS.SEGMENT_TO_FEATURE_CELL_MATRIX.DERASTERISE_MASK.fork0.chnk04.main
2025-10-21 23:45:56 [runtime] (run:local)       ID.F07840_2.SPATIAL_RNA_COUNTER_CS.SPATIAL_RNA_COUNTER.SPATIAL_POST_MATRIX_COMPUTATION.BIN_HD_DATA._BIN_HD_DATA.PROCESS_SEGMENTATIONS._PROCESS_SEGMENTATIONS.SEGMENT_TO_FEATURE_CELL_MATRIX.DERASTERISE_MASK.fork0.chnk05.main
2025-10-21 23:45:56 [runtime] (run:local)       ID.F07840_2.SPATIAL_RNA_COUNTER_CS.SPATIAL_RNA_COUNTER.SPATIAL_POST_MATRIX_COMPUTATION.BIN_HD_DATA._BIN_HD_DATA.PROCESS_SEGMENTATIONS._PROCESS_SEGMENTATIONS.SEGMENT_TO_FEATURE_CELL_MATRIX.DERASTERISE_MASK.fork0.chnk06.main
2025-10-21 23:45:56 [runtime] (run:local)       ID.F07840_2.SPATIAL_RNA_COUNTER_CS.SPATIAL_RNA_COUNTER.SPATIAL_POST_MATRIX_COMPUTATION.BIN_HD_DATA._BIN_HD_DATA.PROCESS_SEGMENTATIONS._PROCESS_SEGMENTATIONS.SEGMENT_TO_FEATURE_CELL_MATRIX.DERASTERISE_MASK.fork0.chnk07.main
2025-10-21 23:45:56 [runtime] (run:local)       ID.F07840_2.SPATIAL_RNA_COUNTER_CS.SPATIAL_RNA_COUNTER.SPATIAL_POST_MATRIX_COMPUTATION.BIN_HD_DATA._BIN_HD_DATA.PROCESS_SEGMENTATIONS._PROCESS_SEGMENTATIONS.SEGMENT_TO_FEATURE_CELL_MATRIX.DERASTERISE_MASK.fork0.chnk08.main
2025-10-21 23:45:56 [runtime] (run:local)       ID.F07840_2.SPATIAL_RNA_COUNTER_CS.SPATIAL_RNA_COUNTER.SPATIAL_POST_MATRIX_COMPUTATION.BIN_HD_DATA._BIN_HD_DATA.PROCESS_SEGMENTATIONS._PROCESS_SEGMENTATIONS.SEGMENT_TO_FEATURE_CELL_MATRIX.DERASTERISE_MASK.fork0.chnk09.main
2025-10-21 23:45:56 [runtime] (run:local)       ID.F07840_2.SPATIAL_RNA_COUNTER_CS.SPATIAL_RNA_COUNTER.SPATIAL_POST_MATRIX_COMPUTATION.BIN_HD_DATA._BIN_HD_DATA.PROCESS_SEGMENTATIONS._PROCESS_SEGMENTATIONS.SEGMENT_TO_FEATURE_CELL_MATRIX.DERASTERISE_MASK.fork0.chnk10.main
2025-10-21 23:45:56 [runtime] (run:local)       ID.F07840_2.SPATIAL_RNA_COUNTER_CS.SPATIAL_RNA_COUNTER.SPATIAL_POST_MATRIX_COMPUTATION.BIN_HD_DATA._BIN_HD_DATA.PROCESS_SEGMENTATIONS._PROCESS_SEGMENTATIONS.SEGMENT_TO_FEATURE_CELL_MATRIX.DERASTERISE_MASK.fork0.chnk11.main
2025-10-21 23:45:56 [runtime] (run:local)       ID.F07840_2.SPATIAL_RNA_COUNTER_CS.SPATIAL_RNA_COUNTER.SPATIAL_POST_MATRIX_COMPUTATION.BIN_HD_DATA._BIN_HD_DATA.PROCESS_SEGMENTATIONS._PROCESS_SEGMENTATIONS.SEGMENT_TO_FEATURE_CELL_MATRIX.DERASTERISE_MASK.fork0.chnk12.main
2025-10-21 23:47:49 [runtime] (chunks_complete) ID.F07840_2.SPATIAL_RNA_COUNTER_CS.SPATIAL_RNA_COUNTER.SPATIAL_POST_MATRIX_COMPUTATION.BIN_HD_DATA._BIN_HD_DATA.PROCESS_SEGMENTATIONS._PROCESS_SEGMENTATIONS.SEGMENT_TO_FEATURE_CELL_MATRIX.SEGMENT_COUNT_SHARDS.BIN_SPOTS_TO_CELLS
2025-10-21 23:47:49 [runtime] (ready)           ID.F07840_2.SPATIAL_RNA_COUNTER_CS.SPATIAL_RNA_COUNTER.SPATIAL_POST_MATRIX_COMPUTATION.BIN_HD_DATA._BIN_HD_DATA.PROCESS_SEGMENTATIONS.ADD_SEGMENTATION_MASKS_TO_FEATURE_SLICE
2025-10-21 23:47:49 [runtime] (run:local)       ID.F07840_2.SPATIAL_RNA_COUNTER_CS.SPATIAL_RNA_COUNTER.SPATIAL_POST_MATRIX_COMPUTATION.BIN_HD_DATA._BIN_HD_DATA.PROCESS_SEGMENTATIONS.ADD_SEGMENTATION_MASKS_TO_FEATURE_SLICE.fork0.chnk0.main
2025-10-21 23:47:49 [runtime] (ready)           ID.F07840_2.SPATIAL_RNA_COUNTER_CS.SPATIAL_RNA_COUNTER.SPATIAL_POST_MATRIX_COMPUTATION.BIN_HD_DATA._BIN_HD_DATA.PROCESS_SEGMENTATIONS._PROCESS_SEGMENTATIONS.SEGMENT_TO_FEATURE_CELL_MATRIX.SEGMENT_COUNT_SHARDS.WRITE_BINNED_H5_MATRIX
2025-10-21 23:47:49 [runtime] (run:local)       ID.F07840_2.SPATIAL_RNA_COUNTER_CS.SPATIAL_RNA_COUNTER.SPATIAL_POST_MATRIX_COMPUTATION.BIN_HD_DATA._BIN_HD_DATA.PROCESS_SEGMENTATIONS._PROCESS_SEGMENTATIONS.SEGMENT_TO_FEATURE_CELL_MATRIX.SEGMENT_COUNT_SHARDS.WRITE_BINNED_H5_MATRIX.fork0.chnk0.main
2025-10-21 23:47:49 [runtime] (ready)           ID.F07840_2.SPATIAL_RNA_COUNTER_CS.SPATIAL_RNA_COUNTER.SPATIAL_POST_MATRIX_COMPUTATION.BIN_HD_DATA._BIN_HD_DATA.PROCESS_SEGMENTATIONS.SETUP_WRITING_SPATIAL_DIRECTORY
2025-10-21 23:47:49 [runtime] (run:local)       ID.F07840_2.SPATIAL_RNA_COUNTER_CS.SPATIAL_RNA_COUNTER.SPATIAL_POST_MATRIX_COMPUTATION.BIN_HD_DATA._BIN_HD_DATA.PROCESS_SEGMENTATIONS.SETUP_WRITING_SPATIAL_DIRECTORY.fork0.chnk0.main
2025-10-21 23:47:49 [runtime] (ready)           ID.F07840_2.SPATIAL_RNA_COUNTER_CS.SPATIAL_RNA_COUNTER.SPATIAL_POST_MATRIX_COMPUTATION.BIN_HD_DATA._BIN_HD_DATA.PROCESS_SEGMENTATIONS._PROCESS_SEGMENTATIONS.CONSOLIDATE_DISABLE_CELL_SEGMENTATION
2025-10-21 23:47:50 [runtime] (run:local)       ID.F07840_2.SPATIAL_RNA_COUNTER_CS.SPATIAL_RNA_COUNTER.SPATIAL_POST_MATRIX_COMPUTATION.BIN_HD_DATA._BIN_HD_DATA.PROCESS_SEGMENTATIONS._PROCESS_SEGMENTATIONS.CONSOLIDATE_DISABLE_CELL_SEGMENTATION.fork0.chnk0.main
2025-10-21 23:49:11 [runtime] (update)          ID.F07840_2.SPATIAL_RNA_COUNTER_CS.SPATIAL_RNA_COUNTER.SPATIAL_POST_MATRIX_COMPUTATION.BIN_HD_DATA._BIN_HD_DATA.PROCESS_SEGMENTATIONS._PROCESS_SEGMENTATIONS.SEGMENT_TO_FEATURE_CELL_MATRIX.DERASTERISE_NUCLEUS_MASK.fork0 chunks running (8/13 completed)
2025-10-21 23:51:25 [runtime] (update)          ID.F07840_2.SPATIAL_RNA_COUNTER_CS.SPATIAL_RNA_COUNTER.SPATIAL_POST_MATRIX_COMPUTATION.BIN_HD_DATA._BIN_HD_DATA.PROCESS_SEGMENTATIONS._PROCESS_SEGMENTATIONS.SEGMENT_TO_FEATURE_CELL_MATRIX.DERASTERISE_MASK.fork0 chunks running (0/13 completed)
2025-10-21 23:53:11 [runtime] (chunks_complete) ID.F07840_2.SPATIAL_RNA_COUNTER_CS.SPATIAL_RNA_COUNTER.SPATIAL_POST_MATRIX_COMPUTATION.BIN_HD_DATA._BIN_HD_DATA.PROCESS_SEGMENTATIONS._PROCESS_SEGMENTATIONS.SEGMENT_TO_FEATURE_CELL_MATRIX.DERASTERISE_NUCLEUS_MASK
2025-10-21 23:53:11 [runtime] (run:local)       ID.F07840_2.SPATIAL_RNA_COUNTER_CS.SPATIAL_RNA_COUNTER.SPATIAL_POST_MATRIX_COMPUTATION.BIN_HD_DATA._BIN_HD_DATA.PROCESS_SEGMENTATIONS._PROCESS_SEGMENTATIONS.SEGMENT_TO_FEATURE_CELL_MATRIX.DERASTERISE_NUCLEUS_MASK.fork0.join
2025-10-21 23:56:53 [runtime] (update)          ID.F07840_2.SPATIAL_RNA_COUNTER_CS.SPATIAL_RNA_COUNTER.SPATIAL_POST_MATRIX_COMPUTATION.BIN_HD_DATA._BIN_HD_DATA.PROCESS_SEGMENTATIONS._PROCESS_SEGMENTATIONS.SEGMENT_TO_FEATURE_CELL_MATRIX.DERASTERISE_MASK.fork0 chunks running (4/13 completed)
2025-10-22 00:00:30 [runtime] (update)          ID.F07840_2.SPATIAL_RNA_COUNTER_CS.SPATIAL_RNA_COUNTER.SPATIAL_POST_MATRIX_COMPUTATION.BIN_HD_DATA._BIN_HD_DATA.PROCESS_SEGMENTATIONS.ADD_SEGMENTATION_MASKS_TO_FEATURE_SLICE.fork0 chunks_running
2025-10-22 00:00:30 [runtime] (update)          ID.F07840_2.SPATIAL_RNA_COUNTER_CS.SPATIAL_RNA_COUNTER.SPATIAL_POST_MATRIX_COMPUTATION.BIN_HD_DATA._BIN_HD_DATA.PROCESS_SEGMENTATIONS._PROCESS_SEGMENTATIONS.SEGMENT_TO_FEATURE_CELL_MATRIX.SEGMENT_COUNT_SHARDS.WRITE_BINNED_H5_MATRIX.fork0 chunks_running
2025-10-22 00:00:32 [runtime] (update)          ID.F07840_2.SPATIAL_RNA_COUNTER_CS.SPATIAL_RNA_COUNTER.SPATIAL_POST_MATRIX_COMPUTATION.BIN_HD_DATA._BIN_HD_DATA.PROCESS_SEGMENTATIONS.SETUP_WRITING_SPATIAL_DIRECTORY.fork0 chunks_running
2025-10-22 00:00:32 [runtime] (update)          ID.F07840_2.SPATIAL_RNA_COUNTER_CS.SPATIAL_RNA_COUNTER.SPATIAL_POST_MATRIX_COMPUTATION.BIN_HD_DATA._BIN_HD_DATA.PROCESS_SEGMENTATIONS._PROCESS_SEGMENTATIONS.CONSOLIDATE_DISABLE_CELL_SEGMENTATION.fork0 chunks_running
2025-10-22 00:00:35 [runtime] (update)          ID.F07840_2.SPATIAL_RNA_COUNTER_CS.SPATIAL_RNA_COUNTER.SPATIAL_POST_MATRIX_COMPUTATION.BIN_HD_DATA._BIN_HD_DATA.PROCESS_SEGMENTATIONS._PROCESS_SEGMENTATIONS.SEGMENT_TO_FEATURE_CELL_MATRIX.DERASTERISE_NUCLEUS_MASK.fork0 join_running
2025-10-22 00:00:48 [runtime] (chunks_complete) ID.F07840_2.SPATIAL_RNA_COUNTER_CS.SPATIAL_RNA_COUNTER.SPATIAL_POST_MATRIX_COMPUTATION.BIN_HD_DATA._BIN_HD_DATA.PROCESS_SEGMENTATIONS._PROCESS_SEGMENTATIONS.CONSOLIDATE_DISABLE_CELL_SEGMENTATION
2025-10-22 00:00:48 [runtime] (chunks_complete) ID.F07840_2.SPATIAL_RNA_COUNTER_CS.SPATIAL_RNA_COUNTER.SPATIAL_POST_MATRIX_COMPUTATION.BIN_HD_DATA._BIN_HD_DATA.PROCESS_SEGMENTATIONS.SETUP_WRITING_SPATIAL_DIRECTORY
2025-10-22 00:00:48 [runtime] (ready)           ID.F07840_2.SPATIAL_RNA_COUNTER_CS.SPATIAL_RNA_COUNTER.SPATIAL_POST_MATRIX_COMPUTATION.BIN_HD_DATA.CONSOLIDATE_DISABLE_CELL_SEGMENTATION
2025-10-22 00:00:48 [runtime] (run:local)       ID.F07840_2.SPATIAL_RNA_COUNTER_CS.SPATIAL_RNA_COUNTER.SPATIAL_POST_MATRIX_COMPUTATION.BIN_HD_DATA.CONSOLIDATE_DISABLE_CELL_SEGMENTATION.fork0.chnk0.main
2025-10-22 00:00:48 [runtime] (chunks_complete) ID.F07840_2.SPATIAL_RNA_COUNTER_CS.SPATIAL_RNA_COUNTER.SPATIAL_POST_MATRIX_COMPUTATION.BIN_HD_DATA.CONSOLIDATE_DISABLE_CELL_SEGMENTATION
2025-10-22 00:01:12 [runtime] (join_complete)   ID.F07840_2.SPATIAL_RNA_COUNTER_CS.SPATIAL_RNA_COUNTER.SPATIAL_POST_MATRIX_COMPUTATION.BIN_HD_DATA._BIN_HD_DATA.PROCESS_SEGMENTATIONS._PROCESS_SEGMENTATIONS.SEGMENT_TO_FEATURE_CELL_MATRIX.DERASTERISE_NUCLEUS_MASK
2025-10-22 00:01:18 [runtime] (chunks_complete) ID.F07840_2.SPATIAL_RNA_COUNTER_CS.SPATIAL_RNA_COUNTER.SPATIAL_POST_MATRIX_COMPUTATION.BIN_HD_DATA._BIN_HD_DATA.PROCESS_SEGMENTATIONS.ADD_SEGMENTATION_MASKS_TO_FEATURE_SLICE
2025-10-22 00:01:18 [runtime] (ready)           ID.F07840_2.SPATIAL_RNA_COUNTER_CS.SPATIAL_RNA_COUNTER.SPATIAL_POST_MATRIX_COMPUTATION.BIN_HD_DATA._BIN_HD_DATA.PROCESS_SEGMENTATIONS.GENERATE_LOUPE_SEGMENTATION_PRIMITIVES
2025-10-22 00:01:18 [runtime] (run:local)       ID.F07840_2.SPATIAL_RNA_COUNTER_CS.SPATIAL_RNA_COUNTER.SPATIAL_POST_MATRIX_COMPUTATION.BIN_HD_DATA._BIN_HD_DATA.PROCESS_SEGMENTATIONS.GENERATE_LOUPE_SEGMENTATION_PRIMITIVES.fork0.chnk0.main
2025-10-22 00:01:18 [runtime] (ready)           ID.F07840_2.SPATIAL_RNA_COUNTER_CS.SPATIAL_RNA_COUNTER.SPATIAL_POST_MATRIX_COMPUTATION.HD_WEBSUMMARY_BUILDER.BUILD_HD_END_TO_END_ALIGNMENT_INPUTS
2025-10-22 00:01:18 [runtime] (run:local)       ID.F07840_2.SPATIAL_RNA_COUNTER_CS.SPATIAL_RNA_COUNTER.SPATIAL_POST_MATRIX_COMPUTATION.HD_WEBSUMMARY_BUILDER.BUILD_HD_END_TO_END_ALIGNMENT_INPUTS.fork0.chnk0.main
2025-10-22 00:01:18 [runtime] (ready)           ID.F07840_2.SPATIAL_RNA_COUNTER_CS.SPATIAL_RNA_COUNTER.SPATIAL_POST_MATRIX_COMPUTATION.BIN_HD_DATA._BIN_HD_DATA.OUTPUT_BARCODE_MAPPINGS
2025-10-22 00:01:18 [runtime] (run:local)       ID.F07840_2.SPATIAL_RNA_COUNTER_CS.SPATIAL_RNA_COUNTER.SPATIAL_POST_MATRIX_COMPUTATION.BIN_HD_DATA._BIN_HD_DATA.OUTPUT_BARCODE_MAPPINGS.fork0.chnk0.main
2025-10-22 00:01:18 [runtime] (ready)           ID.F07840_2.SPATIAL_RNA_COUNTER_CS.SPATIAL_RNA_COUNTER.SPATIAL_POST_MATRIX_COMPUTATION.HD_WEBSUMMARY_BUILDER.BUILD_HD_CLUSTERING_PLOT
2025-10-22 00:01:18 [runtime] (run:local)       ID.F07840_2.SPATIAL_RNA_COUNTER_CS.SPATIAL_RNA_COUNTER.SPATIAL_POST_MATRIX_COMPUTATION.HD_WEBSUMMARY_BUILDER.BUILD_HD_CLUSTERING_PLOT.fork0.chnk0.main
2025-10-22 00:01:41 [runtime] (chunks_complete) ID.F07840_2.SPATIAL_RNA_COUNTER_CS.SPATIAL_RNA_COUNTER.SPATIAL_POST_MATRIX_COMPUTATION.HD_WEBSUMMARY_BUILDER.BUILD_HD_CLUSTERING_PLOT
2025-10-22 00:01:45 [runtime] (chunks_complete) ID.F07840_2.SPATIAL_RNA_COUNTER_CS.SPATIAL_RNA_COUNTER.SPATIAL_POST_MATRIX_COMPUTATION.BIN_HD_DATA._BIN_HD_DATA.PROCESS_SEGMENTATIONS.GENERATE_LOUPE_SEGMENTATION_PRIMITIVES
2025-10-22 00:02:03 [runtime] (chunks_complete) ID.F07840_2.SPATIAL_RNA_COUNTER_CS.SPATIAL_RNA_COUNTER.SPATIAL_POST_MATRIX_COMPUTATION.BIN_HD_DATA._BIN_HD_DATA.PROCESS_SEGMENTATIONS._PROCESS_SEGMENTATIONS.SEGMENT_TO_FEATURE_CELL_MATRIX.SEGMENT_COUNT_SHARDS.WRITE_BINNED_H5_MATRIX
2025-10-22 00:02:04 [runtime] (ready)           ID.F07840_2.SPATIAL_RNA_COUNTER_CS.SPATIAL_RNA_COUNTER.SPATIAL_POST_MATRIX_COMPUTATION.BIN_HD_DATA._BIN_HD_DATA.PROCESS_SEGMENTATIONS._PROCESS_SEGMENTATIONS.SEGMENT_TO_FEATURE_CELL_MATRIX.SEGMENT_COUNT_SHARDS.WRITE_BINNED_MATRICES
2025-10-22 00:02:04 [runtime] (run:local)       ID.F07840_2.SPATIAL_RNA_COUNTER_CS.SPATIAL_RNA_COUNTER.SPATIAL_POST_MATRIX_COMPUTATION.BIN_HD_DATA._BIN_HD_DATA.PROCESS_SEGMENTATIONS._PROCESS_SEGMENTATIONS.SEGMENT_TO_FEATURE_CELL_MATRIX.SEGMENT_COUNT_SHARDS.WRITE_BINNED_MATRICES.fork0.split
2025-10-22 00:02:18 [runtime] (update)          ID.F07840_2.SPATIAL_RNA_COUNTER_CS.SPATIAL_RNA_COUNTER.SPATIAL_POST_MATRIX_COMPUTATION.BIN_HD_DATA._BIN_HD_DATA.PROCESS_SEGMENTATIONS._PROCESS_SEGMENTATIONS.SEGMENT_TO_FEATURE_CELL_MATRIX.DERASTERISE_MASK.fork0 chunks running (11/13 completed)
2025-10-22 00:02:29 [runtime] (chunks_complete) ID.F07840_2.SPATIAL_RNA_COUNTER_CS.SPATIAL_RNA_COUNTER.SPATIAL_POST_MATRIX_COMPUTATION.HD_WEBSUMMARY_BUILDER.BUILD_HD_END_TO_END_ALIGNMENT_INPUTS
2025-10-22 00:02:29 [runtime] (ready)           ID.F07840_2.SPATIAL_RNA_COUNTER_CS.SPATIAL_RNA_COUNTER.SPATIAL_POST_MATRIX_COMPUTATION.HD_WEBSUMMARY_BUILDER.BUILD_HD_END_TO_END_ALIGNMENT
2025-10-22 00:02:29 [runtime] (run:local)       ID.F07840_2.SPATIAL_RNA_COUNTER_CS.SPATIAL_RNA_COUNTER.SPATIAL_POST_MATRIX_COMPUTATION.HD_WEBSUMMARY_BUILDER.BUILD_HD_END_TO_END_ALIGNMENT.fork0.chnk0.main
2025-10-22 00:02:47 [runtime] (split_complete)  ID.F07840_2.SPATIAL_RNA_COUNTER_CS.SPATIAL_RNA_COUNTER.SPATIAL_POST_MATRIX_COMPUTATION.BIN_HD_DATA._BIN_HD_DATA.PROCESS_SEGMENTATIONS._PROCESS_SEGMENTATIONS.SEGMENT_TO_FEATURE_CELL_MATRIX.SEGMENT_COUNT_SHARDS.WRITE_BINNED_MATRICES
2025-10-22 00:02:47 [runtime] (run:local)       ID.F07840_2.SPATIAL_RNA_COUNTER_CS.SPATIAL_RNA_COUNTER.SPATIAL_POST_MATRIX_COMPUTATION.BIN_HD_DATA._BIN_HD_DATA.PROCESS_SEGMENTATIONS._PROCESS_SEGMENTATIONS.SEGMENT_TO_FEATURE_CELL_MATRIX.SEGMENT_COUNT_SHARDS.WRITE_BINNED_MATRICES.fork0.join
2025-10-22 00:02:49 [runtime] (chunks_complete) ID.F07840_2.SPATIAL_RNA_COUNTER_CS.SPATIAL_RNA_COUNTER.SPATIAL_POST_MATRIX_COMPUTATION.HD_WEBSUMMARY_BUILDER.BUILD_HD_END_TO_END_ALIGNMENT
2025-10-22 00:03:28 [runtime] (chunks_complete) ID.F07840_2.SPATIAL_RNA_COUNTER_CS.SPATIAL_RNA_COUNTER.SPATIAL_POST_MATRIX_COMPUTATION.BIN_HD_DATA._BIN_HD_DATA.OUTPUT_BARCODE_MAPPINGS
2025-10-22 00:04:50 [runtime] (chunks_complete) ID.F07840_2.SPATIAL_RNA_COUNTER_CS.SPATIAL_RNA_COUNTER.SPATIAL_POST_MATRIX_COMPUTATION.BIN_HD_DATA._BIN_HD_DATA.PROCESS_SEGMENTATIONS._PROCESS_SEGMENTATIONS.SEGMENT_TO_FEATURE_CELL_MATRIX.DERASTERISE_MASK
2025-10-22 00:04:50 [runtime] (run:local)       ID.F07840_2.SPATIAL_RNA_COUNTER_CS.SPATIAL_RNA_COUNTER.SPATIAL_POST_MATRIX_COMPUTATION.BIN_HD_DATA._BIN_HD_DATA.PROCESS_SEGMENTATIONS._PROCESS_SEGMENTATIONS.SEGMENT_TO_FEATURE_CELL_MATRIX.DERASTERISE_MASK.fork0.join
2025-10-22 00:05:21 [runtime] (join_complete)   ID.F07840_2.SPATIAL_RNA_COUNTER_CS.SPATIAL_RNA_COUNTER.SPATIAL_POST_MATRIX_COMPUTATION.BIN_HD_DATA._BIN_HD_DATA.PROCESS_SEGMENTATIONS._PROCESS_SEGMENTATIONS.SEGMENT_TO_FEATURE_CELL_MATRIX.DERASTERISE_MASK
2025-10-22 00:06:16 [runtime] (join_complete)   ID.F07840_2.SPATIAL_RNA_COUNTER_CS.SPATIAL_RNA_COUNTER.SPATIAL_POST_MATRIX_COMPUTATION.BIN_HD_DATA._BIN_HD_DATA.PROCESS_SEGMENTATIONS._PROCESS_SEGMENTATIONS.SEGMENT_TO_FEATURE_CELL_MATRIX.SEGMENT_COUNT_SHARDS.WRITE_BINNED_MATRICES
2025-10-22 00:06:16 [runtime] (ready)           ID.F07840_2.SPATIAL_RNA_COUNTER_CS.SPATIAL_RNA_COUNTER.SPATIAL_POST_MATRIX_COMPUTATION.BIN_HD_DATA._BIN_HD_DATA.COMPUTE_SEGMENTATION_METRICS
2025-10-22 00:06:16 [runtime] (run:local)       ID.F07840_2.SPATIAL_RNA_COUNTER_CS.SPATIAL_RNA_COUNTER.SPATIAL_POST_MATRIX_COMPUTATION.BIN_HD_DATA._BIN_HD_DATA.COMPUTE_SEGMENTATION_METRICS.fork0.split
2025-10-22 00:06:16 [runtime] (ready)           ID.F07840_2.SPATIAL_RNA_COUNTER_CS.SPATIAL_RNA_COUNTER.SPATIAL_POST_MATRIX_COMPUTATION.BIN_HD_DATA._BIN_HD_DATA.PROCESS_SEGMENTATIONS._PROCESS_SEGMENTATIONS.SPATIAL_CELL_RNA_ANALYZER.ANALYZER_PREFLIGHT
2025-10-22 00:06:16 [runtime] (run:local)       ID.F07840_2.SPATIAL_RNA_COUNTER_CS.SPATIAL_RNA_COUNTER.SPATIAL_POST_MATRIX_COMPUTATION.BIN_HD_DATA._BIN_HD_DATA.PROCESS_SEGMENTATIONS._PROCESS_SEGMENTATIONS.SPATIAL_CELL_RNA_ANALYZER.ANALYZER_PREFLIGHT.fork0.chnk0.main
2025-10-22 00:06:19 [runtime] (chunks_complete) ID.F07840_2.SPATIAL_RNA_COUNTER_CS.SPATIAL_RNA_COUNTER.SPATIAL_POST_MATRIX_COMPUTATION.BIN_HD_DATA._BIN_HD_DATA.PROCESS_SEGMENTATIONS._PROCESS_SEGMENTATIONS.SPATIAL_CELL_RNA_ANALYZER.ANALYZER_PREFLIGHT
2025-10-22 00:06:20 [runtime] (ready)           ID.F07840_2.SPATIAL_RNA_COUNTER_CS.SPATIAL_RNA_COUNTER.SPATIAL_POST_MATRIX_COMPUTATION.BIN_HD_DATA._BIN_HD_DATA.PROCESS_SEGMENTATIONS._PROCESS_SEGMENTATIONS.SPATIAL_CELL_RNA_ANALYZER.PREPROCESS_MATRIX
2025-10-22 00:06:20 [runtime] (run:local)       ID.F07840_2.SPATIAL_RNA_COUNTER_CS.SPATIAL_RNA_COUNTER.SPATIAL_POST_MATRIX_COMPUTATION.BIN_HD_DATA._BIN_HD_DATA.PROCESS_SEGMENTATIONS._PROCESS_SEGMENTATIONS.SPATIAL_CELL_RNA_ANALYZER.PREPROCESS_MATRIX.fork0.split
2025-10-22 00:06:20 [runtime] (split_complete)  ID.F07840_2.SPATIAL_RNA_COUNTER_CS.SPATIAL_RNA_COUNTER.SPATIAL_POST_MATRIX_COMPUTATION.BIN_HD_DATA._BIN_HD_DATA.COMPUTE_SEGMENTATION_METRICS
2025-10-22 00:06:20 [runtime] (run:local)       ID.F07840_2.SPATIAL_RNA_COUNTER_CS.SPATIAL_RNA_COUNTER.SPATIAL_POST_MATRIX_COMPUTATION.BIN_HD_DATA._BIN_HD_DATA.COMPUTE_SEGMENTATION_METRICS.fork0.join
2025-10-22 00:06:22 [runtime] (split_complete)  ID.F07840_2.SPATIAL_RNA_COUNTER_CS.SPATIAL_RNA_COUNTER.SPATIAL_POST_MATRIX_COMPUTATION.BIN_HD_DATA._BIN_HD_DATA.PROCESS_SEGMENTATIONS._PROCESS_SEGMENTATIONS.SPATIAL_CELL_RNA_ANALYZER.PREPROCESS_MATRIX
2025-10-22 00:06:22 [runtime] (run:local)       ID.F07840_2.SPATIAL_RNA_COUNTER_CS.SPATIAL_RNA_COUNTER.SPATIAL_POST_MATRIX_COMPUTATION.BIN_HD_DATA._BIN_HD_DATA.PROCESS_SEGMENTATIONS._PROCESS_SEGMENTATIONS.SPATIAL_CELL_RNA_ANALYZER.PREPROCESS_MATRIX.fork0.join
2025-10-22 00:07:01 [runtime] (join_complete)   ID.F07840_2.SPATIAL_RNA_COUNTER_CS.SPATIAL_RNA_COUNTER.SPATIAL_POST_MATRIX_COMPUTATION.BIN_HD_DATA._BIN_HD_DATA.PROCESS_SEGMENTATIONS._PROCESS_SEGMENTATIONS.SPATIAL_CELL_RNA_ANALYZER.PREPROCESS_MATRIX
2025-10-22 00:07:01 [runtime] (ready)           ID.F07840_2.SPATIAL_RNA_COUNTER_CS.SPATIAL_RNA_COUNTER.SPATIAL_POST_MATRIX_COMPUTATION.BIN_HD_DATA._BIN_HD_DATA.PROCESS_SEGMENTATIONS._PROCESS_SEGMENTATIONS.SPATIAL_CELL_RNA_ANALYZER._ANTIBODY_ANALYZER.CALL_ANTIBODIES
2025-10-22 00:07:01 [runtime] (ready)           ID.F07840_2.SPATIAL_RNA_COUNTER_CS.SPATIAL_RNA_COUNTER.SPATIAL_POST_MATRIX_COMPUTATION.BIN_HD_DATA._BIN_HD_DATA.PROCESS_SEGMENTATIONS._PROCESS_SEGMENTATIONS.SPATIAL_CELL_RNA_ANALYZER._ANTIBODY_ANALYZER.SUMMARIZE_ANTIBODY_ANALYSIS
2025-10-22 00:07:01 [runtime] (ready)           ID.F07840_2.SPATIAL_RNA_COUNTER_CS.SPATIAL_RNA_COUNTER.SPATIAL_POST_MATRIX_COMPUTATION.BIN_HD_DATA._BIN_HD_DATA.PROCESS_SEGMENTATIONS._PROCESS_SEGMENTATIONS.SPATIAL_CELL_RNA_ANALYZER.RUN_MULTIGENOME_ANALYSIS
2025-10-22 00:07:01 [runtime] (ready)           ID.F07840_2.SPATIAL_RNA_COUNTER_CS.SPATIAL_RNA_COUNTER.SPATIAL_POST_MATRIX_COMPUTATION.BIN_HD_DATA._BIN_HD_DATA.PROCESS_SEGMENTATIONS._PROCESS_SEGMENTATIONS.SPATIAL_CELL_RNA_ANALYZER.RUN_BATCH_CORRECTION_PCA.PCA_PREP
2025-10-22 00:07:01 [runtime] (ready)           ID.F07840_2.SPATIAL_RNA_COUNTER_CS.SPATIAL_RNA_COUNTER.SPATIAL_POST_MATRIX_COMPUTATION.BIN_HD_DATA._BIN_HD_DATA.PROCESS_SEGMENTATIONS._PROCESS_SEGMENTATIONS.SPATIAL_CELL_RNA_ANALYZER._ANTIGEN_ANALYZER.CALL_ANTIBODIES
2025-10-22 00:07:01 [runtime] (ready)           ID.F07840_2.SPATIAL_RNA_COUNTER_CS.SPATIAL_RNA_COUNTER.SPATIAL_POST_MATRIX_COMPUTATION.BIN_HD_DATA._BIN_HD_DATA.PROCESS_SEGMENTATIONS._PROCESS_SEGMENTATIONS.SPATIAL_CELL_RNA_ANALYZER._ANTIGEN_ANALYZER.SUMMARIZE_ANTIBODY_ANALYSIS
2025-10-22 00:07:01 [runtime] (ready)           ID.F07840_2.SPATIAL_RNA_COUNTER_CS.SPATIAL_RNA_COUNTER.SPATIAL_POST_MATRIX_COMPUTATION.BIN_HD_DATA._BIN_HD_DATA.PROCESS_SEGMENTATIONS._PROCESS_SEGMENTATIONS.SPATIAL_CELL_RNA_ANALYZER.RUN_BATCH_CORRECTION_PCA.RUN_PCA2
2025-10-22 00:07:01 [runtime] (ready)           ID.F07840_2.SPATIAL_RNA_COUNTER_CS.SPATIAL_RNA_COUNTER.SPATIAL_POST_MATRIX_COMPUTATION.BIN_HD_DATA._BIN_HD_DATA.PROCESS_SEGMENTATIONS._PROCESS_SEGMENTATIONS.SPATIAL_CELL_RNA_ANALYZER.RUN_BATCH_CORRECTION_PCA.POST_PCA
2025-10-22 00:07:01 [runtime] (ready)           ID.F07840_2.SPATIAL_RNA_COUNTER_CS.SPATIAL_RNA_COUNTER.SPATIAL_POST_MATRIX_COMPUTATION.BIN_HD_DATA._BIN_HD_DATA.PROCESS_SEGMENTATIONS._PROCESS_SEGMENTATIONS.SPATIAL_CELL_RNA_ANALYZER.CORRECT_CHEMISTRY_BATCH
2025-10-22 00:07:01 [runtime] (ready)           ID.F07840_2.SPATIAL_RNA_COUNTER_CS.SPATIAL_RNA_COUNTER.SPATIAL_POST_MATRIX_COMPUTATION.BIN_HD_DATA._BIN_HD_DATA.PROCESS_SEGMENTATIONS._PROCESS_SEGMENTATIONS.SPATIAL_CELL_RNA_ANALYZER.RUN_PCA
2025-10-22 00:07:01 [runtime] (run:local)       ID.F07840_2.SPATIAL_RNA_COUNTER_CS.SPATIAL_RNA_COUNTER.SPATIAL_POST_MATRIX_COMPUTATION.BIN_HD_DATA._BIN_HD_DATA.PROCESS_SEGMENTATIONS._PROCESS_SEGMENTATIONS.SPATIAL_CELL_RNA_ANALYZER.RUN_PCA.fork0.split
2025-10-22 00:07:02 [runtime] (split_complete)  ID.F07840_2.SPATIAL_RNA_COUNTER_CS.SPATIAL_RNA_COUNTER.SPATIAL_POST_MATRIX_COMPUTATION.BIN_HD_DATA._BIN_HD_DATA.PROCESS_SEGMENTATIONS._PROCESS_SEGMENTATIONS.SPATIAL_CELL_RNA_ANALYZER.RUN_PCA
2025-10-22 00:07:02 [runtime] (run:local)       ID.F07840_2.SPATIAL_RNA_COUNTER_CS.SPATIAL_RNA_COUNTER.SPATIAL_POST_MATRIX_COMPUTATION.BIN_HD_DATA._BIN_HD_DATA.PROCESS_SEGMENTATIONS._PROCESS_SEGMENTATIONS.SPATIAL_CELL_RNA_ANALYZER.RUN_PCA.fork0.chnk0.main
2025-10-22 00:09:07 [runtime] (chunks_complete) ID.F07840_2.SPATIAL_RNA_COUNTER_CS.SPATIAL_RNA_COUNTER.SPATIAL_POST_MATRIX_COMPUTATION.BIN_HD_DATA._BIN_HD_DATA.PROCESS_SEGMENTATIONS._PROCESS_SEGMENTATIONS.SPATIAL_CELL_RNA_ANALYZER.RUN_PCA
2025-10-22 00:09:07 [runtime] (run:local)       ID.F07840_2.SPATIAL_RNA_COUNTER_CS.SPATIAL_RNA_COUNTER.SPATIAL_POST_MATRIX_COMPUTATION.BIN_HD_DATA._BIN_HD_DATA.PROCESS_SEGMENTATIONS._PROCESS_SEGMENTATIONS.SPATIAL_CELL_RNA_ANALYZER.RUN_PCA.fork0.join
2025-10-22 00:09:08 [runtime] (join_complete)   ID.F07840_2.SPATIAL_RNA_COUNTER_CS.SPATIAL_RNA_COUNTER.SPATIAL_POST_MATRIX_COMPUTATION.BIN_HD_DATA._BIN_HD_DATA.PROCESS_SEGMENTATIONS._PROCESS_SEGMENTATIONS.SPATIAL_CELL_RNA_ANALYZER.RUN_PCA
2025-10-22 00:09:08 [runtime] (ready)           ID.F07840_2.SPATIAL_RNA_COUNTER_CS.SPATIAL_RNA_COUNTER.SPATIAL_POST_MATRIX_COMPUTATION.BIN_HD_DATA._BIN_HD_DATA.PROCESS_SEGMENTATIONS._PROCESS_SEGMENTATIONS.SPATIAL_CELL_RNA_ANALYZER.RUN_GRAPH_CLUSTERING
2025-10-22 00:09:08 [runtime] (run:local)       ID.F07840_2.SPATIAL_RNA_COUNTER_CS.SPATIAL_RNA_COUNTER.SPATIAL_POST_MATRIX_COMPUTATION.BIN_HD_DATA._BIN_HD_DATA.PROCESS_SEGMENTATIONS._PROCESS_SEGMENTATIONS.SPATIAL_CELL_RNA_ANALYZER.RUN_GRAPH_CLUSTERING.fork0.split
2025-10-22 00:09:08 [runtime] (ready)           ID.F07840_2.SPATIAL_RNA_COUNTER_CS.SPATIAL_RNA_COUNTER.SPATIAL_POST_MATRIX_COMPUTATION.BIN_HD_DATA._BIN_HD_DATA.PROCESS_SEGMENTATIONS._PROCESS_SEGMENTATIONS.SPATIAL_CELL_RNA_ANALYZER.RUN_KMEANS
2025-10-22 00:09:08 [runtime] (run:local)       ID.F07840_2.SPATIAL_RNA_COUNTER_CS.SPATIAL_RNA_COUNTER.SPATIAL_POST_MATRIX_COMPUTATION.BIN_HD_DATA._BIN_HD_DATA.PROCESS_SEGMENTATIONS._PROCESS_SEGMENTATIONS.SPATIAL_CELL_RNA_ANALYZER.RUN_KMEANS.fork0.split
2025-10-22 00:09:08 [runtime] (ready)           ID.F07840_2.SPATIAL_RNA_COUNTER_CS.SPATIAL_RNA_COUNTER.SPATIAL_POST_MATRIX_COMPUTATION.BIN_HD_DATA._BIN_HD_DATA.PROCESS_SEGMENTATIONS._PROCESS_SEGMENTATIONS.SPATIAL_CELL_RNA_ANALYZER.RUN_UMAP
2025-10-22 00:09:08 [runtime] (run:local)       ID.F07840_2.SPATIAL_RNA_COUNTER_CS.SPATIAL_RNA_COUNTER.SPATIAL_POST_MATRIX_COMPUTATION.BIN_HD_DATA._BIN_HD_DATA.PROCESS_SEGMENTATIONS._PROCESS_SEGMENTATIONS.SPATIAL_CELL_RNA_ANALYZER.RUN_UMAP.fork0.split
2025-10-22 00:09:08 [runtime] (ready)           ID.F07840_2.SPATIAL_RNA_COUNTER_CS.SPATIAL_RNA_COUNTER.SPATIAL_POST_MATRIX_COMPUTATION.BIN_HD_DATA._BIN_HD_DATA.PROCESS_SEGMENTATIONS._PROCESS_SEGMENTATIONS.SPATIAL_CELL_RNA_ANALYZER.RUN_TSNE
2025-10-22 00:09:08 [runtime] (split_complete)  ID.F07840_2.SPATIAL_RNA_COUNTER_CS.SPATIAL_RNA_COUNTER.SPATIAL_POST_MATRIX_COMPUTATION.BIN_HD_DATA._BIN_HD_DATA.PROCESS_SEGMENTATIONS._PROCESS_SEGMENTATIONS.SPATIAL_CELL_RNA_ANALYZER.RUN_UMAP
2025-10-22 00:09:08 [runtime] (run:local)       ID.F07840_2.SPATIAL_RNA_COUNTER_CS.SPATIAL_RNA_COUNTER.SPATIAL_POST_MATRIX_COMPUTATION.BIN_HD_DATA._BIN_HD_DATA.PROCESS_SEGMENTATIONS._PROCESS_SEGMENTATIONS.SPATIAL_CELL_RNA_ANALYZER.RUN_UMAP.fork0.chnk0.main
2025-10-22 00:09:08 [runtime] (split_complete)  ID.F07840_2.SPATIAL_RNA_COUNTER_CS.SPATIAL_RNA_COUNTER.SPATIAL_POST_MATRIX_COMPUTATION.BIN_HD_DATA._BIN_HD_DATA.PROCESS_SEGMENTATIONS._PROCESS_SEGMENTATIONS.SPATIAL_CELL_RNA_ANALYZER.RUN_GRAPH_CLUSTERING
2025-10-22 00:09:08 [runtime] (run:local)       ID.F07840_2.SPATIAL_RNA_COUNTER_CS.SPATIAL_RNA_COUNTER.SPATIAL_POST_MATRIX_COMPUTATION.BIN_HD_DATA._BIN_HD_DATA.PROCESS_SEGMENTATIONS._PROCESS_SEGMENTATIONS.SPATIAL_CELL_RNA_ANALYZER.RUN_GRAPH_CLUSTERING.fork0.chnk0.main
2025-10-22 00:09:14 [runtime] (split_complete)  ID.F07840_2.SPATIAL_RNA_COUNTER_CS.SPATIAL_RNA_COUNTER.SPATIAL_POST_MATRIX_COMPUTATION.BIN_HD_DATA._BIN_HD_DATA.PROCESS_SEGMENTATIONS._PROCESS_SEGMENTATIONS.SPATIAL_CELL_RNA_ANALYZER.RUN_KMEANS
2025-10-22 00:09:14 [runtime] (run:local)       ID.F07840_2.SPATIAL_RNA_COUNTER_CS.SPATIAL_RNA_COUNTER.SPATIAL_POST_MATRIX_COMPUTATION.BIN_HD_DATA._BIN_HD_DATA.PROCESS_SEGMENTATIONS._PROCESS_SEGMENTATIONS.SPATIAL_CELL_RNA_ANALYZER.RUN_KMEANS.fork0.chnk0.main
2025-10-22 00:09:14 [runtime] (run:local)       ID.F07840_2.SPATIAL_RNA_COUNTER_CS.SPATIAL_RNA_COUNTER.SPATIAL_POST_MATRIX_COMPUTATION.BIN_HD_DATA._BIN_HD_DATA.PROCESS_SEGMENTATIONS._PROCESS_SEGMENTATIONS.SPATIAL_CELL_RNA_ANALYZER.RUN_KMEANS.fork0.chnk1.main
2025-10-22 00:09:14 [runtime] (run:local)       ID.F07840_2.SPATIAL_RNA_COUNTER_CS.SPATIAL_RNA_COUNTER.SPATIAL_POST_MATRIX_COMPUTATION.BIN_HD_DATA._BIN_HD_DATA.PROCESS_SEGMENTATIONS._PROCESS_SEGMENTATIONS.SPATIAL_CELL_RNA_ANALYZER.RUN_KMEANS.fork0.chnk2.main
2025-10-22 00:09:14 [runtime] (run:local)       ID.F07840_2.SPATIAL_RNA_COUNTER_CS.SPATIAL_RNA_COUNTER.SPATIAL_POST_MATRIX_COMPUTATION.BIN_HD_DATA._BIN_HD_DATA.PROCESS_SEGMENTATIONS._PROCESS_SEGMENTATIONS.SPATIAL_CELL_RNA_ANALYZER.RUN_KMEANS.fork0.chnk3.main
2025-10-22 00:09:14 [runtime] (run:local)       ID.F07840_2.SPATIAL_RNA_COUNTER_CS.SPATIAL_RNA_COUNTER.SPATIAL_POST_MATRIX_COMPUTATION.BIN_HD_DATA._BIN_HD_DATA.PROCESS_SEGMENTATIONS._PROCESS_SEGMENTATIONS.SPATIAL_CELL_RNA_ANALYZER.RUN_KMEANS.fork0.chnk4.main
2025-10-22 00:09:14 [runtime] (run:local)       ID.F07840_2.SPATIAL_RNA_COUNTER_CS.SPATIAL_RNA_COUNTER.SPATIAL_POST_MATRIX_COMPUTATION.BIN_HD_DATA._BIN_HD_DATA.PROCESS_SEGMENTATIONS._PROCESS_SEGMENTATIONS.SPATIAL_CELL_RNA_ANALYZER.RUN_KMEANS.fork0.chnk5.main
2025-10-22 00:09:14 [runtime] (run:local)       ID.F07840_2.SPATIAL_RNA_COUNTER_CS.SPATIAL_RNA_COUNTER.SPATIAL_POST_MATRIX_COMPUTATION.BIN_HD_DATA._BIN_HD_DATA.PROCESS_SEGMENTATIONS._PROCESS_SEGMENTATIONS.SPATIAL_CELL_RNA_ANALYZER.RUN_KMEANS.fork0.chnk6.main
2025-10-22 00:09:14 [runtime] (run:local)       ID.F07840_2.SPATIAL_RNA_COUNTER_CS.SPATIAL_RNA_COUNTER.SPATIAL_POST_MATRIX_COMPUTATION.BIN_HD_DATA._BIN_HD_DATA.PROCESS_SEGMENTATIONS._PROCESS_SEGMENTATIONS.SPATIAL_CELL_RNA_ANALYZER.RUN_KMEANS.fork0.chnk7.main
2025-10-22 00:09:14 [runtime] (run:local)       ID.F07840_2.SPATIAL_RNA_COUNTER_CS.SPATIAL_RNA_COUNTER.SPATIAL_POST_MATRIX_COMPUTATION.BIN_HD_DATA._BIN_HD_DATA.PROCESS_SEGMENTATIONS._PROCESS_SEGMENTATIONS.SPATIAL_CELL_RNA_ANALYZER.RUN_KMEANS.fork0.chnk8.main
2025-10-22 00:09:26 [runtime] (join_complete)   ID.F07840_2.SPATIAL_RNA_COUNTER_CS.SPATIAL_RNA_COUNTER.SPATIAL_POST_MATRIX_COMPUTATION.BIN_HD_DATA._BIN_HD_DATA.COMPUTE_SEGMENTATION_METRICS
2025-10-22 00:09:26 [runtime] (ready)           ID.F07840_2.SPATIAL_RNA_COUNTER_CS.SPATIAL_RNA_COUNTER.SPATIAL_POST_MATRIX_COMPUTATION.MERGE_METRICS
2025-10-22 00:09:26 [runtime] (run:local)       ID.F07840_2.SPATIAL_RNA_COUNTER_CS.SPATIAL_RNA_COUNTER.SPATIAL_POST_MATRIX_COMPUTATION.MERGE_METRICS.fork0.chnk0.main
2025-10-22 00:14:35 [runtime] (chunks_complete) ID.F07840_2.SPATIAL_RNA_COUNTER_CS.SPATIAL_RNA_COUNTER.SPATIAL_POST_MATRIX_COMPUTATION.BIN_HD_DATA._BIN_HD_DATA.PROCESS_SEGMENTATIONS._PROCESS_SEGMENTATIONS.SPATIAL_CELL_RNA_ANALYZER.RUN_UMAP
2025-10-22 00:14:35 [runtime] (run:local)       ID.F07840_2.SPATIAL_RNA_COUNTER_CS.SPATIAL_RNA_COUNTER.SPATIAL_POST_MATRIX_COMPUTATION.BIN_HD_DATA._BIN_HD_DATA.PROCESS_SEGMENTATIONS._PROCESS_SEGMENTATIONS.SPATIAL_CELL_RNA_ANALYZER.RUN_UMAP.fork0.join
2025-10-22 00:14:38 [runtime] (update)          ID.F07840_2.SPATIAL_RNA_COUNTER_CS.SPATIAL_RNA_COUNTER.SPATIAL_POST_MATRIX_COMPUTATION.BIN_HD_DATA._BIN_HD_DATA.PROCESS_SEGMENTATIONS._PROCESS_SEGMENTATIONS.SPATIAL_CELL_RNA_ANALYZER.RUN_GRAPH_CLUSTERING.fork0 chunks_running
2025-10-22 00:14:38 [runtime] (update)          ID.F07840_2.SPATIAL_RNA_COUNTER_CS.SPATIAL_RNA_COUNTER.SPATIAL_POST_MATRIX_COMPUTATION.BIN_HD_DATA._BIN_HD_DATA.PROCESS_SEGMENTATIONS._PROCESS_SEGMENTATIONS.SPATIAL_CELL_RNA_ANALYZER.RUN_KMEANS.fork0 chunks running (0/9 completed)
2025-10-22 00:14:45 [runtime] (update)          ID.F07840_2.SPATIAL_RNA_COUNTER_CS.SPATIAL_RNA_COUNTER.SPATIAL_POST_MATRIX_COMPUTATION.MERGE_METRICS.fork0 chunks_running
2025-10-22 00:14:45 [runtime] (chunks_complete) ID.F07840_2.SPATIAL_RNA_COUNTER_CS.SPATIAL_RNA_COUNTER.SPATIAL_POST_MATRIX_COMPUTATION.MERGE_METRICS
2025-10-22 00:14:46 [runtime] (join_complete)   ID.F07840_2.SPATIAL_RNA_COUNTER_CS.SPATIAL_RNA_COUNTER.SPATIAL_POST_MATRIX_COMPUTATION.BIN_HD_DATA._BIN_HD_DATA.PROCESS_SEGMENTATIONS._PROCESS_SEGMENTATIONS.SPATIAL_CELL_RNA_ANALYZER.RUN_UMAP
2025-10-22 00:14:46 [runtime] (ready)           ID.F07840_2.SPATIAL_RNA_COUNTER_CS.SPATIAL_RNA_COUNTER.SPATIAL_POST_MATRIX_COMPUTATION.SPATIAL_REPORTER
2025-10-22 00:14:46 [runtime] (run:local)       ID.F07840_2.SPATIAL_RNA_COUNTER_CS.SPATIAL_RNA_COUNTER.SPATIAL_POST_MATRIX_COMPUTATION.SPATIAL_REPORTER.fork0.split
2025-10-22 00:14:49 [runtime] (chunks_complete) ID.F07840_2.SPATIAL_RNA_COUNTER_CS.SPATIAL_RNA_COUNTER.SPATIAL_POST_MATRIX_COMPUTATION.BIN_HD_DATA._BIN_HD_DATA.PROCESS_SEGMENTATIONS._PROCESS_SEGMENTATIONS.SPATIAL_CELL_RNA_ANALYZER.RUN_KMEANS
2025-10-22 00:14:49 [runtime] (run:local)       ID.F07840_2.SPATIAL_RNA_COUNTER_CS.SPATIAL_RNA_COUNTER.SPATIAL_POST_MATRIX_COMPUTATION.BIN_HD_DATA._BIN_HD_DATA.PROCESS_SEGMENTATIONS._PROCESS_SEGMENTATIONS.SPATIAL_CELL_RNA_ANALYZER.RUN_KMEANS.fork0.join
2025-10-22 00:14:51 [runtime] (split_complete)  ID.F07840_2.SPATIAL_RNA_COUNTER_CS.SPATIAL_RNA_COUNTER.SPATIAL_POST_MATRIX_COMPUTATION.SPATIAL_REPORTER
2025-10-22 00:14:51 [runtime] (run:local)       ID.F07840_2.SPATIAL_RNA_COUNTER_CS.SPATIAL_RNA_COUNTER.SPATIAL_POST_MATRIX_COMPUTATION.SPATIAL_REPORTER.fork0.join
2025-10-22 00:14:52 [runtime] (join_complete)   ID.F07840_2.SPATIAL_RNA_COUNTER_CS.SPATIAL_RNA_COUNTER.SPATIAL_POST_MATRIX_COMPUTATION.BIN_HD_DATA._BIN_HD_DATA.PROCESS_SEGMENTATIONS._PROCESS_SEGMENTATIONS.SPATIAL_CELL_RNA_ANALYZER.RUN_KMEANS
2025-10-22 00:15:07 [runtime] (join_complete)   ID.F07840_2.SPATIAL_RNA_COUNTER_CS.SPATIAL_RNA_COUNTER.SPATIAL_POST_MATRIX_COMPUTATION.SPATIAL_REPORTER
2025-10-22 00:15:07 [runtime] (ready)           ID.F07840_2.SPATIAL_RNA_COUNTER_CS.CLOUPE_PREPROCESS
2025-10-22 00:15:07 [runtime] (run:local)       ID.F07840_2.SPATIAL_RNA_COUNTER_CS.CLOUPE_PREPROCESS.fork0.split
2025-10-22 00:15:09 [runtime] (split_complete)  ID.F07840_2.SPATIAL_RNA_COUNTER_CS.CLOUPE_PREPROCESS
2025-10-22 00:15:09 [runtime] (run:local)       ID.F07840_2.SPATIAL_RNA_COUNTER_CS.CLOUPE_PREPROCESS.fork0.join
2025-10-22 00:15:11 [runtime] (join_complete)   ID.F07840_2.SPATIAL_RNA_COUNTER_CS.CLOUPE_PREPROCESS
2025-10-22 00:18:16 [runtime] (chunks_complete) ID.F07840_2.SPATIAL_RNA_COUNTER_CS.SPATIAL_RNA_COUNTER.SPATIAL_POST_MATRIX_COMPUTATION.BIN_HD_DATA._BIN_HD_DATA.PROCESS_SEGMENTATIONS._PROCESS_SEGMENTATIONS.SPATIAL_CELL_RNA_ANALYZER.RUN_GRAPH_CLUSTERING
2025-10-22 00:18:16 [runtime] (run:local)       ID.F07840_2.SPATIAL_RNA_COUNTER_CS.SPATIAL_RNA_COUNTER.SPATIAL_POST_MATRIX_COMPUTATION.BIN_HD_DATA._BIN_HD_DATA.PROCESS_SEGMENTATIONS._PROCESS_SEGMENTATIONS.SPATIAL_CELL_RNA_ANALYZER.RUN_GRAPH_CLUSTERING.fork0.join
2025-10-22 00:18:16 [runtime] (join_complete)   ID.F07840_2.SPATIAL_RNA_COUNTER_CS.SPATIAL_RNA_COUNTER.SPATIAL_POST_MATRIX_COMPUTATION.BIN_HD_DATA._BIN_HD_DATA.PROCESS_SEGMENTATIONS._PROCESS_SEGMENTATIONS.SPATIAL_CELL_RNA_ANALYZER.RUN_GRAPH_CLUSTERING
2025-10-22 00:18:16 [runtime] (ready)           ID.F07840_2.SPATIAL_RNA_COUNTER_CS.SPATIAL_RNA_COUNTER.SPATIAL_POST_MATRIX_COMPUTATION.BIN_HD_DATA._BIN_HD_DATA.PROCESS_SEGMENTATIONS._PROCESS_SEGMENTATIONS.SPATIAL_CELL_RNA_ANALYZER.RUN_HIERARCHICAL_CLUSTERING
2025-10-22 00:18:17 [runtime] (ready)           ID.F07840_2.SPATIAL_RNA_COUNTER_CS.SPATIAL_RNA_COUNTER.SPATIAL_POST_MATRIX_COMPUTATION.BIN_HD_DATA._BIN_HD_DATA.PROCESS_SEGMENTATIONS._PROCESS_SEGMENTATIONS.SPATIAL_CELL_RNA_ANALYZER.COMBINE_CLUSTERING
2025-10-22 00:18:17 [runtime] (run:local)       ID.F07840_2.SPATIAL_RNA_COUNTER_CS.SPATIAL_RNA_COUNTER.SPATIAL_POST_MATRIX_COMPUTATION.BIN_HD_DATA._BIN_HD_DATA.PROCESS_SEGMENTATIONS._PROCESS_SEGMENTATIONS.SPATIAL_CELL_RNA_ANALYZER.COMBINE_CLUSTERING.fork0.chnk0.main
2025-10-22 00:18:24 [runtime] (chunks_complete) ID.F07840_2.SPATIAL_RNA_COUNTER_CS.SPATIAL_RNA_COUNTER.SPATIAL_POST_MATRIX_COMPUTATION.BIN_HD_DATA._BIN_HD_DATA.PROCESS_SEGMENTATIONS._PROCESS_SEGMENTATIONS.SPATIAL_CELL_RNA_ANALYZER.COMBINE_CLUSTERING
2025-10-22 00:18:24 [runtime] (ready)           ID.F07840_2.SPATIAL_RNA_COUNTER_CS.SPATIAL_RNA_COUNTER.SPATIAL_POST_MATRIX_COMPUTATION.BIN_HD_DATA._BIN_HD_DATA.PROCESS_SEGMENTATIONS._PROCESS_SEGMENTATIONS.SPATIAL_CELL_RNA_ANALYZER.RUN_DIFFERENTIAL_EXPRESSION
2025-10-22 00:18:24 [runtime] (run:local)       ID.F07840_2.SPATIAL_RNA_COUNTER_CS.SPATIAL_RNA_COUNTER.SPATIAL_POST_MATRIX_COMPUTATION.BIN_HD_DATA._BIN_HD_DATA.PROCESS_SEGMENTATIONS._PROCESS_SEGMENTATIONS.SPATIAL_CELL_RNA_ANALYZER.RUN_DIFFERENTIAL_EXPRESSION.fork0.split
2025-10-22 00:18:24 [runtime] (split_complete)  ID.F07840_2.SPATIAL_RNA_COUNTER_CS.SPATIAL_RNA_COUNTER.SPATIAL_POST_MATRIX_COMPUTATION.BIN_HD_DATA._BIN_HD_DATA.PROCESS_SEGMENTATIONS._PROCESS_SEGMENTATIONS.SPATIAL_CELL_RNA_ANALYZER.RUN_DIFFERENTIAL_EXPRESSION
2025-10-22 00:18:24 [runtime] (run:local)       ID.F07840_2.SPATIAL_RNA_COUNTER_CS.SPATIAL_RNA_COUNTER.SPATIAL_POST_MATRIX_COMPUTATION.BIN_HD_DATA._BIN_HD_DATA.PROCESS_SEGMENTATIONS._PROCESS_SEGMENTATIONS.SPATIAL_CELL_RNA_ANALYZER.RUN_DIFFERENTIAL_EXPRESSION.fork0.chnk0.main
2025-10-22 00:18:24 [runtime] (run:local)       ID.F07840_2.SPATIAL_RNA_COUNTER_CS.SPATIAL_RNA_COUNTER.SPATIAL_POST_MATRIX_COMPUTATION.BIN_HD_DATA._BIN_HD_DATA.PROCESS_SEGMENTATIONS._PROCESS_SEGMENTATIONS.SPATIAL_CELL_RNA_ANALYZER.RUN_DIFFERENTIAL_EXPRESSION.fork0.chnk1.main
2025-10-22 00:18:24 [runtime] (run:local)       ID.F07840_2.SPATIAL_RNA_COUNTER_CS.SPATIAL_RNA_COUNTER.SPATIAL_POST_MATRIX_COMPUTATION.BIN_HD_DATA._BIN_HD_DATA.PROCESS_SEGMENTATIONS._PROCESS_SEGMENTATIONS.SPATIAL_CELL_RNA_ANALYZER.RUN_DIFFERENTIAL_EXPRESSION.fork0.chnk2.main
2025-10-22 00:18:24 [runtime] (run:local)       ID.F07840_2.SPATIAL_RNA_COUNTER_CS.SPATIAL_RNA_COUNTER.SPATIAL_POST_MATRIX_COMPUTATION.BIN_HD_DATA._BIN_HD_DATA.PROCESS_SEGMENTATIONS._PROCESS_SEGMENTATIONS.SPATIAL_CELL_RNA_ANALYZER.RUN_DIFFERENTIAL_EXPRESSION.fork0.chnk3.main
2025-10-22 00:18:24 [runtime] (run:local)       ID.F07840_2.SPATIAL_RNA_COUNTER_CS.SPATIAL_RNA_COUNTER.SPATIAL_POST_MATRIX_COMPUTATION.BIN_HD_DATA._BIN_HD_DATA.PROCESS_SEGMENTATIONS._PROCESS_SEGMENTATIONS.SPATIAL_CELL_RNA_ANALYZER.RUN_DIFFERENTIAL_EXPRESSION.fork0.chnk4.main
2025-10-22 00:18:24 [runtime] (run:local)       ID.F07840_2.SPATIAL_RNA_COUNTER_CS.SPATIAL_RNA_COUNTER.SPATIAL_POST_MATRIX_COMPUTATION.BIN_HD_DATA._BIN_HD_DATA.PROCESS_SEGMENTATIONS._PROCESS_SEGMENTATIONS.SPATIAL_CELL_RNA_ANALYZER.RUN_DIFFERENTIAL_EXPRESSION.fork0.chnk5.main
2025-10-22 00:18:24 [runtime] (run:local)       ID.F07840_2.SPATIAL_RNA_COUNTER_CS.SPATIAL_RNA_COUNTER.SPATIAL_POST_MATRIX_COMPUTATION.BIN_HD_DATA._BIN_HD_DATA.PROCESS_SEGMENTATIONS._PROCESS_SEGMENTATIONS.SPATIAL_CELL_RNA_ANALYZER.RUN_DIFFERENTIAL_EXPRESSION.fork0.chnk6.main
2025-10-22 00:18:24 [runtime] (run:local)       ID.F07840_2.SPATIAL_RNA_COUNTER_CS.SPATIAL_RNA_COUNTER.SPATIAL_POST_MATRIX_COMPUTATION.BIN_HD_DATA._BIN_HD_DATA.PROCESS_SEGMENTATIONS._PROCESS_SEGMENTATIONS.SPATIAL_CELL_RNA_ANALYZER.RUN_DIFFERENTIAL_EXPRESSION.fork0.chnk7.main
2025-10-22 00:18:24 [runtime] (run:local)       ID.F07840_2.SPATIAL_RNA_COUNTER_CS.SPATIAL_RNA_COUNTER.SPATIAL_POST_MATRIX_COMPUTATION.BIN_HD_DATA._BIN_HD_DATA.PROCESS_SEGMENTATIONS._PROCESS_SEGMENTATIONS.SPATIAL_CELL_RNA_ANALYZER.RUN_DIFFERENTIAL_EXPRESSION.fork0.chnk8.main
2025-10-22 00:22:29 [runtime] (chunks_complete) ID.F07840_2.SPATIAL_RNA_COUNTER_CS.SPATIAL_RNA_COUNTER.SPATIAL_POST_MATRIX_COMPUTATION.BIN_HD_DATA._BIN_HD_DATA.PROCESS_SEGMENTATIONS._PROCESS_SEGMENTATIONS.SPATIAL_CELL_RNA_ANALYZER.RUN_DIFFERENTIAL_EXPRESSION
2025-10-22 00:22:29 [runtime] (run:local)       ID.F07840_2.SPATIAL_RNA_COUNTER_CS.SPATIAL_RNA_COUNTER.SPATIAL_POST_MATRIX_COMPUTATION.BIN_HD_DATA._BIN_HD_DATA.PROCESS_SEGMENTATIONS._PROCESS_SEGMENTATIONS.SPATIAL_CELL_RNA_ANALYZER.RUN_DIFFERENTIAL_EXPRESSION.fork0.join
2025-10-22 00:22:32 [runtime] (join_complete)   ID.F07840_2.SPATIAL_RNA_COUNTER_CS.SPATIAL_RNA_COUNTER.SPATIAL_POST_MATRIX_COMPUTATION.BIN_HD_DATA._BIN_HD_DATA.PROCESS_SEGMENTATIONS._PROCESS_SEGMENTATIONS.SPATIAL_CELL_RNA_ANALYZER.RUN_DIFFERENTIAL_EXPRESSION
2025-10-22 00:22:33 [runtime] (ready)           ID.F07840_2.SPATIAL_RNA_COUNTER_CS.SPATIAL_RNA_COUNTER.SPATIAL_POST_MATRIX_COMPUTATION.BIN_HD_DATA._BIN_HD_DATA.PROCESS_SEGMENTATIONS._PROCESS_SEGMENTATIONS.SPATIAL_CELL_RNA_ANALYZER.SUMMARIZE_ANALYSIS
2025-10-22 00:22:33 [runtime] (run:local)       ID.F07840_2.SPATIAL_RNA_COUNTER_CS.SPATIAL_RNA_COUNTER.SPATIAL_POST_MATRIX_COMPUTATION.BIN_HD_DATA._BIN_HD_DATA.PROCESS_SEGMENTATIONS._PROCESS_SEGMENTATIONS.SPATIAL_CELL_RNA_ANALYZER.SUMMARIZE_ANALYSIS.fork0.split
2025-10-22 00:22:55 [runtime] (split_complete)  ID.F07840_2.SPATIAL_RNA_COUNTER_CS.SPATIAL_RNA_COUNTER.SPATIAL_POST_MATRIX_COMPUTATION.BIN_HD_DATA._BIN_HD_DATA.PROCESS_SEGMENTATIONS._PROCESS_SEGMENTATIONS.SPATIAL_CELL_RNA_ANALYZER.SUMMARIZE_ANALYSIS
2025-10-22 00:22:55 [runtime] (run:local)       ID.F07840_2.SPATIAL_RNA_COUNTER_CS.SPATIAL_RNA_COUNTER.SPATIAL_POST_MATRIX_COMPUTATION.BIN_HD_DATA._BIN_HD_DATA.PROCESS_SEGMENTATIONS._PROCESS_SEGMENTATIONS.SPATIAL_CELL_RNA_ANALYZER.SUMMARIZE_ANALYSIS.fork0.chnk0.main
2025-10-22 00:22:59 [runtime] (chunks_complete) ID.F07840_2.SPATIAL_RNA_COUNTER_CS.SPATIAL_RNA_COUNTER.SPATIAL_POST_MATRIX_COMPUTATION.BIN_HD_DATA._BIN_HD_DATA.PROCESS_SEGMENTATIONS._PROCESS_SEGMENTATIONS.SPATIAL_CELL_RNA_ANALYZER.SUMMARIZE_ANALYSIS
2025-10-22 00:22:59 [runtime] (run:local)       ID.F07840_2.SPATIAL_RNA_COUNTER_CS.SPATIAL_RNA_COUNTER.SPATIAL_POST_MATRIX_COMPUTATION.BIN_HD_DATA._BIN_HD_DATA.PROCESS_SEGMENTATIONS._PROCESS_SEGMENTATIONS.SPATIAL_CELL_RNA_ANALYZER.SUMMARIZE_ANALYSIS.fork0.join
2025-10-22 00:23:01 [runtime] (join_complete)   ID.F07840_2.SPATIAL_RNA_COUNTER_CS.SPATIAL_RNA_COUNTER.SPATIAL_POST_MATRIX_COMPUTATION.BIN_HD_DATA._BIN_HD_DATA.PROCESS_SEGMENTATIONS._PROCESS_SEGMENTATIONS.SPATIAL_CELL_RNA_ANALYZER.SUMMARIZE_ANALYSIS
2025-10-22 00:23:02 [runtime] (ready)           ID.F07840_2.SPATIAL_RNA_COUNTER_CS.SPATIAL_RNA_COUNTER.SPATIAL_POST_MATRIX_COMPUTATION.HD_WEBSUMMARY_BUILDER.SEGMENTATION_ANALYSIS_PLOTS
2025-10-22 00:23:02 [runtime] (run:local)       ID.F07840_2.SPATIAL_RNA_COUNTER_CS.SPATIAL_RNA_COUNTER.SPATIAL_POST_MATRIX_COMPUTATION.HD_WEBSUMMARY_BUILDER.SEGMENTATION_ANALYSIS_PLOTS.fork0.split
2025-10-22 00:23:02 [runtime] (ready)           ID.F07840_2.SPATIAL_RNA_COUNTER_CS.SPATIAL_RNA_COUNTER.SPATIAL_POST_MATRIX_COMPUTATION.BIN_HD_DATA._BIN_HD_DATA.PROCESS_SEGMENTATIONS._PROCESS_SEGMENTATIONS.ANNOTATE_BOUNDS_EXPANDED_GEOJSON
2025-10-22 00:23:02 [runtime] (run:local)       ID.F07840_2.SPATIAL_RNA_COUNTER_CS.SPATIAL_RNA_COUNTER.SPATIAL_POST_MATRIX_COMPUTATION.BIN_HD_DATA._BIN_HD_DATA.PROCESS_SEGMENTATIONS._PROCESS_SEGMENTATIONS.ANNOTATE_BOUNDS_EXPANDED_GEOJSON.fork0.split
2025-10-22 00:23:02 [runtime] (ready)           ID.F07840_2.SPATIAL_RNA_COUNTER_CS.SPATIAL_RNA_COUNTER.SPATIAL_POST_MATRIX_COMPUTATION.BIN_HD_DATA._BIN_HD_DATA.PROCESS_SEGMENTATIONS.CELLSEG_CLOUPE_PREPROCESS
2025-10-22 00:23:02 [runtime] (run:local)       ID.F07840_2.SPATIAL_RNA_COUNTER_CS.SPATIAL_RNA_COUNTER.SPATIAL_POST_MATRIX_COMPUTATION.BIN_HD_DATA._BIN_HD_DATA.PROCESS_SEGMENTATIONS.CELLSEG_CLOUPE_PREPROCESS.fork0.split
2025-10-22 00:23:02 [runtime] (ready)           ID.F07840_2.SPATIAL_RNA_COUNTER_CS.SPATIAL_RNA_COUNTER.SPATIAL_POST_MATRIX_COMPUTATION.BIN_HD_DATA._BIN_HD_DATA.PROCESS_SEGMENTATIONS._PROCESS_SEGMENTATIONS.ANNOTATE_RAW_GEOJSON
2025-10-22 00:23:02 [runtime] (run:local)       ID.F07840_2.SPATIAL_RNA_COUNTER_CS.SPATIAL_RNA_COUNTER.SPATIAL_POST_MATRIX_COMPUTATION.BIN_HD_DATA._BIN_HD_DATA.PROCESS_SEGMENTATIONS._PROCESS_SEGMENTATIONS.ANNOTATE_RAW_GEOJSON.fork0.split
2025-10-22 00:23:02 [runtime] (ready)           ID.F07840_2.SPATIAL_RNA_COUNTER_CS.SPATIAL_RNA_COUNTER.SPATIAL_POST_MATRIX_COMPUTATION.BIN_HD_DATA._BIN_HD_DATA.GET_SEGMENTED_DIFFEXP_JSON
2025-10-22 00:23:02 [runtime] (run:local)       ID.F07840_2.SPATIAL_RNA_COUNTER_CS.SPATIAL_RNA_COUNTER.SPATIAL_POST_MATRIX_COMPUTATION.BIN_HD_DATA._BIN_HD_DATA.GET_SEGMENTED_DIFFEXP_JSON.fork0.chnk0.main
2025-10-22 00:23:02 [runtime] (ready)           ID.F07840_2.SPATIAL_RNA_COUNTER_CS.SPATIAL_RNA_COUNTER.SPATIAL_POST_MATRIX_COMPUTATION.HD_WEBSUMMARY_BUILDER.SEGMENTATION_SPATIAL_PLOTS
2025-10-22 00:23:02 [runtime] (run:local)       ID.F07840_2.SPATIAL_RNA_COUNTER_CS.SPATIAL_RNA_COUNTER.SPATIAL_POST_MATRIX_COMPUTATION.HD_WEBSUMMARY_BUILDER.SEGMENTATION_SPATIAL_PLOTS.fork0.chnk0.main
2025-10-22 00:23:03 [runtime] (split_complete)  ID.F07840_2.SPATIAL_RNA_COUNTER_CS.SPATIAL_RNA_COUNTER.SPATIAL_POST_MATRIX_COMPUTATION.BIN_HD_DATA._BIN_HD_DATA.PROCESS_SEGMENTATIONS._PROCESS_SEGMENTATIONS.ANNOTATE_BOUNDS_EXPANDED_GEOJSON
2025-10-22 00:23:03 [runtime] (run:local)       ID.F07840_2.SPATIAL_RNA_COUNTER_CS.SPATIAL_RNA_COUNTER.SPATIAL_POST_MATRIX_COMPUTATION.BIN_HD_DATA._BIN_HD_DATA.PROCESS_SEGMENTATIONS._PROCESS_SEGMENTATIONS.ANNOTATE_BOUNDS_EXPANDED_GEOJSON.fork0.join
2025-10-22 00:23:03 [runtime] (split_complete)  ID.F07840_2.SPATIAL_RNA_COUNTER_CS.SPATIAL_RNA_COUNTER.SPATIAL_POST_MATRIX_COMPUTATION.BIN_HD_DATA._BIN_HD_DATA.PROCESS_SEGMENTATIONS._PROCESS_SEGMENTATIONS.ANNOTATE_RAW_GEOJSON
2025-10-22 00:23:03 [runtime] (run:local)       ID.F07840_2.SPATIAL_RNA_COUNTER_CS.SPATIAL_RNA_COUNTER.SPATIAL_POST_MATRIX_COMPUTATION.BIN_HD_DATA._BIN_HD_DATA.PROCESS_SEGMENTATIONS._PROCESS_SEGMENTATIONS.ANNOTATE_RAW_GEOJSON.fork0.join
2025-10-22 00:23:04 [runtime] (split_complete)  ID.F07840_2.SPATIAL_RNA_COUNTER_CS.SPATIAL_RNA_COUNTER.SPATIAL_POST_MATRIX_COMPUTATION.BIN_HD_DATA._BIN_HD_DATA.PROCESS_SEGMENTATIONS.CELLSEG_CLOUPE_PREPROCESS
2025-10-22 00:23:04 [runtime] (run:local)       ID.F07840_2.SPATIAL_RNA_COUNTER_CS.SPATIAL_RNA_COUNTER.SPATIAL_POST_MATRIX_COMPUTATION.BIN_HD_DATA._BIN_HD_DATA.PROCESS_SEGMENTATIONS.CELLSEG_CLOUPE_PREPROCESS.fork0.join
2025-10-22 00:23:05 [runtime] (chunks_complete) ID.F07840_2.SPATIAL_RNA_COUNTER_CS.SPATIAL_RNA_COUNTER.SPATIAL_POST_MATRIX_COMPUTATION.BIN_HD_DATA._BIN_HD_DATA.GET_SEGMENTED_DIFFEXP_JSON
2025-10-22 00:23:07 [runtime] (split_complete)  ID.F07840_2.SPATIAL_RNA_COUNTER_CS.SPATIAL_RNA_COUNTER.SPATIAL_POST_MATRIX_COMPUTATION.HD_WEBSUMMARY_BUILDER.SEGMENTATION_ANALYSIS_PLOTS
2025-10-22 00:23:07 [runtime] (run:local)       ID.F07840_2.SPATIAL_RNA_COUNTER_CS.SPATIAL_RNA_COUNTER.SPATIAL_POST_MATRIX_COMPUTATION.HD_WEBSUMMARY_BUILDER.SEGMENTATION_ANALYSIS_PLOTS.fork0.join
2025-10-22 00:23:23 [runtime] (join_complete)   ID.F07840_2.SPATIAL_RNA_COUNTER_CS.SPATIAL_RNA_COUNTER.SPATIAL_POST_MATRIX_COMPUTATION.BIN_HD_DATA._BIN_HD_DATA.PROCESS_SEGMENTATIONS._PROCESS_SEGMENTATIONS.ANNOTATE_RAW_GEOJSON
2025-10-22 00:23:27 [runtime] (join_complete)   ID.F07840_2.SPATIAL_RNA_COUNTER_CS.SPATIAL_RNA_COUNTER.SPATIAL_POST_MATRIX_COMPUTATION.HD_WEBSUMMARY_BUILDER.SEGMENTATION_ANALYSIS_PLOTS
2025-10-22 00:23:34 [runtime] (chunks_complete) ID.F07840_2.SPATIAL_RNA_COUNTER_CS.SPATIAL_RNA_COUNTER.SPATIAL_POST_MATRIX_COMPUTATION.HD_WEBSUMMARY_BUILDER.SEGMENTATION_SPATIAL_PLOTS
2025-10-22 00:23:34 [runtime] (ready)           ID.F07840_2.SPATIAL_RNA_COUNTER_CS.SPATIAL_RNA_COUNTER.SPATIAL_POST_MATRIX_COMPUTATION.HD_WEBSUMMARY_BUILDER.GENERATE_HD_WEBSUMMARY_CS
2025-10-22 00:23:34 [runtime] (run:local)       ID.F07840_2.SPATIAL_RNA_COUNTER_CS.SPATIAL_RNA_COUNTER.SPATIAL_POST_MATRIX_COMPUTATION.HD_WEBSUMMARY_BUILDER.GENERATE_HD_WEBSUMMARY_CS.fork0.chnk0.main
2025-10-22 00:23:34 [runtime] (join_complete)   ID.F07840_2.SPATIAL_RNA_COUNTER_CS.SPATIAL_RNA_COUNTER.SPATIAL_POST_MATRIX_COMPUTATION.BIN_HD_DATA._BIN_HD_DATA.PROCESS_SEGMENTATIONS._PROCESS_SEGMENTATIONS.ANNOTATE_BOUNDS_EXPANDED_GEOJSON
2025-10-22 00:23:35 [runtime] (chunks_complete) ID.F07840_2.SPATIAL_RNA_COUNTER_CS.SPATIAL_RNA_COUNTER.SPATIAL_POST_MATRIX_COMPUTATION.HD_WEBSUMMARY_BUILDER.GENERATE_HD_WEBSUMMARY_CS
2025-10-22 00:23:36 [runtime] (ready)           ID.F07840_2.SPATIAL_RNA_COUNTER_CS.PICK_SPATIAL_COUNTER_OUTS
2025-10-22 00:23:36 [runtime] (run:local)       ID.F07840_2.SPATIAL_RNA_COUNTER_CS.PICK_SPATIAL_COUNTER_OUTS.fork0.chnk0.main
2025-10-22 00:23:36 [runtime] (chunks_complete) ID.F07840_2.SPATIAL_RNA_COUNTER_CS.PICK_SPATIAL_COUNTER_OUTS
2025-10-22 00:25:19 [runtime] (join_complete)   ID.F07840_2.SPATIAL_RNA_COUNTER_CS.SPATIAL_RNA_COUNTER.SPATIAL_POST_MATRIX_COMPUTATION.BIN_HD_DATA._BIN_HD_DATA.PROCESS_SEGMENTATIONS.CELLSEG_CLOUPE_PREPROCESS

Outputs:
- Run summary HTML:                                                         /home/janzules/spatial/second_run_output/mouse/F07840_2/outs/web_summary.html
- Outputs of spatial pipeline:
    Slide image annotated with fiducial alignment:                             /home/janzules/spatial/second_run_output/mouse/F07840_2/outs/spatial/aligned_fiducials.jpg
    Slide image annotated with detected tissue:                                /home/janzules/spatial/second_run_output/mouse/F07840_2/outs/spatial/detected_tissue_image.jpg
    Scale factors for hires and lowres images and fiducial and spot diameters: null
    Transform learned in tissue registration:                                  null
    Slide image scaled to 2000px in the largest dimension:                     /home/janzules/spatial/second_run_output/mouse/F07840_2/outs/spatial/tissue_hires_image.png
    Slide image scaled to 600px in the largest dimension:                      /home/janzules/spatial/second_run_output/mouse/F07840_2/outs/spatial/tissue_lowres_image.png
    RGB brightfield image generated by CytAssist instrument:                   /home/janzules/spatial/second_run_output/mouse/F07840_2/outs/spatial/cytassist_image.tiff
    Registration image between CytAssist image and microscope image:           /home/janzules/spatial/second_run_output/mouse/F07840_2/outs/spatial/aligned_tissue_image.jpg
    Slide position and tissue status of barcodes CSV:                          null
    Slide position and tissue status of barcodes PARQUET:                      null
    Per feature Moran's I CSV:                                                 null
    Fluorescence intensity at spot CSV:                                        null
- Run summary CSV:                                                          /home/janzules/spatial/second_run_output/mouse/F07840_2/outs/metrics_summary.csv
- BAM:                                                                      null
- BAM BAI index:                                                            null
- BAM CSI index:                                                            null
- Filtered feature-barcode matrices MEX:                                    null
- Filtered feature-barcode matrices HDF5:                                   null
- Unfiltered feature-barcode matrices MEX:                                  null
- Unfiltered feature-barcode matrices HDF5:                                 null
- Secondary analysis output CSV:                                            null
- Per-molecule read information:                                            /home/janzules/spatial/second_run_output/mouse/F07840_2/outs/molecule_info.h5
- Loupe Browser file:                                                       null
- Feature Reference:                                                        null
- Target Panel file:                                                        null
- Probe Set file:                                                           /home/janzules/spatial/second_run_output/mouse/F07840_2/outs/probe_set.csv
- Normalization factors used to normalize AB counts:                        null
- Deconvolution directory:                                                  null
- Raw probe barcode matrix:                                                 null
- Feature Slice matrix:                                                     /home/janzules/spatial/second_run_output/mouse/F07840_2/outs/feature_slice.h5
- Outputs at each bin level:                                                {
    square_002um:
      Raw probe barcode matrix:                 /home/janzules/spatial/second_run_output/mouse/F07840_2/outs/binned_outputs/square_002um/raw_probe_bc_matrix.h5
      Filtered feature-barcode matrices MEX:    /home/janzules/spatial/second_run_output/mouse/F07840_2/outs/binned_outputs/square_002um/filtered_feature_bc_matrix
      Filtered feature-barcode matrices HDF5:   /home/janzules/spatial/second_run_output/mouse/F07840_2/outs/binned_outputs/square_002um/filtered_feature_bc_matrix.h5
      Unfiltered feature-barcode matrices MEX:  /home/janzules/spatial/second_run_output/mouse/F07840_2/outs/binned_outputs/square_002um/raw_feature_bc_matrix
      Unfiltered feature-barcode matrices HDF5: /home/janzules/spatial/second_run_output/mouse/F07840_2/outs/binned_outputs/square_002um/raw_feature_bc_matrix.h5
      Secondary analysis output CSV:            null
      spatial:
        Slide image annotated with fiducial alignment:                             /home/janzules/spatial/second_run_output/mouse/F07840_2/outs/spatial/aligned_fiducials.jpg
        Slide image annotated with detected tissue:                                /home/janzules/spatial/second_run_output/mouse/F07840_2/outs/spatial/detected_tissue_image.jpg
        Scale factors for hires and lowres images and fiducial and spot diameters: /home/janzules/spatial/second_run_output/mouse/F07840_2/outs/binned_outputs/square_002um/spatial/scalefactors_json.json
        Transform learned in tissue registration:                                  null
        Slide image scaled to 2000px in the largest dimension:                     /home/janzules/spatial/second_run_output/mouse/F07840_2/outs/spatial/tissue_hires_image.png
        Slide image scaled to 600px in the largest dimension:                      /home/janzules/spatial/second_run_output/mouse/F07840_2/outs/spatial/tissue_lowres_image.png
        RGB brightfield image generated by CytAssist instrument:                   /home/janzules/spatial/second_run_output/mouse/F07840_2/outs/spatial/cytassist_image.tiff
        Registration image between CytAssist image and microscope image:           /home/janzules/spatial/second_run_output/mouse/F07840_2/outs/spatial/aligned_tissue_image.jpg
        Slide position and tissue status of barcodes CSV:                          null
        Slide position and tissue status of barcodes PARQUET:                      /home/janzules/spatial/second_run_output/mouse/F07840_2/outs/binned_outputs/square_002um/spatial/tissue_positions.parquet
        Per feature Moran's I CSV:                                                 null
        Fluorescence intensity at spot CSV:                                        null
      Loupe Browser file:                       null
    square_008um:
      Raw probe barcode matrix:                 null
      Filtered feature-barcode matrices MEX:    /home/janzules/spatial/second_run_output/mouse/F07840_2/outs/binned_outputs/square_008um/filtered_feature_bc_matrix
      Filtered feature-barcode matrices HDF5:   /home/janzules/spatial/second_run_output/mouse/F07840_2/outs/binned_outputs/square_008um/filtered_feature_bc_matrix.h5
      Unfiltered feature-barcode matrices MEX:  /home/janzules/spatial/second_run_output/mouse/F07840_2/outs/binned_outputs/square_008um/raw_feature_bc_matrix
      Unfiltered feature-barcode matrices HDF5: /home/janzules/spatial/second_run_output/mouse/F07840_2/outs/binned_outputs/square_008um/raw_feature_bc_matrix.h5
      Secondary analysis output CSV:            /home/janzules/spatial/second_run_output/mouse/F07840_2/outs/binned_outputs/square_008um/analysis
      spatial:
        Slide image annotated with fiducial alignment:                             /home/janzules/spatial/second_run_output/mouse/F07840_2/outs/spatial/aligned_fiducials.jpg
        Slide image annotated with detected tissue:                                /home/janzules/spatial/second_run_output/mouse/F07840_2/outs/spatial/detected_tissue_image.jpg
        Scale factors for hires and lowres images and fiducial and spot diameters: /home/janzules/spatial/second_run_output/mouse/F07840_2/outs/binned_outputs/square_008um/spatial/scalefactors_json.json
        Transform learned in tissue registration:                                  null
        Slide image scaled to 2000px in the largest dimension:                     /home/janzules/spatial/second_run_output/mouse/F07840_2/outs/spatial/tissue_hires_image.png
        Slide image scaled to 600px in the largest dimension:                      /home/janzules/spatial/second_run_output/mouse/F07840_2/outs/spatial/tissue_lowres_image.png
        RGB brightfield image generated by CytAssist instrument:                   /home/janzules/spatial/second_run_output/mouse/F07840_2/outs/spatial/cytassist_image.tiff
        Registration image between CytAssist image and microscope image:           /home/janzules/spatial/second_run_output/mouse/F07840_2/outs/spatial/aligned_tissue_image.jpg
        Slide position and tissue status of barcodes CSV:                          null
        Slide position and tissue status of barcodes PARQUET:                      /home/janzules/spatial/second_run_output/mouse/F07840_2/outs/binned_outputs/square_008um/spatial/tissue_positions.parquet
        Per feature Moran's I CSV:                                                 null
        Fluorescence intensity at spot CSV:                                        null
      Loupe Browser file:                       /home/janzules/spatial/second_run_output/mouse/F07840_2/outs/binned_outputs/square_008um/cloupe.cloupe
    square_016um:
      Raw probe barcode matrix:                 null
      Filtered feature-barcode matrices MEX:    /home/janzules/spatial/second_run_output/mouse/F07840_2/outs/binned_outputs/square_016um/filtered_feature_bc_matrix
      Filtered feature-barcode matrices HDF5:   /home/janzules/spatial/second_run_output/mouse/F07840_2/outs/binned_outputs/square_016um/filtered_feature_bc_matrix.h5
      Unfiltered feature-barcode matrices MEX:  /home/janzules/spatial/second_run_output/mouse/F07840_2/outs/binned_outputs/square_016um/raw_feature_bc_matrix
      Unfiltered feature-barcode matrices HDF5: /home/janzules/spatial/second_run_output/mouse/F07840_2/outs/binned_outputs/square_016um/raw_feature_bc_matrix.h5
      Secondary analysis output CSV:            /home/janzules/spatial/second_run_output/mouse/F07840_2/outs/binned_outputs/square_016um/analysis
      spatial:
        Slide image annotated with fiducial alignment:                             /home/janzules/spatial/second_run_output/mouse/F07840_2/outs/spatial/aligned_fiducials.jpg
        Slide image annotated with detected tissue:                                /home/janzules/spatial/second_run_output/mouse/F07840_2/outs/spatial/detected_tissue_image.jpg
        Scale factors for hires and lowres images and fiducial and spot diameters: /home/janzules/spatial/second_run_output/mouse/F07840_2/outs/binned_outputs/square_016um/spatial/scalefactors_json.json
        Transform learned in tissue registration:                                  null
        Slide image scaled to 2000px in the largest dimension:                     /home/janzules/spatial/second_run_output/mouse/F07840_2/outs/spatial/tissue_hires_image.png
        Slide image scaled to 600px in the largest dimension:                      /home/janzules/spatial/second_run_output/mouse/F07840_2/outs/spatial/tissue_lowres_image.png
        RGB brightfield image generated by CytAssist instrument:                   /home/janzules/spatial/second_run_output/mouse/F07840_2/outs/spatial/cytassist_image.tiff
        Registration image between CytAssist image and microscope image:           /home/janzules/spatial/second_run_output/mouse/F07840_2/outs/spatial/aligned_tissue_image.jpg
        Slide position and tissue status of barcodes CSV:                          null
        Slide position and tissue status of barcodes PARQUET:                      /home/janzules/spatial/second_run_output/mouse/F07840_2/outs/binned_outputs/square_016um/spatial/tissue_positions.parquet
        Per feature Moran's I CSV:                                                 null
        Fluorescence intensity at spot CSV:                                        null
      Loupe Browser file:                       null
  }
- Outputs of analyses on nuclear segmented cells:
    Unfiltered feature-barcode matrices HDF5:   /home/janzules/spatial/second_run_output/mouse/F07840_2/outs/segmented_outputs/raw_feature_cell_matrix.h5
    Filtered feature-barcode matrices HDF5:     /home/janzules/spatial/second_run_output/mouse/F07840_2/outs/segmented_outputs/filtered_feature_cell_matrix.h5
    Secondary analysis output CSV:              /home/janzules/spatial/second_run_output/mouse/F07840_2/outs/segmented_outputs/analysis
    raw_feature_cell_matrix:                    /home/janzules/spatial/second_run_output/mouse/F07840_2/outs/segmented_outputs/raw_feature_cell_matrix
    filtered_feature_cell_matrix:               /home/janzules/spatial/second_run_output/mouse/F07840_2/outs/segmented_outputs/filtered_feature_cell_matrix
    nucleus_segmentations:                      /home/janzules/spatial/second_run_output/mouse/F07840_2/outs/segmented_outputs/nucleus_segmentations.geojson
    cell_segmentations:                         /home/janzules/spatial/second_run_output/mouse/F07840_2/outs/segmented_outputs/cell_segmentations.geojson
    graphclust_annotated_nucleus_segmentations: /home/janzules/spatial/second_run_output/mouse/F07840_2/outs/segmented_outputs/graphclust_annotated_nucleus_segmentations.geojson
    graphclust_annotated_cell_segmentations:    /home/janzules/spatial/second_run_output/mouse/F07840_2/outs/segmented_outputs/graphclust_annotated_cell_segmentations.geojson
    cloupe:                                     /home/janzules/spatial/second_run_output/mouse/F07840_2/outs/segmented_outputs/cloupe.cloupe
    spatial:
      Slide image annotated with fiducial alignment:                             /home/janzules/spatial/second_run_output/mouse/F07840_2/outs/spatial/aligned_fiducials.jpg
      Slide image annotated with detected tissue:                                /home/janzules/spatial/second_run_output/mouse/F07840_2/outs/spatial/detected_tissue_image.jpg
      Scale factors for hires and lowres images and fiducial and spot diameters: /home/janzules/spatial/second_run_output/mouse/F07840_2/outs/segmented_outputs/spatial/scalefactors_json.json
      Transform learned in tissue registration:                                  null
      Slide image scaled to 2000px in the largest dimension:                     /home/janzules/spatial/second_run_output/mouse/F07840_2/outs/spatial/tissue_hires_image.png
      Slide image scaled to 600px in the largest dimension:                      /home/janzules/spatial/second_run_output/mouse/F07840_2/outs/spatial/tissue_lowres_image.png
      RGB brightfield image generated by CytAssist instrument:                   /home/janzules/spatial/second_run_output/mouse/F07840_2/outs/spatial/cytassist_image.tiff
      Registration image between CytAssist image and microscope image:           /home/janzules/spatial/second_run_output/mouse/F07840_2/outs/spatial/aligned_tissue_image.jpg
      Slide position and tissue status of barcodes CSV:                          null
      Slide position and tissue status of barcodes PARQUET:                      null
      Per feature Moran's I CSV:                                                 null
      Fluorescence intensity at spot CSV:                                        null
- File giving the mapping of every barcode to the bins and segmented cells: /home/janzules/spatial/second_run_output/mouse/F07840_2/outs/barcode_mappings.parquet
- Loupe Browser file (8um bin size):                                        /home/janzules/spatial/second_run_output/mouse/F07840_2/outs/binned_outputs/square_008um/cloupe.cloupe
- Loupe Browser file (custom bin size):                                     null
- Loupe Browser file (segmented cells):                                     /home/janzules/spatial/second_run_output/mouse/F07840_2/outs/segmented_outputs/cloupe.cloupe
- Name of this pipeline:                                                    SPATIAL_RNA_COUNTER_CS

Waiting 6 seconds for UI to do final refresh.
Pipestance completed successfully!

2025-10-22 00:26:32 Shutting down.
Saving pipestance info to "/home/janzules/spatial/second_run_output/mouse/F07840_2/F07840_2.mri.tgz"
