#====================================#
TGEN_ID=F07839_1n2
LOUPE_ALIGNMENT=/home/janzules/spatial/second_run_images/MouseVIsium_2025/121724-121924_RL_mRT_TMA4_1_TMA5_1/alignment/121924_RL_mRT_TMA4_Slide1.json
CYT_IMAGE=/home/janzules/spatial/second_run_images/MouseVIsium_2025/121724-121924_RL_mRT_TMA4_1_TMA5_1/cytassist/CAVG10409_2024-12-18_13-08-56_121824RLmRT_H1-QRYKX7B_A1_MRTTMA4.tif
HNE=/home/janzules/spatial/second_run_images/MouseVIsium_2025/121724-121924_RL_mRT_TMA4_1_TMA5_1/hne/121724_RL_mRT_TMA4_Slide_1.tif
SLIDE=H1-QRYKX7B
AREA=A1
FASTQS=/home/janzules/spatial/raw_data/for_spaceranger/F07839/1st_run,/home/janzules/spatial/raw_data/for_spaceranger/F07839/2nd_run

#====================================#
Martian Runtime - v4.0.14
Serving UI at http://ppxhpcnode03:41778?auth=7OoGgWb9_MqsczRwliQymnG7uD_H01kBl7C5H0IZ2dw

Running preflight checks (please wait)...
Checking sample info...
Checking FASTQ folder...
Checking reference...
Checking reference_path (/home/janzules/spatial/references/refdata-gex-mm10-2020-A) on ppxhpcnode03...
Checking read 2 length...
Checking optional arguments...
mro: v4.0.14
mrp: v4.0.14
python: Python 3.12.3
numpy: 1.26.4
scipy: 1.14.1
pysam: 0.22.1
h5py: 3.13.0
pandas: 2.2.3
STAR: 2.7.2a
samtools: samtools 1.16.1
2025-10-14 10:13:05 [runtime] (ready)           ID.F07839_1n2.SPATIAL_RNA_COUNTER_CS.SPATIAL_RNA_COUNTER.SPATIAL_POST_MATRIX_COMPUTATION.DISABLE_FEATURE_STAGES
2025-10-14 10:13:05 [runtime] (run:local)       ID.F07839_1n2.SPATIAL_RNA_COUNTER_CS.SPATIAL_RNA_COUNTER.SPATIAL_POST_MATRIX_COMPUTATION.DISABLE_FEATURE_STAGES.fork0.chnk0.main
2025-10-14 10:13:05 [runtime] (ready)           ID.F07839_1n2.SPATIAL_RNA_COUNTER_CS.SPATIAL_RNA_COUNTER_PREP.COPY_CHEMISTRY_SPEC
2025-10-14 10:13:05 [runtime] (run:local)       ID.F07839_1n2.SPATIAL_RNA_COUNTER_CS.SPATIAL_RNA_COUNTER_PREP.COPY_CHEMISTRY_SPEC.fork0.chnk0.main
2025-10-14 10:13:05 [runtime] (ready)           ID.F07839_1n2.SPATIAL_RNA_COUNTER_CS.SPATIAL_MATRIX_COMPUTER.WRITE_GENE_INDEX
2025-10-14 10:13:05 [runtime] (run:local)       ID.F07839_1n2.SPATIAL_RNA_COUNTER_CS.SPATIAL_MATRIX_COMPUTER.WRITE_GENE_INDEX.fork0.chnk0.main
2025-10-14 10:13:05 [runtime] (ready)           ID.F07839_1n2.SPATIAL_RNA_COUNTER_CS.USER_PROVIDED_SEGMENTATIONS
2025-10-14 10:13:05 [runtime] (run:local)       ID.F07839_1n2.SPATIAL_RNA_COUNTER_CS.USER_PROVIDED_SEGMENTATIONS.fork0.chnk0.main
2025-10-14 10:13:05 [runtime] (ready)           ID.F07839_1n2.SPATIAL_RNA_COUNTER_CS.SPATIAL_RNA_COUNTER_PREP.DISABLE_CORRECTION_FACTOR
2025-10-14 10:13:05 [runtime] (run:local)       ID.F07839_1n2.SPATIAL_RNA_COUNTER_CS.SPATIAL_RNA_COUNTER_PREP.DISABLE_CORRECTION_FACTOR.fork0.chnk0.main
2025-10-14 10:13:05 [runtime] (ready)           ID.F07839_1n2.SPATIAL_RNA_COUNTER_CS.FIX_CYTASSIST_IMAGE_COMPATIBILITY
2025-10-14 10:13:05 [runtime] (run:local)       ID.F07839_1n2.SPATIAL_RNA_COUNTER_CS.FIX_CYTASSIST_IMAGE_COMPATIBILITY.fork0.chnk0.main
2025-10-14 10:13:05 [runtime] (chunks_complete) ID.F07839_1n2.SPATIAL_RNA_COUNTER_CS.SPATIAL_RNA_COUNTER.SPATIAL_POST_MATRIX_COMPUTATION.DISABLE_FEATURE_STAGES
2025-10-14 10:13:06 [runtime] (chunks_complete) ID.F07839_1n2.SPATIAL_RNA_COUNTER_CS.USER_PROVIDED_SEGMENTATIONS
2025-10-14 10:13:06 [runtime] (chunks_complete) ID.F07839_1n2.SPATIAL_RNA_COUNTER_CS.SPATIAL_RNA_COUNTER_PREP.DISABLE_CORRECTION_FACTOR
2025-10-14 10:13:06 [runtime] (chunks_complete) ID.F07839_1n2.SPATIAL_RNA_COUNTER_CS.SPATIAL_RNA_COUNTER_PREP.COPY_CHEMISTRY_SPEC
2025-10-14 10:13:06 [runtime] (ready)           ID.F07839_1n2.SPATIAL_RNA_COUNTER_CS.SPATIAL_RNA_COUNTER_PREP.DETECT_CHEMISTRY
2025-10-14 10:13:06 [runtime] (run:local)       ID.F07839_1n2.SPATIAL_RNA_COUNTER_CS.SPATIAL_RNA_COUNTER_PREP.DETECT_CHEMISTRY.fork0.chnk0.main
2025-10-14 10:13:06 [runtime] (chunks_complete) ID.F07839_1n2.SPATIAL_RNA_COUNTER_CS.FIX_CYTASSIST_IMAGE_COMPATIBILITY
2025-10-14 10:13:06 [runtime] (ready)           ID.F07839_1n2.SPATIAL_RNA_COUNTER_CS.SPATIAL_IMAGING_CS.GET_CYTASSIST_RUN_METADATA
2025-10-14 10:13:06 [runtime] (run:local)       ID.F07839_1n2.SPATIAL_RNA_COUNTER_CS.SPATIAL_IMAGING_CS.GET_CYTASSIST_RUN_METADATA.fork0.chnk0.main
2025-10-14 10:13:07 [runtime] (chunks_complete) ID.F07839_1n2.SPATIAL_RNA_COUNTER_CS.SPATIAL_IMAGING_CS.GET_CYTASSIST_RUN_METADATA
2025-10-14 10:13:17 [runtime] (chunks_complete) ID.F07839_1n2.SPATIAL_RNA_COUNTER_CS.SPATIAL_MATRIX_COMPUTER.WRITE_GENE_INDEX
2025-10-14 10:13:17 [runtime] (chunks_complete) ID.F07839_1n2.SPATIAL_RNA_COUNTER_CS.SPATIAL_RNA_COUNTER_PREP.DETECT_CHEMISTRY
2025-10-14 10:13:17 [runtime] (ready)           ID.F07839_1n2.SPATIAL_RNA_COUNTER_CS.SPATIAL_RNA_COUNTER_PREP.MULTI_SETUP_CHUNKS
2025-10-14 10:13:18 [runtime] (run:local)       ID.F07839_1n2.SPATIAL_RNA_COUNTER_CS.SPATIAL_RNA_COUNTER_PREP.MULTI_SETUP_CHUNKS.fork0.chnk0.main
2025-10-14 10:13:18 [runtime] (ready)           ID.F07839_1n2.SPATIAL_RNA_COUNTER_CS.SPATIAL_MATRIX_COMPUTER.PARSE_TARGET_FEATURES
2025-10-14 10:13:18 [runtime] (run:local)       ID.F07839_1n2.SPATIAL_RNA_COUNTER_CS.SPATIAL_MATRIX_COMPUTER.PARSE_TARGET_FEATURES.fork0.chnk0.main
2025-10-14 10:13:18 [runtime] (chunks_complete) ID.F07839_1n2.SPATIAL_RNA_COUNTER_CS.SPATIAL_RNA_COUNTER_PREP.MULTI_SETUP_CHUNKS
2025-10-14 10:13:18 [runtime] (ready)           ID.F07839_1n2.SPATIAL_RNA_COUNTER_CS.SPATIAL_RNA_COUNTER_PREP.EXPECT_SINGLE_BARCODE_WHITELIST
2025-10-14 10:13:18 [runtime] (run:local)       ID.F07839_1n2.SPATIAL_RNA_COUNTER_CS.SPATIAL_RNA_COUNTER_PREP.EXPECT_SINGLE_BARCODE_WHITELIST.fork0.chnk0.main
2025-10-14 10:13:18 [runtime] (chunks_complete) ID.F07839_1n2.SPATIAL_RNA_COUNTER_CS.SPATIAL_RNA_COUNTER_PREP.EXPECT_SINGLE_BARCODE_WHITELIST
2025-10-14 10:13:18 [runtime] (ready)           ID.F07839_1n2.SPATIAL_RNA_COUNTER_CS.SPATIAL_IMAGING_CS.DETERMINE_PIPELINE_MODE
2025-10-14 10:13:18 [runtime] (run:local)       ID.F07839_1n2.SPATIAL_RNA_COUNTER_CS.SPATIAL_IMAGING_CS.DETERMINE_PIPELINE_MODE.fork0.chnk0.main
2025-10-14 10:13:18 [runtime] (ready)           ID.F07839_1n2.SPATIAL_RNA_COUNTER_CS.SPATIAL_RNA_COUNTER_PREP.WRITE_SPATIAL_BARCODE_INDEX
2025-10-14 10:13:18 [runtime] (run:local)       ID.F07839_1n2.SPATIAL_RNA_COUNTER_CS.SPATIAL_RNA_COUNTER_PREP.WRITE_SPATIAL_BARCODE_INDEX.fork0.split
2025-10-14 10:13:18 [runtime] (ready)           ID.F07839_1n2.SPATIAL_RNA_COUNTER_CS.SPATIAL_RNA_COUNTER_PREP.COMPUTE_CORRECTION_FACTOR
2025-10-14 10:13:19 [runtime] (chunks_complete) ID.F07839_1n2.SPATIAL_RNA_COUNTER_CS.SPATIAL_IMAGING_CS.DETERMINE_PIPELINE_MODE
2025-10-14 10:13:19 [runtime] (ready)           ID.F07839_1n2.SPATIAL_RNA_COUNTER_CS.SPATIAL_IMAGING_CS.STANDARDIZE_IMAGES
2025-10-14 10:13:19 [runtime] (run:local)       ID.F07839_1n2.SPATIAL_RNA_COUNTER_CS.SPATIAL_IMAGING_CS.STANDARDIZE_IMAGES.fork0.split
2025-10-14 10:13:19 [runtime] (ready)           ID.F07839_1n2.SPATIAL_RNA_COUNTER_CS.SPATIAL_RNA_COUNTER.SPATIAL_POST_MATRIX_COMPUTATION.WEBSUMMARY_ALERTS
2025-10-14 10:13:19 [runtime] (run:local)       ID.F07839_1n2.SPATIAL_RNA_COUNTER_CS.SPATIAL_RNA_COUNTER.SPATIAL_POST_MATRIX_COMPUTATION.WEBSUMMARY_ALERTS.fork0.chnk0.main
2025-10-14 10:13:19 [runtime] (ready)           ID.F07839_1n2.SPATIAL_RNA_COUNTER_CS.SPATIAL_RNA_COUNTER.SPATIAL_POST_MATRIX_COMPUTATION.DISABLE_SD_ONLY_STAGES
2025-10-14 10:13:19 [runtime] (run:local)       ID.F07839_1n2.SPATIAL_RNA_COUNTER_CS.SPATIAL_RNA_COUNTER.SPATIAL_POST_MATRIX_COMPUTATION.DISABLE_SD_ONLY_STAGES.fork0.chnk0.main
2025-10-14 10:13:19 [runtime] (ready)           ID.F07839_1n2.SPATIAL_RNA_COUNTER_CS.SPATIAL_IMAGING_CS.DISABLE_IMAGING_STAGES
2025-10-14 10:13:19 [runtime] (run:local)       ID.F07839_1n2.SPATIAL_RNA_COUNTER_CS.SPATIAL_IMAGING_CS.DISABLE_IMAGING_STAGES.fork0.chnk0.main
2025-10-14 10:13:19 [runtime] (split_complete)  ID.F07839_1n2.SPATIAL_RNA_COUNTER_CS.SPATIAL_RNA_COUNTER_PREP.WRITE_SPATIAL_BARCODE_INDEX
2025-10-14 10:13:19 [runtime] (run:local)       ID.F07839_1n2.SPATIAL_RNA_COUNTER_CS.SPATIAL_RNA_COUNTER_PREP.WRITE_SPATIAL_BARCODE_INDEX.fork0.join
2025-10-14 10:13:26 [runtime] (join_complete)   ID.F07839_1n2.SPATIAL_RNA_COUNTER_CS.SPATIAL_RNA_COUNTER_PREP.WRITE_SPATIAL_BARCODE_INDEX
2025-10-14 10:13:28 [runtime] (chunks_complete) ID.F07839_1n2.SPATIAL_RNA_COUNTER_CS.SPATIAL_MATRIX_COMPUTER.PARSE_TARGET_FEATURES
2025-10-14 10:13:28 [runtime] (ready)           ID.F07839_1n2.SPATIAL_RNA_COUNTER_CS.SPATIAL_MATRIX_COMPUTER.SETUP_REFERENCE_INFO
2025-10-14 10:13:28 [runtime] (run:local)       ID.F07839_1n2.SPATIAL_RNA_COUNTER_CS.SPATIAL_MATRIX_COMPUTER.SETUP_REFERENCE_INFO.fork0.chnk0.main
2025-10-14 10:13:28 [runtime] (ready)           ID.F07839_1n2.SPATIAL_RNA_COUNTER_CS.SPATIAL_RNA_COUNTER.SPATIAL_POST_MATRIX_COMPUTATION._TARGETED_ANALYZER.DISABLE_TARGETED_STAGES
2025-10-14 10:13:28 [runtime] (run:local)       ID.F07839_1n2.SPATIAL_RNA_COUNTER_CS.SPATIAL_RNA_COUNTER.SPATIAL_POST_MATRIX_COMPUTATION._TARGETED_ANALYZER.DISABLE_TARGETED_STAGES.fork0.chnk0.main
2025-10-14 10:13:28 [runtime] (chunks_complete) ID.F07839_1n2.SPATIAL_RNA_COUNTER_CS.SPATIAL_MATRIX_COMPUTER.SETUP_REFERENCE_INFO
2025-10-14 10:13:29 [runtime] (ready)           ID.F07839_1n2.SPATIAL_RNA_COUNTER_CS.SPATIAL_MATRIX_COMPUTER._MATRIX_COMPUTER.MAKE_SHARD
2025-10-14 10:13:29 [runtime] (run:local)       ID.F07839_1n2.SPATIAL_RNA_COUNTER_CS.SPATIAL_MATRIX_COMPUTER._MATRIX_COMPUTER.MAKE_SHARD.fork0.split
2025-10-14 10:13:29 [runtime] (chunks_complete) ID.F07839_1n2.SPATIAL_RNA_COUNTER_CS.SPATIAL_RNA_COUNTER.SPATIAL_POST_MATRIX_COMPUTATION.DISABLE_SD_ONLY_STAGES
2025-10-14 10:13:29 [runtime] (chunks_complete) ID.F07839_1n2.SPATIAL_RNA_COUNTER_CS.SPATIAL_IMAGING_CS.DISABLE_IMAGING_STAGES
2025-10-14 10:13:30 [runtime] (chunks_complete) ID.F07839_1n2.SPATIAL_RNA_COUNTER_CS.SPATIAL_RNA_COUNTER.SPATIAL_POST_MATRIX_COMPUTATION.WEBSUMMARY_ALERTS
2025-10-14 10:13:30 [runtime] (ready)           ID.F07839_1n2.SPATIAL_RNA_COUNTER_CS.SPATIAL_RNA_COUNTER.SPATIAL_POST_MATRIX_COMPUTATION.BIN_HD_DATA.SETUP_BINNING
2025-10-14 10:13:30 [runtime] (run:local)       ID.F07839_1n2.SPATIAL_RNA_COUNTER_CS.SPATIAL_RNA_COUNTER.SPATIAL_POST_MATRIX_COMPUTATION.BIN_HD_DATA.SETUP_BINNING.fork0.chnk0.main
2025-10-14 10:13:30 [runtime] (chunks_complete) ID.F07839_1n2.SPATIAL_RNA_COUNTER_CS.SPATIAL_RNA_COUNTER.SPATIAL_POST_MATRIX_COMPUTATION.BIN_HD_DATA.SETUP_BINNING
2025-10-14 10:13:31 [runtime] (chunks_complete) ID.F07839_1n2.SPATIAL_RNA_COUNTER_CS.SPATIAL_RNA_COUNTER.SPATIAL_POST_MATRIX_COMPUTATION._TARGETED_ANALYZER.DISABLE_TARGETED_STAGES
2025-10-14 10:13:34 [runtime] (split_complete)  ID.F07839_1n2.SPATIAL_RNA_COUNTER_CS.SPATIAL_IMAGING_CS.STANDARDIZE_IMAGES
2025-10-14 10:13:34 [runtime] (run:local)       ID.F07839_1n2.SPATIAL_RNA_COUNTER_CS.SPATIAL_IMAGING_CS.STANDARDIZE_IMAGES.fork0.join
2025-10-14 10:13:38 [runtime] (split_complete)  ID.F07839_1n2.SPATIAL_RNA_COUNTER_CS.SPATIAL_MATRIX_COMPUTER._MATRIX_COMPUTER.MAKE_SHARD
2025-10-14 10:13:38 [runtime] (run:local)       ID.F07839_1n2.SPATIAL_RNA_COUNTER_CS.SPATIAL_MATRIX_COMPUTER._MATRIX_COMPUTER.MAKE_SHARD.fork0.chnk0.main
2025-10-14 10:13:38 [runtime] (run:local)       ID.F07839_1n2.SPATIAL_RNA_COUNTER_CS.SPATIAL_MATRIX_COMPUTER._MATRIX_COMPUTER.MAKE_SHARD.fork0.chnk1.main
2025-10-14 10:14:16 [runtime] (join_complete)   ID.F07839_1n2.SPATIAL_RNA_COUNTER_CS.SPATIAL_IMAGING_CS.STANDARDIZE_IMAGES
2025-10-14 10:14:23 [runtime] (ready)           ID.F07839_1n2.SPATIAL_RNA_COUNTER_CS.SPATIAL_IMAGING_CS.LOUPE_ALIGNMENT_READER
2025-10-14 10:14:24 [runtime] (run:local)       ID.F07839_1n2.SPATIAL_RNA_COUNTER_CS.SPATIAL_IMAGING_CS.LOUPE_ALIGNMENT_READER.fork0.split
2025-10-14 10:14:24 [runtime] (ready)           ID.F07839_1n2.SPATIAL_RNA_COUNTER_CS.CLOUPE_TILE_IMAGES
2025-10-14 10:14:24 [runtime] (run:local)       ID.F07839_1n2.SPATIAL_RNA_COUNTER_CS.CLOUPE_TILE_IMAGES.fork0.split
2025-10-14 10:14:57 [runtime] (split_complete)  ID.F07839_1n2.SPATIAL_RNA_COUNTER_CS.CLOUPE_TILE_IMAGES
2025-10-14 10:14:57 [runtime] (run:local)       ID.F07839_1n2.SPATIAL_RNA_COUNTER_CS.CLOUPE_TILE_IMAGES.fork0.join
2025-10-14 10:14:59 [runtime] (split_complete)  ID.F07839_1n2.SPATIAL_RNA_COUNTER_CS.SPATIAL_IMAGING_CS.LOUPE_ALIGNMENT_READER
2025-10-14 10:14:59 [runtime] (run:local)       ID.F07839_1n2.SPATIAL_RNA_COUNTER_CS.SPATIAL_IMAGING_CS.LOUPE_ALIGNMENT_READER.fork0.join
2025-10-14 10:15:01 [runtime] (join_complete)   ID.F07839_1n2.SPATIAL_RNA_COUNTER_CS.SPATIAL_IMAGING_CS.LOUPE_ALIGNMENT_READER
2025-10-14 10:15:01 [runtime] (ready)           ID.F07839_1n2.SPATIAL_RNA_COUNTER_CS.SPATIAL_IMAGING_CS.GPR_READER
2025-10-14 10:15:01 [runtime] (ready)           ID.F07839_1n2.SPATIAL_RNA_COUNTER_CS.SPATIAL_IMAGING_CS.HD_LAYOUT_READER
2025-10-14 10:15:01 [runtime] (run:local)       ID.F07839_1n2.SPATIAL_RNA_COUNTER_CS.SPATIAL_IMAGING_CS.HD_LAYOUT_READER.fork0.chnk0.main
2025-10-14 10:15:01 [runtime] (chunks_complete) ID.F07839_1n2.SPATIAL_RNA_COUNTER_CS.SPATIAL_IMAGING_CS.HD_LAYOUT_READER
2025-10-14 10:15:02 [runtime] (ready)           ID.F07839_1n2.SPATIAL_RNA_COUNTER_CS.SPATIAL_IMAGING_CS.ALIGN_FIDUCIALS
2025-10-14 10:15:02 [runtime] (run:local)       ID.F07839_1n2.SPATIAL_RNA_COUNTER_CS.SPATIAL_IMAGING_CS.ALIGN_FIDUCIALS.fork0.split
2025-10-14 10:15:11 [runtime] (split_complete)  ID.F07839_1n2.SPATIAL_RNA_COUNTER_CS.SPATIAL_IMAGING_CS.ALIGN_FIDUCIALS
2025-10-14 10:15:11 [runtime] (run:local)       ID.F07839_1n2.SPATIAL_RNA_COUNTER_CS.SPATIAL_IMAGING_CS.ALIGN_FIDUCIALS.fork0.join
2025-10-14 10:15:24 [runtime] (join_complete)   ID.F07839_1n2.SPATIAL_RNA_COUNTER_CS.SPATIAL_IMAGING_CS.ALIGN_FIDUCIALS
2025-10-14 10:15:29 [runtime] (ready)           ID.F07839_1n2.SPATIAL_RNA_COUNTER_CS.SPATIAL_IMAGING_CS.REGISTER_TISSUE.SEED_REGISTRATION
2025-10-14 10:15:30 [runtime] (run:local)       ID.F07839_1n2.SPATIAL_RNA_COUNTER_CS.SPATIAL_IMAGING_CS.REGISTER_TISSUE.SEED_REGISTRATION.fork0.split
2025-10-14 10:16:11 [runtime] (split_complete)  ID.F07839_1n2.SPATIAL_RNA_COUNTER_CS.SPATIAL_IMAGING_CS.REGISTER_TISSUE.SEED_REGISTRATION
2025-10-14 10:16:11 [runtime] (run:local)       ID.F07839_1n2.SPATIAL_RNA_COUNTER_CS.SPATIAL_IMAGING_CS.REGISTER_TISSUE.SEED_REGISTRATION.fork0.join
2025-10-14 10:16:49 [runtime] (join_complete)   ID.F07839_1n2.SPATIAL_RNA_COUNTER_CS.SPATIAL_IMAGING_CS.REGISTER_TISSUE.SEED_REGISTRATION
2025-10-14 10:16:51 [runtime] (ready)           ID.F07839_1n2.SPATIAL_RNA_COUNTER_CS.SPATIAL_IMAGING_CS.REGISTER_TISSUE.REGISTER_FROM_INIT
2025-10-14 10:16:51 [runtime] (run:local)       ID.F07839_1n2.SPATIAL_RNA_COUNTER_CS.SPATIAL_IMAGING_CS.REGISTER_TISSUE.REGISTER_FROM_INIT.fork0.split
2025-10-14 10:17:05 [runtime] (join_complete)   ID.F07839_1n2.SPATIAL_RNA_COUNTER_CS.CLOUPE_TILE_IMAGES
2025-10-14 10:17:06 [runtime] (split_complete)  ID.F07839_1n2.SPATIAL_RNA_COUNTER_CS.SPATIAL_IMAGING_CS.REGISTER_TISSUE.REGISTER_FROM_INIT
2025-10-14 10:17:06 [runtime] (run:local)       ID.F07839_1n2.SPATIAL_RNA_COUNTER_CS.SPATIAL_IMAGING_CS.REGISTER_TISSUE.REGISTER_FROM_INIT.fork0.join
2025-10-14 10:17:12 [runtime] (join_complete)   ID.F07839_1n2.SPATIAL_RNA_COUNTER_CS.SPATIAL_IMAGING_CS.REGISTER_TISSUE.REGISTER_FROM_INIT
2025-10-14 10:17:12 [runtime] (ready)           ID.F07839_1n2.SPATIAL_RNA_COUNTER_CS.SPATIAL_IMAGING_CS.REGISTER_TISSUE.SUMMARIZE_REGISTRATION
2025-10-14 10:17:12 [runtime] (run:local)       ID.F07839_1n2.SPATIAL_RNA_COUNTER_CS.SPATIAL_IMAGING_CS.REGISTER_TISSUE.SUMMARIZE_REGISTRATION.fork0.chnk0.main
2025-10-14 10:18:15 [runtime] (chunks_complete) ID.F07839_1n2.SPATIAL_RNA_COUNTER_CS.SPATIAL_IMAGING_CS.REGISTER_TISSUE.SUMMARIZE_REGISTRATION
2025-10-14 10:19:43 [runtime] (update)          ID.F07839_1n2.SPATIAL_RNA_COUNTER_CS.SPATIAL_MATRIX_COMPUTER._MATRIX_COMPUTER.MAKE_SHARD.fork0 chunks running (0/2 completed)
2025-10-14 10:25:45 [runtime] (update)          ID.F07839_1n2.SPATIAL_RNA_COUNTER_CS.SPATIAL_MATRIX_COMPUTER._MATRIX_COMPUTER.MAKE_SHARD.fork0 chunks running (0/2 completed)
2025-10-14 10:31:21 [runtime] (update)          ID.F07839_1n2.SPATIAL_RNA_COUNTER_CS.SPATIAL_MATRIX_COMPUTER._MATRIX_COMPUTER.MAKE_SHARD.fork0 chunks running (1/2 completed)
2025-10-14 10:37:46 [runtime] (update)          ID.F07839_1n2.SPATIAL_RNA_COUNTER_CS.SPATIAL_MATRIX_COMPUTER._MATRIX_COMPUTER.MAKE_SHARD.fork0 chunks running (1/2 completed)
2025-10-14 10:38:49 [runtime] (chunks_complete) ID.F07839_1n2.SPATIAL_RNA_COUNTER_CS.SPATIAL_MATRIX_COMPUTER._MATRIX_COMPUTER.MAKE_SHARD
2025-10-14 10:38:49 [runtime] (run:local)       ID.F07839_1n2.SPATIAL_RNA_COUNTER_CS.SPATIAL_MATRIX_COMPUTER._MATRIX_COMPUTER.MAKE_SHARD.fork0.join
2025-10-14 10:38:58 [runtime] (join_complete)   ID.F07839_1n2.SPATIAL_RNA_COUNTER_CS.SPATIAL_MATRIX_COMPUTER._MATRIX_COMPUTER.MAKE_SHARD
2025-10-14 10:38:58 [runtime] (ready)           ID.F07839_1n2.SPATIAL_RNA_COUNTER_CS.SPATIAL_MATRIX_COMPUTER._MATRIX_COMPUTER.MAKE_CORRECTION_MAP
2025-10-14 10:38:58 [runtime] (run:local)       ID.F07839_1n2.SPATIAL_RNA_COUNTER_CS.SPATIAL_MATRIX_COMPUTER._MATRIX_COMPUTER.MAKE_CORRECTION_MAP.fork0.split
2025-10-14 10:38:58 [runtime] (split_complete)  ID.F07839_1n2.SPATIAL_RNA_COUNTER_CS.SPATIAL_MATRIX_COMPUTER._MATRIX_COMPUTER.MAKE_CORRECTION_MAP
2025-10-14 10:38:58 [runtime] (run:local)       ID.F07839_1n2.SPATIAL_RNA_COUNTER_CS.SPATIAL_MATRIX_COMPUTER._MATRIX_COMPUTER.MAKE_CORRECTION_MAP.fork0.join
2025-10-14 10:39:52 [runtime] (join_complete)   ID.F07839_1n2.SPATIAL_RNA_COUNTER_CS.SPATIAL_MATRIX_COMPUTER._MATRIX_COMPUTER.MAKE_CORRECTION_MAP
2025-10-14 10:39:52 [runtime] (ready)           ID.F07839_1n2.SPATIAL_RNA_COUNTER_CS.SPATIAL_MATRIX_COMPUTER._MATRIX_COMPUTER.BARCODE_CORRECTION
2025-10-14 10:39:52 [runtime] (run:local)       ID.F07839_1n2.SPATIAL_RNA_COUNTER_CS.SPATIAL_MATRIX_COMPUTER._MATRIX_COMPUTER.BARCODE_CORRECTION.fork0.split
2025-10-14 10:39:52 [runtime] (split_complete)  ID.F07839_1n2.SPATIAL_RNA_COUNTER_CS.SPATIAL_MATRIX_COMPUTER._MATRIX_COMPUTER.BARCODE_CORRECTION
2025-10-14 10:39:53 [runtime] (run:local)       ID.F07839_1n2.SPATIAL_RNA_COUNTER_CS.SPATIAL_MATRIX_COMPUTER._MATRIX_COMPUTER.BARCODE_CORRECTION.fork0.chnk000.main
2025-10-14 10:39:53 [runtime] (run:local)       ID.F07839_1n2.SPATIAL_RNA_COUNTER_CS.SPATIAL_MATRIX_COMPUTER._MATRIX_COMPUTER.BARCODE_CORRECTION.fork0.chnk001.main
2025-10-14 10:39:53 [runtime] (run:local)       ID.F07839_1n2.SPATIAL_RNA_COUNTER_CS.SPATIAL_MATRIX_COMPUTER._MATRIX_COMPUTER.BARCODE_CORRECTION.fork0.chnk002.main
2025-10-14 10:39:53 [runtime] (run:local)       ID.F07839_1n2.SPATIAL_RNA_COUNTER_CS.SPATIAL_MATRIX_COMPUTER._MATRIX_COMPUTER.BARCODE_CORRECTION.fork0.chnk003.main
2025-10-14 10:39:53 [runtime] (run:local)       ID.F07839_1n2.SPATIAL_RNA_COUNTER_CS.SPATIAL_MATRIX_COMPUTER._MATRIX_COMPUTER.BARCODE_CORRECTION.fork0.chnk004.main
2025-10-14 10:39:53 [runtime] (run:local)       ID.F07839_1n2.SPATIAL_RNA_COUNTER_CS.SPATIAL_MATRIX_COMPUTER._MATRIX_COMPUTER.BARCODE_CORRECTION.fork0.chnk005.main
2025-10-14 10:39:53 [runtime] (run:local)       ID.F07839_1n2.SPATIAL_RNA_COUNTER_CS.SPATIAL_MATRIX_COMPUTER._MATRIX_COMPUTER.BARCODE_CORRECTION.fork0.chnk006.main
2025-10-14 10:39:53 [runtime] (run:local)       ID.F07839_1n2.SPATIAL_RNA_COUNTER_CS.SPATIAL_MATRIX_COMPUTER._MATRIX_COMPUTER.BARCODE_CORRECTION.fork0.chnk007.main
2025-10-14 10:39:54 [runtime] (run:local)       ID.F07839_1n2.SPATIAL_RNA_COUNTER_CS.SPATIAL_MATRIX_COMPUTER._MATRIX_COMPUTER.BARCODE_CORRECTION.fork0.chnk008.main
2025-10-14 10:39:54 [runtime] (run:local)       ID.F07839_1n2.SPATIAL_RNA_COUNTER_CS.SPATIAL_MATRIX_COMPUTER._MATRIX_COMPUTER.BARCODE_CORRECTION.fork0.chnk009.main
2025-10-14 10:39:54 [runtime] (run:local)       ID.F07839_1n2.SPATIAL_RNA_COUNTER_CS.SPATIAL_MATRIX_COMPUTER._MATRIX_COMPUTER.BARCODE_CORRECTION.fork0.chnk010.main
2025-10-14 10:39:54 [runtime] (run:local)       ID.F07839_1n2.SPATIAL_RNA_COUNTER_CS.SPATIAL_MATRIX_COMPUTER._MATRIX_COMPUTER.BARCODE_CORRECTION.fork0.chnk011.main
2025-10-14 10:39:54 [runtime] (run:local)       ID.F07839_1n2.SPATIAL_RNA_COUNTER_CS.SPATIAL_MATRIX_COMPUTER._MATRIX_COMPUTER.BARCODE_CORRECTION.fork0.chnk012.main
2025-10-14 10:39:54 [runtime] (run:local)       ID.F07839_1n2.SPATIAL_RNA_COUNTER_CS.SPATIAL_MATRIX_COMPUTER._MATRIX_COMPUTER.BARCODE_CORRECTION.fork0.chnk013.main
2025-10-14 10:39:54 [runtime] (run:local)       ID.F07839_1n2.SPATIAL_RNA_COUNTER_CS.SPATIAL_MATRIX_COMPUTER._MATRIX_COMPUTER.BARCODE_CORRECTION.fork0.chnk014.main
2025-10-14 10:39:54 [runtime] (run:local)       ID.F07839_1n2.SPATIAL_RNA_COUNTER_CS.SPATIAL_MATRIX_COMPUTER._MATRIX_COMPUTER.BARCODE_CORRECTION.fork0.chnk015.main
2025-10-14 10:39:54 [runtime] (run:local)       ID.F07839_1n2.SPATIAL_RNA_COUNTER_CS.SPATIAL_MATRIX_COMPUTER._MATRIX_COMPUTER.BARCODE_CORRECTION.fork0.chnk016.main
2025-10-14 10:39:54 [runtime] (run:local)       ID.F07839_1n2.SPATIAL_RNA_COUNTER_CS.SPATIAL_MATRIX_COMPUTER._MATRIX_COMPUTER.BARCODE_CORRECTION.fork0.chnk017.main
2025-10-14 10:39:54 [runtime] (run:local)       ID.F07839_1n2.SPATIAL_RNA_COUNTER_CS.SPATIAL_MATRIX_COMPUTER._MATRIX_COMPUTER.BARCODE_CORRECTION.fork0.chnk018.main
2025-10-14 10:39:54 [runtime] (run:local)       ID.F07839_1n2.SPATIAL_RNA_COUNTER_CS.SPATIAL_MATRIX_COMPUTER._MATRIX_COMPUTER.BARCODE_CORRECTION.fork0.chnk019.main
2025-10-14 10:39:54 [runtime] (run:local)       ID.F07839_1n2.SPATIAL_RNA_COUNTER_CS.SPATIAL_MATRIX_COMPUTER._MATRIX_COMPUTER.BARCODE_CORRECTION.fork0.chnk020.main
2025-10-14 10:39:54 [runtime] (run:local)       ID.F07839_1n2.SPATIAL_RNA_COUNTER_CS.SPATIAL_MATRIX_COMPUTER._MATRIX_COMPUTER.BARCODE_CORRECTION.fork0.chnk021.main
2025-10-14 10:39:54 [runtime] (run:local)       ID.F07839_1n2.SPATIAL_RNA_COUNTER_CS.SPATIAL_MATRIX_COMPUTER._MATRIX_COMPUTER.BARCODE_CORRECTION.fork0.chnk022.main
2025-10-14 10:39:54 [runtime] (run:local)       ID.F07839_1n2.SPATIAL_RNA_COUNTER_CS.SPATIAL_MATRIX_COMPUTER._MATRIX_COMPUTER.BARCODE_CORRECTION.fork0.chnk023.main
2025-10-14 10:39:54 [runtime] (run:local)       ID.F07839_1n2.SPATIAL_RNA_COUNTER_CS.SPATIAL_MATRIX_COMPUTER._MATRIX_COMPUTER.BARCODE_CORRECTION.fork0.chnk024.main
2025-10-14 10:39:54 [runtime] (run:local)       ID.F07839_1n2.SPATIAL_RNA_COUNTER_CS.SPATIAL_MATRIX_COMPUTER._MATRIX_COMPUTER.BARCODE_CORRECTION.fork0.chnk025.main
2025-10-14 10:39:54 [runtime] (run:local)       ID.F07839_1n2.SPATIAL_RNA_COUNTER_CS.SPATIAL_MATRIX_COMPUTER._MATRIX_COMPUTER.BARCODE_CORRECTION.fork0.chnk026.main
2025-10-14 10:39:54 [runtime] (run:local)       ID.F07839_1n2.SPATIAL_RNA_COUNTER_CS.SPATIAL_MATRIX_COMPUTER._MATRIX_COMPUTER.BARCODE_CORRECTION.fork0.chnk027.main
2025-10-14 10:39:54 [runtime] (run:local)       ID.F07839_1n2.SPATIAL_RNA_COUNTER_CS.SPATIAL_MATRIX_COMPUTER._MATRIX_COMPUTER.BARCODE_CORRECTION.fork0.chnk028.main
2025-10-14 10:39:54 [runtime] (run:local)       ID.F07839_1n2.SPATIAL_RNA_COUNTER_CS.SPATIAL_MATRIX_COMPUTER._MATRIX_COMPUTER.BARCODE_CORRECTION.fork0.chnk029.main
2025-10-14 10:39:54 [runtime] (run:local)       ID.F07839_1n2.SPATIAL_RNA_COUNTER_CS.SPATIAL_MATRIX_COMPUTER._MATRIX_COMPUTER.BARCODE_CORRECTION.fork0.chnk030.main
2025-10-14 10:39:54 [runtime] (run:local)       ID.F07839_1n2.SPATIAL_RNA_COUNTER_CS.SPATIAL_MATRIX_COMPUTER._MATRIX_COMPUTER.BARCODE_CORRECTION.fork0.chnk031.main
2025-10-14 10:39:54 [runtime] (run:local)       ID.F07839_1n2.SPATIAL_RNA_COUNTER_CS.SPATIAL_MATRIX_COMPUTER._MATRIX_COMPUTER.BARCODE_CORRECTION.fork0.chnk032.main
2025-10-14 10:39:54 [runtime] (run:local)       ID.F07839_1n2.SPATIAL_RNA_COUNTER_CS.SPATIAL_MATRIX_COMPUTER._MATRIX_COMPUTER.BARCODE_CORRECTION.fork0.chnk033.main
2025-10-14 10:39:54 [runtime] (run:local)       ID.F07839_1n2.SPATIAL_RNA_COUNTER_CS.SPATIAL_MATRIX_COMPUTER._MATRIX_COMPUTER.BARCODE_CORRECTION.fork0.chnk034.main
2025-10-14 10:39:54 [runtime] (run:local)       ID.F07839_1n2.SPATIAL_RNA_COUNTER_CS.SPATIAL_MATRIX_COMPUTER._MATRIX_COMPUTER.BARCODE_CORRECTION.fork0.chnk035.main
2025-10-14 10:39:54 [runtime] (run:local)       ID.F07839_1n2.SPATIAL_RNA_COUNTER_CS.SPATIAL_MATRIX_COMPUTER._MATRIX_COMPUTER.BARCODE_CORRECTION.fork0.chnk036.main
2025-10-14 10:39:54 [runtime] (run:local)       ID.F07839_1n2.SPATIAL_RNA_COUNTER_CS.SPATIAL_MATRIX_COMPUTER._MATRIX_COMPUTER.BARCODE_CORRECTION.fork0.chnk037.main
2025-10-14 10:39:54 [runtime] (run:local)       ID.F07839_1n2.SPATIAL_RNA_COUNTER_CS.SPATIAL_MATRIX_COMPUTER._MATRIX_COMPUTER.BARCODE_CORRECTION.fork0.chnk038.main
2025-10-14 10:39:54 [runtime] (run:local)       ID.F07839_1n2.SPATIAL_RNA_COUNTER_CS.SPATIAL_MATRIX_COMPUTER._MATRIX_COMPUTER.BARCODE_CORRECTION.fork0.chnk039.main
2025-10-14 10:39:54 [runtime] (run:local)       ID.F07839_1n2.SPATIAL_RNA_COUNTER_CS.SPATIAL_MATRIX_COMPUTER._MATRIX_COMPUTER.BARCODE_CORRECTION.fork0.chnk040.main
2025-10-14 10:39:54 [runtime] (run:local)       ID.F07839_1n2.SPATIAL_RNA_COUNTER_CS.SPATIAL_MATRIX_COMPUTER._MATRIX_COMPUTER.BARCODE_CORRECTION.fork0.chnk041.main
2025-10-14 10:39:54 [runtime] (run:local)       ID.F07839_1n2.SPATIAL_RNA_COUNTER_CS.SPATIAL_MATRIX_COMPUTER._MATRIX_COMPUTER.BARCODE_CORRECTION.fork0.chnk042.main
2025-10-14 10:39:54 [runtime] (run:local)       ID.F07839_1n2.SPATIAL_RNA_COUNTER_CS.SPATIAL_MATRIX_COMPUTER._MATRIX_COMPUTER.BARCODE_CORRECTION.fork0.chnk043.main
2025-10-14 10:39:55 [runtime] (run:local)       ID.F07839_1n2.SPATIAL_RNA_COUNTER_CS.SPATIAL_MATRIX_COMPUTER._MATRIX_COMPUTER.BARCODE_CORRECTION.fork0.chnk044.main
2025-10-14 10:39:55 [runtime] (run:local)       ID.F07839_1n2.SPATIAL_RNA_COUNTER_CS.SPATIAL_MATRIX_COMPUTER._MATRIX_COMPUTER.BARCODE_CORRECTION.fork0.chnk045.main
2025-10-14 10:39:55 [runtime] (run:local)       ID.F07839_1n2.SPATIAL_RNA_COUNTER_CS.SPATIAL_MATRIX_COMPUTER._MATRIX_COMPUTER.BARCODE_CORRECTION.fork0.chnk046.main
2025-10-14 10:39:55 [runtime] (run:local)       ID.F07839_1n2.SPATIAL_RNA_COUNTER_CS.SPATIAL_MATRIX_COMPUTER._MATRIX_COMPUTER.BARCODE_CORRECTION.fork0.chnk047.main
2025-10-14 10:39:55 [runtime] (run:local)       ID.F07839_1n2.SPATIAL_RNA_COUNTER_CS.SPATIAL_MATRIX_COMPUTER._MATRIX_COMPUTER.BARCODE_CORRECTION.fork0.chnk048.main
2025-10-14 10:39:55 [runtime] (run:local)       ID.F07839_1n2.SPATIAL_RNA_COUNTER_CS.SPATIAL_MATRIX_COMPUTER._MATRIX_COMPUTER.BARCODE_CORRECTION.fork0.chnk049.main
2025-10-14 10:39:55 [runtime] (run:local)       ID.F07839_1n2.SPATIAL_RNA_COUNTER_CS.SPATIAL_MATRIX_COMPUTER._MATRIX_COMPUTER.BARCODE_CORRECTION.fork0.chnk050.main
2025-10-14 10:39:55 [runtime] (run:local)       ID.F07839_1n2.SPATIAL_RNA_COUNTER_CS.SPATIAL_MATRIX_COMPUTER._MATRIX_COMPUTER.BARCODE_CORRECTION.fork0.chnk051.main
2025-10-14 10:39:55 [runtime] (run:local)       ID.F07839_1n2.SPATIAL_RNA_COUNTER_CS.SPATIAL_MATRIX_COMPUTER._MATRIX_COMPUTER.BARCODE_CORRECTION.fork0.chnk052.main
2025-10-14 10:39:55 [runtime] (run:local)       ID.F07839_1n2.SPATIAL_RNA_COUNTER_CS.SPATIAL_MATRIX_COMPUTER._MATRIX_COMPUTER.BARCODE_CORRECTION.fork0.chnk053.main
2025-10-14 10:39:55 [runtime] (run:local)       ID.F07839_1n2.SPATIAL_RNA_COUNTER_CS.SPATIAL_MATRIX_COMPUTER._MATRIX_COMPUTER.BARCODE_CORRECTION.fork0.chnk054.main
2025-10-14 10:39:55 [runtime] (run:local)       ID.F07839_1n2.SPATIAL_RNA_COUNTER_CS.SPATIAL_MATRIX_COMPUTER._MATRIX_COMPUTER.BARCODE_CORRECTION.fork0.chnk055.main
2025-10-14 10:39:55 [runtime] (run:local)       ID.F07839_1n2.SPATIAL_RNA_COUNTER_CS.SPATIAL_MATRIX_COMPUTER._MATRIX_COMPUTER.BARCODE_CORRECTION.fork0.chnk056.main
2025-10-14 10:39:55 [runtime] (run:local)       ID.F07839_1n2.SPATIAL_RNA_COUNTER_CS.SPATIAL_MATRIX_COMPUTER._MATRIX_COMPUTER.BARCODE_CORRECTION.fork0.chnk057.main
2025-10-14 10:39:55 [runtime] (run:local)       ID.F07839_1n2.SPATIAL_RNA_COUNTER_CS.SPATIAL_MATRIX_COMPUTER._MATRIX_COMPUTER.BARCODE_CORRECTION.fork0.chnk058.main
2025-10-14 10:39:55 [runtime] (run:local)       ID.F07839_1n2.SPATIAL_RNA_COUNTER_CS.SPATIAL_MATRIX_COMPUTER._MATRIX_COMPUTER.BARCODE_CORRECTION.fork0.chnk059.main
2025-10-14 10:39:55 [runtime] (run:local)       ID.F07839_1n2.SPATIAL_RNA_COUNTER_CS.SPATIAL_MATRIX_COMPUTER._MATRIX_COMPUTER.BARCODE_CORRECTION.fork0.chnk060.main
2025-10-14 10:39:55 [runtime] (run:local)       ID.F07839_1n2.SPATIAL_RNA_COUNTER_CS.SPATIAL_MATRIX_COMPUTER._MATRIX_COMPUTER.BARCODE_CORRECTION.fork0.chnk061.main
2025-10-14 10:39:55 [runtime] (run:local)       ID.F07839_1n2.SPATIAL_RNA_COUNTER_CS.SPATIAL_MATRIX_COMPUTER._MATRIX_COMPUTER.BARCODE_CORRECTION.fork0.chnk062.main
2025-10-14 10:39:55 [runtime] (run:local)       ID.F07839_1n2.SPATIAL_RNA_COUNTER_CS.SPATIAL_MATRIX_COMPUTER._MATRIX_COMPUTER.BARCODE_CORRECTION.fork0.chnk063.main
2025-10-14 10:39:55 [runtime] (run:local)       ID.F07839_1n2.SPATIAL_RNA_COUNTER_CS.SPATIAL_MATRIX_COMPUTER._MATRIX_COMPUTER.BARCODE_CORRECTION.fork0.chnk064.main
2025-10-14 10:39:55 [runtime] (run:local)       ID.F07839_1n2.SPATIAL_RNA_COUNTER_CS.SPATIAL_MATRIX_COMPUTER._MATRIX_COMPUTER.BARCODE_CORRECTION.fork0.chnk065.main
2025-10-14 10:39:55 [runtime] (run:local)       ID.F07839_1n2.SPATIAL_RNA_COUNTER_CS.SPATIAL_MATRIX_COMPUTER._MATRIX_COMPUTER.BARCODE_CORRECTION.fork0.chnk066.main
2025-10-14 10:39:55 [runtime] (run:local)       ID.F07839_1n2.SPATIAL_RNA_COUNTER_CS.SPATIAL_MATRIX_COMPUTER._MATRIX_COMPUTER.BARCODE_CORRECTION.fork0.chnk067.main
2025-10-14 10:39:55 [runtime] (run:local)       ID.F07839_1n2.SPATIAL_RNA_COUNTER_CS.SPATIAL_MATRIX_COMPUTER._MATRIX_COMPUTER.BARCODE_CORRECTION.fork0.chnk068.main
2025-10-14 10:39:55 [runtime] (run:local)       ID.F07839_1n2.SPATIAL_RNA_COUNTER_CS.SPATIAL_MATRIX_COMPUTER._MATRIX_COMPUTER.BARCODE_CORRECTION.fork0.chnk069.main
2025-10-14 10:39:55 [runtime] (run:local)       ID.F07839_1n2.SPATIAL_RNA_COUNTER_CS.SPATIAL_MATRIX_COMPUTER._MATRIX_COMPUTER.BARCODE_CORRECTION.fork0.chnk070.main
2025-10-14 10:39:55 [runtime] (run:local)       ID.F07839_1n2.SPATIAL_RNA_COUNTER_CS.SPATIAL_MATRIX_COMPUTER._MATRIX_COMPUTER.BARCODE_CORRECTION.fork0.chnk071.main
2025-10-14 10:39:55 [runtime] (run:local)       ID.F07839_1n2.SPATIAL_RNA_COUNTER_CS.SPATIAL_MATRIX_COMPUTER._MATRIX_COMPUTER.BARCODE_CORRECTION.fork0.chnk072.main
2025-10-14 10:39:55 [runtime] (run:local)       ID.F07839_1n2.SPATIAL_RNA_COUNTER_CS.SPATIAL_MATRIX_COMPUTER._MATRIX_COMPUTER.BARCODE_CORRECTION.fork0.chnk073.main
2025-10-14 10:39:55 [runtime] (run:local)       ID.F07839_1n2.SPATIAL_RNA_COUNTER_CS.SPATIAL_MATRIX_COMPUTER._MATRIX_COMPUTER.BARCODE_CORRECTION.fork0.chnk074.main
2025-10-14 10:39:55 [runtime] (run:local)       ID.F07839_1n2.SPATIAL_RNA_COUNTER_CS.SPATIAL_MATRIX_COMPUTER._MATRIX_COMPUTER.BARCODE_CORRECTION.fork0.chnk075.main
2025-10-14 10:39:55 [runtime] (run:local)       ID.F07839_1n2.SPATIAL_RNA_COUNTER_CS.SPATIAL_MATRIX_COMPUTER._MATRIX_COMPUTER.BARCODE_CORRECTION.fork0.chnk076.main
2025-10-14 10:39:55 [runtime] (run:local)       ID.F07839_1n2.SPATIAL_RNA_COUNTER_CS.SPATIAL_MATRIX_COMPUTER._MATRIX_COMPUTER.BARCODE_CORRECTION.fork0.chnk077.main
2025-10-14 10:39:55 [runtime] (run:local)       ID.F07839_1n2.SPATIAL_RNA_COUNTER_CS.SPATIAL_MATRIX_COMPUTER._MATRIX_COMPUTER.BARCODE_CORRECTION.fork0.chnk078.main
2025-10-14 10:39:55 [runtime] (run:local)       ID.F07839_1n2.SPATIAL_RNA_COUNTER_CS.SPATIAL_MATRIX_COMPUTER._MATRIX_COMPUTER.BARCODE_CORRECTION.fork0.chnk079.main
2025-10-14 10:39:55 [runtime] (run:local)       ID.F07839_1n2.SPATIAL_RNA_COUNTER_CS.SPATIAL_MATRIX_COMPUTER._MATRIX_COMPUTER.BARCODE_CORRECTION.fork0.chnk080.main
2025-10-14 10:39:55 [runtime] (run:local)       ID.F07839_1n2.SPATIAL_RNA_COUNTER_CS.SPATIAL_MATRIX_COMPUTER._MATRIX_COMPUTER.BARCODE_CORRECTION.fork0.chnk081.main
2025-10-14 10:39:55 [runtime] (run:local)       ID.F07839_1n2.SPATIAL_RNA_COUNTER_CS.SPATIAL_MATRIX_COMPUTER._MATRIX_COMPUTER.BARCODE_CORRECTION.fork0.chnk082.main
2025-10-14 10:39:55 [runtime] (run:local)       ID.F07839_1n2.SPATIAL_RNA_COUNTER_CS.SPATIAL_MATRIX_COMPUTER._MATRIX_COMPUTER.BARCODE_CORRECTION.fork0.chnk083.main
2025-10-14 10:39:55 [runtime] (run:local)       ID.F07839_1n2.SPATIAL_RNA_COUNTER_CS.SPATIAL_MATRIX_COMPUTER._MATRIX_COMPUTER.BARCODE_CORRECTION.fork0.chnk084.main
2025-10-14 10:39:55 [runtime] (run:local)       ID.F07839_1n2.SPATIAL_RNA_COUNTER_CS.SPATIAL_MATRIX_COMPUTER._MATRIX_COMPUTER.BARCODE_CORRECTION.fork0.chnk085.main
2025-10-14 10:39:55 [runtime] (run:local)       ID.F07839_1n2.SPATIAL_RNA_COUNTER_CS.SPATIAL_MATRIX_COMPUTER._MATRIX_COMPUTER.BARCODE_CORRECTION.fork0.chnk086.main
2025-10-14 10:39:55 [runtime] (run:local)       ID.F07839_1n2.SPATIAL_RNA_COUNTER_CS.SPATIAL_MATRIX_COMPUTER._MATRIX_COMPUTER.BARCODE_CORRECTION.fork0.chnk087.main
2025-10-14 10:39:55 [runtime] (run:local)       ID.F07839_1n2.SPATIAL_RNA_COUNTER_CS.SPATIAL_MATRIX_COMPUTER._MATRIX_COMPUTER.BARCODE_CORRECTION.fork0.chnk088.main
2025-10-14 10:39:55 [runtime] (run:local)       ID.F07839_1n2.SPATIAL_RNA_COUNTER_CS.SPATIAL_MATRIX_COMPUTER._MATRIX_COMPUTER.BARCODE_CORRECTION.fork0.chnk089.main
2025-10-14 10:39:56 [runtime] (run:local)       ID.F07839_1n2.SPATIAL_RNA_COUNTER_CS.SPATIAL_MATRIX_COMPUTER._MATRIX_COMPUTER.BARCODE_CORRECTION.fork0.chnk090.main
2025-10-14 10:39:56 [runtime] (run:local)       ID.F07839_1n2.SPATIAL_RNA_COUNTER_CS.SPATIAL_MATRIX_COMPUTER._MATRIX_COMPUTER.BARCODE_CORRECTION.fork0.chnk091.main
2025-10-14 10:39:56 [runtime] (run:local)       ID.F07839_1n2.SPATIAL_RNA_COUNTER_CS.SPATIAL_MATRIX_COMPUTER._MATRIX_COMPUTER.BARCODE_CORRECTION.fork0.chnk092.main
2025-10-14 10:39:56 [runtime] (run:local)       ID.F07839_1n2.SPATIAL_RNA_COUNTER_CS.SPATIAL_MATRIX_COMPUTER._MATRIX_COMPUTER.BARCODE_CORRECTION.fork0.chnk093.main
2025-10-14 10:39:56 [runtime] (run:local)       ID.F07839_1n2.SPATIAL_RNA_COUNTER_CS.SPATIAL_MATRIX_COMPUTER._MATRIX_COMPUTER.BARCODE_CORRECTION.fork0.chnk094.main
2025-10-14 10:39:56 [runtime] (run:local)       ID.F07839_1n2.SPATIAL_RNA_COUNTER_CS.SPATIAL_MATRIX_COMPUTER._MATRIX_COMPUTER.BARCODE_CORRECTION.fork0.chnk095.main
2025-10-14 10:39:56 [runtime] (run:local)       ID.F07839_1n2.SPATIAL_RNA_COUNTER_CS.SPATIAL_MATRIX_COMPUTER._MATRIX_COMPUTER.BARCODE_CORRECTION.fork0.chnk096.main
2025-10-14 10:39:56 [runtime] (run:local)       ID.F07839_1n2.SPATIAL_RNA_COUNTER_CS.SPATIAL_MATRIX_COMPUTER._MATRIX_COMPUTER.BARCODE_CORRECTION.fork0.chnk097.main
2025-10-14 10:39:56 [runtime] (run:local)       ID.F07839_1n2.SPATIAL_RNA_COUNTER_CS.SPATIAL_MATRIX_COMPUTER._MATRIX_COMPUTER.BARCODE_CORRECTION.fork0.chnk098.main
2025-10-14 10:39:56 [runtime] (run:local)       ID.F07839_1n2.SPATIAL_RNA_COUNTER_CS.SPATIAL_MATRIX_COMPUTER._MATRIX_COMPUTER.BARCODE_CORRECTION.fork0.chnk099.main
2025-10-14 10:44:56 [runtime] (update)          ID.F07839_1n2.SPATIAL_RNA_COUNTER_CS.SPATIAL_MATRIX_COMPUTER._MATRIX_COMPUTER.BARCODE_CORRECTION.fork0 chunks running (35/100 completed)
2025-10-14 10:50:01 [runtime] (update)          ID.F07839_1n2.SPATIAL_RNA_COUNTER_CS.SPATIAL_MATRIX_COMPUTER._MATRIX_COMPUTER.BARCODE_CORRECTION.fork0 chunks running (72/100 completed)
2025-10-14 10:52:32 [runtime] (chunks_complete) ID.F07839_1n2.SPATIAL_RNA_COUNTER_CS.SPATIAL_MATRIX_COMPUTER._MATRIX_COMPUTER.BARCODE_CORRECTION
2025-10-14 10:52:33 [runtime] (run:local)       ID.F07839_1n2.SPATIAL_RNA_COUNTER_CS.SPATIAL_MATRIX_COMPUTER._MATRIX_COMPUTER.BARCODE_CORRECTION.fork0.join
2025-10-14 10:53:23 [runtime] (join_complete)   ID.F07839_1n2.SPATIAL_RNA_COUNTER_CS.SPATIAL_MATRIX_COMPUTER._MATRIX_COMPUTER.BARCODE_CORRECTION
2025-10-14 10:53:29 [runtime] (ready)           ID.F07839_1n2.SPATIAL_RNA_COUNTER_CS.SPATIAL_MATRIX_COMPUTER._MATRIX_COMPUTER.ALIGN_AND_COUNT
2025-10-14 10:53:29 [runtime] (run:local)       ID.F07839_1n2.SPATIAL_RNA_COUNTER_CS.SPATIAL_MATRIX_COMPUTER._MATRIX_COMPUTER.ALIGN_AND_COUNT.fork0.split
2025-10-14 10:53:29 [runtime] (ready)           ID.F07839_1n2.SPATIAL_RNA_COUNTER_CS.SPATIAL_MATRIX_COMPUTER._MATRIX_COMPUTER.WRITE_BARCODE_INDEX
2025-10-14 10:53:29 [runtime] (run:local)       ID.F07839_1n2.SPATIAL_RNA_COUNTER_CS.SPATIAL_MATRIX_COMPUTER._MATRIX_COMPUTER.WRITE_BARCODE_INDEX.fork0.chnk0.main
2025-10-14 10:53:29 [runtime] (chunks_complete) ID.F07839_1n2.SPATIAL_RNA_COUNTER_CS.SPATIAL_MATRIX_COMPUTER._MATRIX_COMPUTER.WRITE_BARCODE_INDEX
2025-10-14 10:53:33 [runtime] (split_complete)  ID.F07839_1n2.SPATIAL_RNA_COUNTER_CS.SPATIAL_MATRIX_COMPUTER._MATRIX_COMPUTER.ALIGN_AND_COUNT
2025-10-14 10:53:34 [runtime] (run:local)       ID.F07839_1n2.SPATIAL_RNA_COUNTER_CS.SPATIAL_MATRIX_COMPUTER._MATRIX_COMPUTER.ALIGN_AND_COUNT.fork0.chnk00.main
2025-10-14 10:53:34 [runtime] (run:local)       ID.F07839_1n2.SPATIAL_RNA_COUNTER_CS.SPATIAL_MATRIX_COMPUTER._MATRIX_COMPUTER.ALIGN_AND_COUNT.fork0.chnk01.main
2025-10-14 10:53:34 [runtime] (run:local)       ID.F07839_1n2.SPATIAL_RNA_COUNTER_CS.SPATIAL_MATRIX_COMPUTER._MATRIX_COMPUTER.ALIGN_AND_COUNT.fork0.chnk02.main
2025-10-14 10:53:34 [runtime] (run:local)       ID.F07839_1n2.SPATIAL_RNA_COUNTER_CS.SPATIAL_MATRIX_COMPUTER._MATRIX_COMPUTER.ALIGN_AND_COUNT.fork0.chnk03.main
2025-10-14 10:53:34 [runtime] (run:local)       ID.F07839_1n2.SPATIAL_RNA_COUNTER_CS.SPATIAL_MATRIX_COMPUTER._MATRIX_COMPUTER.ALIGN_AND_COUNT.fork0.chnk04.main
2025-10-14 10:53:34 [runtime] (run:local)       ID.F07839_1n2.SPATIAL_RNA_COUNTER_CS.SPATIAL_MATRIX_COMPUTER._MATRIX_COMPUTER.ALIGN_AND_COUNT.fork0.chnk05.main
2025-10-14 10:53:34 [runtime] (run:local)       ID.F07839_1n2.SPATIAL_RNA_COUNTER_CS.SPATIAL_MATRIX_COMPUTER._MATRIX_COMPUTER.ALIGN_AND_COUNT.fork0.chnk06.main
2025-10-14 10:53:34 [runtime] (run:local)       ID.F07839_1n2.SPATIAL_RNA_COUNTER_CS.SPATIAL_MATRIX_COMPUTER._MATRIX_COMPUTER.ALIGN_AND_COUNT.fork0.chnk07.main
2025-10-14 10:53:34 [runtime] (run:local)       ID.F07839_1n2.SPATIAL_RNA_COUNTER_CS.SPATIAL_MATRIX_COMPUTER._MATRIX_COMPUTER.ALIGN_AND_COUNT.fork0.chnk08.main
2025-10-14 10:53:34 [runtime] (run:local)       ID.F07839_1n2.SPATIAL_RNA_COUNTER_CS.SPATIAL_MATRIX_COMPUTER._MATRIX_COMPUTER.ALIGN_AND_COUNT.fork0.chnk09.main
2025-10-14 10:53:34 [runtime] (run:local)       ID.F07839_1n2.SPATIAL_RNA_COUNTER_CS.SPATIAL_MATRIX_COMPUTER._MATRIX_COMPUTER.ALIGN_AND_COUNT.fork0.chnk10.main
2025-10-14 10:53:34 [runtime] (run:local)       ID.F07839_1n2.SPATIAL_RNA_COUNTER_CS.SPATIAL_MATRIX_COMPUTER._MATRIX_COMPUTER.ALIGN_AND_COUNT.fork0.chnk11.main
2025-10-14 10:53:34 [runtime] (run:local)       ID.F07839_1n2.SPATIAL_RNA_COUNTER_CS.SPATIAL_MATRIX_COMPUTER._MATRIX_COMPUTER.ALIGN_AND_COUNT.fork0.chnk12.main
2025-10-14 10:53:34 [runtime] (run:local)       ID.F07839_1n2.SPATIAL_RNA_COUNTER_CS.SPATIAL_MATRIX_COMPUTER._MATRIX_COMPUTER.ALIGN_AND_COUNT.fork0.chnk13.main
2025-10-14 10:53:34 [runtime] (run:local)       ID.F07839_1n2.SPATIAL_RNA_COUNTER_CS.SPATIAL_MATRIX_COMPUTER._MATRIX_COMPUTER.ALIGN_AND_COUNT.fork0.chnk14.main
2025-10-14 10:53:34 [runtime] (run:local)       ID.F07839_1n2.SPATIAL_RNA_COUNTER_CS.SPATIAL_MATRIX_COMPUTER._MATRIX_COMPUTER.ALIGN_AND_COUNT.fork0.chnk15.main
2025-10-14 10:53:34 [runtime] (run:local)       ID.F07839_1n2.SPATIAL_RNA_COUNTER_CS.SPATIAL_MATRIX_COMPUTER._MATRIX_COMPUTER.ALIGN_AND_COUNT.fork0.chnk16.main
2025-10-14 10:53:34 [runtime] (run:local)       ID.F07839_1n2.SPATIAL_RNA_COUNTER_CS.SPATIAL_MATRIX_COMPUTER._MATRIX_COMPUTER.ALIGN_AND_COUNT.fork0.chnk17.main
2025-10-14 10:53:34 [runtime] (run:local)       ID.F07839_1n2.SPATIAL_RNA_COUNTER_CS.SPATIAL_MATRIX_COMPUTER._MATRIX_COMPUTER.ALIGN_AND_COUNT.fork0.chnk18.main
2025-10-14 10:53:34 [runtime] (run:local)       ID.F07839_1n2.SPATIAL_RNA_COUNTER_CS.SPATIAL_MATRIX_COMPUTER._MATRIX_COMPUTER.ALIGN_AND_COUNT.fork0.chnk19.main
2025-10-14 10:59:41 [runtime] (update)          ID.F07839_1n2.SPATIAL_RNA_COUNTER_CS.SPATIAL_MATRIX_COMPUTER._MATRIX_COMPUTER.ALIGN_AND_COUNT.fork0 chunks running (0/20 completed)
2025-10-14 11:05:28 [runtime] (update)          ID.F07839_1n2.SPATIAL_RNA_COUNTER_CS.SPATIAL_MATRIX_COMPUTER._MATRIX_COMPUTER.ALIGN_AND_COUNT.fork0 chunks running (4/20 completed)
2025-10-14 11:10:31 [runtime] (update)          ID.F07839_1n2.SPATIAL_RNA_COUNTER_CS.SPATIAL_MATRIX_COMPUTER._MATRIX_COMPUTER.ALIGN_AND_COUNT.fork0 chunks running (8/20 completed)
2025-10-14 11:15:37 [runtime] (update)          ID.F07839_1n2.SPATIAL_RNA_COUNTER_CS.SPATIAL_MATRIX_COMPUTER._MATRIX_COMPUTER.ALIGN_AND_COUNT.fork0 chunks running (8/20 completed)
2025-10-14 11:20:38 [runtime] (update)          ID.F07839_1n2.SPATIAL_RNA_COUNTER_CS.SPATIAL_MATRIX_COMPUTER._MATRIX_COMPUTER.ALIGN_AND_COUNT.fork0 chunks running (16/20 completed)
2025-10-14 11:24:38 [runtime] (chunks_complete) ID.F07839_1n2.SPATIAL_RNA_COUNTER_CS.SPATIAL_MATRIX_COMPUTER._MATRIX_COMPUTER.ALIGN_AND_COUNT
2025-10-14 11:24:38 [runtime] (run:local)       ID.F07839_1n2.SPATIAL_RNA_COUNTER_CS.SPATIAL_MATRIX_COMPUTER._MATRIX_COMPUTER.ALIGN_AND_COUNT.fork0.join
2025-10-14 11:25:11 [runtime] (join_complete)   ID.F07839_1n2.SPATIAL_RNA_COUNTER_CS.SPATIAL_MATRIX_COMPUTER._MATRIX_COMPUTER.ALIGN_AND_COUNT
2025-10-14 11:25:26 [runtime] (ready)           ID.F07839_1n2.SPATIAL_RNA_COUNTER_CS.SPATIAL_MATRIX_COMPUTER._MATRIX_COMPUTER.WRITE_MATRIX_MARKET
2025-10-14 11:25:26 [runtime] (run:local)       ID.F07839_1n2.SPATIAL_RNA_COUNTER_CS.SPATIAL_MATRIX_COMPUTER._MATRIX_COMPUTER.WRITE_MATRIX_MARKET.fork0.split
2025-10-14 11:25:26 [runtime] (ready)           ID.F07839_1n2.SPATIAL_RNA_COUNTER_CS.SPATIAL_MATRIX_COMPUTER._MATRIX_COMPUTER.COLLATE_METRICS
2025-10-14 11:25:26 [runtime] (run:local)       ID.F07839_1n2.SPATIAL_RNA_COUNTER_CS.SPATIAL_MATRIX_COMPUTER._MATRIX_COMPUTER.COLLATE_METRICS.fork0.split
2025-10-14 11:25:26 [runtime] (ready)           ID.F07839_1n2.SPATIAL_RNA_COUNTER_CS.SPATIAL_MATRIX_COMPUTER._MATRIX_COMPUTER.WRITE_H5_MATRIX
2025-10-14 11:25:26 [runtime] (run:local)       ID.F07839_1n2.SPATIAL_RNA_COUNTER_CS.SPATIAL_MATRIX_COMPUTER._MATRIX_COMPUTER.WRITE_H5_MATRIX.fork0.split
2025-10-14 11:25:26 [runtime] (ready)           ID.F07839_1n2.SPATIAL_RNA_COUNTER_CS.SPATIAL_MATRIX_COMPUTER._MATRIX_COMPUTER.WRITE_BARCODE_SUMMARY
2025-10-14 11:25:26 [runtime] (run:local)       ID.F07839_1n2.SPATIAL_RNA_COUNTER_CS.SPATIAL_MATRIX_COMPUTER._MATRIX_COMPUTER.WRITE_BARCODE_SUMMARY.fork0.split
2025-10-14 11:25:26 [runtime] (split_complete)  ID.F07839_1n2.SPATIAL_RNA_COUNTER_CS.SPATIAL_MATRIX_COMPUTER._MATRIX_COMPUTER.WRITE_MATRIX_MARKET
2025-10-14 11:25:26 [runtime] (run:local)       ID.F07839_1n2.SPATIAL_RNA_COUNTER_CS.SPATIAL_MATRIX_COMPUTER._MATRIX_COMPUTER.WRITE_MATRIX_MARKET.fork0.join
2025-10-14 11:25:26 [runtime] (split_complete)  ID.F07839_1n2.SPATIAL_RNA_COUNTER_CS.SPATIAL_MATRIX_COMPUTER._MATRIX_COMPUTER.COLLATE_METRICS
2025-10-14 11:25:26 [runtime] (run:local)       ID.F07839_1n2.SPATIAL_RNA_COUNTER_CS.SPATIAL_MATRIX_COMPUTER._MATRIX_COMPUTER.COLLATE_METRICS.fork0.chnk0.main
2025-10-14 11:25:27 [runtime] (split_complete)  ID.F07839_1n2.SPATIAL_RNA_COUNTER_CS.SPATIAL_MATRIX_COMPUTER._MATRIX_COMPUTER.WRITE_H5_MATRIX
2025-10-14 11:25:27 [runtime] (run:local)       ID.F07839_1n2.SPATIAL_RNA_COUNTER_CS.SPATIAL_MATRIX_COMPUTER._MATRIX_COMPUTER.WRITE_H5_MATRIX.fork0.join
2025-10-14 11:25:27 [runtime] (split_complete)  ID.F07839_1n2.SPATIAL_RNA_COUNTER_CS.SPATIAL_MATRIX_COMPUTER._MATRIX_COMPUTER.WRITE_BARCODE_SUMMARY
2025-10-14 11:25:27 [runtime] (run:local)       ID.F07839_1n2.SPATIAL_RNA_COUNTER_CS.SPATIAL_MATRIX_COMPUTER._MATRIX_COMPUTER.WRITE_BARCODE_SUMMARY.fork0.join
2025-10-14 11:26:50 [runtime] (join_complete)   ID.F07839_1n2.SPATIAL_RNA_COUNTER_CS.SPATIAL_MATRIX_COMPUTER._MATRIX_COMPUTER.WRITE_BARCODE_SUMMARY
2025-10-14 11:27:30 [runtime] (chunks_complete) ID.F07839_1n2.SPATIAL_RNA_COUNTER_CS.SPATIAL_MATRIX_COMPUTER._MATRIX_COMPUTER.COLLATE_METRICS
2025-10-14 11:27:30 [runtime] (run:local)       ID.F07839_1n2.SPATIAL_RNA_COUNTER_CS.SPATIAL_MATRIX_COMPUTER._MATRIX_COMPUTER.COLLATE_METRICS.fork0.join
2025-10-14 11:27:30 [runtime] (join_complete)   ID.F07839_1n2.SPATIAL_RNA_COUNTER_CS.SPATIAL_MATRIX_COMPUTER._MATRIX_COMPUTER.COLLATE_METRICS
2025-10-14 11:27:30 [runtime] (ready)           ID.F07839_1n2.SPATIAL_RNA_COUNTER_CS.SPATIAL_MATRIX_COMPUTER._MATRIX_COMPUTER.MERGE_METRICS
2025-10-14 11:27:30 [runtime] (run:local)       ID.F07839_1n2.SPATIAL_RNA_COUNTER_CS.SPATIAL_MATRIX_COMPUTER._MATRIX_COMPUTER.MERGE_METRICS.fork0.chnk0.main
2025-10-14 11:27:31 [runtime] (chunks_complete) ID.F07839_1n2.SPATIAL_RNA_COUNTER_CS.SPATIAL_MATRIX_COMPUTER._MATRIX_COMPUTER.MERGE_METRICS
2025-10-14 11:28:05 [runtime] (join_complete)   ID.F07839_1n2.SPATIAL_RNA_COUNTER_CS.SPATIAL_MATRIX_COMPUTER._MATRIX_COMPUTER.WRITE_H5_MATRIX
2025-10-14 11:28:05 [runtime] (ready)           ID.F07839_1n2.SPATIAL_RNA_COUNTER_CS.SPATIAL_IMAGING_CS.REGISTER_TISSUE.END_TO_END_REGISTRATION
2025-10-14 11:28:06 [runtime] (run:local)       ID.F07839_1n2.SPATIAL_RNA_COUNTER_CS.SPATIAL_IMAGING_CS.REGISTER_TISSUE.END_TO_END_REGISTRATION.fork0.split
2025-10-14 11:28:06 [runtime] (ready)           ID.F07839_1n2.SPATIAL_RNA_COUNTER_CS.SPATIAL_RNA_COUNTER.SPATIAL_POST_MATRIX_COMPUTATION._POST_MATRIX_COMPUTATION.DISABLE_STAGES
2025-10-14 11:28:06 [runtime] (run:local)       ID.F07839_1n2.SPATIAL_RNA_COUNTER_CS.SPATIAL_RNA_COUNTER.SPATIAL_POST_MATRIX_COMPUTATION._POST_MATRIX_COMPUTATION.DISABLE_STAGES.fork0.chnk0.main
2025-10-14 11:28:27 [runtime] (chunks_complete) ID.F07839_1n2.SPATIAL_RNA_COUNTER_CS.SPATIAL_RNA_COUNTER.SPATIAL_POST_MATRIX_COMPUTATION._POST_MATRIX_COMPUTATION.DISABLE_STAGES
2025-10-14 11:28:27 [runtime] (ready)           ID.F07839_1n2.SPATIAL_RNA_COUNTER_CS.SPATIAL_RNA_COUNTER.SPATIAL_POST_MATRIX_COMPUTATION._POST_MATRIX_COMPUTATION._ASSIGN_TAGS.MULTIPLEXING_METHOD
2025-10-14 11:28:27 [runtime] (ready)           ID.F07839_1n2.SPATIAL_RNA_COUNTER_CS.SPATIAL_RNA_COUNTER.SPATIAL_POST_MATRIX_COMPUTATION._POST_MATRIX_COMPUTATION.WRITE_POS_BAM
2025-10-14 11:28:33 [runtime] (split_complete)  ID.F07839_1n2.SPATIAL_RNA_COUNTER_CS.SPATIAL_IMAGING_CS.REGISTER_TISSUE.END_TO_END_REGISTRATION
2025-10-14 11:28:33 [runtime] (run:local)       ID.F07839_1n2.SPATIAL_RNA_COUNTER_CS.SPATIAL_IMAGING_CS.REGISTER_TISSUE.END_TO_END_REGISTRATION.fork0.join
2025-10-14 11:29:09 [runtime] (join_complete)   ID.F07839_1n2.SPATIAL_RNA_COUNTER_CS.SPATIAL_MATRIX_COMPUTER._MATRIX_COMPUTER.WRITE_MATRIX_MARKET
2025-10-14 11:29:18 [runtime] (join_complete)   ID.F07839_1n2.SPATIAL_RNA_COUNTER_CS.SPATIAL_IMAGING_CS.REGISTER_TISSUE.END_TO_END_REGISTRATION
2025-10-14 11:29:18 [runtime] (ready)           ID.F07839_1n2.SPATIAL_RNA_COUNTER_CS.SPATIAL_IMAGING_CS.PICK_REGISTERED_SPOT_DATA
2025-10-14 11:29:19 [runtime] (run:local)       ID.F07839_1n2.SPATIAL_RNA_COUNTER_CS.SPATIAL_IMAGING_CS.PICK_REGISTERED_SPOT_DATA.fork0.chnk0.main
2025-10-14 11:29:19 [runtime] (chunks_complete) ID.F07839_1n2.SPATIAL_RNA_COUNTER_CS.SPATIAL_IMAGING_CS.PICK_REGISTERED_SPOT_DATA
2025-10-14 11:29:19 [runtime] (ready)           ID.F07839_1n2.SPATIAL_RNA_COUNTER_CS.SPATIAL_RNA_COUNTER.SPATIAL_POST_MATRIX_COMPUTATION.BIN_HD_DATA._BIN_HD_DATA.CREATE_HD_FEATURE_SLICE
2025-10-14 11:29:20 [runtime] (run:local)       ID.F07839_1n2.SPATIAL_RNA_COUNTER_CS.SPATIAL_RNA_COUNTER.SPATIAL_POST_MATRIX_COMPUTATION.BIN_HD_DATA._BIN_HD_DATA.CREATE_HD_FEATURE_SLICE.fork0.split
2025-10-14 11:29:20 [runtime] (ready)           ID.F07839_1n2.SPATIAL_RNA_COUNTER_CS.SPATIAL_IMAGING_CS.DETECT_TISSUE
2025-10-14 11:29:20 [runtime] (run:local)       ID.F07839_1n2.SPATIAL_RNA_COUNTER_CS.SPATIAL_IMAGING_CS.DETECT_TISSUE.fork0.split
2025-10-14 11:29:20 [runtime] (split_complete)  ID.F07839_1n2.SPATIAL_RNA_COUNTER_CS.SPATIAL_RNA_COUNTER.SPATIAL_POST_MATRIX_COMPUTATION.BIN_HD_DATA._BIN_HD_DATA.CREATE_HD_FEATURE_SLICE
2025-10-14 11:29:20 [runtime] (run:local)       ID.F07839_1n2.SPATIAL_RNA_COUNTER_CS.SPATIAL_RNA_COUNTER.SPATIAL_POST_MATRIX_COMPUTATION.BIN_HD_DATA._BIN_HD_DATA.CREATE_HD_FEATURE_SLICE.fork0.join
2025-10-14 11:29:24 [runtime] (split_complete)  ID.F07839_1n2.SPATIAL_RNA_COUNTER_CS.SPATIAL_IMAGING_CS.DETECT_TISSUE
2025-10-14 11:29:24 [runtime] (run:local)       ID.F07839_1n2.SPATIAL_RNA_COUNTER_CS.SPATIAL_IMAGING_CS.DETECT_TISSUE.fork0.join
2025-10-14 11:30:43 [runtime] (join_complete)   ID.F07839_1n2.SPATIAL_RNA_COUNTER_CS.SPATIAL_RNA_COUNTER.SPATIAL_POST_MATRIX_COMPUTATION.BIN_HD_DATA._BIN_HD_DATA.CREATE_HD_FEATURE_SLICE
2025-10-14 11:33:26 [runtime] (join_complete)   ID.F07839_1n2.SPATIAL_RNA_COUNTER_CS.SPATIAL_IMAGING_CS.DETECT_TISSUE
2025-10-14 11:33:27 [runtime] (ready)           ID.F07839_1n2.SPATIAL_RNA_COUNTER_CS.SPATIAL_IMAGING_CS.OUTPUT_SPOTS_BARCODES
2025-10-14 11:33:27 [runtime] (run:local)       ID.F07839_1n2.SPATIAL_RNA_COUNTER_CS.SPATIAL_IMAGING_CS.OUTPUT_SPOTS_BARCODES.fork0.split
2025-10-14 11:33:27 [runtime] (ready)           ID.F07839_1n2.SPATIAL_RNA_COUNTER_CS.SPATIAL_IMAGING_CS.OUTPUT_FINAL_ALIGNMENT
2025-10-14 11:33:27 [runtime] (run:local)       ID.F07839_1n2.SPATIAL_RNA_COUNTER_CS.SPATIAL_IMAGING_CS.OUTPUT_FINAL_ALIGNMENT.fork0.chnk0.main
2025-10-14 11:33:27 [runtime] (ready)           ID.F07839_1n2.SPATIAL_RNA_COUNTER_CS.SPATIAL_IMAGING_CS.COLLECT_IMAGING_METRICS
2025-10-14 11:33:27 [runtime] (run:local)       ID.F07839_1n2.SPATIAL_RNA_COUNTER_CS.SPATIAL_IMAGING_CS.COLLECT_IMAGING_METRICS.fork0.chnk0.main
2025-10-14 11:33:28 [runtime] (split_complete)  ID.F07839_1n2.SPATIAL_RNA_COUNTER_CS.SPATIAL_IMAGING_CS.OUTPUT_SPOTS_BARCODES
2025-10-14 11:33:28 [runtime] (run:local)       ID.F07839_1n2.SPATIAL_RNA_COUNTER_CS.SPATIAL_IMAGING_CS.OUTPUT_SPOTS_BARCODES.fork0.join
2025-10-14 11:33:29 [runtime] (chunks_complete) ID.F07839_1n2.SPATIAL_RNA_COUNTER_CS.SPATIAL_IMAGING_CS.COLLECT_IMAGING_METRICS
2025-10-14 11:33:31 [runtime] (chunks_complete) ID.F07839_1n2.SPATIAL_RNA_COUNTER_CS.SPATIAL_IMAGING_CS.OUTPUT_FINAL_ALIGNMENT
2025-10-14 11:33:32 [runtime] (ready)           ID.F07839_1n2.SPATIAL_RNA_COUNTER_CS.SPATIAL_IMAGING_CS.SEGMENT_NUCLEI.NORMALIZE_TISSUE_IMAGE
2025-10-14 11:33:32 [runtime] (run:local)       ID.F07839_1n2.SPATIAL_RNA_COUNTER_CS.SPATIAL_IMAGING_CS.SEGMENT_NUCLEI.NORMALIZE_TISSUE_IMAGE.fork0.split
2025-10-14 11:33:32 [runtime] (split_complete)  ID.F07839_1n2.SPATIAL_RNA_COUNTER_CS.SPATIAL_IMAGING_CS.SEGMENT_NUCLEI.NORMALIZE_TISSUE_IMAGE
2025-10-14 11:33:32 [runtime] (run:local)       ID.F07839_1n2.SPATIAL_RNA_COUNTER_CS.SPATIAL_IMAGING_CS.SEGMENT_NUCLEI.NORMALIZE_TISSUE_IMAGE.fork0.join
2025-10-14 11:33:43 [runtime] (join_complete)   ID.F07839_1n2.SPATIAL_RNA_COUNTER_CS.SPATIAL_IMAGING_CS.SEGMENT_NUCLEI.NORMALIZE_TISSUE_IMAGE
2025-10-14 11:33:43 [runtime] (ready)           ID.F07839_1n2.SPATIAL_RNA_COUNTER_CS.SPATIAL_IMAGING_CS.SEGMENT_NUCLEI.RUN_NUCLEI_SEGMENTATION
2025-10-14 11:33:43 [runtime] (run:local)       ID.F07839_1n2.SPATIAL_RNA_COUNTER_CS.SPATIAL_IMAGING_CS.SEGMENT_NUCLEI.RUN_NUCLEI_SEGMENTATION.fork0.split
2025-10-14 11:33:49 [runtime] (split_complete)  ID.F07839_1n2.SPATIAL_RNA_COUNTER_CS.SPATIAL_IMAGING_CS.SEGMENT_NUCLEI.RUN_NUCLEI_SEGMENTATION
2025-10-14 11:33:49 [runtime] (run:local)       ID.F07839_1n2.SPATIAL_RNA_COUNTER_CS.SPATIAL_IMAGING_CS.SEGMENT_NUCLEI.RUN_NUCLEI_SEGMENTATION.fork0.join
2025-10-14 11:33:58 [runtime] (join_complete)   ID.F07839_1n2.SPATIAL_RNA_COUNTER_CS.SPATIAL_IMAGING_CS.OUTPUT_SPOTS_BARCODES
2025-10-14 11:33:59 [runtime] (ready)           ID.F07839_1n2.SPATIAL_RNA_COUNTER_CS.SPATIAL_IMAGING_CS.CALCULATE_FLUORESCENCE_INTENSITY
2025-10-14 11:33:59 [runtime] (run:local)       ID.F07839_1n2.SPATIAL_RNA_COUNTER_CS.SPATIAL_IMAGING_CS.CALCULATE_FLUORESCENCE_INTENSITY.fork0.split
2025-10-14 11:33:59 [runtime] (ready)           ID.F07839_1n2.SPATIAL_RNA_COUNTER_CS.SPATIAL_RNA_COUNTER.SPATIAL_POST_MATRIX_COMPUTATION._POST_MATRIX_COMPUTATION.FILTER_BARCODES
2025-10-14 11:33:59 [runtime] (run:local)       ID.F07839_1n2.SPATIAL_RNA_COUNTER_CS.SPATIAL_RNA_COUNTER.SPATIAL_POST_MATRIX_COMPUTATION._POST_MATRIX_COMPUTATION.FILTER_BARCODES.fork0.split
2025-10-14 11:33:59 [runtime] (ready)           ID.F07839_1n2.SPATIAL_RNA_COUNTER_CS.SPATIAL_RNA_COUNTER.SPATIAL_POST_MATRIX_COMPUTATION.BIN_HD_DATA._BIN_HD_DATA.PROCESS_HD_ALIGNMENT
2025-10-14 11:33:59 [runtime] (run:local)       ID.F07839_1n2.SPATIAL_RNA_COUNTER_CS.SPATIAL_RNA_COUNTER.SPATIAL_POST_MATRIX_COMPUTATION.BIN_HD_DATA._BIN_HD_DATA.PROCESS_HD_ALIGNMENT.fork0.chnk0.main
2025-10-14 11:34:01 [runtime] (split_complete)  ID.F07839_1n2.SPATIAL_RNA_COUNTER_CS.SPATIAL_IMAGING_CS.CALCULATE_FLUORESCENCE_INTENSITY
2025-10-14 11:34:01 [runtime] (run:local)       ID.F07839_1n2.SPATIAL_RNA_COUNTER_CS.SPATIAL_IMAGING_CS.CALCULATE_FLUORESCENCE_INTENSITY.fork0.join
2025-10-14 11:34:02 [runtime] (join_complete)   ID.F07839_1n2.SPATIAL_RNA_COUNTER_CS.SPATIAL_IMAGING_CS.CALCULATE_FLUORESCENCE_INTENSITY
2025-10-14 11:34:02 [runtime] (split_complete)  ID.F07839_1n2.SPATIAL_RNA_COUNTER_CS.SPATIAL_RNA_COUNTER.SPATIAL_POST_MATRIX_COMPUTATION._POST_MATRIX_COMPUTATION.FILTER_BARCODES
2025-10-14 11:34:02 [runtime] (run:local)       ID.F07839_1n2.SPATIAL_RNA_COUNTER_CS.SPATIAL_RNA_COUNTER.SPATIAL_POST_MATRIX_COMPUTATION._POST_MATRIX_COMPUTATION.FILTER_BARCODES.fork0.chnk0.main
2025-10-14 11:35:17 [runtime] (chunks_complete) ID.F07839_1n2.SPATIAL_RNA_COUNTER_CS.SPATIAL_RNA_COUNTER.SPATIAL_POST_MATRIX_COMPUTATION._POST_MATRIX_COMPUTATION.FILTER_BARCODES
2025-10-14 11:35:17 [runtime] (run:local)       ID.F07839_1n2.SPATIAL_RNA_COUNTER_CS.SPATIAL_RNA_COUNTER.SPATIAL_POST_MATRIX_COMPUTATION._POST_MATRIX_COMPUTATION.FILTER_BARCODES.fork0.join
2025-10-14 11:35:20 [runtime] (chunks_complete) ID.F07839_1n2.SPATIAL_RNA_COUNTER_CS.SPATIAL_RNA_COUNTER.SPATIAL_POST_MATRIX_COMPUTATION.BIN_HD_DATA._BIN_HD_DATA.PROCESS_HD_ALIGNMENT
2025-10-14 11:35:20 [runtime] (ready)           ID.F07839_1n2.SPATIAL_RNA_COUNTER_CS.SPATIAL_RNA_COUNTER.SPATIAL_POST_MATRIX_COMPUTATION.BIN_HD_DATA._BIN_HD_DATA._COMPUTE_BINNED_OUTPUTS.CREATE_TOTAL_UMI_IMAGE.fork_square_002um
2025-10-14 11:35:20 [runtime] (run:local)       ID.F07839_1n2.SPATIAL_RNA_COUNTER_CS.SPATIAL_RNA_COUNTER.SPATIAL_POST_MATRIX_COMPUTATION.BIN_HD_DATA._BIN_HD_DATA._COMPUTE_BINNED_OUTPUTS.CREATE_TOTAL_UMI_IMAGE.fork_square_002um.chnk0.main
2025-10-14 11:35:20 [runtime] (ready)           ID.F07839_1n2.SPATIAL_RNA_COUNTER_CS.SPATIAL_RNA_COUNTER.SPATIAL_POST_MATRIX_COMPUTATION.BIN_HD_DATA._BIN_HD_DATA._COMPUTE_BINNED_OUTPUTS.CREATE_TOTAL_UMI_IMAGE.fork_square_008um
2025-10-14 11:35:20 [runtime] (run:local)       ID.F07839_1n2.SPATIAL_RNA_COUNTER_CS.SPATIAL_RNA_COUNTER.SPATIAL_POST_MATRIX_COMPUTATION.BIN_HD_DATA._BIN_HD_DATA._COMPUTE_BINNED_OUTPUTS.CREATE_TOTAL_UMI_IMAGE.fork_square_008um.chnk0.main
2025-10-14 11:35:20 [runtime] (ready)           ID.F07839_1n2.SPATIAL_RNA_COUNTER_CS.SPATIAL_RNA_COUNTER.SPATIAL_POST_MATRIX_COMPUTATION.BIN_HD_DATA._BIN_HD_DATA._COMPUTE_BINNED_OUTPUTS.CREATE_TOTAL_UMI_IMAGE.fork_square_016um
2025-10-14 11:35:20 [runtime] (run:local)       ID.F07839_1n2.SPATIAL_RNA_COUNTER_CS.SPATIAL_RNA_COUNTER.SPATIAL_POST_MATRIX_COMPUTATION.BIN_HD_DATA._BIN_HD_DATA._COMPUTE_BINNED_OUTPUTS.CREATE_TOTAL_UMI_IMAGE.fork_square_016um.chnk0.main
2025-10-14 11:35:20 [runtime] (ready)           ID.F07839_1n2.SPATIAL_RNA_COUNTER_CS.SPATIAL_RNA_COUNTER.SPATIAL_POST_MATRIX_COMPUTATION.BIN_HD_DATA._BIN_HD_DATA._COMPUTE_BINNED_OUTPUTS.BIN_COUNT_MATRIX.fork_square_002um
2025-10-14 11:35:20 [runtime] (run:local)       ID.F07839_1n2.SPATIAL_RNA_COUNTER_CS.SPATIAL_RNA_COUNTER.SPATIAL_POST_MATRIX_COMPUTATION.BIN_HD_DATA._BIN_HD_DATA._COMPUTE_BINNED_OUTPUTS.BIN_COUNT_MATRIX.fork_square_002um.chnk0.main
2025-10-14 11:35:20 [runtime] (ready)           ID.F07839_1n2.SPATIAL_RNA_COUNTER_CS.SPATIAL_RNA_COUNTER.SPATIAL_POST_MATRIX_COMPUTATION.BIN_HD_DATA._BIN_HD_DATA._COMPUTE_BINNED_OUTPUTS.BIN_COUNT_MATRIX.fork_square_008um
2025-10-14 11:35:21 [runtime] (run:local)       ID.F07839_1n2.SPATIAL_RNA_COUNTER_CS.SPATIAL_RNA_COUNTER.SPATIAL_POST_MATRIX_COMPUTATION.BIN_HD_DATA._BIN_HD_DATA._COMPUTE_BINNED_OUTPUTS.BIN_COUNT_MATRIX.fork_square_008um.chnk0.main
2025-10-14 11:35:21 [runtime] (ready)           ID.F07839_1n2.SPATIAL_RNA_COUNTER_CS.SPATIAL_RNA_COUNTER.SPATIAL_POST_MATRIX_COMPUTATION.BIN_HD_DATA._BIN_HD_DATA._COMPUTE_BINNED_OUTPUTS.BIN_COUNT_MATRIX.fork_square_016um
2025-10-14 11:35:21 [runtime] (run:local)       ID.F07839_1n2.SPATIAL_RNA_COUNTER_CS.SPATIAL_RNA_COUNTER.SPATIAL_POST_MATRIX_COMPUTATION.BIN_HD_DATA._BIN_HD_DATA._COMPUTE_BINNED_OUTPUTS.BIN_COUNT_MATRIX.fork_square_016um.chnk0.main
2025-10-14 11:39:53 [runtime] (update)          ID.F07839_1n2.SPATIAL_RNA_COUNTER_CS.SPATIAL_IMAGING_CS.SEGMENT_NUCLEI.RUN_NUCLEI_SEGMENTATION.fork0 join_running
2025-10-14 11:39:53 [runtime] (chunks_complete) ID.F07839_1n2.SPATIAL_RNA_COUNTER_CS.SPATIAL_RNA_COUNTER.SPATIAL_POST_MATRIX_COMPUTATION.BIN_HD_DATA._BIN_HD_DATA._COMPUTE_BINNED_OUTPUTS.CREATE_TOTAL_UMI_IMAGE.fork_square_016um
2025-10-14 11:39:55 [runtime] (chunks_complete) ID.F07839_1n2.SPATIAL_RNA_COUNTER_CS.SPATIAL_RNA_COUNTER.SPATIAL_POST_MATRIX_COMPUTATION.BIN_HD_DATA._BIN_HD_DATA._COMPUTE_BINNED_OUTPUTS.CREATE_TOTAL_UMI_IMAGE.fork_square_008um
2025-10-14 11:39:55 [runtime] (complete)        ID.F07839_1n2.SPATIAL_RNA_COUNTER_CS.SPATIAL_RNA_COUNTER.SPATIAL_POST_MATRIX_COMPUTATION.BIN_HD_DATA._BIN_HD_DATA._COMPUTE_BINNED_OUTPUTS.CREATE_TOTAL_UMI_IMAGE.fork_square_016um
2025-10-14 11:39:58 [runtime] (complete)        ID.F07839_1n2.SPATIAL_RNA_COUNTER_CS.SPATIAL_RNA_COUNTER.SPATIAL_POST_MATRIX_COMPUTATION.BIN_HD_DATA._BIN_HD_DATA._COMPUTE_BINNED_OUTPUTS.CREATE_TOTAL_UMI_IMAGE.fork_square_008um
2025-10-14 11:39:58 [runtime] (complete)        ID.F07839_1n2.SPATIAL_RNA_COUNTER_CS.SPATIAL_RNA_COUNTER.SPATIAL_POST_MATRIX_COMPUTATION.BIN_HD_DATA._BIN_HD_DATA._COMPUTE_BINNED_OUTPUTS.CREATE_TOTAL_UMI_IMAGE.fork_square_016um
2025-10-14 11:40:01 [runtime] (complete)        ID.F07839_1n2.SPATIAL_RNA_COUNTER_CS.SPATIAL_RNA_COUNTER.SPATIAL_POST_MATRIX_COMPUTATION.BIN_HD_DATA._BIN_HD_DATA._COMPUTE_BINNED_OUTPUTS.CREATE_TOTAL_UMI_IMAGE.fork_square_008um
2025-10-14 11:40:01 [runtime] (complete)        ID.F07839_1n2.SPATIAL_RNA_COUNTER_CS.SPATIAL_RNA_COUNTER.SPATIAL_POST_MATRIX_COMPUTATION.BIN_HD_DATA._BIN_HD_DATA._COMPUTE_BINNED_OUTPUTS.CREATE_TOTAL_UMI_IMAGE.fork_square_016um
2025-10-14 11:40:01 [runtime] (chunks_complete) ID.F07839_1n2.SPATIAL_RNA_COUNTER_CS.SPATIAL_RNA_COUNTER.SPATIAL_POST_MATRIX_COMPUTATION.BIN_HD_DATA._BIN_HD_DATA._COMPUTE_BINNED_OUTPUTS.BIN_COUNT_MATRIX.fork_square_002um
2025-10-14 11:40:04 [runtime] (complete)        ID.F07839_1n2.SPATIAL_RNA_COUNTER_CS.SPATIAL_RNA_COUNTER.SPATIAL_POST_MATRIX_COMPUTATION.BIN_HD_DATA._BIN_HD_DATA._COMPUTE_BINNED_OUTPUTS.CREATE_TOTAL_UMI_IMAGE.fork_square_008um
2025-10-14 11:40:04 [runtime] (complete)        ID.F07839_1n2.SPATIAL_RNA_COUNTER_CS.SPATIAL_RNA_COUNTER.SPATIAL_POST_MATRIX_COMPUTATION.BIN_HD_DATA._BIN_HD_DATA._COMPUTE_BINNED_OUTPUTS.CREATE_TOTAL_UMI_IMAGE.fork_square_016um
2025-10-14 11:40:04 [runtime] (complete)        ID.F07839_1n2.SPATIAL_RNA_COUNTER_CS.SPATIAL_RNA_COUNTER.SPATIAL_POST_MATRIX_COMPUTATION.BIN_HD_DATA._BIN_HD_DATA._COMPUTE_BINNED_OUTPUTS.BIN_COUNT_MATRIX.fork_square_002um
2025-10-14 11:40:07 [runtime] (complete)        ID.F07839_1n2.SPATIAL_RNA_COUNTER_CS.SPATIAL_RNA_COUNTER.SPATIAL_POST_MATRIX_COMPUTATION.BIN_HD_DATA._BIN_HD_DATA._COMPUTE_BINNED_OUTPUTS.BIN_COUNT_MATRIX.fork_square_002um
2025-10-14 11:40:07 [runtime] (complete)        ID.F07839_1n2.SPATIAL_RNA_COUNTER_CS.SPATIAL_RNA_COUNTER.SPATIAL_POST_MATRIX_COMPUTATION.BIN_HD_DATA._BIN_HD_DATA._COMPUTE_BINNED_OUTPUTS.CREATE_TOTAL_UMI_IMAGE.fork_square_008um
2025-10-14 11:40:07 [runtime] (complete)        ID.F07839_1n2.SPATIAL_RNA_COUNTER_CS.SPATIAL_RNA_COUNTER.SPATIAL_POST_MATRIX_COMPUTATION.BIN_HD_DATA._BIN_HD_DATA._COMPUTE_BINNED_OUTPUTS.CREATE_TOTAL_UMI_IMAGE.fork_square_016um
2025-10-14 11:40:08 [runtime] (complete)        ID.F07839_1n2.SPATIAL_RNA_COUNTER_CS.SPATIAL_RNA_COUNTER.SPATIAL_POST_MATRIX_COMPUTATION.BIN_HD_DATA._BIN_HD_DATA._COMPUTE_BINNED_OUTPUTS.BIN_COUNT_MATRIX.fork_square_002um
2025-10-14 11:40:08 [runtime] (chunks_complete) ID.F07839_1n2.SPATIAL_RNA_COUNTER_CS.SPATIAL_RNA_COUNTER.SPATIAL_POST_MATRIX_COMPUTATION.BIN_HD_DATA._BIN_HD_DATA._COMPUTE_BINNED_OUTPUTS.BIN_COUNT_MATRIX.fork_square_008um
2025-10-14 11:40:08 [runtime] (complete)        ID.F07839_1n2.SPATIAL_RNA_COUNTER_CS.SPATIAL_RNA_COUNTER.SPATIAL_POST_MATRIX_COMPUTATION.BIN_HD_DATA._BIN_HD_DATA._COMPUTE_BINNED_OUTPUTS.CREATE_TOTAL_UMI_IMAGE.fork_square_008um
2025-10-14 11:40:08 [runtime] (complete)        ID.F07839_1n2.SPATIAL_RNA_COUNTER_CS.SPATIAL_RNA_COUNTER.SPATIAL_POST_MATRIX_COMPUTATION.BIN_HD_DATA._BIN_HD_DATA._COMPUTE_BINNED_OUTPUTS.CREATE_TOTAL_UMI_IMAGE.fork_square_016um
2025-10-14 11:40:11 [runtime] (complete)        ID.F07839_1n2.SPATIAL_RNA_COUNTER_CS.SPATIAL_RNA_COUNTER.SPATIAL_POST_MATRIX_COMPUTATION.BIN_HD_DATA._BIN_HD_DATA._COMPUTE_BINNED_OUTPUTS.BIN_COUNT_MATRIX.fork_square_002um
2025-10-14 11:40:11 [runtime] (complete)        ID.F07839_1n2.SPATIAL_RNA_COUNTER_CS.SPATIAL_RNA_COUNTER.SPATIAL_POST_MATRIX_COMPUTATION.BIN_HD_DATA._BIN_HD_DATA._COMPUTE_BINNED_OUTPUTS.BIN_COUNT_MATRIX.fork_square_008um
2025-10-14 11:40:11 [runtime] (complete)        ID.F07839_1n2.SPATIAL_RNA_COUNTER_CS.SPATIAL_RNA_COUNTER.SPATIAL_POST_MATRIX_COMPUTATION.BIN_HD_DATA._BIN_HD_DATA._COMPUTE_BINNED_OUTPUTS.CREATE_TOTAL_UMI_IMAGE.fork_square_008um
2025-10-14 11:40:11 [runtime] (complete)        ID.F07839_1n2.SPATIAL_RNA_COUNTER_CS.SPATIAL_RNA_COUNTER.SPATIAL_POST_MATRIX_COMPUTATION.BIN_HD_DATA._BIN_HD_DATA._COMPUTE_BINNED_OUTPUTS.CREATE_TOTAL_UMI_IMAGE.fork_square_016um
2025-10-14 11:40:14 [runtime] (complete)        ID.F07839_1n2.SPATIAL_RNA_COUNTER_CS.SPATIAL_RNA_COUNTER.SPATIAL_POST_MATRIX_COMPUTATION.BIN_HD_DATA._BIN_HD_DATA._COMPUTE_BINNED_OUTPUTS.BIN_COUNT_MATRIX.fork_square_002um
2025-10-14 11:40:14 [runtime] (complete)        ID.F07839_1n2.SPATIAL_RNA_COUNTER_CS.SPATIAL_RNA_COUNTER.SPATIAL_POST_MATRIX_COMPUTATION.BIN_HD_DATA._BIN_HD_DATA._COMPUTE_BINNED_OUTPUTS.BIN_COUNT_MATRIX.fork_square_008um
2025-10-14 11:40:14 [runtime] (complete)        ID.F07839_1n2.SPATIAL_RNA_COUNTER_CS.SPATIAL_RNA_COUNTER.SPATIAL_POST_MATRIX_COMPUTATION.BIN_HD_DATA._BIN_HD_DATA._COMPUTE_BINNED_OUTPUTS.CREATE_TOTAL_UMI_IMAGE.fork_square_008um
2025-10-14 11:40:14 [runtime] (complete)        ID.F07839_1n2.SPATIAL_RNA_COUNTER_CS.SPATIAL_RNA_COUNTER.SPATIAL_POST_MATRIX_COMPUTATION.BIN_HD_DATA._BIN_HD_DATA._COMPUTE_BINNED_OUTPUTS.CREATE_TOTAL_UMI_IMAGE.fork_square_016um
2025-10-14 11:40:17 [runtime] (complete)        ID.F07839_1n2.SPATIAL_RNA_COUNTER_CS.SPATIAL_RNA_COUNTER.SPATIAL_POST_MATRIX_COMPUTATION.BIN_HD_DATA._BIN_HD_DATA._COMPUTE_BINNED_OUTPUTS.CREATE_TOTAL_UMI_IMAGE.fork_square_008um
2025-10-14 11:40:17 [runtime] (complete)        ID.F07839_1n2.SPATIAL_RNA_COUNTER_CS.SPATIAL_RNA_COUNTER.SPATIAL_POST_MATRIX_COMPUTATION.BIN_HD_DATA._BIN_HD_DATA._COMPUTE_BINNED_OUTPUTS.CREATE_TOTAL_UMI_IMAGE.fork_square_016um
2025-10-14 11:40:17 [runtime] (complete)        ID.F07839_1n2.SPATIAL_RNA_COUNTER_CS.SPATIAL_RNA_COUNTER.SPATIAL_POST_MATRIX_COMPUTATION.BIN_HD_DATA._BIN_HD_DATA._COMPUTE_BINNED_OUTPUTS.BIN_COUNT_MATRIX.fork_square_002um
2025-10-14 11:40:17 [runtime] (complete)        ID.F07839_1n2.SPATIAL_RNA_COUNTER_CS.SPATIAL_RNA_COUNTER.SPATIAL_POST_MATRIX_COMPUTATION.BIN_HD_DATA._BIN_HD_DATA._COMPUTE_BINNED_OUTPUTS.BIN_COUNT_MATRIX.fork_square_008um
2025-10-14 11:40:20 [runtime] (complete)        ID.F07839_1n2.SPATIAL_RNA_COUNTER_CS.SPATIAL_RNA_COUNTER.SPATIAL_POST_MATRIX_COMPUTATION.BIN_HD_DATA._BIN_HD_DATA._COMPUTE_BINNED_OUTPUTS.CREATE_TOTAL_UMI_IMAGE.fork_square_008um
2025-10-14 11:40:20 [runtime] (complete)        ID.F07839_1n2.SPATIAL_RNA_COUNTER_CS.SPATIAL_RNA_COUNTER.SPATIAL_POST_MATRIX_COMPUTATION.BIN_HD_DATA._BIN_HD_DATA._COMPUTE_BINNED_OUTPUTS.CREATE_TOTAL_UMI_IMAGE.fork_square_016um
2025-10-14 11:40:20 [runtime] (complete)        ID.F07839_1n2.SPATIAL_RNA_COUNTER_CS.SPATIAL_RNA_COUNTER.SPATIAL_POST_MATRIX_COMPUTATION.BIN_HD_DATA._BIN_HD_DATA._COMPUTE_BINNED_OUTPUTS.BIN_COUNT_MATRIX.fork_square_002um
2025-10-14 11:40:20 [runtime] (complete)        ID.F07839_1n2.SPATIAL_RNA_COUNTER_CS.SPATIAL_RNA_COUNTER.SPATIAL_POST_MATRIX_COMPUTATION.BIN_HD_DATA._BIN_HD_DATA._COMPUTE_BINNED_OUTPUTS.BIN_COUNT_MATRIX.fork_square_008um
2025-10-14 11:40:23 [runtime] (complete)        ID.F07839_1n2.SPATIAL_RNA_COUNTER_CS.SPATIAL_RNA_COUNTER.SPATIAL_POST_MATRIX_COMPUTATION.BIN_HD_DATA._BIN_HD_DATA._COMPUTE_BINNED_OUTPUTS.BIN_COUNT_MATRIX.fork_square_002um
2025-10-14 11:40:23 [runtime] (complete)        ID.F07839_1n2.SPATIAL_RNA_COUNTER_CS.SPATIAL_RNA_COUNTER.SPATIAL_POST_MATRIX_COMPUTATION.BIN_HD_DATA._BIN_HD_DATA._COMPUTE_BINNED_OUTPUTS.BIN_COUNT_MATRIX.fork_square_008um
2025-10-14 11:40:23 [runtime] (complete)        ID.F07839_1n2.SPATIAL_RNA_COUNTER_CS.SPATIAL_RNA_COUNTER.SPATIAL_POST_MATRIX_COMPUTATION.BIN_HD_DATA._BIN_HD_DATA._COMPUTE_BINNED_OUTPUTS.CREATE_TOTAL_UMI_IMAGE.fork_square_008um
2025-10-14 11:40:23 [runtime] (complete)        ID.F07839_1n2.SPATIAL_RNA_COUNTER_CS.SPATIAL_RNA_COUNTER.SPATIAL_POST_MATRIX_COMPUTATION.BIN_HD_DATA._BIN_HD_DATA._COMPUTE_BINNED_OUTPUTS.CREATE_TOTAL_UMI_IMAGE.fork_square_016um
2025-10-14 11:40:26 [runtime] (complete)        ID.F07839_1n2.SPATIAL_RNA_COUNTER_CS.SPATIAL_RNA_COUNTER.SPATIAL_POST_MATRIX_COMPUTATION.BIN_HD_DATA._BIN_HD_DATA._COMPUTE_BINNED_OUTPUTS.CREATE_TOTAL_UMI_IMAGE.fork_square_008um
2025-10-14 11:40:26 [runtime] (complete)        ID.F07839_1n2.SPATIAL_RNA_COUNTER_CS.SPATIAL_RNA_COUNTER.SPATIAL_POST_MATRIX_COMPUTATION.BIN_HD_DATA._BIN_HD_DATA._COMPUTE_BINNED_OUTPUTS.CREATE_TOTAL_UMI_IMAGE.fork_square_016um
2025-10-14 11:40:26 [runtime] (complete)        ID.F07839_1n2.SPATIAL_RNA_COUNTER_CS.SPATIAL_RNA_COUNTER.SPATIAL_POST_MATRIX_COMPUTATION.BIN_HD_DATA._BIN_HD_DATA._COMPUTE_BINNED_OUTPUTS.BIN_COUNT_MATRIX.fork_square_002um
2025-10-14 11:40:26 [runtime] (complete)        ID.F07839_1n2.SPATIAL_RNA_COUNTER_CS.SPATIAL_RNA_COUNTER.SPATIAL_POST_MATRIX_COMPUTATION.BIN_HD_DATA._BIN_HD_DATA._COMPUTE_BINNED_OUTPUTS.BIN_COUNT_MATRIX.fork_square_008um
2025-10-14 11:40:29 [runtime] (complete)        ID.F07839_1n2.SPATIAL_RNA_COUNTER_CS.SPATIAL_RNA_COUNTER.SPATIAL_POST_MATRIX_COMPUTATION.BIN_HD_DATA._BIN_HD_DATA._COMPUTE_BINNED_OUTPUTS.CREATE_TOTAL_UMI_IMAGE.fork_square_008um
2025-10-14 11:40:29 [runtime] (complete)        ID.F07839_1n2.SPATIAL_RNA_COUNTER_CS.SPATIAL_RNA_COUNTER.SPATIAL_POST_MATRIX_COMPUTATION.BIN_HD_DATA._BIN_HD_DATA._COMPUTE_BINNED_OUTPUTS.CREATE_TOTAL_UMI_IMAGE.fork_square_016um
2025-10-14 11:40:29 [runtime] (complete)        ID.F07839_1n2.SPATIAL_RNA_COUNTER_CS.SPATIAL_RNA_COUNTER.SPATIAL_POST_MATRIX_COMPUTATION.BIN_HD_DATA._BIN_HD_DATA._COMPUTE_BINNED_OUTPUTS.BIN_COUNT_MATRIX.fork_square_002um
2025-10-14 11:40:29 [runtime] (complete)        ID.F07839_1n2.SPATIAL_RNA_COUNTER_CS.SPATIAL_RNA_COUNTER.SPATIAL_POST_MATRIX_COMPUTATION.BIN_HD_DATA._BIN_HD_DATA._COMPUTE_BINNED_OUTPUTS.BIN_COUNT_MATRIX.fork_square_008um
2025-10-14 11:40:30 [runtime] (chunks_complete) ID.F07839_1n2.SPATIAL_RNA_COUNTER_CS.SPATIAL_RNA_COUNTER.SPATIAL_POST_MATRIX_COMPUTATION.BIN_HD_DATA._BIN_HD_DATA._COMPUTE_BINNED_OUTPUTS.CREATE_TOTAL_UMI_IMAGE.fork_square_002um
2025-10-14 11:40:30 [runtime] (complete)        ID.F07839_1n2.SPATIAL_RNA_COUNTER_CS.SPATIAL_RNA_COUNTER.SPATIAL_POST_MATRIX_COMPUTATION.BIN_HD_DATA._BIN_HD_DATA._COMPUTE_BINNED_OUTPUTS.CREATE_TOTAL_UMI_IMAGE.fork_square_008um
2025-10-14 11:40:30 [runtime] (complete)        ID.F07839_1n2.SPATIAL_RNA_COUNTER_CS.SPATIAL_RNA_COUNTER.SPATIAL_POST_MATRIX_COMPUTATION.BIN_HD_DATA._BIN_HD_DATA._COMPUTE_BINNED_OUTPUTS.CREATE_TOTAL_UMI_IMAGE.fork_square_016um
2025-10-14 11:40:30 [runtime] (complete)        ID.F07839_1n2.SPATIAL_RNA_COUNTER_CS.SPATIAL_RNA_COUNTER.SPATIAL_POST_MATRIX_COMPUTATION.BIN_HD_DATA._BIN_HD_DATA._COMPUTE_BINNED_OUTPUTS.BIN_COUNT_MATRIX.fork_square_002um
2025-10-14 11:40:30 [runtime] (complete)        ID.F07839_1n2.SPATIAL_RNA_COUNTER_CS.SPATIAL_RNA_COUNTER.SPATIAL_POST_MATRIX_COMPUTATION.BIN_HD_DATA._BIN_HD_DATA._COMPUTE_BINNED_OUTPUTS.BIN_COUNT_MATRIX.fork_square_008um
2025-10-14 11:40:30 [runtime] (complete)        ID.F07839_1n2.SPATIAL_RNA_COUNTER_CS.SPATIAL_RNA_COUNTER.SPATIAL_POST_MATRIX_COMPUTATION.BIN_HD_DATA._BIN_HD_DATA._COMPUTE_BINNED_OUTPUTS.BIN_COUNT_MATRIX.fork_square_002um
2025-10-14 11:40:30 [runtime] (complete)        ID.F07839_1n2.SPATIAL_RNA_COUNTER_CS.SPATIAL_RNA_COUNTER.SPATIAL_POST_MATRIX_COMPUTATION.BIN_HD_DATA._BIN_HD_DATA._COMPUTE_BINNED_OUTPUTS.BIN_COUNT_MATRIX.fork_square_008um
2025-10-14 11:40:34 [runtime] (complete)        ID.F07839_1n2.SPATIAL_RNA_COUNTER_CS.SPATIAL_RNA_COUNTER.SPATIAL_POST_MATRIX_COMPUTATION.BIN_HD_DATA._BIN_HD_DATA._COMPUTE_BINNED_OUTPUTS.BIN_COUNT_MATRIX.fork_square_002um
2025-10-14 11:40:34 [runtime] (complete)        ID.F07839_1n2.SPATIAL_RNA_COUNTER_CS.SPATIAL_RNA_COUNTER.SPATIAL_POST_MATRIX_COMPUTATION.BIN_HD_DATA._BIN_HD_DATA._COMPUTE_BINNED_OUTPUTS.BIN_COUNT_MATRIX.fork_square_008um
2025-10-14 11:40:37 [runtime] (complete)        ID.F07839_1n2.SPATIAL_RNA_COUNTER_CS.SPATIAL_RNA_COUNTER.SPATIAL_POST_MATRIX_COMPUTATION.BIN_HD_DATA._BIN_HD_DATA._COMPUTE_BINNED_OUTPUTS.BIN_COUNT_MATRIX.fork_square_002um
2025-10-14 11:40:37 [runtime] (complete)        ID.F07839_1n2.SPATIAL_RNA_COUNTER_CS.SPATIAL_RNA_COUNTER.SPATIAL_POST_MATRIX_COMPUTATION.BIN_HD_DATA._BIN_HD_DATA._COMPUTE_BINNED_OUTPUTS.BIN_COUNT_MATRIX.fork_square_008um
2025-10-14 11:40:40 [runtime] (complete)        ID.F07839_1n2.SPATIAL_RNA_COUNTER_CS.SPATIAL_RNA_COUNTER.SPATIAL_POST_MATRIX_COMPUTATION.BIN_HD_DATA._BIN_HD_DATA._COMPUTE_BINNED_OUTPUTS.BIN_COUNT_MATRIX.fork_square_002um
2025-10-14 11:40:40 [runtime] (complete)        ID.F07839_1n2.SPATIAL_RNA_COUNTER_CS.SPATIAL_RNA_COUNTER.SPATIAL_POST_MATRIX_COMPUTATION.BIN_HD_DATA._BIN_HD_DATA._COMPUTE_BINNED_OUTPUTS.BIN_COUNT_MATRIX.fork_square_008um
2025-10-14 11:40:43 [runtime] (complete)        ID.F07839_1n2.SPATIAL_RNA_COUNTER_CS.SPATIAL_RNA_COUNTER.SPATIAL_POST_MATRIX_COMPUTATION.BIN_HD_DATA._BIN_HD_DATA._COMPUTE_BINNED_OUTPUTS.BIN_COUNT_MATRIX.fork_square_002um
2025-10-14 11:40:43 [runtime] (complete)        ID.F07839_1n2.SPATIAL_RNA_COUNTER_CS.SPATIAL_RNA_COUNTER.SPATIAL_POST_MATRIX_COMPUTATION.BIN_HD_DATA._BIN_HD_DATA._COMPUTE_BINNED_OUTPUTS.BIN_COUNT_MATRIX.fork_square_008um
2025-10-14 11:40:46 [runtime] (complete)        ID.F07839_1n2.SPATIAL_RNA_COUNTER_CS.SPATIAL_RNA_COUNTER.SPATIAL_POST_MATRIX_COMPUTATION.BIN_HD_DATA._BIN_HD_DATA._COMPUTE_BINNED_OUTPUTS.BIN_COUNT_MATRIX.fork_square_002um
2025-10-14 11:40:46 [runtime] (complete)        ID.F07839_1n2.SPATIAL_RNA_COUNTER_CS.SPATIAL_RNA_COUNTER.SPATIAL_POST_MATRIX_COMPUTATION.BIN_HD_DATA._BIN_HD_DATA._COMPUTE_BINNED_OUTPUTS.BIN_COUNT_MATRIX.fork_square_008um
2025-10-14 11:40:49 [runtime] (complete)        ID.F07839_1n2.SPATIAL_RNA_COUNTER_CS.SPATIAL_RNA_COUNTER.SPATIAL_POST_MATRIX_COMPUTATION.BIN_HD_DATA._BIN_HD_DATA._COMPUTE_BINNED_OUTPUTS.BIN_COUNT_MATRIX.fork_square_002um
2025-10-14 11:40:49 [runtime] (complete)        ID.F07839_1n2.SPATIAL_RNA_COUNTER_CS.SPATIAL_RNA_COUNTER.SPATIAL_POST_MATRIX_COMPUTATION.BIN_HD_DATA._BIN_HD_DATA._COMPUTE_BINNED_OUTPUTS.BIN_COUNT_MATRIX.fork_square_008um
2025-10-14 11:40:52 [runtime] (complete)        ID.F07839_1n2.SPATIAL_RNA_COUNTER_CS.SPATIAL_RNA_COUNTER.SPATIAL_POST_MATRIX_COMPUTATION.BIN_HD_DATA._BIN_HD_DATA._COMPUTE_BINNED_OUTPUTS.BIN_COUNT_MATRIX.fork_square_002um
2025-10-14 11:40:52 [runtime] (complete)        ID.F07839_1n2.SPATIAL_RNA_COUNTER_CS.SPATIAL_RNA_COUNTER.SPATIAL_POST_MATRIX_COMPUTATION.BIN_HD_DATA._BIN_HD_DATA._COMPUTE_BINNED_OUTPUTS.BIN_COUNT_MATRIX.fork_square_008um
2025-10-14 11:40:55 [runtime] (complete)        ID.F07839_1n2.SPATIAL_RNA_COUNTER_CS.SPATIAL_RNA_COUNTER.SPATIAL_POST_MATRIX_COMPUTATION.BIN_HD_DATA._BIN_HD_DATA._COMPUTE_BINNED_OUTPUTS.BIN_COUNT_MATRIX.fork_square_002um
2025-10-14 11:40:55 [runtime] (complete)        ID.F07839_1n2.SPATIAL_RNA_COUNTER_CS.SPATIAL_RNA_COUNTER.SPATIAL_POST_MATRIX_COMPUTATION.BIN_HD_DATA._BIN_HD_DATA._COMPUTE_BINNED_OUTPUTS.BIN_COUNT_MATRIX.fork_square_008um
2025-10-14 11:40:58 [runtime] (complete)        ID.F07839_1n2.SPATIAL_RNA_COUNTER_CS.SPATIAL_RNA_COUNTER.SPATIAL_POST_MATRIX_COMPUTATION.BIN_HD_DATA._BIN_HD_DATA._COMPUTE_BINNED_OUTPUTS.BIN_COUNT_MATRIX.fork_square_002um
2025-10-14 11:40:58 [runtime] (complete)        ID.F07839_1n2.SPATIAL_RNA_COUNTER_CS.SPATIAL_RNA_COUNTER.SPATIAL_POST_MATRIX_COMPUTATION.BIN_HD_DATA._BIN_HD_DATA._COMPUTE_BINNED_OUTPUTS.BIN_COUNT_MATRIX.fork_square_008um
2025-10-14 11:41:01 [runtime] (complete)        ID.F07839_1n2.SPATIAL_RNA_COUNTER_CS.SPATIAL_RNA_COUNTER.SPATIAL_POST_MATRIX_COMPUTATION.BIN_HD_DATA._BIN_HD_DATA._COMPUTE_BINNED_OUTPUTS.BIN_COUNT_MATRIX.fork_square_002um
2025-10-14 11:41:01 [runtime] (complete)        ID.F07839_1n2.SPATIAL_RNA_COUNTER_CS.SPATIAL_RNA_COUNTER.SPATIAL_POST_MATRIX_COMPUTATION.BIN_HD_DATA._BIN_HD_DATA._COMPUTE_BINNED_OUTPUTS.BIN_COUNT_MATRIX.fork_square_008um
2025-10-14 11:41:04 [runtime] (complete)        ID.F07839_1n2.SPATIAL_RNA_COUNTER_CS.SPATIAL_RNA_COUNTER.SPATIAL_POST_MATRIX_COMPUTATION.BIN_HD_DATA._BIN_HD_DATA._COMPUTE_BINNED_OUTPUTS.BIN_COUNT_MATRIX.fork_square_002um
2025-10-14 11:41:04 [runtime] (complete)        ID.F07839_1n2.SPATIAL_RNA_COUNTER_CS.SPATIAL_RNA_COUNTER.SPATIAL_POST_MATRIX_COMPUTATION.BIN_HD_DATA._BIN_HD_DATA._COMPUTE_BINNED_OUTPUTS.BIN_COUNT_MATRIX.fork_square_008um
2025-10-14 11:41:07 [runtime] (complete)        ID.F07839_1n2.SPATIAL_RNA_COUNTER_CS.SPATIAL_RNA_COUNTER.SPATIAL_POST_MATRIX_COMPUTATION.BIN_HD_DATA._BIN_HD_DATA._COMPUTE_BINNED_OUTPUTS.BIN_COUNT_MATRIX.fork_square_002um
2025-10-14 11:41:07 [runtime] (complete)        ID.F07839_1n2.SPATIAL_RNA_COUNTER_CS.SPATIAL_RNA_COUNTER.SPATIAL_POST_MATRIX_COMPUTATION.BIN_HD_DATA._BIN_HD_DATA._COMPUTE_BINNED_OUTPUTS.BIN_COUNT_MATRIX.fork_square_008um
2025-10-14 11:41:11 [runtime] (complete)        ID.F07839_1n2.SPATIAL_RNA_COUNTER_CS.SPATIAL_RNA_COUNTER.SPATIAL_POST_MATRIX_COMPUTATION.BIN_HD_DATA._BIN_HD_DATA._COMPUTE_BINNED_OUTPUTS.BIN_COUNT_MATRIX.fork_square_002um
2025-10-14 11:41:11 [runtime] (complete)        ID.F07839_1n2.SPATIAL_RNA_COUNTER_CS.SPATIAL_RNA_COUNTER.SPATIAL_POST_MATRIX_COMPUTATION.BIN_HD_DATA._BIN_HD_DATA._COMPUTE_BINNED_OUTPUTS.BIN_COUNT_MATRIX.fork_square_008um
2025-10-14 11:41:14 [runtime] (complete)        ID.F07839_1n2.SPATIAL_RNA_COUNTER_CS.SPATIAL_RNA_COUNTER.SPATIAL_POST_MATRIX_COMPUTATION.BIN_HD_DATA._BIN_HD_DATA._COMPUTE_BINNED_OUTPUTS.BIN_COUNT_MATRIX.fork_square_002um
2025-10-14 11:41:14 [runtime] (complete)        ID.F07839_1n2.SPATIAL_RNA_COUNTER_CS.SPATIAL_RNA_COUNTER.SPATIAL_POST_MATRIX_COMPUTATION.BIN_HD_DATA._BIN_HD_DATA._COMPUTE_BINNED_OUTPUTS.BIN_COUNT_MATRIX.fork_square_008um
2025-10-14 11:41:17 [runtime] (complete)        ID.F07839_1n2.SPATIAL_RNA_COUNTER_CS.SPATIAL_RNA_COUNTER.SPATIAL_POST_MATRIX_COMPUTATION.BIN_HD_DATA._BIN_HD_DATA._COMPUTE_BINNED_OUTPUTS.BIN_COUNT_MATRIX.fork_square_002um
2025-10-14 11:41:17 [runtime] (complete)        ID.F07839_1n2.SPATIAL_RNA_COUNTER_CS.SPATIAL_RNA_COUNTER.SPATIAL_POST_MATRIX_COMPUTATION.BIN_HD_DATA._BIN_HD_DATA._COMPUTE_BINNED_OUTPUTS.BIN_COUNT_MATRIX.fork_square_008um
2025-10-14 11:41:20 [runtime] (update)          ID.F07839_1n2.SPATIAL_RNA_COUNTER_CS.SPATIAL_RNA_COUNTER.SPATIAL_POST_MATRIX_COMPUTATION._POST_MATRIX_COMPUTATION.FILTER_BARCODES.fork0 join_running
2025-10-14 11:41:20 [runtime] (complete)        ID.F07839_1n2.SPATIAL_RNA_COUNTER_CS.SPATIAL_RNA_COUNTER.SPATIAL_POST_MATRIX_COMPUTATION.BIN_HD_DATA._BIN_HD_DATA._COMPUTE_BINNED_OUTPUTS.BIN_COUNT_MATRIX.fork_square_002um
2025-10-14 11:41:20 [runtime] (complete)        ID.F07839_1n2.SPATIAL_RNA_COUNTER_CS.SPATIAL_RNA_COUNTER.SPATIAL_POST_MATRIX_COMPUTATION.BIN_HD_DATA._BIN_HD_DATA._COMPUTE_BINNED_OUTPUTS.BIN_COUNT_MATRIX.fork_square_008um
2025-10-14 11:41:23 [runtime] (complete)        ID.F07839_1n2.SPATIAL_RNA_COUNTER_CS.SPATIAL_RNA_COUNTER.SPATIAL_POST_MATRIX_COMPUTATION.BIN_HD_DATA._BIN_HD_DATA._COMPUTE_BINNED_OUTPUTS.BIN_COUNT_MATRIX.fork_square_002um
2025-10-14 11:41:23 [runtime] (complete)        ID.F07839_1n2.SPATIAL_RNA_COUNTER_CS.SPATIAL_RNA_COUNTER.SPATIAL_POST_MATRIX_COMPUTATION.BIN_HD_DATA._BIN_HD_DATA._COMPUTE_BINNED_OUTPUTS.BIN_COUNT_MATRIX.fork_square_008um
2025-10-14 11:41:23 [runtime] (complete)        ID.F07839_1n2.SPATIAL_RNA_COUNTER_CS.SPATIAL_RNA_COUNTER.SPATIAL_POST_MATRIX_COMPUTATION.BIN_HD_DATA._BIN_HD_DATA._COMPUTE_BINNED_OUTPUTS.BIN_COUNT_MATRIX.fork_square_002um
2025-10-14 11:41:23 [runtime] (complete)        ID.F07839_1n2.SPATIAL_RNA_COUNTER_CS.SPATIAL_RNA_COUNTER.SPATIAL_POST_MATRIX_COMPUTATION.BIN_HD_DATA._BIN_HD_DATA._COMPUTE_BINNED_OUTPUTS.BIN_COUNT_MATRIX.fork_square_008um
2025-10-14 11:41:23 [runtime] (join_complete)   ID.F07839_1n2.SPATIAL_RNA_COUNTER_CS.SPATIAL_RNA_COUNTER.SPATIAL_POST_MATRIX_COMPUTATION._POST_MATRIX_COMPUTATION.FILTER_BARCODES
2025-10-14 11:41:24 [runtime] (ready)           ID.F07839_1n2.SPATIAL_RNA_COUNTER_CS.SPATIAL_RNA_COUNTER.SPATIAL_POST_MATRIX_COMPUTATION.ANTIBODY_QC_PLOTS
2025-10-14 11:41:24 [runtime] (ready)           ID.F07839_1n2.SPATIAL_RNA_COUNTER_CS.SPATIAL_RNA_COUNTER.SPATIAL_POST_MATRIX_COMPUTATION._POST_MATRIX_COMPUTATION._ASSIGN_TAGS.CALL_TAGS_MARGINAL
2025-10-14 11:41:24 [runtime] (complete)        ID.F07839_1n2.SPATIAL_RNA_COUNTER_CS.SPATIAL_RNA_COUNTER.SPATIAL_POST_MATRIX_COMPUTATION.BIN_HD_DATA._BIN_HD_DATA._COMPUTE_BINNED_OUTPUTS.BIN_COUNT_MATRIX.fork_square_002um
2025-10-14 11:41:24 [runtime] (complete)        ID.F07839_1n2.SPATIAL_RNA_COUNTER_CS.SPATIAL_RNA_COUNTER.SPATIAL_POST_MATRIX_COMPUTATION.BIN_HD_DATA._BIN_HD_DATA._COMPUTE_BINNED_OUTPUTS.BIN_COUNT_MATRIX.fork_square_008um
2025-10-14 11:41:24 [runtime] (ready)           ID.F07839_1n2.SPATIAL_RNA_COUNTER_CS.SPATIAL_RNA_COUNTER.SPATIAL_POST_MATRIX_COMPUTATION._POST_MATRIX_COMPUTATION._ASSIGN_TAGS.CALL_TAGS_RTL
2025-10-14 11:41:24 [runtime] (ready)           ID.F07839_1n2.SPATIAL_RNA_COUNTER_CS.SPATIAL_RNA_COUNTER.SPATIAL_POST_MATRIX_COMPUTATION._POST_MATRIX_COMPUTATION.INFER_GEM_WELL_THROUGHPUT
2025-10-14 11:41:24 [runtime] (ready)           ID.F07839_1n2.SPATIAL_RNA_COUNTER_CS.SPATIAL_RNA_COUNTER.SPATIAL_POST_MATRIX_COMPUTATION.CHECK_CORRECTION_FACTOR
2025-10-14 11:41:24 [runtime] (run:local)       ID.F07839_1n2.SPATIAL_RNA_COUNTER_CS.SPATIAL_RNA_COUNTER.SPATIAL_POST_MATRIX_COMPUTATION.CHECK_CORRECTION_FACTOR.fork0.chnk0.main
2025-10-14 11:41:24 [runtime] (ready)           ID.F07839_1n2.SPATIAL_RNA_COUNTER_CS.SPATIAL_RNA_COUNTER.SPATIAL_POST_MATRIX_COMPUTATION.RUN_SPATIAL_ENRICHMENT
2025-10-14 11:41:24 [runtime] (run:local)       ID.F07839_1n2.SPATIAL_RNA_COUNTER_CS.SPATIAL_RNA_COUNTER.SPATIAL_POST_MATRIX_COMPUTATION.RUN_SPATIAL_ENRICHMENT.fork0.split
2025-10-14 11:41:24 [runtime] (ready)           ID.F07839_1n2.SPATIAL_RNA_COUNTER_CS.SPATIAL_RNA_COUNTER.SPATIAL_POST_MATRIX_COMPUTATION._POST_MATRIX_COMPUTATION._ASSIGN_TAGS.CALL_TAGS_OH
2025-10-14 11:41:24 [runtime] (complete)        ID.F07839_1n2.SPATIAL_RNA_COUNTER_CS.SPATIAL_RNA_COUNTER.SPATIAL_POST_MATRIX_COMPUTATION.BIN_HD_DATA._BIN_HD_DATA._COMPUTE_BINNED_OUTPUTS.BIN_COUNT_MATRIX.fork_square_002um
2025-10-14 11:41:24 [runtime] (complete)        ID.F07839_1n2.SPATIAL_RNA_COUNTER_CS.SPATIAL_RNA_COUNTER.SPATIAL_POST_MATRIX_COMPUTATION.BIN_HD_DATA._BIN_HD_DATA._COMPUTE_BINNED_OUTPUTS.BIN_COUNT_MATRIX.fork_square_008um
2025-10-14 11:41:24 [runtime] (ready)           ID.F07839_1n2.SPATIAL_RNA_COUNTER_CS.SPATIAL_RNA_COUNTER.SPATIAL_POST_MATRIX_COMPUTATION.DISABLE_SECONDARY_ANALYSIS
2025-10-14 11:41:24 [runtime] (run:local)       ID.F07839_1n2.SPATIAL_RNA_COUNTER_CS.SPATIAL_RNA_COUNTER.SPATIAL_POST_MATRIX_COMPUTATION.DISABLE_SECONDARY_ANALYSIS.fork0.chnk0.main
2025-10-14 11:41:24 [runtime] (ready)           ID.F07839_1n2.SPATIAL_RNA_COUNTER_CS.SPATIAL_RNA_COUNTER.SPATIAL_POST_MATRIX_COMPUTATION._POST_MATRIX_COMPUTATION.COLLATE_PROBE_METRICS
2025-10-14 11:41:24 [runtime] (run:local)       ID.F07839_1n2.SPATIAL_RNA_COUNTER_CS.SPATIAL_RNA_COUNTER.SPATIAL_POST_MATRIX_COMPUTATION._POST_MATRIX_COMPUTATION.COLLATE_PROBE_METRICS.fork0.chnk0.main
2025-10-14 11:41:24 [runtime] (ready)           ID.F07839_1n2.SPATIAL_RNA_COUNTER_CS.SPATIAL_RNA_COUNTER.SPATIAL_POST_MATRIX_COMPUTATION.COMPUTE_EXTENDED_SD_METRICS
2025-10-14 11:41:24 [runtime] (complete)        ID.F07839_1n2.SPATIAL_RNA_COUNTER_CS.SPATIAL_RNA_COUNTER.SPATIAL_POST_MATRIX_COMPUTATION.BIN_HD_DATA._BIN_HD_DATA._COMPUTE_BINNED_OUTPUTS.BIN_COUNT_MATRIX.fork_square_002um
2025-10-14 11:41:24 [runtime] (complete)        ID.F07839_1n2.SPATIAL_RNA_COUNTER_CS.SPATIAL_RNA_COUNTER.SPATIAL_POST_MATRIX_COMPUTATION.BIN_HD_DATA._BIN_HD_DATA._COMPUTE_BINNED_OUTPUTS.BIN_COUNT_MATRIX.fork_square_008um
2025-10-14 11:41:27 [runtime] (complete)        ID.F07839_1n2.SPATIAL_RNA_COUNTER_CS.SPATIAL_RNA_COUNTER.SPATIAL_POST_MATRIX_COMPUTATION.BIN_HD_DATA._BIN_HD_DATA._COMPUTE_BINNED_OUTPUTS.BIN_COUNT_MATRIX.fork_square_002um
2025-10-14 11:41:27 [runtime] (complete)        ID.F07839_1n2.SPATIAL_RNA_COUNTER_CS.SPATIAL_RNA_COUNTER.SPATIAL_POST_MATRIX_COMPUTATION.BIN_HD_DATA._BIN_HD_DATA._COMPUTE_BINNED_OUTPUTS.BIN_COUNT_MATRIX.fork_square_008um
2025-10-14 11:41:30 [runtime] (complete)        ID.F07839_1n2.SPATIAL_RNA_COUNTER_CS.SPATIAL_RNA_COUNTER.SPATIAL_POST_MATRIX_COMPUTATION.BIN_HD_DATA._BIN_HD_DATA._COMPUTE_BINNED_OUTPUTS.BIN_COUNT_MATRIX.fork_square_002um
2025-10-14 11:41:30 [runtime] (complete)        ID.F07839_1n2.SPATIAL_RNA_COUNTER_CS.SPATIAL_RNA_COUNTER.SPATIAL_POST_MATRIX_COMPUTATION.BIN_HD_DATA._BIN_HD_DATA._COMPUTE_BINNED_OUTPUTS.BIN_COUNT_MATRIX.fork_square_008um
2025-10-14 11:41:33 [runtime] (complete)        ID.F07839_1n2.SPATIAL_RNA_COUNTER_CS.SPATIAL_RNA_COUNTER.SPATIAL_POST_MATRIX_COMPUTATION.BIN_HD_DATA._BIN_HD_DATA._COMPUTE_BINNED_OUTPUTS.BIN_COUNT_MATRIX.fork_square_002um
2025-10-14 11:41:33 [runtime] (complete)        ID.F07839_1n2.SPATIAL_RNA_COUNTER_CS.SPATIAL_RNA_COUNTER.SPATIAL_POST_MATRIX_COMPUTATION.BIN_HD_DATA._BIN_HD_DATA._COMPUTE_BINNED_OUTPUTS.BIN_COUNT_MATRIX.fork_square_008um
2025-10-14 11:41:36 [runtime] (complete)        ID.F07839_1n2.SPATIAL_RNA_COUNTER_CS.SPATIAL_RNA_COUNTER.SPATIAL_POST_MATRIX_COMPUTATION.BIN_HD_DATA._BIN_HD_DATA._COMPUTE_BINNED_OUTPUTS.BIN_COUNT_MATRIX.fork_square_002um
2025-10-14 11:41:36 [runtime] (complete)        ID.F07839_1n2.SPATIAL_RNA_COUNTER_CS.SPATIAL_RNA_COUNTER.SPATIAL_POST_MATRIX_COMPUTATION.BIN_HD_DATA._BIN_HD_DATA._COMPUTE_BINNED_OUTPUTS.BIN_COUNT_MATRIX.fork_square_008um
2025-10-14 11:41:39 [runtime] (complete)        ID.F07839_1n2.SPATIAL_RNA_COUNTER_CS.SPATIAL_RNA_COUNTER.SPATIAL_POST_MATRIX_COMPUTATION.BIN_HD_DATA._BIN_HD_DATA._COMPUTE_BINNED_OUTPUTS.BIN_COUNT_MATRIX.fork_square_002um
2025-10-14 11:41:39 [runtime] (complete)        ID.F07839_1n2.SPATIAL_RNA_COUNTER_CS.SPATIAL_RNA_COUNTER.SPATIAL_POST_MATRIX_COMPUTATION.BIN_HD_DATA._BIN_HD_DATA._COMPUTE_BINNED_OUTPUTS.BIN_COUNT_MATRIX.fork_square_008um
2025-10-14 11:41:42 [runtime] (complete)        ID.F07839_1n2.SPATIAL_RNA_COUNTER_CS.SPATIAL_RNA_COUNTER.SPATIAL_POST_MATRIX_COMPUTATION.BIN_HD_DATA._BIN_HD_DATA._COMPUTE_BINNED_OUTPUTS.BIN_COUNT_MATRIX.fork_square_002um
2025-10-14 11:41:42 [runtime] (complete)        ID.F07839_1n2.SPATIAL_RNA_COUNTER_CS.SPATIAL_RNA_COUNTER.SPATIAL_POST_MATRIX_COMPUTATION.BIN_HD_DATA._BIN_HD_DATA._COMPUTE_BINNED_OUTPUTS.BIN_COUNT_MATRIX.fork_square_008um
2025-10-14 11:41:45 [runtime] (complete)        ID.F07839_1n2.SPATIAL_RNA_COUNTER_CS.SPATIAL_RNA_COUNTER.SPATIAL_POST_MATRIX_COMPUTATION.BIN_HD_DATA._BIN_HD_DATA._COMPUTE_BINNED_OUTPUTS.BIN_COUNT_MATRIX.fork_square_002um
2025-10-14 11:41:45 [runtime] (complete)        ID.F07839_1n2.SPATIAL_RNA_COUNTER_CS.SPATIAL_RNA_COUNTER.SPATIAL_POST_MATRIX_COMPUTATION.BIN_HD_DATA._BIN_HD_DATA._COMPUTE_BINNED_OUTPUTS.BIN_COUNT_MATRIX.fork_square_008um
2025-10-14 11:41:46 [runtime] (complete)        ID.F07839_1n2.SPATIAL_RNA_COUNTER_CS.SPATIAL_RNA_COUNTER.SPATIAL_POST_MATRIX_COMPUTATION.BIN_HD_DATA._BIN_HD_DATA._COMPUTE_BINNED_OUTPUTS.BIN_COUNT_MATRIX.fork_square_002um
2025-10-14 11:41:46 [runtime] (complete)        ID.F07839_1n2.SPATIAL_RNA_COUNTER_CS.SPATIAL_RNA_COUNTER.SPATIAL_POST_MATRIX_COMPUTATION.BIN_HD_DATA._BIN_HD_DATA._COMPUTE_BINNED_OUTPUTS.BIN_COUNT_MATRIX.fork_square_008um
2025-10-14 11:41:46 [runtime] (chunks_complete) ID.F07839_1n2.SPATIAL_RNA_COUNTER_CS.SPATIAL_RNA_COUNTER.SPATIAL_POST_MATRIX_COMPUTATION.CHECK_CORRECTION_FACTOR
2025-10-14 11:41:46 [runtime] (complete)        ID.F07839_1n2.SPATIAL_RNA_COUNTER_CS.SPATIAL_RNA_COUNTER.SPATIAL_POST_MATRIX_COMPUTATION.BIN_HD_DATA._BIN_HD_DATA._COMPUTE_BINNED_OUTPUTS.BIN_COUNT_MATRIX.fork_square_002um
2025-10-14 11:41:46 [runtime] (complete)        ID.F07839_1n2.SPATIAL_RNA_COUNTER_CS.SPATIAL_RNA_COUNTER.SPATIAL_POST_MATRIX_COMPUTATION.BIN_HD_DATA._BIN_HD_DATA._COMPUTE_BINNED_OUTPUTS.BIN_COUNT_MATRIX.fork_square_008um
2025-10-14 11:41:48 [runtime] (complete)        ID.F07839_1n2.SPATIAL_RNA_COUNTER_CS.SPATIAL_RNA_COUNTER.SPATIAL_POST_MATRIX_COMPUTATION.BIN_HD_DATA._BIN_HD_DATA._COMPUTE_BINNED_OUTPUTS.BIN_COUNT_MATRIX.fork_square_002um
2025-10-14 11:41:48 [runtime] (complete)        ID.F07839_1n2.SPATIAL_RNA_COUNTER_CS.SPATIAL_RNA_COUNTER.SPATIAL_POST_MATRIX_COMPUTATION.BIN_HD_DATA._BIN_HD_DATA._COMPUTE_BINNED_OUTPUTS.BIN_COUNT_MATRIX.fork_square_008um
2025-10-14 11:41:48 [runtime] (chunks_complete) ID.F07839_1n2.SPATIAL_RNA_COUNTER_CS.SPATIAL_RNA_COUNTER.SPATIAL_POST_MATRIX_COMPUTATION.DISABLE_SECONDARY_ANALYSIS
2025-10-14 11:41:49 [runtime] (ready)           ID.F07839_1n2.SPATIAL_RNA_COUNTER_CS.SPATIAL_RNA_COUNTER.SPATIAL_POST_MATRIX_COMPUTATION.SPATIAL_RNA_ANALYZER.ANALYZER_PREFLIGHT
2025-10-14 11:41:49 [runtime] (run:local)       ID.F07839_1n2.SPATIAL_RNA_COUNTER_CS.SPATIAL_RNA_COUNTER.SPATIAL_POST_MATRIX_COMPUTATION.SPATIAL_RNA_ANALYZER.ANALYZER_PREFLIGHT.fork0.chnk0.main
2025-10-14 11:41:49 [runtime] (complete)        ID.F07839_1n2.SPATIAL_RNA_COUNTER_CS.SPATIAL_RNA_COUNTER.SPATIAL_POST_MATRIX_COMPUTATION.BIN_HD_DATA._BIN_HD_DATA._COMPUTE_BINNED_OUTPUTS.BIN_COUNT_MATRIX.fork_square_002um
2025-10-14 11:41:49 [runtime] (complete)        ID.F07839_1n2.SPATIAL_RNA_COUNTER_CS.SPATIAL_RNA_COUNTER.SPATIAL_POST_MATRIX_COMPUTATION.BIN_HD_DATA._BIN_HD_DATA._COMPUTE_BINNED_OUTPUTS.BIN_COUNT_MATRIX.fork_square_008um
2025-10-14 11:41:51 [runtime] (complete)        ID.F07839_1n2.SPATIAL_RNA_COUNTER_CS.SPATIAL_RNA_COUNTER.SPATIAL_POST_MATRIX_COMPUTATION.BIN_HD_DATA._BIN_HD_DATA._COMPUTE_BINNED_OUTPUTS.BIN_COUNT_MATRIX.fork_square_002um
2025-10-14 11:41:51 [runtime] (complete)        ID.F07839_1n2.SPATIAL_RNA_COUNTER_CS.SPATIAL_RNA_COUNTER.SPATIAL_POST_MATRIX_COMPUTATION.BIN_HD_DATA._BIN_HD_DATA._COMPUTE_BINNED_OUTPUTS.BIN_COUNT_MATRIX.fork_square_008um
2025-10-14 11:41:51 [runtime] (chunks_complete) ID.F07839_1n2.SPATIAL_RNA_COUNTER_CS.SPATIAL_RNA_COUNTER.SPATIAL_POST_MATRIX_COMPUTATION.SPATIAL_RNA_ANALYZER.ANALYZER_PREFLIGHT
2025-10-14 11:41:52 [runtime] (complete)        ID.F07839_1n2.SPATIAL_RNA_COUNTER_CS.SPATIAL_RNA_COUNTER.SPATIAL_POST_MATRIX_COMPUTATION.BIN_HD_DATA._BIN_HD_DATA._COMPUTE_BINNED_OUTPUTS.BIN_COUNT_MATRIX.fork_square_002um
2025-10-14 11:41:52 [runtime] (complete)        ID.F07839_1n2.SPATIAL_RNA_COUNTER_CS.SPATIAL_RNA_COUNTER.SPATIAL_POST_MATRIX_COMPUTATION.BIN_HD_DATA._BIN_HD_DATA._COMPUTE_BINNED_OUTPUTS.BIN_COUNT_MATRIX.fork_square_008um
2025-10-14 11:41:52 [runtime] (ready)           ID.F07839_1n2.SPATIAL_RNA_COUNTER_CS.SPATIAL_RNA_COUNTER.SPATIAL_POST_MATRIX_COMPUTATION.SPATIAL_RNA_ANALYZER.PREPROCESS_MATRIX
2025-10-14 11:41:52 [runtime] (run:local)       ID.F07839_1n2.SPATIAL_RNA_COUNTER_CS.SPATIAL_RNA_COUNTER.SPATIAL_POST_MATRIX_COMPUTATION.SPATIAL_RNA_ANALYZER.PREPROCESS_MATRIX.fork0.split
2025-10-14 11:41:52 [runtime] (complete)        ID.F07839_1n2.SPATIAL_RNA_COUNTER_CS.SPATIAL_RNA_COUNTER.SPATIAL_POST_MATRIX_COMPUTATION.BIN_HD_DATA._BIN_HD_DATA._COMPUTE_BINNED_OUTPUTS.BIN_COUNT_MATRIX.fork_square_002um
2025-10-14 11:41:52 [runtime] (complete)        ID.F07839_1n2.SPATIAL_RNA_COUNTER_CS.SPATIAL_RNA_COUNTER.SPATIAL_POST_MATRIX_COMPUTATION.BIN_HD_DATA._BIN_HD_DATA._COMPUTE_BINNED_OUTPUTS.BIN_COUNT_MATRIX.fork_square_008um
2025-10-14 11:41:54 [runtime] (complete)        ID.F07839_1n2.SPATIAL_RNA_COUNTER_CS.SPATIAL_RNA_COUNTER.SPATIAL_POST_MATRIX_COMPUTATION.BIN_HD_DATA._BIN_HD_DATA._COMPUTE_BINNED_OUTPUTS.BIN_COUNT_MATRIX.fork_square_002um
2025-10-14 11:41:54 [runtime] (complete)        ID.F07839_1n2.SPATIAL_RNA_COUNTER_CS.SPATIAL_RNA_COUNTER.SPATIAL_POST_MATRIX_COMPUTATION.BIN_HD_DATA._BIN_HD_DATA._COMPUTE_BINNED_OUTPUTS.BIN_COUNT_MATRIX.fork_square_008um
2025-10-14 11:41:54 [runtime] (split_complete)  ID.F07839_1n2.SPATIAL_RNA_COUNTER_CS.SPATIAL_RNA_COUNTER.SPATIAL_POST_MATRIX_COMPUTATION.SPATIAL_RNA_ANALYZER.PREPROCESS_MATRIX
2025-10-14 11:41:54 [runtime] (run:local)       ID.F07839_1n2.SPATIAL_RNA_COUNTER_CS.SPATIAL_RNA_COUNTER.SPATIAL_POST_MATRIX_COMPUTATION.SPATIAL_RNA_ANALYZER.PREPROCESS_MATRIX.fork0.join
2025-10-14 11:41:57 [runtime] (join_complete)   ID.F07839_1n2.SPATIAL_RNA_COUNTER_CS.SPATIAL_RNA_COUNTER.SPATIAL_POST_MATRIX_COMPUTATION.SPATIAL_RNA_ANALYZER.PREPROCESS_MATRIX
2025-10-14 11:41:57 [runtime] (complete)        ID.F07839_1n2.SPATIAL_RNA_COUNTER_CS.SPATIAL_RNA_COUNTER.SPATIAL_POST_MATRIX_COMPUTATION.BIN_HD_DATA._BIN_HD_DATA._COMPUTE_BINNED_OUTPUTS.BIN_COUNT_MATRIX.fork_square_002um
2025-10-14 11:41:57 [runtime] (complete)        ID.F07839_1n2.SPATIAL_RNA_COUNTER_CS.SPATIAL_RNA_COUNTER.SPATIAL_POST_MATRIX_COMPUTATION.BIN_HD_DATA._BIN_HD_DATA._COMPUTE_BINNED_OUTPUTS.BIN_COUNT_MATRIX.fork_square_008um
2025-10-14 11:41:57 [runtime] (complete)        ID.F07839_1n2.SPATIAL_RNA_COUNTER_CS.SPATIAL_RNA_COUNTER.SPATIAL_POST_MATRIX_COMPUTATION.BIN_HD_DATA._BIN_HD_DATA._COMPUTE_BINNED_OUTPUTS.BIN_COUNT_MATRIX.fork_square_002um
2025-10-14 11:41:57 [runtime] (complete)        ID.F07839_1n2.SPATIAL_RNA_COUNTER_CS.SPATIAL_RNA_COUNTER.SPATIAL_POST_MATRIX_COMPUTATION.BIN_HD_DATA._BIN_HD_DATA._COMPUTE_BINNED_OUTPUTS.BIN_COUNT_MATRIX.fork_square_008um
2025-10-14 11:41:57 [runtime] (ready)           ID.F07839_1n2.SPATIAL_RNA_COUNTER_CS.SPATIAL_RNA_COUNTER.SPATIAL_POST_MATRIX_COMPUTATION.SPATIAL_RNA_ANALYZER._ANTIGEN_ANALYZER.CALL_ANTIBODIES
2025-10-14 11:41:57 [runtime] (ready)           ID.F07839_1n2.SPATIAL_RNA_COUNTER_CS.SPATIAL_RNA_COUNTER.SPATIAL_POST_MATRIX_COMPUTATION.SPATIAL_RNA_ANALYZER._ANTIBODY_ANALYZER.SUMMARIZE_ANTIBODY_ANALYSIS
2025-10-14 11:41:57 [runtime] (ready)           ID.F07839_1n2.SPATIAL_RNA_COUNTER_CS.SPATIAL_RNA_COUNTER.SPATIAL_POST_MATRIX_COMPUTATION.SPATIAL_RNA_ANALYZER._ANTIBODY_ANALYZER.CALL_ANTIBODIES
2025-10-14 11:41:57 [runtime] (ready)           ID.F07839_1n2.SPATIAL_RNA_COUNTER_CS.SPATIAL_RNA_COUNTER.SPATIAL_POST_MATRIX_COMPUTATION.SPATIAL_RNA_ANALYZER._ANTIGEN_ANALYZER.SUMMARIZE_ANTIBODY_ANALYSIS
2025-10-14 11:41:57 [runtime] (ready)           ID.F07839_1n2.SPATIAL_RNA_COUNTER_CS.SPATIAL_RNA_COUNTER.SPATIAL_POST_MATRIX_COMPUTATION.SPATIAL_RNA_ANALYZER.RUN_MULTIGENOME_ANALYSIS
2025-10-14 11:41:57 [runtime] (ready)           ID.F07839_1n2.SPATIAL_RNA_COUNTER_CS.SPATIAL_RNA_COUNTER.SPATIAL_POST_MATRIX_COMPUTATION.SPATIAL_RNA_ANALYZER.RUN_BATCH_CORRECTION_PCA.PCA_PREP
2025-10-14 11:41:57 [runtime] (complete)        ID.F07839_1n2.SPATIAL_RNA_COUNTER_CS.SPATIAL_RNA_COUNTER.SPATIAL_POST_MATRIX_COMPUTATION.BIN_HD_DATA._BIN_HD_DATA._COMPUTE_BINNED_OUTPUTS.BIN_COUNT_MATRIX.fork_square_002um
2025-10-14 11:41:57 [runtime] (complete)        ID.F07839_1n2.SPATIAL_RNA_COUNTER_CS.SPATIAL_RNA_COUNTER.SPATIAL_POST_MATRIX_COMPUTATION.BIN_HD_DATA._BIN_HD_DATA._COMPUTE_BINNED_OUTPUTS.BIN_COUNT_MATRIX.fork_square_008um
2025-10-14 11:41:57 [runtime] (complete)        ID.F07839_1n2.SPATIAL_RNA_COUNTER_CS.SPATIAL_RNA_COUNTER.SPATIAL_POST_MATRIX_COMPUTATION.BIN_HD_DATA._BIN_HD_DATA._COMPUTE_BINNED_OUTPUTS.BIN_COUNT_MATRIX.fork_square_002um
2025-10-14 11:41:57 [runtime] (complete)        ID.F07839_1n2.SPATIAL_RNA_COUNTER_CS.SPATIAL_RNA_COUNTER.SPATIAL_POST_MATRIX_COMPUTATION.BIN_HD_DATA._BIN_HD_DATA._COMPUTE_BINNED_OUTPUTS.BIN_COUNT_MATRIX.fork_square_008um
2025-10-14 11:41:57 [runtime] (ready)           ID.F07839_1n2.SPATIAL_RNA_COUNTER_CS.SPATIAL_RNA_COUNTER.SPATIAL_POST_MATRIX_COMPUTATION.SPATIAL_RNA_ANALYZER.RUN_BATCH_CORRECTION_PCA.RUN_PCA2
2025-10-14 11:41:58 [runtime] (complete)        ID.F07839_1n2.SPATIAL_RNA_COUNTER_CS.SPATIAL_RNA_COUNTER.SPATIAL_POST_MATRIX_COMPUTATION.BIN_HD_DATA._BIN_HD_DATA._COMPUTE_BINNED_OUTPUTS.BIN_COUNT_MATRIX.fork_square_002um
2025-10-14 11:41:58 [runtime] (complete)        ID.F07839_1n2.SPATIAL_RNA_COUNTER_CS.SPATIAL_RNA_COUNTER.SPATIAL_POST_MATRIX_COMPUTATION.BIN_HD_DATA._BIN_HD_DATA._COMPUTE_BINNED_OUTPUTS.BIN_COUNT_MATRIX.fork_square_008um
2025-10-14 11:41:58 [runtime] (ready)           ID.F07839_1n2.SPATIAL_RNA_COUNTER_CS.SPATIAL_RNA_COUNTER.SPATIAL_POST_MATRIX_COMPUTATION.SPATIAL_RNA_ANALYZER.RUN_BATCH_CORRECTION_PCA.POST_PCA
2025-10-14 11:41:58 [runtime] (complete)        ID.F07839_1n2.SPATIAL_RNA_COUNTER_CS.SPATIAL_RNA_COUNTER.SPATIAL_POST_MATRIX_COMPUTATION.BIN_HD_DATA._BIN_HD_DATA._COMPUTE_BINNED_OUTPUTS.BIN_COUNT_MATRIX.fork_square_002um
2025-10-14 11:41:58 [runtime] (complete)        ID.F07839_1n2.SPATIAL_RNA_COUNTER_CS.SPATIAL_RNA_COUNTER.SPATIAL_POST_MATRIX_COMPUTATION.BIN_HD_DATA._BIN_HD_DATA._COMPUTE_BINNED_OUTPUTS.BIN_COUNT_MATRIX.fork_square_008um
2025-10-14 11:41:58 [runtime] (split_complete)  ID.F07839_1n2.SPATIAL_RNA_COUNTER_CS.SPATIAL_RNA_COUNTER.SPATIAL_POST_MATRIX_COMPUTATION.RUN_SPATIAL_ENRICHMENT
2025-10-14 11:41:58 [runtime] (run:local)       ID.F07839_1n2.SPATIAL_RNA_COUNTER_CS.SPATIAL_RNA_COUNTER.SPATIAL_POST_MATRIX_COMPUTATION.RUN_SPATIAL_ENRICHMENT.fork0.join
2025-10-14 11:41:58 [runtime] (ready)           ID.F07839_1n2.SPATIAL_RNA_COUNTER_CS.SPATIAL_RNA_COUNTER.SPATIAL_POST_MATRIX_COMPUTATION.SPATIAL_RNA_ANALYZER.CORRECT_CHEMISTRY_BATCH
2025-10-14 11:41:58 [runtime] (complete)        ID.F07839_1n2.SPATIAL_RNA_COUNTER_CS.SPATIAL_RNA_COUNTER.SPATIAL_POST_MATRIX_COMPUTATION.BIN_HD_DATA._BIN_HD_DATA._COMPUTE_BINNED_OUTPUTS.BIN_COUNT_MATRIX.fork_square_002um
2025-10-14 11:41:58 [runtime] (complete)        ID.F07839_1n2.SPATIAL_RNA_COUNTER_CS.SPATIAL_RNA_COUNTER.SPATIAL_POST_MATRIX_COMPUTATION.BIN_HD_DATA._BIN_HD_DATA._COMPUTE_BINNED_OUTPUTS.BIN_COUNT_MATRIX.fork_square_008um
2025-10-14 11:41:58 [runtime] (ready)           ID.F07839_1n2.SPATIAL_RNA_COUNTER_CS.SPATIAL_RNA_COUNTER.SPATIAL_POST_MATRIX_COMPUTATION.SPATIAL_RNA_ANALYZER.RUN_PCA
2025-10-14 11:41:58 [runtime] (complete)        ID.F07839_1n2.SPATIAL_RNA_COUNTER_CS.SPATIAL_RNA_COUNTER.SPATIAL_POST_MATRIX_COMPUTATION.BIN_HD_DATA._BIN_HD_DATA._COMPUTE_BINNED_OUTPUTS.BIN_COUNT_MATRIX.fork_square_002um
2025-10-14 11:41:58 [runtime] (complete)        ID.F07839_1n2.SPATIAL_RNA_COUNTER_CS.SPATIAL_RNA_COUNTER.SPATIAL_POST_MATRIX_COMPUTATION.BIN_HD_DATA._BIN_HD_DATA._COMPUTE_BINNED_OUTPUTS.BIN_COUNT_MATRIX.fork_square_008um
2025-10-14 11:41:58 [runtime] (complete)        ID.F07839_1n2.SPATIAL_RNA_COUNTER_CS.SPATIAL_RNA_COUNTER.SPATIAL_POST_MATRIX_COMPUTATION.BIN_HD_DATA._BIN_HD_DATA._COMPUTE_BINNED_OUTPUTS.BIN_COUNT_MATRIX.fork_square_002um
2025-10-14 11:41:58 [runtime] (complete)        ID.F07839_1n2.SPATIAL_RNA_COUNTER_CS.SPATIAL_RNA_COUNTER.SPATIAL_POST_MATRIX_COMPUTATION.BIN_HD_DATA._BIN_HD_DATA._COMPUTE_BINNED_OUTPUTS.BIN_COUNT_MATRIX.fork_square_008um
2025-10-14 11:41:58 [runtime] (ready)           ID.F07839_1n2.SPATIAL_RNA_COUNTER_CS.SPATIAL_RNA_COUNTER.SPATIAL_POST_MATRIX_COMPUTATION.SPATIAL_RNA_ANALYZER.RUN_KMEANS
2025-10-14 11:41:58 [runtime] (ready)           ID.F07839_1n2.SPATIAL_RNA_COUNTER_CS.SPATIAL_RNA_COUNTER.SPATIAL_POST_MATRIX_COMPUTATION.SPATIAL_RNA_ANALYZER.RUN_GRAPH_CLUSTERING
2025-10-14 11:41:58 [runtime] (ready)           ID.F07839_1n2.SPATIAL_RNA_COUNTER_CS.SPATIAL_RNA_COUNTER.SPATIAL_POST_MATRIX_COMPUTATION.SPATIAL_RNA_ANALYZER.RUN_UMAP
2025-10-14 11:41:58 [runtime] (ready)           ID.F07839_1n2.SPATIAL_RNA_COUNTER_CS.SPATIAL_RNA_COUNTER.SPATIAL_POST_MATRIX_COMPUTATION.SPATIAL_RNA_ANALYZER.RUN_TSNE
2025-10-14 11:41:58 [runtime] (complete)        ID.F07839_1n2.SPATIAL_RNA_COUNTER_CS.SPATIAL_RNA_COUNTER.SPATIAL_POST_MATRIX_COMPUTATION.BIN_HD_DATA._BIN_HD_DATA._COMPUTE_BINNED_OUTPUTS.BIN_COUNT_MATRIX.fork_square_002um
2025-10-14 11:41:58 [runtime] (complete)        ID.F07839_1n2.SPATIAL_RNA_COUNTER_CS.SPATIAL_RNA_COUNTER.SPATIAL_POST_MATRIX_COMPUTATION.BIN_HD_DATA._BIN_HD_DATA._COMPUTE_BINNED_OUTPUTS.BIN_COUNT_MATRIX.fork_square_008um
2025-10-14 11:41:58 [runtime] (complete)        ID.F07839_1n2.SPATIAL_RNA_COUNTER_CS.SPATIAL_RNA_COUNTER.SPATIAL_POST_MATRIX_COMPUTATION.BIN_HD_DATA._BIN_HD_DATA._COMPUTE_BINNED_OUTPUTS.BIN_COUNT_MATRIX.fork_square_002um
2025-10-14 11:41:58 [runtime] (complete)        ID.F07839_1n2.SPATIAL_RNA_COUNTER_CS.SPATIAL_RNA_COUNTER.SPATIAL_POST_MATRIX_COMPUTATION.BIN_HD_DATA._BIN_HD_DATA._COMPUTE_BINNED_OUTPUTS.BIN_COUNT_MATRIX.fork_square_008um
2025-10-14 11:41:58 [runtime] (ready)           ID.F07839_1n2.SPATIAL_RNA_COUNTER_CS.SPATIAL_RNA_COUNTER.SPATIAL_POST_MATRIX_COMPUTATION.SPATIAL_RNA_ANALYZER.RUN_HIERARCHICAL_CLUSTERING
2025-10-14 11:41:58 [runtime] (complete)        ID.F07839_1n2.SPATIAL_RNA_COUNTER_CS.SPATIAL_RNA_COUNTER.SPATIAL_POST_MATRIX_COMPUTATION.BIN_HD_DATA._BIN_HD_DATA._COMPUTE_BINNED_OUTPUTS.BIN_COUNT_MATRIX.fork_square_002um
2025-10-14 11:41:58 [runtime] (complete)        ID.F07839_1n2.SPATIAL_RNA_COUNTER_CS.SPATIAL_RNA_COUNTER.SPATIAL_POST_MATRIX_COMPUTATION.BIN_HD_DATA._BIN_HD_DATA._COMPUTE_BINNED_OUTPUTS.BIN_COUNT_MATRIX.fork_square_008um
2025-10-14 11:41:58 [runtime] (complete)        ID.F07839_1n2.SPATIAL_RNA_COUNTER_CS.SPATIAL_RNA_COUNTER.SPATIAL_POST_MATRIX_COMPUTATION.BIN_HD_DATA._BIN_HD_DATA._COMPUTE_BINNED_OUTPUTS.BIN_COUNT_MATRIX.fork_square_002um
2025-10-14 11:41:58 [runtime] (complete)        ID.F07839_1n2.SPATIAL_RNA_COUNTER_CS.SPATIAL_RNA_COUNTER.SPATIAL_POST_MATRIX_COMPUTATION.BIN_HD_DATA._BIN_HD_DATA._COMPUTE_BINNED_OUTPUTS.BIN_COUNT_MATRIX.fork_square_008um
2025-10-14 11:41:58 [runtime] (ready)           ID.F07839_1n2.SPATIAL_RNA_COUNTER_CS.SPATIAL_RNA_COUNTER.SPATIAL_POST_MATRIX_COMPUTATION.SPATIAL_RNA_ANALYZER.COMBINE_CLUSTERING
2025-10-14 11:41:58 [runtime] (complete)        ID.F07839_1n2.SPATIAL_RNA_COUNTER_CS.SPATIAL_RNA_COUNTER.SPATIAL_POST_MATRIX_COMPUTATION.BIN_HD_DATA._BIN_HD_DATA._COMPUTE_BINNED_OUTPUTS.BIN_COUNT_MATRIX.fork_square_002um
2025-10-14 11:41:58 [runtime] (complete)        ID.F07839_1n2.SPATIAL_RNA_COUNTER_CS.SPATIAL_RNA_COUNTER.SPATIAL_POST_MATRIX_COMPUTATION.BIN_HD_DATA._BIN_HD_DATA._COMPUTE_BINNED_OUTPUTS.BIN_COUNT_MATRIX.fork_square_008um
2025-10-14 11:41:58 [runtime] (ready)           ID.F07839_1n2.SPATIAL_RNA_COUNTER_CS.SPATIAL_RNA_COUNTER.SPATIAL_POST_MATRIX_COMPUTATION.SPATIAL_RNA_ANALYZER.RUN_DIFFERENTIAL_EXPRESSION
2025-10-14 11:41:58 [runtime] (complete)        ID.F07839_1n2.SPATIAL_RNA_COUNTER_CS.SPATIAL_RNA_COUNTER.SPATIAL_POST_MATRIX_COMPUTATION.BIN_HD_DATA._BIN_HD_DATA._COMPUTE_BINNED_OUTPUTS.BIN_COUNT_MATRIX.fork_square_002um
2025-10-14 11:41:58 [runtime] (complete)        ID.F07839_1n2.SPATIAL_RNA_COUNTER_CS.SPATIAL_RNA_COUNTER.SPATIAL_POST_MATRIX_COMPUTATION.BIN_HD_DATA._BIN_HD_DATA._COMPUTE_BINNED_OUTPUTS.BIN_COUNT_MATRIX.fork_square_008um
2025-10-14 11:41:58 [runtime] (complete)        ID.F07839_1n2.SPATIAL_RNA_COUNTER_CS.SPATIAL_RNA_COUNTER.SPATIAL_POST_MATRIX_COMPUTATION.BIN_HD_DATA._BIN_HD_DATA._COMPUTE_BINNED_OUTPUTS.BIN_COUNT_MATRIX.fork_square_002um
2025-10-14 11:41:58 [runtime] (complete)        ID.F07839_1n2.SPATIAL_RNA_COUNTER_CS.SPATIAL_RNA_COUNTER.SPATIAL_POST_MATRIX_COMPUTATION.BIN_HD_DATA._BIN_HD_DATA._COMPUTE_BINNED_OUTPUTS.BIN_COUNT_MATRIX.fork_square_008um
2025-10-14 11:41:58 [runtime] (complete)        ID.F07839_1n2.SPATIAL_RNA_COUNTER_CS.SPATIAL_RNA_COUNTER.SPATIAL_POST_MATRIX_COMPUTATION.BIN_HD_DATA._BIN_HD_DATA._COMPUTE_BINNED_OUTPUTS.BIN_COUNT_MATRIX.fork_square_002um
2025-10-14 11:41:58 [runtime] (complete)        ID.F07839_1n2.SPATIAL_RNA_COUNTER_CS.SPATIAL_RNA_COUNTER.SPATIAL_POST_MATRIX_COMPUTATION.BIN_HD_DATA._BIN_HD_DATA._COMPUTE_BINNED_OUTPUTS.BIN_COUNT_MATRIX.fork_square_008um
2025-10-14 11:41:58 [runtime] (ready)           ID.F07839_1n2.SPATIAL_RNA_COUNTER_CS.SPATIAL_RNA_COUNTER.SPATIAL_POST_MATRIX_COMPUTATION.SPATIAL_RNA_ANALYZER.SUMMARIZE_ANALYSIS
2025-10-14 11:41:58 [runtime] (complete)        ID.F07839_1n2.SPATIAL_RNA_COUNTER_CS.SPATIAL_RNA_COUNTER.SPATIAL_POST_MATRIX_COMPUTATION.BIN_HD_DATA._BIN_HD_DATA._COMPUTE_BINNED_OUTPUTS.BIN_COUNT_MATRIX.fork_square_002um
2025-10-14 11:41:58 [runtime] (complete)        ID.F07839_1n2.SPATIAL_RNA_COUNTER_CS.SPATIAL_RNA_COUNTER.SPATIAL_POST_MATRIX_COMPUTATION.BIN_HD_DATA._BIN_HD_DATA._COMPUTE_BINNED_OUTPUTS.BIN_COUNT_MATRIX.fork_square_008um
2025-10-14 11:41:58 [runtime] (ready)           ID.F07839_1n2.SPATIAL_RNA_COUNTER_CS.SPATIAL_RNA_COUNTER.SPATIAL_POST_MATRIX_COMPUTATION.DECONVOLVE_SPOTS
2025-10-14 11:41:58 [runtime] (complete)        ID.F07839_1n2.SPATIAL_RNA_COUNTER_CS.SPATIAL_RNA_COUNTER.SPATIAL_POST_MATRIX_COMPUTATION.BIN_HD_DATA._BIN_HD_DATA._COMPUTE_BINNED_OUTPUTS.BIN_COUNT_MATRIX.fork_square_002um
2025-10-14 11:41:58 [runtime] (complete)        ID.F07839_1n2.SPATIAL_RNA_COUNTER_CS.SPATIAL_RNA_COUNTER.SPATIAL_POST_MATRIX_COMPUTATION.BIN_HD_DATA._BIN_HD_DATA._COMPUTE_BINNED_OUTPUTS.BIN_COUNT_MATRIX.fork_square_008um
2025-10-14 11:41:58 [runtime] (complete)        ID.F07839_1n2.SPATIAL_RNA_COUNTER_CS.SPATIAL_RNA_COUNTER.SPATIAL_POST_MATRIX_COMPUTATION.BIN_HD_DATA._BIN_HD_DATA._COMPUTE_BINNED_OUTPUTS.BIN_COUNT_MATRIX.fork_square_002um
2025-10-14 11:41:58 [runtime] (complete)        ID.F07839_1n2.SPATIAL_RNA_COUNTER_CS.SPATIAL_RNA_COUNTER.SPATIAL_POST_MATRIX_COMPUTATION.BIN_HD_DATA._BIN_HD_DATA._COMPUTE_BINNED_OUTPUTS.BIN_COUNT_MATRIX.fork_square_008um
2025-10-14 11:42:00 [runtime] (join_complete)   ID.F07839_1n2.SPATIAL_RNA_COUNTER_CS.SPATIAL_RNA_COUNTER.SPATIAL_POST_MATRIX_COMPUTATION.RUN_SPATIAL_ENRICHMENT
2025-10-14 11:42:00 [runtime] (complete)        ID.F07839_1n2.SPATIAL_RNA_COUNTER_CS.SPATIAL_RNA_COUNTER.SPATIAL_POST_MATRIX_COMPUTATION.BIN_HD_DATA._BIN_HD_DATA._COMPUTE_BINNED_OUTPUTS.BIN_COUNT_MATRIX.fork_square_002um
2025-10-14 11:42:00 [runtime] (complete)        ID.F07839_1n2.SPATIAL_RNA_COUNTER_CS.SPATIAL_RNA_COUNTER.SPATIAL_POST_MATRIX_COMPUTATION.BIN_HD_DATA._BIN_HD_DATA._COMPUTE_BINNED_OUTPUTS.BIN_COUNT_MATRIX.fork_square_008um
2025-10-14 11:42:00 [runtime] (ready)           ID.F07839_1n2.SPATIAL_RNA_COUNTER_CS.SPATIAL_RNA_COUNTER.SPATIAL_POST_MATRIX_COMPUTATION.SPATIAL_FOLDER_COLLECTOR
2025-10-14 11:42:00 [runtime] (run:local)       ID.F07839_1n2.SPATIAL_RNA_COUNTER_CS.SPATIAL_RNA_COUNTER.SPATIAL_POST_MATRIX_COMPUTATION.SPATIAL_FOLDER_COLLECTOR.fork0.chnk0.main
2025-10-14 11:42:00 [runtime] (complete)        ID.F07839_1n2.SPATIAL_RNA_COUNTER_CS.SPATIAL_RNA_COUNTER.SPATIAL_POST_MATRIX_COMPUTATION.BIN_HD_DATA._BIN_HD_DATA._COMPUTE_BINNED_OUTPUTS.BIN_COUNT_MATRIX.fork_square_002um
2025-10-14 11:42:00 [runtime] (complete)        ID.F07839_1n2.SPATIAL_RNA_COUNTER_CS.SPATIAL_RNA_COUNTER.SPATIAL_POST_MATRIX_COMPUTATION.BIN_HD_DATA._BIN_HD_DATA._COMPUTE_BINNED_OUTPUTS.BIN_COUNT_MATRIX.fork_square_008um
2025-10-14 11:42:01 [runtime] (chunks_complete) ID.F07839_1n2.SPATIAL_RNA_COUNTER_CS.SPATIAL_RNA_COUNTER.SPATIAL_POST_MATRIX_COMPUTATION.SPATIAL_FOLDER_COLLECTOR
2025-10-14 11:42:01 [runtime] (complete)        ID.F07839_1n2.SPATIAL_RNA_COUNTER_CS.SPATIAL_RNA_COUNTER.SPATIAL_POST_MATRIX_COMPUTATION.BIN_HD_DATA._BIN_HD_DATA._COMPUTE_BINNED_OUTPUTS.BIN_COUNT_MATRIX.fork_square_002um
2025-10-14 11:42:01 [runtime] (complete)        ID.F07839_1n2.SPATIAL_RNA_COUNTER_CS.SPATIAL_RNA_COUNTER.SPATIAL_POST_MATRIX_COMPUTATION.BIN_HD_DATA._BIN_HD_DATA._COMPUTE_BINNED_OUTPUTS.BIN_COUNT_MATRIX.fork_square_008um
2025-10-14 11:42:01 [runtime] (complete)        ID.F07839_1n2.SPATIAL_RNA_COUNTER_CS.SPATIAL_RNA_COUNTER.SPATIAL_POST_MATRIX_COMPUTATION.BIN_HD_DATA._BIN_HD_DATA._COMPUTE_BINNED_OUTPUTS.BIN_COUNT_MATRIX.fork_square_002um
2025-10-14 11:42:01 [runtime] (complete)        ID.F07839_1n2.SPATIAL_RNA_COUNTER_CS.SPATIAL_RNA_COUNTER.SPATIAL_POST_MATRIX_COMPUTATION.BIN_HD_DATA._BIN_HD_DATA._COMPUTE_BINNED_OUTPUTS.BIN_COUNT_MATRIX.fork_square_008um
2025-10-14 11:42:01 [runtime] (complete)        ID.F07839_1n2.SPATIAL_RNA_COUNTER_CS.SPATIAL_RNA_COUNTER.SPATIAL_POST_MATRIX_COMPUTATION.BIN_HD_DATA._BIN_HD_DATA._COMPUTE_BINNED_OUTPUTS.BIN_COUNT_MATRIX.fork_square_002um
2025-10-14 11:42:01 [runtime] (complete)        ID.F07839_1n2.SPATIAL_RNA_COUNTER_CS.SPATIAL_RNA_COUNTER.SPATIAL_POST_MATRIX_COMPUTATION.BIN_HD_DATA._BIN_HD_DATA._COMPUTE_BINNED_OUTPUTS.BIN_COUNT_MATRIX.fork_square_008um
2025-10-14 11:42:01 [runtime] (ready)           ID.F07839_1n2.SPATIAL_RNA_COUNTER_CS.SPATIAL_RNA_COUNTER.SPATIAL_POST_MATRIX_COMPUTATION.HD_WEBSUMMARY_BUILDER.CREATE_HD_WEBSUMMARY_IMAGE
2025-10-14 11:42:01 [runtime] (run:local)       ID.F07839_1n2.SPATIAL_RNA_COUNTER_CS.SPATIAL_RNA_COUNTER.SPATIAL_POST_MATRIX_COMPUTATION.HD_WEBSUMMARY_BUILDER.CREATE_HD_WEBSUMMARY_IMAGE.fork0.chnk0.main
2025-10-14 11:42:04 [runtime] (update)          ID.F07839_1n2.SPATIAL_RNA_COUNTER_CS.SPATIAL_RNA_COUNTER.SPATIAL_POST_MATRIX_COMPUTATION.BIN_HD_DATA._BIN_HD_DATA._COMPUTE_BINNED_OUTPUTS.BIN_COUNT_MATRIX.fork_square_016um chunks_running
2025-10-14 11:42:04 [runtime] (chunks_complete) ID.F07839_1n2.SPATIAL_RNA_COUNTER_CS.SPATIAL_RNA_COUNTER.SPATIAL_POST_MATRIX_COMPUTATION.HD_WEBSUMMARY_BUILDER.CREATE_HD_WEBSUMMARY_IMAGE
2025-10-14 11:42:04 [runtime] (complete)        ID.F07839_1n2.SPATIAL_RNA_COUNTER_CS.SPATIAL_RNA_COUNTER.SPATIAL_POST_MATRIX_COMPUTATION.BIN_HD_DATA._BIN_HD_DATA._COMPUTE_BINNED_OUTPUTS.BIN_COUNT_MATRIX.fork_square_002um
2025-10-14 11:42:04 [runtime] (complete)        ID.F07839_1n2.SPATIAL_RNA_COUNTER_CS.SPATIAL_RNA_COUNTER.SPATIAL_POST_MATRIX_COMPUTATION.BIN_HD_DATA._BIN_HD_DATA._COMPUTE_BINNED_OUTPUTS.BIN_COUNT_MATRIX.fork_square_008um
2025-10-14 11:42:04 [runtime] (complete)        ID.F07839_1n2.SPATIAL_RNA_COUNTER_CS.SPATIAL_RNA_COUNTER.SPATIAL_POST_MATRIX_COMPUTATION.BIN_HD_DATA._BIN_HD_DATA._COMPUTE_BINNED_OUTPUTS.BIN_COUNT_MATRIX.fork_square_002um
2025-10-14 11:42:04 [runtime] (complete)        ID.F07839_1n2.SPATIAL_RNA_COUNTER_CS.SPATIAL_RNA_COUNTER.SPATIAL_POST_MATRIX_COMPUTATION.BIN_HD_DATA._BIN_HD_DATA._COMPUTE_BINNED_OUTPUTS.BIN_COUNT_MATRIX.fork_square_008um
2025-10-14 11:42:07 [runtime] (complete)        ID.F07839_1n2.SPATIAL_RNA_COUNTER_CS.SPATIAL_RNA_COUNTER.SPATIAL_POST_MATRIX_COMPUTATION.BIN_HD_DATA._BIN_HD_DATA._COMPUTE_BINNED_OUTPUTS.BIN_COUNT_MATRIX.fork_square_002um
2025-10-14 11:42:07 [runtime] (complete)        ID.F07839_1n2.SPATIAL_RNA_COUNTER_CS.SPATIAL_RNA_COUNTER.SPATIAL_POST_MATRIX_COMPUTATION.BIN_HD_DATA._BIN_HD_DATA._COMPUTE_BINNED_OUTPUTS.BIN_COUNT_MATRIX.fork_square_008um
2025-10-14 11:42:10 [runtime] (complete)        ID.F07839_1n2.SPATIAL_RNA_COUNTER_CS.SPATIAL_RNA_COUNTER.SPATIAL_POST_MATRIX_COMPUTATION.BIN_HD_DATA._BIN_HD_DATA._COMPUTE_BINNED_OUTPUTS.BIN_COUNT_MATRIX.fork_square_002um
2025-10-14 11:42:10 [runtime] (complete)        ID.F07839_1n2.SPATIAL_RNA_COUNTER_CS.SPATIAL_RNA_COUNTER.SPATIAL_POST_MATRIX_COMPUTATION.BIN_HD_DATA._BIN_HD_DATA._COMPUTE_BINNED_OUTPUTS.BIN_COUNT_MATRIX.fork_square_008um
2025-10-14 11:42:13 [runtime] (complete)        ID.F07839_1n2.SPATIAL_RNA_COUNTER_CS.SPATIAL_RNA_COUNTER.SPATIAL_POST_MATRIX_COMPUTATION.BIN_HD_DATA._BIN_HD_DATA._COMPUTE_BINNED_OUTPUTS.BIN_COUNT_MATRIX.fork_square_002um
2025-10-14 11:42:13 [runtime] (complete)        ID.F07839_1n2.SPATIAL_RNA_COUNTER_CS.SPATIAL_RNA_COUNTER.SPATIAL_POST_MATRIX_COMPUTATION.BIN_HD_DATA._BIN_HD_DATA._COMPUTE_BINNED_OUTPUTS.BIN_COUNT_MATRIX.fork_square_008um
2025-10-14 11:42:16 [runtime] (complete)        ID.F07839_1n2.SPATIAL_RNA_COUNTER_CS.SPATIAL_RNA_COUNTER.SPATIAL_POST_MATRIX_COMPUTATION.BIN_HD_DATA._BIN_HD_DATA._COMPUTE_BINNED_OUTPUTS.BIN_COUNT_MATRIX.fork_square_002um
2025-10-14 11:42:16 [runtime] (complete)        ID.F07839_1n2.SPATIAL_RNA_COUNTER_CS.SPATIAL_RNA_COUNTER.SPATIAL_POST_MATRIX_COMPUTATION.BIN_HD_DATA._BIN_HD_DATA._COMPUTE_BINNED_OUTPUTS.BIN_COUNT_MATRIX.fork_square_008um
2025-10-14 11:42:19 [runtime] (complete)        ID.F07839_1n2.SPATIAL_RNA_COUNTER_CS.SPATIAL_RNA_COUNTER.SPATIAL_POST_MATRIX_COMPUTATION.BIN_HD_DATA._BIN_HD_DATA._COMPUTE_BINNED_OUTPUTS.BIN_COUNT_MATRIX.fork_square_002um
2025-10-14 11:42:19 [runtime] (complete)        ID.F07839_1n2.SPATIAL_RNA_COUNTER_CS.SPATIAL_RNA_COUNTER.SPATIAL_POST_MATRIX_COMPUTATION.BIN_HD_DATA._BIN_HD_DATA._COMPUTE_BINNED_OUTPUTS.BIN_COUNT_MATRIX.fork_square_008um
2025-10-14 11:42:22 [runtime] (complete)        ID.F07839_1n2.SPATIAL_RNA_COUNTER_CS.SPATIAL_RNA_COUNTER.SPATIAL_POST_MATRIX_COMPUTATION.BIN_HD_DATA._BIN_HD_DATA._COMPUTE_BINNED_OUTPUTS.BIN_COUNT_MATRIX.fork_square_002um
2025-10-14 11:42:22 [runtime] (complete)        ID.F07839_1n2.SPATIAL_RNA_COUNTER_CS.SPATIAL_RNA_COUNTER.SPATIAL_POST_MATRIX_COMPUTATION.BIN_HD_DATA._BIN_HD_DATA._COMPUTE_BINNED_OUTPUTS.BIN_COUNT_MATRIX.fork_square_008um
2025-10-14 11:42:25 [runtime] (complete)        ID.F07839_1n2.SPATIAL_RNA_COUNTER_CS.SPATIAL_RNA_COUNTER.SPATIAL_POST_MATRIX_COMPUTATION.BIN_HD_DATA._BIN_HD_DATA._COMPUTE_BINNED_OUTPUTS.BIN_COUNT_MATRIX.fork_square_002um
2025-10-14 11:42:25 [runtime] (complete)        ID.F07839_1n2.SPATIAL_RNA_COUNTER_CS.SPATIAL_RNA_COUNTER.SPATIAL_POST_MATRIX_COMPUTATION.BIN_HD_DATA._BIN_HD_DATA._COMPUTE_BINNED_OUTPUTS.BIN_COUNT_MATRIX.fork_square_008um
2025-10-14 11:42:28 [runtime] (complete)        ID.F07839_1n2.SPATIAL_RNA_COUNTER_CS.SPATIAL_RNA_COUNTER.SPATIAL_POST_MATRIX_COMPUTATION.BIN_HD_DATA._BIN_HD_DATA._COMPUTE_BINNED_OUTPUTS.BIN_COUNT_MATRIX.fork_square_002um
2025-10-14 11:42:28 [runtime] (complete)        ID.F07839_1n2.SPATIAL_RNA_COUNTER_CS.SPATIAL_RNA_COUNTER.SPATIAL_POST_MATRIX_COMPUTATION.BIN_HD_DATA._BIN_HD_DATA._COMPUTE_BINNED_OUTPUTS.BIN_COUNT_MATRIX.fork_square_008um
2025-10-14 11:42:31 [runtime] (complete)        ID.F07839_1n2.SPATIAL_RNA_COUNTER_CS.SPATIAL_RNA_COUNTER.SPATIAL_POST_MATRIX_COMPUTATION.BIN_HD_DATA._BIN_HD_DATA._COMPUTE_BINNED_OUTPUTS.BIN_COUNT_MATRIX.fork_square_002um
2025-10-14 11:42:31 [runtime] (complete)        ID.F07839_1n2.SPATIAL_RNA_COUNTER_CS.SPATIAL_RNA_COUNTER.SPATIAL_POST_MATRIX_COMPUTATION.BIN_HD_DATA._BIN_HD_DATA._COMPUTE_BINNED_OUTPUTS.BIN_COUNT_MATRIX.fork_square_008um
2025-10-14 11:42:34 [runtime] (complete)        ID.F07839_1n2.SPATIAL_RNA_COUNTER_CS.SPATIAL_RNA_COUNTER.SPATIAL_POST_MATRIX_COMPUTATION.BIN_HD_DATA._BIN_HD_DATA._COMPUTE_BINNED_OUTPUTS.BIN_COUNT_MATRIX.fork_square_002um
2025-10-14 11:42:34 [runtime] (complete)        ID.F07839_1n2.SPATIAL_RNA_COUNTER_CS.SPATIAL_RNA_COUNTER.SPATIAL_POST_MATRIX_COMPUTATION.BIN_HD_DATA._BIN_HD_DATA._COMPUTE_BINNED_OUTPUTS.BIN_COUNT_MATRIX.fork_square_008um
2025-10-14 11:42:37 [runtime] (complete)        ID.F07839_1n2.SPATIAL_RNA_COUNTER_CS.SPATIAL_RNA_COUNTER.SPATIAL_POST_MATRIX_COMPUTATION.BIN_HD_DATA._BIN_HD_DATA._COMPUTE_BINNED_OUTPUTS.BIN_COUNT_MATRIX.fork_square_002um
2025-10-14 11:42:37 [runtime] (complete)        ID.F07839_1n2.SPATIAL_RNA_COUNTER_CS.SPATIAL_RNA_COUNTER.SPATIAL_POST_MATRIX_COMPUTATION.BIN_HD_DATA._BIN_HD_DATA._COMPUTE_BINNED_OUTPUTS.BIN_COUNT_MATRIX.fork_square_008um
2025-10-14 11:42:40 [runtime] (complete)        ID.F07839_1n2.SPATIAL_RNA_COUNTER_CS.SPATIAL_RNA_COUNTER.SPATIAL_POST_MATRIX_COMPUTATION.BIN_HD_DATA._BIN_HD_DATA._COMPUTE_BINNED_OUTPUTS.BIN_COUNT_MATRIX.fork_square_002um
2025-10-14 11:42:40 [runtime] (complete)        ID.F07839_1n2.SPATIAL_RNA_COUNTER_CS.SPATIAL_RNA_COUNTER.SPATIAL_POST_MATRIX_COMPUTATION.BIN_HD_DATA._BIN_HD_DATA._COMPUTE_BINNED_OUTPUTS.BIN_COUNT_MATRIX.fork_square_008um
2025-10-14 11:42:43 [runtime] (complete)        ID.F07839_1n2.SPATIAL_RNA_COUNTER_CS.SPATIAL_RNA_COUNTER.SPATIAL_POST_MATRIX_COMPUTATION.BIN_HD_DATA._BIN_HD_DATA._COMPUTE_BINNED_OUTPUTS.BIN_COUNT_MATRIX.fork_square_002um
2025-10-14 11:42:43 [runtime] (complete)        ID.F07839_1n2.SPATIAL_RNA_COUNTER_CS.SPATIAL_RNA_COUNTER.SPATIAL_POST_MATRIX_COMPUTATION.BIN_HD_DATA._BIN_HD_DATA._COMPUTE_BINNED_OUTPUTS.BIN_COUNT_MATRIX.fork_square_008um
2025-10-14 11:42:46 [runtime] (complete)        ID.F07839_1n2.SPATIAL_RNA_COUNTER_CS.SPATIAL_RNA_COUNTER.SPATIAL_POST_MATRIX_COMPUTATION.BIN_HD_DATA._BIN_HD_DATA._COMPUTE_BINNED_OUTPUTS.BIN_COUNT_MATRIX.fork_square_002um
2025-10-14 11:42:46 [runtime] (complete)        ID.F07839_1n2.SPATIAL_RNA_COUNTER_CS.SPATIAL_RNA_COUNTER.SPATIAL_POST_MATRIX_COMPUTATION.BIN_HD_DATA._BIN_HD_DATA._COMPUTE_BINNED_OUTPUTS.BIN_COUNT_MATRIX.fork_square_008um
2025-10-14 11:42:49 [runtime] (complete)        ID.F07839_1n2.SPATIAL_RNA_COUNTER_CS.SPATIAL_RNA_COUNTER.SPATIAL_POST_MATRIX_COMPUTATION.BIN_HD_DATA._BIN_HD_DATA._COMPUTE_BINNED_OUTPUTS.BIN_COUNT_MATRIX.fork_square_002um
2025-10-14 11:42:49 [runtime] (complete)        ID.F07839_1n2.SPATIAL_RNA_COUNTER_CS.SPATIAL_RNA_COUNTER.SPATIAL_POST_MATRIX_COMPUTATION.BIN_HD_DATA._BIN_HD_DATA._COMPUTE_BINNED_OUTPUTS.BIN_COUNT_MATRIX.fork_square_008um
2025-10-14 11:42:52 [runtime] (complete)        ID.F07839_1n2.SPATIAL_RNA_COUNTER_CS.SPATIAL_RNA_COUNTER.SPATIAL_POST_MATRIX_COMPUTATION.BIN_HD_DATA._BIN_HD_DATA._COMPUTE_BINNED_OUTPUTS.BIN_COUNT_MATRIX.fork_square_002um
2025-10-14 11:42:52 [runtime] (complete)        ID.F07839_1n2.SPATIAL_RNA_COUNTER_CS.SPATIAL_RNA_COUNTER.SPATIAL_POST_MATRIX_COMPUTATION.BIN_HD_DATA._BIN_HD_DATA._COMPUTE_BINNED_OUTPUTS.BIN_COUNT_MATRIX.fork_square_008um
2025-10-14 11:42:55 [runtime] (complete)        ID.F07839_1n2.SPATIAL_RNA_COUNTER_CS.SPATIAL_RNA_COUNTER.SPATIAL_POST_MATRIX_COMPUTATION.BIN_HD_DATA._BIN_HD_DATA._COMPUTE_BINNED_OUTPUTS.BIN_COUNT_MATRIX.fork_square_002um
2025-10-14 11:42:55 [runtime] (complete)        ID.F07839_1n2.SPATIAL_RNA_COUNTER_CS.SPATIAL_RNA_COUNTER.SPATIAL_POST_MATRIX_COMPUTATION.BIN_HD_DATA._BIN_HD_DATA._COMPUTE_BINNED_OUTPUTS.BIN_COUNT_MATRIX.fork_square_008um
2025-10-14 11:42:58 [runtime] (complete)        ID.F07839_1n2.SPATIAL_RNA_COUNTER_CS.SPATIAL_RNA_COUNTER.SPATIAL_POST_MATRIX_COMPUTATION.BIN_HD_DATA._BIN_HD_DATA._COMPUTE_BINNED_OUTPUTS.BIN_COUNT_MATRIX.fork_square_002um
2025-10-14 11:42:58 [runtime] (complete)        ID.F07839_1n2.SPATIAL_RNA_COUNTER_CS.SPATIAL_RNA_COUNTER.SPATIAL_POST_MATRIX_COMPUTATION.BIN_HD_DATA._BIN_HD_DATA._COMPUTE_BINNED_OUTPUTS.BIN_COUNT_MATRIX.fork_square_008um
2025-10-14 11:43:01 [runtime] (complete)        ID.F07839_1n2.SPATIAL_RNA_COUNTER_CS.SPATIAL_RNA_COUNTER.SPATIAL_POST_MATRIX_COMPUTATION.BIN_HD_DATA._BIN_HD_DATA._COMPUTE_BINNED_OUTPUTS.BIN_COUNT_MATRIX.fork_square_002um
2025-10-14 11:43:01 [runtime] (complete)        ID.F07839_1n2.SPATIAL_RNA_COUNTER_CS.SPATIAL_RNA_COUNTER.SPATIAL_POST_MATRIX_COMPUTATION.BIN_HD_DATA._BIN_HD_DATA._COMPUTE_BINNED_OUTPUTS.BIN_COUNT_MATRIX.fork_square_008um
2025-10-14 11:43:04 [runtime] (complete)        ID.F07839_1n2.SPATIAL_RNA_COUNTER_CS.SPATIAL_RNA_COUNTER.SPATIAL_POST_MATRIX_COMPUTATION.BIN_HD_DATA._BIN_HD_DATA._COMPUTE_BINNED_OUTPUTS.BIN_COUNT_MATRIX.fork_square_002um
2025-10-14 11:43:04 [runtime] (complete)        ID.F07839_1n2.SPATIAL_RNA_COUNTER_CS.SPATIAL_RNA_COUNTER.SPATIAL_POST_MATRIX_COMPUTATION.BIN_HD_DATA._BIN_HD_DATA._COMPUTE_BINNED_OUTPUTS.BIN_COUNT_MATRIX.fork_square_008um
2025-10-14 11:43:07 [runtime] (complete)        ID.F07839_1n2.SPATIAL_RNA_COUNTER_CS.SPATIAL_RNA_COUNTER.SPATIAL_POST_MATRIX_COMPUTATION.BIN_HD_DATA._BIN_HD_DATA._COMPUTE_BINNED_OUTPUTS.BIN_COUNT_MATRIX.fork_square_002um
2025-10-14 11:43:07 [runtime] (complete)        ID.F07839_1n2.SPATIAL_RNA_COUNTER_CS.SPATIAL_RNA_COUNTER.SPATIAL_POST_MATRIX_COMPUTATION.BIN_HD_DATA._BIN_HD_DATA._COMPUTE_BINNED_OUTPUTS.BIN_COUNT_MATRIX.fork_square_008um
2025-10-14 11:43:10 [runtime] (complete)        ID.F07839_1n2.SPATIAL_RNA_COUNTER_CS.SPATIAL_RNA_COUNTER.SPATIAL_POST_MATRIX_COMPUTATION.BIN_HD_DATA._BIN_HD_DATA._COMPUTE_BINNED_OUTPUTS.BIN_COUNT_MATRIX.fork_square_002um
2025-10-14 11:43:10 [runtime] (complete)        ID.F07839_1n2.SPATIAL_RNA_COUNTER_CS.SPATIAL_RNA_COUNTER.SPATIAL_POST_MATRIX_COMPUTATION.BIN_HD_DATA._BIN_HD_DATA._COMPUTE_BINNED_OUTPUTS.BIN_COUNT_MATRIX.fork_square_008um
2025-10-14 11:43:14 [runtime] (complete)        ID.F07839_1n2.SPATIAL_RNA_COUNTER_CS.SPATIAL_RNA_COUNTER.SPATIAL_POST_MATRIX_COMPUTATION.BIN_HD_DATA._BIN_HD_DATA._COMPUTE_BINNED_OUTPUTS.BIN_COUNT_MATRIX.fork_square_002um
2025-10-14 11:43:14 [runtime] (complete)        ID.F07839_1n2.SPATIAL_RNA_COUNTER_CS.SPATIAL_RNA_COUNTER.SPATIAL_POST_MATRIX_COMPUTATION.BIN_HD_DATA._BIN_HD_DATA._COMPUTE_BINNED_OUTPUTS.BIN_COUNT_MATRIX.fork_square_008um
2025-10-14 11:43:17 [runtime] (complete)        ID.F07839_1n2.SPATIAL_RNA_COUNTER_CS.SPATIAL_RNA_COUNTER.SPATIAL_POST_MATRIX_COMPUTATION.BIN_HD_DATA._BIN_HD_DATA._COMPUTE_BINNED_OUTPUTS.BIN_COUNT_MATRIX.fork_square_002um
2025-10-14 11:43:17 [runtime] (complete)        ID.F07839_1n2.SPATIAL_RNA_COUNTER_CS.SPATIAL_RNA_COUNTER.SPATIAL_POST_MATRIX_COMPUTATION.BIN_HD_DATA._BIN_HD_DATA._COMPUTE_BINNED_OUTPUTS.BIN_COUNT_MATRIX.fork_square_008um
2025-10-14 11:43:20 [runtime] (complete)        ID.F07839_1n2.SPATIAL_RNA_COUNTER_CS.SPATIAL_RNA_COUNTER.SPATIAL_POST_MATRIX_COMPUTATION.BIN_HD_DATA._BIN_HD_DATA._COMPUTE_BINNED_OUTPUTS.BIN_COUNT_MATRIX.fork_square_002um
2025-10-14 11:43:20 [runtime] (complete)        ID.F07839_1n2.SPATIAL_RNA_COUNTER_CS.SPATIAL_RNA_COUNTER.SPATIAL_POST_MATRIX_COMPUTATION.BIN_HD_DATA._BIN_HD_DATA._COMPUTE_BINNED_OUTPUTS.BIN_COUNT_MATRIX.fork_square_008um
2025-10-14 11:43:23 [runtime] (complete)        ID.F07839_1n2.SPATIAL_RNA_COUNTER_CS.SPATIAL_RNA_COUNTER.SPATIAL_POST_MATRIX_COMPUTATION.BIN_HD_DATA._BIN_HD_DATA._COMPUTE_BINNED_OUTPUTS.BIN_COUNT_MATRIX.fork_square_002um
2025-10-14 11:43:23 [runtime] (complete)        ID.F07839_1n2.SPATIAL_RNA_COUNTER_CS.SPATIAL_RNA_COUNTER.SPATIAL_POST_MATRIX_COMPUTATION.BIN_HD_DATA._BIN_HD_DATA._COMPUTE_BINNED_OUTPUTS.BIN_COUNT_MATRIX.fork_square_008um
2025-10-14 11:43:26 [runtime] (complete)        ID.F07839_1n2.SPATIAL_RNA_COUNTER_CS.SPATIAL_RNA_COUNTER.SPATIAL_POST_MATRIX_COMPUTATION.BIN_HD_DATA._BIN_HD_DATA._COMPUTE_BINNED_OUTPUTS.BIN_COUNT_MATRIX.fork_square_002um
2025-10-14 11:43:26 [runtime] (complete)        ID.F07839_1n2.SPATIAL_RNA_COUNTER_CS.SPATIAL_RNA_COUNTER.SPATIAL_POST_MATRIX_COMPUTATION.BIN_HD_DATA._BIN_HD_DATA._COMPUTE_BINNED_OUTPUTS.BIN_COUNT_MATRIX.fork_square_008um
2025-10-14 11:43:29 [runtime] (complete)        ID.F07839_1n2.SPATIAL_RNA_COUNTER_CS.SPATIAL_RNA_COUNTER.SPATIAL_POST_MATRIX_COMPUTATION.BIN_HD_DATA._BIN_HD_DATA._COMPUTE_BINNED_OUTPUTS.BIN_COUNT_MATRIX.fork_square_002um
2025-10-14 11:43:29 [runtime] (complete)        ID.F07839_1n2.SPATIAL_RNA_COUNTER_CS.SPATIAL_RNA_COUNTER.SPATIAL_POST_MATRIX_COMPUTATION.BIN_HD_DATA._BIN_HD_DATA._COMPUTE_BINNED_OUTPUTS.BIN_COUNT_MATRIX.fork_square_008um
2025-10-14 11:43:32 [runtime] (complete)        ID.F07839_1n2.SPATIAL_RNA_COUNTER_CS.SPATIAL_RNA_COUNTER.SPATIAL_POST_MATRIX_COMPUTATION.BIN_HD_DATA._BIN_HD_DATA._COMPUTE_BINNED_OUTPUTS.BIN_COUNT_MATRIX.fork_square_002um
2025-10-14 11:43:32 [runtime] (complete)        ID.F07839_1n2.SPATIAL_RNA_COUNTER_CS.SPATIAL_RNA_COUNTER.SPATIAL_POST_MATRIX_COMPUTATION.BIN_HD_DATA._BIN_HD_DATA._COMPUTE_BINNED_OUTPUTS.BIN_COUNT_MATRIX.fork_square_008um
2025-10-14 11:43:35 [runtime] (complete)        ID.F07839_1n2.SPATIAL_RNA_COUNTER_CS.SPATIAL_RNA_COUNTER.SPATIAL_POST_MATRIX_COMPUTATION.BIN_HD_DATA._BIN_HD_DATA._COMPUTE_BINNED_OUTPUTS.BIN_COUNT_MATRIX.fork_square_002um
2025-10-14 11:43:35 [runtime] (complete)        ID.F07839_1n2.SPATIAL_RNA_COUNTER_CS.SPATIAL_RNA_COUNTER.SPATIAL_POST_MATRIX_COMPUTATION.BIN_HD_DATA._BIN_HD_DATA._COMPUTE_BINNED_OUTPUTS.BIN_COUNT_MATRIX.fork_square_008um
2025-10-14 11:43:38 [runtime] (complete)        ID.F07839_1n2.SPATIAL_RNA_COUNTER_CS.SPATIAL_RNA_COUNTER.SPATIAL_POST_MATRIX_COMPUTATION.BIN_HD_DATA._BIN_HD_DATA._COMPUTE_BINNED_OUTPUTS.BIN_COUNT_MATRIX.fork_square_002um
2025-10-14 11:43:38 [runtime] (complete)        ID.F07839_1n2.SPATIAL_RNA_COUNTER_CS.SPATIAL_RNA_COUNTER.SPATIAL_POST_MATRIX_COMPUTATION.BIN_HD_DATA._BIN_HD_DATA._COMPUTE_BINNED_OUTPUTS.BIN_COUNT_MATRIX.fork_square_008um
2025-10-14 11:43:41 [runtime] (complete)        ID.F07839_1n2.SPATIAL_RNA_COUNTER_CS.SPATIAL_RNA_COUNTER.SPATIAL_POST_MATRIX_COMPUTATION.BIN_HD_DATA._BIN_HD_DATA._COMPUTE_BINNED_OUTPUTS.BIN_COUNT_MATRIX.fork_square_002um
2025-10-14 11:43:41 [runtime] (complete)        ID.F07839_1n2.SPATIAL_RNA_COUNTER_CS.SPATIAL_RNA_COUNTER.SPATIAL_POST_MATRIX_COMPUTATION.BIN_HD_DATA._BIN_HD_DATA._COMPUTE_BINNED_OUTPUTS.BIN_COUNT_MATRIX.fork_square_008um
2025-10-14 11:43:44 [runtime] (complete)        ID.F07839_1n2.SPATIAL_RNA_COUNTER_CS.SPATIAL_RNA_COUNTER.SPATIAL_POST_MATRIX_COMPUTATION.BIN_HD_DATA._BIN_HD_DATA._COMPUTE_BINNED_OUTPUTS.BIN_COUNT_MATRIX.fork_square_002um
2025-10-14 11:43:44 [runtime] (complete)        ID.F07839_1n2.SPATIAL_RNA_COUNTER_CS.SPATIAL_RNA_COUNTER.SPATIAL_POST_MATRIX_COMPUTATION.BIN_HD_DATA._BIN_HD_DATA._COMPUTE_BINNED_OUTPUTS.BIN_COUNT_MATRIX.fork_square_008um
2025-10-14 11:43:47 [runtime] (complete)        ID.F07839_1n2.SPATIAL_RNA_COUNTER_CS.SPATIAL_RNA_COUNTER.SPATIAL_POST_MATRIX_COMPUTATION.BIN_HD_DATA._BIN_HD_DATA._COMPUTE_BINNED_OUTPUTS.BIN_COUNT_MATRIX.fork_square_002um
2025-10-14 11:43:47 [runtime] (complete)        ID.F07839_1n2.SPATIAL_RNA_COUNTER_CS.SPATIAL_RNA_COUNTER.SPATIAL_POST_MATRIX_COMPUTATION.BIN_HD_DATA._BIN_HD_DATA._COMPUTE_BINNED_OUTPUTS.BIN_COUNT_MATRIX.fork_square_008um
2025-10-14 11:43:50 [runtime] (complete)        ID.F07839_1n2.SPATIAL_RNA_COUNTER_CS.SPATIAL_RNA_COUNTER.SPATIAL_POST_MATRIX_COMPUTATION.BIN_HD_DATA._BIN_HD_DATA._COMPUTE_BINNED_OUTPUTS.BIN_COUNT_MATRIX.fork_square_002um
2025-10-14 11:43:50 [runtime] (complete)        ID.F07839_1n2.SPATIAL_RNA_COUNTER_CS.SPATIAL_RNA_COUNTER.SPATIAL_POST_MATRIX_COMPUTATION.BIN_HD_DATA._BIN_HD_DATA._COMPUTE_BINNED_OUTPUTS.BIN_COUNT_MATRIX.fork_square_008um
2025-10-14 11:43:53 [runtime] (complete)        ID.F07839_1n2.SPATIAL_RNA_COUNTER_CS.SPATIAL_RNA_COUNTER.SPATIAL_POST_MATRIX_COMPUTATION.BIN_HD_DATA._BIN_HD_DATA._COMPUTE_BINNED_OUTPUTS.BIN_COUNT_MATRIX.fork_square_002um
2025-10-14 11:43:53 [runtime] (complete)        ID.F07839_1n2.SPATIAL_RNA_COUNTER_CS.SPATIAL_RNA_COUNTER.SPATIAL_POST_MATRIX_COMPUTATION.BIN_HD_DATA._BIN_HD_DATA._COMPUTE_BINNED_OUTPUTS.BIN_COUNT_MATRIX.fork_square_008um
2025-10-14 11:43:56 [runtime] (complete)        ID.F07839_1n2.SPATIAL_RNA_COUNTER_CS.SPATIAL_RNA_COUNTER.SPATIAL_POST_MATRIX_COMPUTATION.BIN_HD_DATA._BIN_HD_DATA._COMPUTE_BINNED_OUTPUTS.BIN_COUNT_MATRIX.fork_square_002um
2025-10-14 11:43:56 [runtime] (complete)        ID.F07839_1n2.SPATIAL_RNA_COUNTER_CS.SPATIAL_RNA_COUNTER.SPATIAL_POST_MATRIX_COMPUTATION.BIN_HD_DATA._BIN_HD_DATA._COMPUTE_BINNED_OUTPUTS.BIN_COUNT_MATRIX.fork_square_008um
2025-10-14 11:43:59 [runtime] (complete)        ID.F07839_1n2.SPATIAL_RNA_COUNTER_CS.SPATIAL_RNA_COUNTER.SPATIAL_POST_MATRIX_COMPUTATION.BIN_HD_DATA._BIN_HD_DATA._COMPUTE_BINNED_OUTPUTS.BIN_COUNT_MATRIX.fork_square_002um
2025-10-14 11:43:59 [runtime] (complete)        ID.F07839_1n2.SPATIAL_RNA_COUNTER_CS.SPATIAL_RNA_COUNTER.SPATIAL_POST_MATRIX_COMPUTATION.BIN_HD_DATA._BIN_HD_DATA._COMPUTE_BINNED_OUTPUTS.BIN_COUNT_MATRIX.fork_square_008um
2025-10-14 11:44:02 [runtime] (complete)        ID.F07839_1n2.SPATIAL_RNA_COUNTER_CS.SPATIAL_RNA_COUNTER.SPATIAL_POST_MATRIX_COMPUTATION.BIN_HD_DATA._BIN_HD_DATA._COMPUTE_BINNED_OUTPUTS.BIN_COUNT_MATRIX.fork_square_002um
2025-10-14 11:44:02 [runtime] (complete)        ID.F07839_1n2.SPATIAL_RNA_COUNTER_CS.SPATIAL_RNA_COUNTER.SPATIAL_POST_MATRIX_COMPUTATION.BIN_HD_DATA._BIN_HD_DATA._COMPUTE_BINNED_OUTPUTS.BIN_COUNT_MATRIX.fork_square_008um
2025-10-14 11:44:04 [runtime] (complete)        ID.F07839_1n2.SPATIAL_RNA_COUNTER_CS.SPATIAL_RNA_COUNTER.SPATIAL_POST_MATRIX_COMPUTATION.BIN_HD_DATA._BIN_HD_DATA._COMPUTE_BINNED_OUTPUTS.BIN_COUNT_MATRIX.fork_square_002um
2025-10-14 11:44:04 [runtime] (complete)        ID.F07839_1n2.SPATIAL_RNA_COUNTER_CS.SPATIAL_RNA_COUNTER.SPATIAL_POST_MATRIX_COMPUTATION.BIN_HD_DATA._BIN_HD_DATA._COMPUTE_BINNED_OUTPUTS.BIN_COUNT_MATRIX.fork_square_008um
2025-10-14 11:44:04 [runtime] (chunks_complete) ID.F07839_1n2.SPATIAL_RNA_COUNTER_CS.SPATIAL_RNA_COUNTER.SPATIAL_POST_MATRIX_COMPUTATION.BIN_HD_DATA._BIN_HD_DATA._COMPUTE_BINNED_OUTPUTS.BIN_COUNT_MATRIX.fork_square_016um
2025-10-14 11:44:04 [runtime] (ready)           ID.F07839_1n2.SPATIAL_RNA_COUNTER_CS.SPATIAL_RNA_COUNTER.SPATIAL_POST_MATRIX_COMPUTATION.BIN_HD_DATA._BIN_HD_DATA._COMPUTE_BINNED_OUTPUTS.WRITE_BINNED_H5_MATRIX.fork_square_002um
2025-10-14 11:44:04 [runtime] (run:local)       ID.F07839_1n2.SPATIAL_RNA_COUNTER_CS.SPATIAL_RNA_COUNTER.SPATIAL_POST_MATRIX_COMPUTATION.BIN_HD_DATA._BIN_HD_DATA._COMPUTE_BINNED_OUTPUTS.WRITE_BINNED_H5_MATRIX.fork_square_002um.chnk0.main
2025-10-14 11:44:04 [runtime] (ready)           ID.F07839_1n2.SPATIAL_RNA_COUNTER_CS.SPATIAL_RNA_COUNTER.SPATIAL_POST_MATRIX_COMPUTATION.BIN_HD_DATA._BIN_HD_DATA._COMPUTE_BINNED_OUTPUTS.WRITE_BINNED_H5_MATRIX.fork_square_008um
2025-10-14 11:44:04 [runtime] (run:local)       ID.F07839_1n2.SPATIAL_RNA_COUNTER_CS.SPATIAL_RNA_COUNTER.SPATIAL_POST_MATRIX_COMPUTATION.BIN_HD_DATA._BIN_HD_DATA._COMPUTE_BINNED_OUTPUTS.WRITE_BINNED_H5_MATRIX.fork_square_008um.chnk0.main
2025-10-14 11:44:04 [runtime] (ready)           ID.F07839_1n2.SPATIAL_RNA_COUNTER_CS.SPATIAL_RNA_COUNTER.SPATIAL_POST_MATRIX_COMPUTATION.BIN_HD_DATA._BIN_HD_DATA._COMPUTE_BINNED_OUTPUTS.WRITE_BINNED_H5_MATRIX.fork_square_016um
2025-10-14 11:44:04 [runtime] (run:local)       ID.F07839_1n2.SPATIAL_RNA_COUNTER_CS.SPATIAL_RNA_COUNTER.SPATIAL_POST_MATRIX_COMPUTATION.BIN_HD_DATA._BIN_HD_DATA._COMPUTE_BINNED_OUTPUTS.WRITE_BINNED_H5_MATRIX.fork_square_016um.chnk0.main
2025-10-14 11:45:54 [runtime] (update)          ID.F07839_1n2.SPATIAL_RNA_COUNTER_CS.SPATIAL_IMAGING_CS.SEGMENT_NUCLEI.RUN_NUCLEI_SEGMENTATION.fork0 join_running
2025-10-14 11:46:08 [runtime] (chunks_complete) ID.F07839_1n2.SPATIAL_RNA_COUNTER_CS.SPATIAL_RNA_COUNTER.SPATIAL_POST_MATRIX_COMPUTATION.BIN_HD_DATA._BIN_HD_DATA._COMPUTE_BINNED_OUTPUTS.WRITE_BINNED_H5_MATRIX.fork_square_008um
2025-10-14 11:46:10 [runtime] (complete)        ID.F07839_1n2.SPATIAL_RNA_COUNTER_CS.SPATIAL_RNA_COUNTER.SPATIAL_POST_MATRIX_COMPUTATION.BIN_HD_DATA._BIN_HD_DATA._COMPUTE_BINNED_OUTPUTS.WRITE_BINNED_H5_MATRIX.fork_square_008um
2025-10-14 11:46:10 [runtime] (chunks_complete) ID.F07839_1n2.SPATIAL_RNA_COUNTER_CS.SPATIAL_RNA_COUNTER.SPATIAL_POST_MATRIX_COMPUTATION.BIN_HD_DATA._BIN_HD_DATA._COMPUTE_BINNED_OUTPUTS.WRITE_BINNED_H5_MATRIX.fork_square_016um
2025-10-14 11:46:14 [runtime] (complete)        ID.F07839_1n2.SPATIAL_RNA_COUNTER_CS.SPATIAL_RNA_COUNTER.SPATIAL_POST_MATRIX_COMPUTATION.BIN_HD_DATA._BIN_HD_DATA._COMPUTE_BINNED_OUTPUTS.WRITE_BINNED_H5_MATRIX.fork_square_008um
2025-10-14 11:46:14 [runtime] (complete)        ID.F07839_1n2.SPATIAL_RNA_COUNTER_CS.SPATIAL_RNA_COUNTER.SPATIAL_POST_MATRIX_COMPUTATION.BIN_HD_DATA._BIN_HD_DATA._COMPUTE_BINNED_OUTPUTS.WRITE_BINNED_H5_MATRIX.fork_square_016um
2025-10-14 11:46:17 [runtime] (complete)        ID.F07839_1n2.SPATIAL_RNA_COUNTER_CS.SPATIAL_RNA_COUNTER.SPATIAL_POST_MATRIX_COMPUTATION.BIN_HD_DATA._BIN_HD_DATA._COMPUTE_BINNED_OUTPUTS.WRITE_BINNED_H5_MATRIX.fork_square_008um
2025-10-14 11:46:17 [runtime] (complete)        ID.F07839_1n2.SPATIAL_RNA_COUNTER_CS.SPATIAL_RNA_COUNTER.SPATIAL_POST_MATRIX_COMPUTATION.BIN_HD_DATA._BIN_HD_DATA._COMPUTE_BINNED_OUTPUTS.WRITE_BINNED_H5_MATRIX.fork_square_016um
2025-10-14 11:46:20 [runtime] (complete)        ID.F07839_1n2.SPATIAL_RNA_COUNTER_CS.SPATIAL_RNA_COUNTER.SPATIAL_POST_MATRIX_COMPUTATION.BIN_HD_DATA._BIN_HD_DATA._COMPUTE_BINNED_OUTPUTS.WRITE_BINNED_H5_MATRIX.fork_square_008um
2025-10-14 11:46:20 [runtime] (complete)        ID.F07839_1n2.SPATIAL_RNA_COUNTER_CS.SPATIAL_RNA_COUNTER.SPATIAL_POST_MATRIX_COMPUTATION.BIN_HD_DATA._BIN_HD_DATA._COMPUTE_BINNED_OUTPUTS.WRITE_BINNED_H5_MATRIX.fork_square_016um
2025-10-14 11:46:23 [runtime] (complete)        ID.F07839_1n2.SPATIAL_RNA_COUNTER_CS.SPATIAL_RNA_COUNTER.SPATIAL_POST_MATRIX_COMPUTATION.BIN_HD_DATA._BIN_HD_DATA._COMPUTE_BINNED_OUTPUTS.WRITE_BINNED_H5_MATRIX.fork_square_008um
2025-10-14 11:46:23 [runtime] (complete)        ID.F07839_1n2.SPATIAL_RNA_COUNTER_CS.SPATIAL_RNA_COUNTER.SPATIAL_POST_MATRIX_COMPUTATION.BIN_HD_DATA._BIN_HD_DATA._COMPUTE_BINNED_OUTPUTS.WRITE_BINNED_H5_MATRIX.fork_square_016um
2025-10-14 11:46:26 [runtime] (complete)        ID.F07839_1n2.SPATIAL_RNA_COUNTER_CS.SPATIAL_RNA_COUNTER.SPATIAL_POST_MATRIX_COMPUTATION.BIN_HD_DATA._BIN_HD_DATA._COMPUTE_BINNED_OUTPUTS.WRITE_BINNED_H5_MATRIX.fork_square_008um
2025-10-14 11:46:26 [runtime] (complete)        ID.F07839_1n2.SPATIAL_RNA_COUNTER_CS.SPATIAL_RNA_COUNTER.SPATIAL_POST_MATRIX_COMPUTATION.BIN_HD_DATA._BIN_HD_DATA._COMPUTE_BINNED_OUTPUTS.WRITE_BINNED_H5_MATRIX.fork_square_016um
2025-10-14 11:46:27 [runtime] (chunks_complete) ID.F07839_1n2.SPATIAL_RNA_COUNTER_CS.SPATIAL_RNA_COUNTER.SPATIAL_POST_MATRIX_COMPUTATION.BIN_HD_DATA._BIN_HD_DATA._COMPUTE_BINNED_OUTPUTS.WRITE_BINNED_H5_MATRIX.fork_square_002um
2025-10-14 11:46:27 [runtime] (complete)        ID.F07839_1n2.SPATIAL_RNA_COUNTER_CS.SPATIAL_RNA_COUNTER.SPATIAL_POST_MATRIX_COMPUTATION.BIN_HD_DATA._BIN_HD_DATA._COMPUTE_BINNED_OUTPUTS.WRITE_BINNED_H5_MATRIX.fork_square_008um
2025-10-14 11:46:27 [runtime] (complete)        ID.F07839_1n2.SPATIAL_RNA_COUNTER_CS.SPATIAL_RNA_COUNTER.SPATIAL_POST_MATRIX_COMPUTATION.BIN_HD_DATA._BIN_HD_DATA._COMPUTE_BINNED_OUTPUTS.WRITE_BINNED_H5_MATRIX.fork_square_016um
2025-10-14 11:46:28 [runtime] (ready)           ID.F07839_1n2.SPATIAL_RNA_COUNTER_CS.SPATIAL_RNA_COUNTER.SPATIAL_POST_MATRIX_COMPUTATION.BIN_HD_DATA._BIN_HD_DATA._COMPUTE_BINNED_OUTPUTS.WRITE_BINNED_MATRICES.fork_square_002um
2025-10-14 11:46:28 [runtime] (run:local)       ID.F07839_1n2.SPATIAL_RNA_COUNTER_CS.SPATIAL_RNA_COUNTER.SPATIAL_POST_MATRIX_COMPUTATION.BIN_HD_DATA._BIN_HD_DATA._COMPUTE_BINNED_OUTPUTS.WRITE_BINNED_MATRICES.fork_square_002um.split
2025-10-14 11:46:28 [runtime] (ready)           ID.F07839_1n2.SPATIAL_RNA_COUNTER_CS.SPATIAL_RNA_COUNTER.SPATIAL_POST_MATRIX_COMPUTATION.BIN_HD_DATA._BIN_HD_DATA._COMPUTE_BINNED_OUTPUTS.WRITE_BINNED_MATRICES.fork_square_008um
2025-10-14 11:46:28 [runtime] (run:local)       ID.F07839_1n2.SPATIAL_RNA_COUNTER_CS.SPATIAL_RNA_COUNTER.SPATIAL_POST_MATRIX_COMPUTATION.BIN_HD_DATA._BIN_HD_DATA._COMPUTE_BINNED_OUTPUTS.WRITE_BINNED_MATRICES.fork_square_008um.split
2025-10-14 11:46:28 [runtime] (ready)           ID.F07839_1n2.SPATIAL_RNA_COUNTER_CS.SPATIAL_RNA_COUNTER.SPATIAL_POST_MATRIX_COMPUTATION.BIN_HD_DATA._BIN_HD_DATA._COMPUTE_BINNED_OUTPUTS.WRITE_BINNED_MATRICES.fork_square_016um
2025-10-14 11:46:28 [runtime] (run:local)       ID.F07839_1n2.SPATIAL_RNA_COUNTER_CS.SPATIAL_RNA_COUNTER.SPATIAL_POST_MATRIX_COMPUTATION.BIN_HD_DATA._BIN_HD_DATA._COMPUTE_BINNED_OUTPUTS.WRITE_BINNED_MATRICES.fork_square_016um.split
2025-10-14 11:46:32 [runtime] (split_complete)  ID.F07839_1n2.SPATIAL_RNA_COUNTER_CS.SPATIAL_RNA_COUNTER.SPATIAL_POST_MATRIX_COMPUTATION.BIN_HD_DATA._BIN_HD_DATA._COMPUTE_BINNED_OUTPUTS.WRITE_BINNED_MATRICES.fork_square_002um
2025-10-14 11:46:32 [runtime] (run:local)       ID.F07839_1n2.SPATIAL_RNA_COUNTER_CS.SPATIAL_RNA_COUNTER.SPATIAL_POST_MATRIX_COMPUTATION.BIN_HD_DATA._BIN_HD_DATA._COMPUTE_BINNED_OUTPUTS.WRITE_BINNED_MATRICES.fork_square_002um.join
2025-10-14 11:46:32 [runtime] (split_complete)  ID.F07839_1n2.SPATIAL_RNA_COUNTER_CS.SPATIAL_RNA_COUNTER.SPATIAL_POST_MATRIX_COMPUTATION.BIN_HD_DATA._BIN_HD_DATA._COMPUTE_BINNED_OUTPUTS.WRITE_BINNED_MATRICES.fork_square_008um
2025-10-14 11:46:32 [runtime] (run:local)       ID.F07839_1n2.SPATIAL_RNA_COUNTER_CS.SPATIAL_RNA_COUNTER.SPATIAL_POST_MATRIX_COMPUTATION.BIN_HD_DATA._BIN_HD_DATA._COMPUTE_BINNED_OUTPUTS.WRITE_BINNED_MATRICES.fork_square_008um.join
2025-10-14 11:46:32 [runtime] (split_complete)  ID.F07839_1n2.SPATIAL_RNA_COUNTER_CS.SPATIAL_RNA_COUNTER.SPATIAL_POST_MATRIX_COMPUTATION.BIN_HD_DATA._BIN_HD_DATA._COMPUTE_BINNED_OUTPUTS.WRITE_BINNED_MATRICES.fork_square_016um
2025-10-14 11:46:32 [runtime] (run:local)       ID.F07839_1n2.SPATIAL_RNA_COUNTER_CS.SPATIAL_RNA_COUNTER.SPATIAL_POST_MATRIX_COMPUTATION.BIN_HD_DATA._BIN_HD_DATA._COMPUTE_BINNED_OUTPUTS.WRITE_BINNED_MATRICES.fork_square_016um.join
2025-10-14 11:47:26 [runtime] (join_complete)   ID.F07839_1n2.SPATIAL_RNA_COUNTER_CS.SPATIAL_IMAGING_CS.SEGMENT_NUCLEI.RUN_NUCLEI_SEGMENTATION
2025-10-14 11:47:26 [runtime] (update)          ID.F07839_1n2.SPATIAL_RNA_COUNTER_CS.SPATIAL_RNA_COUNTER.SPATIAL_POST_MATRIX_COMPUTATION._POST_MATRIX_COMPUTATION.COLLATE_PROBE_METRICS.fork0 chunks_running
2025-10-14 11:47:27 [runtime] (ready)           ID.F07839_1n2.SPATIAL_RNA_COUNTER_CS.SPATIAL_RNA_COUNTER.SPATIAL_POST_MATRIX_COMPUTATION.BIN_HD_DATA._BIN_HD_DATA.PROCESS_SEGMENTATIONS._PROCESS_SEGMENTATIONS.SEGMENT_TO_FEATURE_CELL_MATRIX.SETUP_SEGMENTATION_PROCESSING
2025-10-14 11:47:27 [runtime] (run:local)       ID.F07839_1n2.SPATIAL_RNA_COUNTER_CS.SPATIAL_RNA_COUNTER.SPATIAL_POST_MATRIX_COMPUTATION.BIN_HD_DATA._BIN_HD_DATA.PROCESS_SEGMENTATIONS._PROCESS_SEGMENTATIONS.SEGMENT_TO_FEATURE_CELL_MATRIX.SETUP_SEGMENTATION_PROCESSING.fork0.chnk0.main
2025-10-14 11:47:27 [runtime] (chunks_complete) ID.F07839_1n2.SPATIAL_RNA_COUNTER_CS.SPATIAL_RNA_COUNTER.SPATIAL_POST_MATRIX_COMPUTATION.BIN_HD_DATA._BIN_HD_DATA.PROCESS_SEGMENTATIONS._PROCESS_SEGMENTATIONS.SEGMENT_TO_FEATURE_CELL_MATRIX.SETUP_SEGMENTATION_PROCESSING
2025-10-14 11:49:25 [runtime] (chunks_complete) ID.F07839_1n2.SPATIAL_RNA_COUNTER_CS.SPATIAL_RNA_COUNTER.SPATIAL_POST_MATRIX_COMPUTATION._POST_MATRIX_COMPUTATION.COLLATE_PROBE_METRICS
2025-10-14 11:49:25 [runtime] (ready)           ID.F07839_1n2.SPATIAL_RNA_COUNTER_CS.SPATIAL_RNA_COUNTER.SPATIAL_POST_MATRIX_COMPUTATION._POST_MATRIX_COMPUTATION._CELLS_REPORTER.WRITE_MOLECULE_INFO
2025-10-14 11:49:25 [runtime] (run:local)       ID.F07839_1n2.SPATIAL_RNA_COUNTER_CS.SPATIAL_RNA_COUNTER.SPATIAL_POST_MATRIX_COMPUTATION._POST_MATRIX_COMPUTATION._CELLS_REPORTER.WRITE_MOLECULE_INFO.fork0.split
2025-10-14 11:49:25 [runtime] (ready)           ID.F07839_1n2.SPATIAL_RNA_COUNTER_CS.SPATIAL_RNA_COUNTER.SPATIAL_POST_MATRIX_COMPUTATION.BIN_HD_DATA._BIN_HD_DATA._COMPUTE_BINNED_OUTPUTS.PICK_PROBE_BC_MATRIX.fork_square_002um
2025-10-14 11:49:25 [runtime] (run:local)       ID.F07839_1n2.SPATIAL_RNA_COUNTER_CS.SPATIAL_RNA_COUNTER.SPATIAL_POST_MATRIX_COMPUTATION.BIN_HD_DATA._BIN_HD_DATA._COMPUTE_BINNED_OUTPUTS.PICK_PROBE_BC_MATRIX.fork_square_002um.chnk0.main
2025-10-14 11:49:25 [runtime] (ready)           ID.F07839_1n2.SPATIAL_RNA_COUNTER_CS.SPATIAL_RNA_COUNTER.SPATIAL_POST_MATRIX_COMPUTATION.BIN_HD_DATA._BIN_HD_DATA._COMPUTE_BINNED_OUTPUTS.PICK_PROBE_BC_MATRIX.fork_square_008um
2025-10-14 11:49:25 [runtime] (run:local)       ID.F07839_1n2.SPATIAL_RNA_COUNTER_CS.SPATIAL_RNA_COUNTER.SPATIAL_POST_MATRIX_COMPUTATION.BIN_HD_DATA._BIN_HD_DATA._COMPUTE_BINNED_OUTPUTS.PICK_PROBE_BC_MATRIX.fork_square_008um.chnk0.main
2025-10-14 11:49:25 [runtime] (ready)           ID.F07839_1n2.SPATIAL_RNA_COUNTER_CS.SPATIAL_RNA_COUNTER.SPATIAL_POST_MATRIX_COMPUTATION.BIN_HD_DATA._BIN_HD_DATA._COMPUTE_BINNED_OUTPUTS.PICK_PROBE_BC_MATRIX.fork_square_016um
2025-10-14 11:49:25 [runtime] (run:local)       ID.F07839_1n2.SPATIAL_RNA_COUNTER_CS.SPATIAL_RNA_COUNTER.SPATIAL_POST_MATRIX_COMPUTATION.BIN_HD_DATA._BIN_HD_DATA._COMPUTE_BINNED_OUTPUTS.PICK_PROBE_BC_MATRIX.fork_square_016um.chnk0.main
2025-10-14 11:49:26 [runtime] (split_complete)  ID.F07839_1n2.SPATIAL_RNA_COUNTER_CS.SPATIAL_RNA_COUNTER.SPATIAL_POST_MATRIX_COMPUTATION._POST_MATRIX_COMPUTATION._CELLS_REPORTER.WRITE_MOLECULE_INFO
2025-10-14 11:49:26 [runtime] (run:local)       ID.F07839_1n2.SPATIAL_RNA_COUNTER_CS.SPATIAL_RNA_COUNTER.SPATIAL_POST_MATRIX_COMPUTATION._POST_MATRIX_COMPUTATION._CELLS_REPORTER.WRITE_MOLECULE_INFO.fork0.join
2025-10-14 11:49:36 [runtime] (chunks_complete) ID.F07839_1n2.SPATIAL_RNA_COUNTER_CS.SPATIAL_RNA_COUNTER.SPATIAL_POST_MATRIX_COMPUTATION.BIN_HD_DATA._BIN_HD_DATA._COMPUTE_BINNED_OUTPUTS.PICK_PROBE_BC_MATRIX.fork_square_002um
2025-10-14 11:49:36 [runtime] (chunks_complete) ID.F07839_1n2.SPATIAL_RNA_COUNTER_CS.SPATIAL_RNA_COUNTER.SPATIAL_POST_MATRIX_COMPUTATION.BIN_HD_DATA._BIN_HD_DATA._COMPUTE_BINNED_OUTPUTS.PICK_PROBE_BC_MATRIX.fork_square_008um
2025-10-14 11:49:36 [runtime] (chunks_complete) ID.F07839_1n2.SPATIAL_RNA_COUNTER_CS.SPATIAL_RNA_COUNTER.SPATIAL_POST_MATRIX_COMPUTATION.BIN_HD_DATA._BIN_HD_DATA._COMPUTE_BINNED_OUTPUTS.PICK_PROBE_BC_MATRIX.fork_square_016um
2025-10-14 11:52:35 [runtime] (update)          ID.F07839_1n2.SPATIAL_RNA_COUNTER_CS.SPATIAL_RNA_COUNTER.SPATIAL_POST_MATRIX_COMPUTATION.BIN_HD_DATA._BIN_HD_DATA._COMPUTE_BINNED_OUTPUTS.WRITE_BINNED_MATRICES.fork_square_016um join_running
2025-10-14 11:52:35 [runtime] (update)          ID.F07839_1n2.SPATIAL_RNA_COUNTER_CS.SPATIAL_RNA_COUNTER.SPATIAL_POST_MATRIX_COMPUTATION.BIN_HD_DATA._BIN_HD_DATA._COMPUTE_BINNED_OUTPUTS.WRITE_BINNED_MATRICES.fork_square_002um join_running
2025-10-14 11:52:35 [runtime] (update)          ID.F07839_1n2.SPATIAL_RNA_COUNTER_CS.SPATIAL_RNA_COUNTER.SPATIAL_POST_MATRIX_COMPUTATION.BIN_HD_DATA._BIN_HD_DATA._COMPUTE_BINNED_OUTPUTS.WRITE_BINNED_MATRICES.fork_square_008um join_running
2025-10-14 11:53:04 [runtime] (join_complete)   ID.F07839_1n2.SPATIAL_RNA_COUNTER_CS.SPATIAL_RNA_COUNTER.SPATIAL_POST_MATRIX_COMPUTATION.BIN_HD_DATA._BIN_HD_DATA._COMPUTE_BINNED_OUTPUTS.WRITE_BINNED_MATRICES.fork_square_016um
2025-10-14 11:53:08 [runtime] (complete)        ID.F07839_1n2.SPATIAL_RNA_COUNTER_CS.SPATIAL_RNA_COUNTER.SPATIAL_POST_MATRIX_COMPUTATION.BIN_HD_DATA._BIN_HD_DATA._COMPUTE_BINNED_OUTPUTS.WRITE_BINNED_MATRICES.fork_square_016um
2025-10-14 11:53:13 [runtime] (complete)        ID.F07839_1n2.SPATIAL_RNA_COUNTER_CS.SPATIAL_RNA_COUNTER.SPATIAL_POST_MATRIX_COMPUTATION.BIN_HD_DATA._BIN_HD_DATA._COMPUTE_BINNED_OUTPUTS.WRITE_BINNED_MATRICES.fork_square_016um
2025-10-14 11:53:14 [runtime] (complete)        ID.F07839_1n2.SPATIAL_RNA_COUNTER_CS.SPATIAL_RNA_COUNTER.SPATIAL_POST_MATRIX_COMPUTATION.BIN_HD_DATA._BIN_HD_DATA._COMPUTE_BINNED_OUTPUTS.WRITE_BINNED_MATRICES.fork_square_016um
2025-10-14 11:53:14 [runtime] (join_complete)   ID.F07839_1n2.SPATIAL_RNA_COUNTER_CS.SPATIAL_RNA_COUNTER.SPATIAL_POST_MATRIX_COMPUTATION._POST_MATRIX_COMPUTATION._CELLS_REPORTER.WRITE_MOLECULE_INFO
2025-10-14 11:53:14 [runtime] (complete)        ID.F07839_1n2.SPATIAL_RNA_COUNTER_CS.SPATIAL_RNA_COUNTER.SPATIAL_POST_MATRIX_COMPUTATION.BIN_HD_DATA._BIN_HD_DATA._COMPUTE_BINNED_OUTPUTS.WRITE_BINNED_MATRICES.fork_square_016um
2025-10-14 11:53:14 [runtime] (ready)           ID.F07839_1n2.SPATIAL_RNA_COUNTER_CS.SPATIAL_RNA_COUNTER.SPATIAL_POST_MATRIX_COMPUTATION._TARGETED_ANALYZER.SUBSAMPLE_ON_TARGET_READS
2025-10-14 11:53:14 [runtime] (ready)           ID.F07839_1n2.SPATIAL_RNA_COUNTER_CS.SPATIAL_RNA_COUNTER.SPATIAL_POST_MATRIX_COMPUTATION._POST_MATRIX_COMPUTATION._ASSIGN_TAGS.CALL_TAGS_JIBES
2025-10-14 11:53:14 [runtime] (ready)           ID.F07839_1n2.SPATIAL_RNA_COUNTER_CS.SPATIAL_RNA_COUNTER.SPATIAL_POST_MATRIX_COMPUTATION._POST_MATRIX_COMPUTATION._CELLS_REPORTER.SUBSAMPLE_READS
2025-10-14 11:53:14 [runtime] (complete)        ID.F07839_1n2.SPATIAL_RNA_COUNTER_CS.SPATIAL_RNA_COUNTER.SPATIAL_POST_MATRIX_COMPUTATION.BIN_HD_DATA._BIN_HD_DATA._COMPUTE_BINNED_OUTPUTS.WRITE_BINNED_MATRICES.fork_square_016um
2025-10-14 11:53:15 [runtime] (ready)           ID.F07839_1n2.SPATIAL_RNA_COUNTER_CS.SPATIAL_RNA_COUNTER.SPATIAL_POST_MATRIX_COMPUTATION._TARGETED_ANALYZER._RUN_GDNA_ANALYSIS.GET_GDNA_METRICS
2025-10-14 11:53:15 [runtime] (run:local)       ID.F07839_1n2.SPATIAL_RNA_COUNTER_CS.SPATIAL_RNA_COUNTER.SPATIAL_POST_MATRIX_COMPUTATION._TARGETED_ANALYZER._RUN_GDNA_ANALYSIS.GET_GDNA_METRICS.fork0.chnk0.main
2025-10-14 11:53:15 [runtime] (ready)           ID.F07839_1n2.SPATIAL_RNA_COUNTER_CS.SPATIAL_RNA_COUNTER.SPATIAL_POST_MATRIX_COMPUTATION._POST_MATRIX_COMPUTATION._ASSIGN_TAGS.DETERMINE_SAMPLE_ASSIGNMENTS
2025-10-14 11:53:15 [runtime] (complete)        ID.F07839_1n2.SPATIAL_RNA_COUNTER_CS.SPATIAL_RNA_COUNTER.SPATIAL_POST_MATRIX_COMPUTATION.BIN_HD_DATA._BIN_HD_DATA._COMPUTE_BINNED_OUTPUTS.WRITE_BINNED_MATRICES.fork_square_016um
2025-10-14 11:53:15 [runtime] (ready)           ID.F07839_1n2.SPATIAL_RNA_COUNTER_CS.SPATIAL_RNA_COUNTER.SPATIAL_POST_MATRIX_COMPUTATION.BIN_HD_DATA._BIN_HD_DATA._COMPUTE_BINNED_OUTPUTS.COMPUTE_SUBSAMPLED_BIN_METRICS.fork_square_002um
2025-10-14 11:53:15 [runtime] (run:local)       ID.F07839_1n2.SPATIAL_RNA_COUNTER_CS.SPATIAL_RNA_COUNTER.SPATIAL_POST_MATRIX_COMPUTATION.BIN_HD_DATA._BIN_HD_DATA._COMPUTE_BINNED_OUTPUTS.COMPUTE_SUBSAMPLED_BIN_METRICS.fork_square_002um.chnk0.main
2025-10-14 11:53:15 [runtime] (ready)           ID.F07839_1n2.SPATIAL_RNA_COUNTER_CS.SPATIAL_RNA_COUNTER.SPATIAL_POST_MATRIX_COMPUTATION.BIN_HD_DATA._BIN_HD_DATA._COMPUTE_BINNED_OUTPUTS.COMPUTE_SUBSAMPLED_BIN_METRICS.fork_square_008um
2025-10-14 11:53:15 [runtime] (run:local)       ID.F07839_1n2.SPATIAL_RNA_COUNTER_CS.SPATIAL_RNA_COUNTER.SPATIAL_POST_MATRIX_COMPUTATION.BIN_HD_DATA._BIN_HD_DATA._COMPUTE_BINNED_OUTPUTS.COMPUTE_SUBSAMPLED_BIN_METRICS.fork_square_008um.chnk0.main
2025-10-14 11:53:15 [runtime] (ready)           ID.F07839_1n2.SPATIAL_RNA_COUNTER_CS.SPATIAL_RNA_COUNTER.SPATIAL_POST_MATRIX_COMPUTATION.BIN_HD_DATA._BIN_HD_DATA._COMPUTE_BINNED_OUTPUTS.COMPUTE_SUBSAMPLED_BIN_METRICS.fork_square_016um
2025-10-14 11:53:15 [runtime] (run:local)       ID.F07839_1n2.SPATIAL_RNA_COUNTER_CS.SPATIAL_RNA_COUNTER.SPATIAL_POST_MATRIX_COMPUTATION.BIN_HD_DATA._BIN_HD_DATA._COMPUTE_BINNED_OUTPUTS.COMPUTE_SUBSAMPLED_BIN_METRICS.fork_square_016um.chnk0.main
2025-10-14 11:53:15 [runtime] (ready)           ID.F07839_1n2.SPATIAL_RNA_COUNTER_CS.SPATIAL_RNA_COUNTER.SPATIAL_POST_MATRIX_COMPUTATION._POST_MATRIX_COMPUTATION._ASSIGN_TAGS.COMPUTE_EXTRA_MULTIPLEXING_METRICS
2025-10-14 11:53:15 [runtime] (complete)        ID.F07839_1n2.SPATIAL_RNA_COUNTER_CS.SPATIAL_RNA_COUNTER.SPATIAL_POST_MATRIX_COMPUTATION.BIN_HD_DATA._BIN_HD_DATA._COMPUTE_BINNED_OUTPUTS.WRITE_BINNED_MATRICES.fork_square_016um
2025-10-14 11:53:15 [runtime] (ready)           ID.F07839_1n2.SPATIAL_RNA_COUNTER_CS.SPATIAL_RNA_COUNTER.SPATIAL_POST_MATRIX_COMPUTATION._POST_MATRIX_COMPUTATION.DEMUX_PROBE_BC_MATRIX
2025-10-14 11:53:15 [runtime] (ready)           ID.F07839_1n2.SPATIAL_RNA_COUNTER_CS.SPATIAL_RNA_COUNTER.SPATIAL_POST_MATRIX_COMPUTATION._POST_MATRIX_COMPUTATION.MULTI_WRITE_PER_SAMPLE_MOLECULE_INFO
2025-10-14 11:53:15 [runtime] (ready)           ID.F07839_1n2.SPATIAL_RNA_COUNTER_CS.SPATIAL_RNA_COUNTER.SPATIAL_POST_MATRIX_COMPUTATION._POST_MATRIX_COMPUTATION.MULTI_WRITE_PER_SAMPLE_BAM
2025-10-14 11:53:15 [runtime] (ready)           ID.F07839_1n2.SPATIAL_RNA_COUNTER_CS.SPATIAL_RNA_COUNTER.SPATIAL_POST_MATRIX_COMPUTATION._POST_MATRIX_COMPUTATION.MULTI_COLLATE_PER_SAMPLE_METRICS
2025-10-14 11:53:15 [runtime] (ready)           ID.F07839_1n2.SPATIAL_RNA_COUNTER_CS.SPATIAL_RNA_COUNTER.SPATIAL_POST_MATRIX_COMPUTATION._POST_MATRIX_COMPUTATION._CELLS_REPORTER.SUMMARIZE_BASIC_REPORTS
2025-10-14 11:53:15 [runtime] (run:local)       ID.F07839_1n2.SPATIAL_RNA_COUNTER_CS.SPATIAL_RNA_COUNTER.SPATIAL_POST_MATRIX_COMPUTATION._POST_MATRIX_COMPUTATION._CELLS_REPORTER.SUMMARIZE_BASIC_REPORTS.fork0.split
2025-10-14 11:53:15 [runtime] (ready)           ID.F07839_1n2.SPATIAL_RNA_COUNTER_CS.SPATIAL_RNA_COUNTER.SPATIAL_POST_MATRIX_COMPUTATION._POST_MATRIX_COMPUTATION._ASSIGN_TAGS.MERGE_METRICS
2025-10-14 11:53:15 [runtime] (complete)        ID.F07839_1n2.SPATIAL_RNA_COUNTER_CS.SPATIAL_RNA_COUNTER.SPATIAL_POST_MATRIX_COMPUTATION.BIN_HD_DATA._BIN_HD_DATA._COMPUTE_BINNED_OUTPUTS.WRITE_BINNED_MATRICES.fork_square_016um
2025-10-14 11:53:15 [runtime] (ready)           ID.F07839_1n2.SPATIAL_RNA_COUNTER_CS.SPATIAL_RNA_COUNTER.SPATIAL_POST_MATRIX_COMPUTATION._POST_MATRIX_COMPUTATION.MULTI_WRITE_PER_SAMPLE_MATRICES
2025-10-14 11:53:16 [runtime] (complete)        ID.F07839_1n2.SPATIAL_RNA_COUNTER_CS.SPATIAL_RNA_COUNTER.SPATIAL_POST_MATRIX_COMPUTATION.BIN_HD_DATA._BIN_HD_DATA._COMPUTE_BINNED_OUTPUTS.WRITE_BINNED_MATRICES.fork_square_016um
2025-10-14 11:53:16 [runtime] (complete)        ID.F07839_1n2.SPATIAL_RNA_COUNTER_CS.SPATIAL_RNA_COUNTER.SPATIAL_POST_MATRIX_COMPUTATION.BIN_HD_DATA._BIN_HD_DATA._COMPUTE_BINNED_OUTPUTS.WRITE_BINNED_MATRICES.fork_square_016um
2025-10-14 11:53:19 [runtime] (complete)        ID.F07839_1n2.SPATIAL_RNA_COUNTER_CS.SPATIAL_RNA_COUNTER.SPATIAL_POST_MATRIX_COMPUTATION.BIN_HD_DATA._BIN_HD_DATA._COMPUTE_BINNED_OUTPUTS.WRITE_BINNED_MATRICES.fork_square_016um
2025-10-14 11:53:22 [runtime] (complete)        ID.F07839_1n2.SPATIAL_RNA_COUNTER_CS.SPATIAL_RNA_COUNTER.SPATIAL_POST_MATRIX_COMPUTATION.BIN_HD_DATA._BIN_HD_DATA._COMPUTE_BINNED_OUTPUTS.WRITE_BINNED_MATRICES.fork_square_016um
2025-10-14 11:53:25 [runtime] (split_complete)  ID.F07839_1n2.SPATIAL_RNA_COUNTER_CS.SPATIAL_RNA_COUNTER.SPATIAL_POST_MATRIX_COMPUTATION._POST_MATRIX_COMPUTATION._CELLS_REPORTER.SUMMARIZE_BASIC_REPORTS
2025-10-14 11:53:25 [runtime] (run:local)       ID.F07839_1n2.SPATIAL_RNA_COUNTER_CS.SPATIAL_RNA_COUNTER.SPATIAL_POST_MATRIX_COMPUTATION._POST_MATRIX_COMPUTATION._CELLS_REPORTER.SUMMARIZE_BASIC_REPORTS.fork0.join
2025-10-14 11:53:25 [runtime] (complete)        ID.F07839_1n2.SPATIAL_RNA_COUNTER_CS.SPATIAL_RNA_COUNTER.SPATIAL_POST_MATRIX_COMPUTATION.BIN_HD_DATA._BIN_HD_DATA._COMPUTE_BINNED_OUTPUTS.WRITE_BINNED_MATRICES.fork_square_016um
2025-10-14 11:53:28 [runtime] (complete)        ID.F07839_1n2.SPATIAL_RNA_COUNTER_CS.SPATIAL_RNA_COUNTER.SPATIAL_POST_MATRIX_COMPUTATION.BIN_HD_DATA._BIN_HD_DATA._COMPUTE_BINNED_OUTPUTS.WRITE_BINNED_MATRICES.fork_square_016um
2025-10-14 11:53:31 [runtime] (complete)        ID.F07839_1n2.SPATIAL_RNA_COUNTER_CS.SPATIAL_RNA_COUNTER.SPATIAL_POST_MATRIX_COMPUTATION.BIN_HD_DATA._BIN_HD_DATA._COMPUTE_BINNED_OUTPUTS.WRITE_BINNED_MATRICES.fork_square_016um
2025-10-14 11:53:35 [runtime] (complete)        ID.F07839_1n2.SPATIAL_RNA_COUNTER_CS.SPATIAL_RNA_COUNTER.SPATIAL_POST_MATRIX_COMPUTATION.BIN_HD_DATA._BIN_HD_DATA._COMPUTE_BINNED_OUTPUTS.WRITE_BINNED_MATRICES.fork_square_016um
2025-10-14 11:53:38 [runtime] (complete)        ID.F07839_1n2.SPATIAL_RNA_COUNTER_CS.SPATIAL_RNA_COUNTER.SPATIAL_POST_MATRIX_COMPUTATION.BIN_HD_DATA._BIN_HD_DATA._COMPUTE_BINNED_OUTPUTS.WRITE_BINNED_MATRICES.fork_square_016um
2025-10-14 11:53:41 [runtime] (complete)        ID.F07839_1n2.SPATIAL_RNA_COUNTER_CS.SPATIAL_RNA_COUNTER.SPATIAL_POST_MATRIX_COMPUTATION.BIN_HD_DATA._BIN_HD_DATA._COMPUTE_BINNED_OUTPUTS.WRITE_BINNED_MATRICES.fork_square_016um
2025-10-14 11:53:44 [runtime] (complete)        ID.F07839_1n2.SPATIAL_RNA_COUNTER_CS.SPATIAL_RNA_COUNTER.SPATIAL_POST_MATRIX_COMPUTATION.BIN_HD_DATA._BIN_HD_DATA._COMPUTE_BINNED_OUTPUTS.WRITE_BINNED_MATRICES.fork_square_016um
2025-10-14 11:53:47 [runtime] (complete)        ID.F07839_1n2.SPATIAL_RNA_COUNTER_CS.SPATIAL_RNA_COUNTER.SPATIAL_POST_MATRIX_COMPUTATION.BIN_HD_DATA._BIN_HD_DATA._COMPUTE_BINNED_OUTPUTS.WRITE_BINNED_MATRICES.fork_square_016um
2025-10-14 11:53:50 [runtime] (complete)        ID.F07839_1n2.SPATIAL_RNA_COUNTER_CS.SPATIAL_RNA_COUNTER.SPATIAL_POST_MATRIX_COMPUTATION.BIN_HD_DATA._BIN_HD_DATA._COMPUTE_BINNED_OUTPUTS.WRITE_BINNED_MATRICES.fork_square_016um
2025-10-14 11:53:53 [runtime] (complete)        ID.F07839_1n2.SPATIAL_RNA_COUNTER_CS.SPATIAL_RNA_COUNTER.SPATIAL_POST_MATRIX_COMPUTATION.BIN_HD_DATA._BIN_HD_DATA._COMPUTE_BINNED_OUTPUTS.WRITE_BINNED_MATRICES.fork_square_016um
2025-10-14 11:53:56 [runtime] (complete)        ID.F07839_1n2.SPATIAL_RNA_COUNTER_CS.SPATIAL_RNA_COUNTER.SPATIAL_POST_MATRIX_COMPUTATION.BIN_HD_DATA._BIN_HD_DATA._COMPUTE_BINNED_OUTPUTS.WRITE_BINNED_MATRICES.fork_square_016um
2025-10-14 11:53:59 [runtime] (complete)        ID.F07839_1n2.SPATIAL_RNA_COUNTER_CS.SPATIAL_RNA_COUNTER.SPATIAL_POST_MATRIX_COMPUTATION.BIN_HD_DATA._BIN_HD_DATA._COMPUTE_BINNED_OUTPUTS.WRITE_BINNED_MATRICES.fork_square_016um
2025-10-14 11:54:02 [runtime] (complete)        ID.F07839_1n2.SPATIAL_RNA_COUNTER_CS.SPATIAL_RNA_COUNTER.SPATIAL_POST_MATRIX_COMPUTATION.BIN_HD_DATA._BIN_HD_DATA._COMPUTE_BINNED_OUTPUTS.WRITE_BINNED_MATRICES.fork_square_016um
2025-10-14 11:54:05 [runtime] (complete)        ID.F07839_1n2.SPATIAL_RNA_COUNTER_CS.SPATIAL_RNA_COUNTER.SPATIAL_POST_MATRIX_COMPUTATION.BIN_HD_DATA._BIN_HD_DATA._COMPUTE_BINNED_OUTPUTS.WRITE_BINNED_MATRICES.fork_square_016um
2025-10-14 11:54:08 [runtime] (complete)        ID.F07839_1n2.SPATIAL_RNA_COUNTER_CS.SPATIAL_RNA_COUNTER.SPATIAL_POST_MATRIX_COMPUTATION.BIN_HD_DATA._BIN_HD_DATA._COMPUTE_BINNED_OUTPUTS.WRITE_BINNED_MATRICES.fork_square_016um
2025-10-14 11:54:09 [runtime] (join_complete)   ID.F07839_1n2.SPATIAL_RNA_COUNTER_CS.SPATIAL_RNA_COUNTER.SPATIAL_POST_MATRIX_COMPUTATION.BIN_HD_DATA._BIN_HD_DATA._COMPUTE_BINNED_OUTPUTS.WRITE_BINNED_MATRICES.fork_square_008um
2025-10-14 11:54:09 [runtime] (complete)        ID.F07839_1n2.SPATIAL_RNA_COUNTER_CS.SPATIAL_RNA_COUNTER.SPATIAL_POST_MATRIX_COMPUTATION.BIN_HD_DATA._BIN_HD_DATA._COMPUTE_BINNED_OUTPUTS.WRITE_BINNED_MATRICES.fork_square_016um
2025-10-14 11:54:12 [runtime] (complete)        ID.F07839_1n2.SPATIAL_RNA_COUNTER_CS.SPATIAL_RNA_COUNTER.SPATIAL_POST_MATRIX_COMPUTATION.BIN_HD_DATA._BIN_HD_DATA._COMPUTE_BINNED_OUTPUTS.WRITE_BINNED_MATRICES.fork_square_008um
2025-10-14 11:54:12 [runtime] (complete)        ID.F07839_1n2.SPATIAL_RNA_COUNTER_CS.SPATIAL_RNA_COUNTER.SPATIAL_POST_MATRIX_COMPUTATION.BIN_HD_DATA._BIN_HD_DATA._COMPUTE_BINNED_OUTPUTS.WRITE_BINNED_MATRICES.fork_square_016um
2025-10-14 11:54:14 [runtime] (complete)        ID.F07839_1n2.SPATIAL_RNA_COUNTER_CS.SPATIAL_RNA_COUNTER.SPATIAL_POST_MATRIX_COMPUTATION.BIN_HD_DATA._BIN_HD_DATA._COMPUTE_BINNED_OUTPUTS.WRITE_BINNED_MATRICES.fork_square_008um
2025-10-14 11:54:14 [runtime] (complete)        ID.F07839_1n2.SPATIAL_RNA_COUNTER_CS.SPATIAL_RNA_COUNTER.SPATIAL_POST_MATRIX_COMPUTATION.BIN_HD_DATA._BIN_HD_DATA._COMPUTE_BINNED_OUTPUTS.WRITE_BINNED_MATRICES.fork_square_016um
2025-10-14 11:54:14 [runtime] (chunks_complete) ID.F07839_1n2.SPATIAL_RNA_COUNTER_CS.SPATIAL_RNA_COUNTER.SPATIAL_POST_MATRIX_COMPUTATION._TARGETED_ANALYZER._RUN_GDNA_ANALYSIS.GET_GDNA_METRICS
2025-10-14 11:54:14 [runtime] (complete)        ID.F07839_1n2.SPATIAL_RNA_COUNTER_CS.SPATIAL_RNA_COUNTER.SPATIAL_POST_MATRIX_COMPUTATION.BIN_HD_DATA._BIN_HD_DATA._COMPUTE_BINNED_OUTPUTS.WRITE_BINNED_MATRICES.fork_square_008um
2025-10-14 11:54:14 [runtime] (complete)        ID.F07839_1n2.SPATIAL_RNA_COUNTER_CS.SPATIAL_RNA_COUNTER.SPATIAL_POST_MATRIX_COMPUTATION.BIN_HD_DATA._BIN_HD_DATA._COMPUTE_BINNED_OUTPUTS.WRITE_BINNED_MATRICES.fork_square_016um
2025-10-14 11:54:14 [runtime] (ready)           ID.F07839_1n2.SPATIAL_RNA_COUNTER_CS.SPATIAL_RNA_COUNTER.SPATIAL_POST_MATRIX_COMPUTATION._TARGETED_ANALYZER._RUN_GDNA_ANALYSIS.GET_GDNA_PLOT
2025-10-14 11:54:14 [runtime] (run:local)       ID.F07839_1n2.SPATIAL_RNA_COUNTER_CS.SPATIAL_RNA_COUNTER.SPATIAL_POST_MATRIX_COMPUTATION._TARGETED_ANALYZER._RUN_GDNA_ANALYSIS.GET_GDNA_PLOT.fork0.chnk0.main
2025-10-14 11:54:14 [runtime] (complete)        ID.F07839_1n2.SPATIAL_RNA_COUNTER_CS.SPATIAL_RNA_COUNTER.SPATIAL_POST_MATRIX_COMPUTATION.BIN_HD_DATA._BIN_HD_DATA._COMPUTE_BINNED_OUTPUTS.WRITE_BINNED_MATRICES.fork_square_008um
2025-10-14 11:54:14 [runtime] (complete)        ID.F07839_1n2.SPATIAL_RNA_COUNTER_CS.SPATIAL_RNA_COUNTER.SPATIAL_POST_MATRIX_COMPUTATION.BIN_HD_DATA._BIN_HD_DATA._COMPUTE_BINNED_OUTPUTS.WRITE_BINNED_MATRICES.fork_square_016um
2025-10-14 11:54:15 [runtime] (chunks_complete) ID.F07839_1n2.SPATIAL_RNA_COUNTER_CS.SPATIAL_RNA_COUNTER.SPATIAL_POST_MATRIX_COMPUTATION._TARGETED_ANALYZER._RUN_GDNA_ANALYSIS.GET_GDNA_PLOT
2025-10-14 11:54:15 [runtime] (complete)        ID.F07839_1n2.SPATIAL_RNA_COUNTER_CS.SPATIAL_RNA_COUNTER.SPATIAL_POST_MATRIX_COMPUTATION.BIN_HD_DATA._BIN_HD_DATA._COMPUTE_BINNED_OUTPUTS.WRITE_BINNED_MATRICES.fork_square_008um
2025-10-14 11:54:15 [runtime] (complete)        ID.F07839_1n2.SPATIAL_RNA_COUNTER_CS.SPATIAL_RNA_COUNTER.SPATIAL_POST_MATRIX_COMPUTATION.BIN_HD_DATA._BIN_HD_DATA._COMPUTE_BINNED_OUTPUTS.WRITE_BINNED_MATRICES.fork_square_016um
2025-10-14 11:54:15 [runtime] (complete)        ID.F07839_1n2.SPATIAL_RNA_COUNTER_CS.SPATIAL_RNA_COUNTER.SPATIAL_POST_MATRIX_COMPUTATION.BIN_HD_DATA._BIN_HD_DATA._COMPUTE_BINNED_OUTPUTS.WRITE_BINNED_MATRICES.fork_square_008um
2025-10-14 11:54:15 [runtime] (complete)        ID.F07839_1n2.SPATIAL_RNA_COUNTER_CS.SPATIAL_RNA_COUNTER.SPATIAL_POST_MATRIX_COMPUTATION.BIN_HD_DATA._BIN_HD_DATA._COMPUTE_BINNED_OUTPUTS.WRITE_BINNED_MATRICES.fork_square_016um
2025-10-14 11:54:15 [runtime] (ready)           ID.F07839_1n2.SPATIAL_RNA_COUNTER_CS.SPATIAL_RNA_COUNTER.SPATIAL_POST_MATRIX_COMPUTATION._TARGETED_ANALYZER._RUN_GDNA_ANALYSIS.MERGE_METRICS
2025-10-14 11:54:15 [runtime] (run:local)       ID.F07839_1n2.SPATIAL_RNA_COUNTER_CS.SPATIAL_RNA_COUNTER.SPATIAL_POST_MATRIX_COMPUTATION._TARGETED_ANALYZER._RUN_GDNA_ANALYSIS.MERGE_METRICS.fork0.chnk0.main
2025-10-14 11:54:15 [runtime] (complete)        ID.F07839_1n2.SPATIAL_RNA_COUNTER_CS.SPATIAL_RNA_COUNTER.SPATIAL_POST_MATRIX_COMPUTATION.BIN_HD_DATA._BIN_HD_DATA._COMPUTE_BINNED_OUTPUTS.WRITE_BINNED_MATRICES.fork_square_008um
2025-10-14 11:54:15 [runtime] (complete)        ID.F07839_1n2.SPATIAL_RNA_COUNTER_CS.SPATIAL_RNA_COUNTER.SPATIAL_POST_MATRIX_COMPUTATION.BIN_HD_DATA._BIN_HD_DATA._COMPUTE_BINNED_OUTPUTS.WRITE_BINNED_MATRICES.fork_square_016um
2025-10-14 11:54:15 [runtime] (chunks_complete) ID.F07839_1n2.SPATIAL_RNA_COUNTER_CS.SPATIAL_RNA_COUNTER.SPATIAL_POST_MATRIX_COMPUTATION._TARGETED_ANALYZER._RUN_GDNA_ANALYSIS.MERGE_METRICS
2025-10-14 11:54:15 [runtime] (complete)        ID.F07839_1n2.SPATIAL_RNA_COUNTER_CS.SPATIAL_RNA_COUNTER.SPATIAL_POST_MATRIX_COMPUTATION.BIN_HD_DATA._BIN_HD_DATA._COMPUTE_BINNED_OUTPUTS.WRITE_BINNED_MATRICES.fork_square_008um
2025-10-14 11:54:15 [runtime] (complete)        ID.F07839_1n2.SPATIAL_RNA_COUNTER_CS.SPATIAL_RNA_COUNTER.SPATIAL_POST_MATRIX_COMPUTATION.BIN_HD_DATA._BIN_HD_DATA._COMPUTE_BINNED_OUTPUTS.WRITE_BINNED_MATRICES.fork_square_016um
2025-10-14 11:54:15 [runtime] (complete)        ID.F07839_1n2.SPATIAL_RNA_COUNTER_CS.SPATIAL_RNA_COUNTER.SPATIAL_POST_MATRIX_COMPUTATION.BIN_HD_DATA._BIN_HD_DATA._COMPUTE_BINNED_OUTPUTS.WRITE_BINNED_MATRICES.fork_square_008um
2025-10-14 11:54:15 [runtime] (complete)        ID.F07839_1n2.SPATIAL_RNA_COUNTER_CS.SPATIAL_RNA_COUNTER.SPATIAL_POST_MATRIX_COMPUTATION.BIN_HD_DATA._BIN_HD_DATA._COMPUTE_BINNED_OUTPUTS.WRITE_BINNED_MATRICES.fork_square_016um
2025-10-14 11:54:15 [runtime] (complete)        ID.F07839_1n2.SPATIAL_RNA_COUNTER_CS.SPATIAL_RNA_COUNTER.SPATIAL_POST_MATRIX_COMPUTATION.BIN_HD_DATA._BIN_HD_DATA._COMPUTE_BINNED_OUTPUTS.WRITE_BINNED_MATRICES.fork_square_008um
2025-10-14 11:54:15 [runtime] (complete)        ID.F07839_1n2.SPATIAL_RNA_COUNTER_CS.SPATIAL_RNA_COUNTER.SPATIAL_POST_MATRIX_COMPUTATION.BIN_HD_DATA._BIN_HD_DATA._COMPUTE_BINNED_OUTPUTS.WRITE_BINNED_MATRICES.fork_square_016um
2025-10-14 11:54:15 [runtime] (complete)        ID.F07839_1n2.SPATIAL_RNA_COUNTER_CS.SPATIAL_RNA_COUNTER.SPATIAL_POST_MATRIX_COMPUTATION.BIN_HD_DATA._BIN_HD_DATA._COMPUTE_BINNED_OUTPUTS.WRITE_BINNED_MATRICES.fork_square_008um
2025-10-14 11:54:15 [runtime] (complete)        ID.F07839_1n2.SPATIAL_RNA_COUNTER_CS.SPATIAL_RNA_COUNTER.SPATIAL_POST_MATRIX_COMPUTATION.BIN_HD_DATA._BIN_HD_DATA._COMPUTE_BINNED_OUTPUTS.WRITE_BINNED_MATRICES.fork_square_016um
2025-10-14 11:54:18 [runtime] (complete)        ID.F07839_1n2.SPATIAL_RNA_COUNTER_CS.SPATIAL_RNA_COUNTER.SPATIAL_POST_MATRIX_COMPUTATION.BIN_HD_DATA._BIN_HD_DATA._COMPUTE_BINNED_OUTPUTS.WRITE_BINNED_MATRICES.fork_square_008um
2025-10-14 11:54:18 [runtime] (complete)        ID.F07839_1n2.SPATIAL_RNA_COUNTER_CS.SPATIAL_RNA_COUNTER.SPATIAL_POST_MATRIX_COMPUTATION.BIN_HD_DATA._BIN_HD_DATA._COMPUTE_BINNED_OUTPUTS.WRITE_BINNED_MATRICES.fork_square_016um
2025-10-14 11:54:21 [runtime] (complete)        ID.F07839_1n2.SPATIAL_RNA_COUNTER_CS.SPATIAL_RNA_COUNTER.SPATIAL_POST_MATRIX_COMPUTATION.BIN_HD_DATA._BIN_HD_DATA._COMPUTE_BINNED_OUTPUTS.WRITE_BINNED_MATRICES.fork_square_008um
2025-10-14 11:54:22 [runtime] (complete)        ID.F07839_1n2.SPATIAL_RNA_COUNTER_CS.SPATIAL_RNA_COUNTER.SPATIAL_POST_MATRIX_COMPUTATION.BIN_HD_DATA._BIN_HD_DATA._COMPUTE_BINNED_OUTPUTS.WRITE_BINNED_MATRICES.fork_square_016um
2025-10-14 11:54:25 [runtime] (complete)        ID.F07839_1n2.SPATIAL_RNA_COUNTER_CS.SPATIAL_RNA_COUNTER.SPATIAL_POST_MATRIX_COMPUTATION.BIN_HD_DATA._BIN_HD_DATA._COMPUTE_BINNED_OUTPUTS.WRITE_BINNED_MATRICES.fork_square_008um
2025-10-14 11:54:25 [runtime] (complete)        ID.F07839_1n2.SPATIAL_RNA_COUNTER_CS.SPATIAL_RNA_COUNTER.SPATIAL_POST_MATRIX_COMPUTATION.BIN_HD_DATA._BIN_HD_DATA._COMPUTE_BINNED_OUTPUTS.WRITE_BINNED_MATRICES.fork_square_016um
2025-10-14 11:54:28 [runtime] (complete)        ID.F07839_1n2.SPATIAL_RNA_COUNTER_CS.SPATIAL_RNA_COUNTER.SPATIAL_POST_MATRIX_COMPUTATION.BIN_HD_DATA._BIN_HD_DATA._COMPUTE_BINNED_OUTPUTS.WRITE_BINNED_MATRICES.fork_square_008um
2025-10-14 11:54:28 [runtime] (complete)        ID.F07839_1n2.SPATIAL_RNA_COUNTER_CS.SPATIAL_RNA_COUNTER.SPATIAL_POST_MATRIX_COMPUTATION.BIN_HD_DATA._BIN_HD_DATA._COMPUTE_BINNED_OUTPUTS.WRITE_BINNED_MATRICES.fork_square_016um
2025-10-14 11:54:31 [runtime] (complete)        ID.F07839_1n2.SPATIAL_RNA_COUNTER_CS.SPATIAL_RNA_COUNTER.SPATIAL_POST_MATRIX_COMPUTATION.BIN_HD_DATA._BIN_HD_DATA._COMPUTE_BINNED_OUTPUTS.WRITE_BINNED_MATRICES.fork_square_008um
2025-10-14 11:54:31 [runtime] (complete)        ID.F07839_1n2.SPATIAL_RNA_COUNTER_CS.SPATIAL_RNA_COUNTER.SPATIAL_POST_MATRIX_COMPUTATION.BIN_HD_DATA._BIN_HD_DATA._COMPUTE_BINNED_OUTPUTS.WRITE_BINNED_MATRICES.fork_square_016um
2025-10-14 11:54:34 [runtime] (complete)        ID.F07839_1n2.SPATIAL_RNA_COUNTER_CS.SPATIAL_RNA_COUNTER.SPATIAL_POST_MATRIX_COMPUTATION.BIN_HD_DATA._BIN_HD_DATA._COMPUTE_BINNED_OUTPUTS.WRITE_BINNED_MATRICES.fork_square_008um
2025-10-14 11:54:34 [runtime] (complete)        ID.F07839_1n2.SPATIAL_RNA_COUNTER_CS.SPATIAL_RNA_COUNTER.SPATIAL_POST_MATRIX_COMPUTATION.BIN_HD_DATA._BIN_HD_DATA._COMPUTE_BINNED_OUTPUTS.WRITE_BINNED_MATRICES.fork_square_016um
2025-10-14 11:54:37 [runtime] (complete)        ID.F07839_1n2.SPATIAL_RNA_COUNTER_CS.SPATIAL_RNA_COUNTER.SPATIAL_POST_MATRIX_COMPUTATION.BIN_HD_DATA._BIN_HD_DATA._COMPUTE_BINNED_OUTPUTS.WRITE_BINNED_MATRICES.fork_square_008um
2025-10-14 11:54:37 [runtime] (complete)        ID.F07839_1n2.SPATIAL_RNA_COUNTER_CS.SPATIAL_RNA_COUNTER.SPATIAL_POST_MATRIX_COMPUTATION.BIN_HD_DATA._BIN_HD_DATA._COMPUTE_BINNED_OUTPUTS.WRITE_BINNED_MATRICES.fork_square_016um
2025-10-14 11:54:40 [runtime] (complete)        ID.F07839_1n2.SPATIAL_RNA_COUNTER_CS.SPATIAL_RNA_COUNTER.SPATIAL_POST_MATRIX_COMPUTATION.BIN_HD_DATA._BIN_HD_DATA._COMPUTE_BINNED_OUTPUTS.WRITE_BINNED_MATRICES.fork_square_008um
2025-10-14 11:54:40 [runtime] (complete)        ID.F07839_1n2.SPATIAL_RNA_COUNTER_CS.SPATIAL_RNA_COUNTER.SPATIAL_POST_MATRIX_COMPUTATION.BIN_HD_DATA._BIN_HD_DATA._COMPUTE_BINNED_OUTPUTS.WRITE_BINNED_MATRICES.fork_square_016um
2025-10-14 11:54:43 [runtime] (complete)        ID.F07839_1n2.SPATIAL_RNA_COUNTER_CS.SPATIAL_RNA_COUNTER.SPATIAL_POST_MATRIX_COMPUTATION.BIN_HD_DATA._BIN_HD_DATA._COMPUTE_BINNED_OUTPUTS.WRITE_BINNED_MATRICES.fork_square_008um
2025-10-14 11:54:43 [runtime] (complete)        ID.F07839_1n2.SPATIAL_RNA_COUNTER_CS.SPATIAL_RNA_COUNTER.SPATIAL_POST_MATRIX_COMPUTATION.BIN_HD_DATA._BIN_HD_DATA._COMPUTE_BINNED_OUTPUTS.WRITE_BINNED_MATRICES.fork_square_016um
2025-10-14 11:54:47 [runtime] (complete)        ID.F07839_1n2.SPATIAL_RNA_COUNTER_CS.SPATIAL_RNA_COUNTER.SPATIAL_POST_MATRIX_COMPUTATION.BIN_HD_DATA._BIN_HD_DATA._COMPUTE_BINNED_OUTPUTS.WRITE_BINNED_MATRICES.fork_square_008um
2025-10-14 11:54:47 [runtime] (complete)        ID.F07839_1n2.SPATIAL_RNA_COUNTER_CS.SPATIAL_RNA_COUNTER.SPATIAL_POST_MATRIX_COMPUTATION.BIN_HD_DATA._BIN_HD_DATA._COMPUTE_BINNED_OUTPUTS.WRITE_BINNED_MATRICES.fork_square_016um
2025-10-14 11:55:33 [runtime] (complete)        ID.F07839_1n2.SPATIAL_RNA_COUNTER_CS.SPATIAL_RNA_COUNTER.SPATIAL_POST_MATRIX_COMPUTATION.BIN_HD_DATA._BIN_HD_DATA._COMPUTE_BINNED_OUTPUTS.WRITE_BINNED_MATRICES.fork_square_008um
2025-10-14 11:55:33 [runtime] (complete)        ID.F07839_1n2.SPATIAL_RNA_COUNTER_CS.SPATIAL_RNA_COUNTER.SPATIAL_POST_MATRIX_COMPUTATION.BIN_HD_DATA._BIN_HD_DATA._COMPUTE_BINNED_OUTPUTS.WRITE_BINNED_MATRICES.fork_square_016um
2025-10-14 11:55:36 [runtime] (complete)        ID.F07839_1n2.SPATIAL_RNA_COUNTER_CS.SPATIAL_RNA_COUNTER.SPATIAL_POST_MATRIX_COMPUTATION.BIN_HD_DATA._BIN_HD_DATA._COMPUTE_BINNED_OUTPUTS.WRITE_BINNED_MATRICES.fork_square_008um
2025-10-14 11:55:37 [runtime] (complete)        ID.F07839_1n2.SPATIAL_RNA_COUNTER_CS.SPATIAL_RNA_COUNTER.SPATIAL_POST_MATRIX_COMPUTATION.BIN_HD_DATA._BIN_HD_DATA._COMPUTE_BINNED_OUTPUTS.WRITE_BINNED_MATRICES.fork_square_016um
2025-10-14 11:55:40 [runtime] (complete)        ID.F07839_1n2.SPATIAL_RNA_COUNTER_CS.SPATIAL_RNA_COUNTER.SPATIAL_POST_MATRIX_COMPUTATION.BIN_HD_DATA._BIN_HD_DATA._COMPUTE_BINNED_OUTPUTS.WRITE_BINNED_MATRICES.fork_square_008um
2025-10-14 11:55:40 [runtime] (complete)        ID.F07839_1n2.SPATIAL_RNA_COUNTER_CS.SPATIAL_RNA_COUNTER.SPATIAL_POST_MATRIX_COMPUTATION.BIN_HD_DATA._BIN_HD_DATA._COMPUTE_BINNED_OUTPUTS.WRITE_BINNED_MATRICES.fork_square_016um
2025-10-14 11:55:44 [runtime] (complete)        ID.F07839_1n2.SPATIAL_RNA_COUNTER_CS.SPATIAL_RNA_COUNTER.SPATIAL_POST_MATRIX_COMPUTATION.BIN_HD_DATA._BIN_HD_DATA._COMPUTE_BINNED_OUTPUTS.WRITE_BINNED_MATRICES.fork_square_008um
2025-10-14 11:55:44 [runtime] (complete)        ID.F07839_1n2.SPATIAL_RNA_COUNTER_CS.SPATIAL_RNA_COUNTER.SPATIAL_POST_MATRIX_COMPUTATION.BIN_HD_DATA._BIN_HD_DATA._COMPUTE_BINNED_OUTPUTS.WRITE_BINNED_MATRICES.fork_square_016um
2025-10-14 11:55:48 [runtime] (complete)        ID.F07839_1n2.SPATIAL_RNA_COUNTER_CS.SPATIAL_RNA_COUNTER.SPATIAL_POST_MATRIX_COMPUTATION.BIN_HD_DATA._BIN_HD_DATA._COMPUTE_BINNED_OUTPUTS.WRITE_BINNED_MATRICES.fork_square_008um
2025-10-14 11:55:48 [runtime] (complete)        ID.F07839_1n2.SPATIAL_RNA_COUNTER_CS.SPATIAL_RNA_COUNTER.SPATIAL_POST_MATRIX_COMPUTATION.BIN_HD_DATA._BIN_HD_DATA._COMPUTE_BINNED_OUTPUTS.WRITE_BINNED_MATRICES.fork_square_016um
2025-10-14 11:55:51 [runtime] (complete)        ID.F07839_1n2.SPATIAL_RNA_COUNTER_CS.SPATIAL_RNA_COUNTER.SPATIAL_POST_MATRIX_COMPUTATION.BIN_HD_DATA._BIN_HD_DATA._COMPUTE_BINNED_OUTPUTS.WRITE_BINNED_MATRICES.fork_square_008um
2025-10-14 11:55:51 [runtime] (complete)        ID.F07839_1n2.SPATIAL_RNA_COUNTER_CS.SPATIAL_RNA_COUNTER.SPATIAL_POST_MATRIX_COMPUTATION.BIN_HD_DATA._BIN_HD_DATA._COMPUTE_BINNED_OUTPUTS.WRITE_BINNED_MATRICES.fork_square_016um
2025-10-14 11:55:54 [runtime] (complete)        ID.F07839_1n2.SPATIAL_RNA_COUNTER_CS.SPATIAL_RNA_COUNTER.SPATIAL_POST_MATRIX_COMPUTATION.BIN_HD_DATA._BIN_HD_DATA._COMPUTE_BINNED_OUTPUTS.WRITE_BINNED_MATRICES.fork_square_008um
2025-10-14 11:55:54 [runtime] (complete)        ID.F07839_1n2.SPATIAL_RNA_COUNTER_CS.SPATIAL_RNA_COUNTER.SPATIAL_POST_MATRIX_COMPUTATION.BIN_HD_DATA._BIN_HD_DATA._COMPUTE_BINNED_OUTPUTS.WRITE_BINNED_MATRICES.fork_square_016um
2025-10-14 11:55:58 [runtime] (complete)        ID.F07839_1n2.SPATIAL_RNA_COUNTER_CS.SPATIAL_RNA_COUNTER.SPATIAL_POST_MATRIX_COMPUTATION.BIN_HD_DATA._BIN_HD_DATA._COMPUTE_BINNED_OUTPUTS.WRITE_BINNED_MATRICES.fork_square_008um
2025-10-14 11:55:58 [runtime] (complete)        ID.F07839_1n2.SPATIAL_RNA_COUNTER_CS.SPATIAL_RNA_COUNTER.SPATIAL_POST_MATRIX_COMPUTATION.BIN_HD_DATA._BIN_HD_DATA._COMPUTE_BINNED_OUTPUTS.WRITE_BINNED_MATRICES.fork_square_016um
2025-10-14 11:56:01 [runtime] (complete)        ID.F07839_1n2.SPATIAL_RNA_COUNTER_CS.SPATIAL_RNA_COUNTER.SPATIAL_POST_MATRIX_COMPUTATION.BIN_HD_DATA._BIN_HD_DATA._COMPUTE_BINNED_OUTPUTS.WRITE_BINNED_MATRICES.fork_square_008um
2025-10-14 11:56:01 [runtime] (complete)        ID.F07839_1n2.SPATIAL_RNA_COUNTER_CS.SPATIAL_RNA_COUNTER.SPATIAL_POST_MATRIX_COMPUTATION.BIN_HD_DATA._BIN_HD_DATA._COMPUTE_BINNED_OUTPUTS.WRITE_BINNED_MATRICES.fork_square_016um
2025-10-14 11:56:21 [runtime] (complete)        ID.F07839_1n2.SPATIAL_RNA_COUNTER_CS.SPATIAL_RNA_COUNTER.SPATIAL_POST_MATRIX_COMPUTATION.BIN_HD_DATA._BIN_HD_DATA._COMPUTE_BINNED_OUTPUTS.WRITE_BINNED_MATRICES.fork_square_008um
2025-10-14 11:56:22 [runtime] (complete)        ID.F07839_1n2.SPATIAL_RNA_COUNTER_CS.SPATIAL_RNA_COUNTER.SPATIAL_POST_MATRIX_COMPUTATION.BIN_HD_DATA._BIN_HD_DATA._COMPUTE_BINNED_OUTPUTS.WRITE_BINNED_MATRICES.fork_square_016um
2025-10-14 11:56:25 [runtime] (complete)        ID.F07839_1n2.SPATIAL_RNA_COUNTER_CS.SPATIAL_RNA_COUNTER.SPATIAL_POST_MATRIX_COMPUTATION.BIN_HD_DATA._BIN_HD_DATA._COMPUTE_BINNED_OUTPUTS.WRITE_BINNED_MATRICES.fork_square_008um
2025-10-14 11:56:25 [runtime] (complete)        ID.F07839_1n2.SPATIAL_RNA_COUNTER_CS.SPATIAL_RNA_COUNTER.SPATIAL_POST_MATRIX_COMPUTATION.BIN_HD_DATA._BIN_HD_DATA._COMPUTE_BINNED_OUTPUTS.WRITE_BINNED_MATRICES.fork_square_016um
2025-10-14 11:56:28 [runtime] (complete)        ID.F07839_1n2.SPATIAL_RNA_COUNTER_CS.SPATIAL_RNA_COUNTER.SPATIAL_POST_MATRIX_COMPUTATION.BIN_HD_DATA._BIN_HD_DATA._COMPUTE_BINNED_OUTPUTS.WRITE_BINNED_MATRICES.fork_square_008um
2025-10-14 11:56:28 [runtime] (complete)        ID.F07839_1n2.SPATIAL_RNA_COUNTER_CS.SPATIAL_RNA_COUNTER.SPATIAL_POST_MATRIX_COMPUTATION.BIN_HD_DATA._BIN_HD_DATA._COMPUTE_BINNED_OUTPUTS.WRITE_BINNED_MATRICES.fork_square_016um
2025-10-14 11:56:31 [runtime] (complete)        ID.F07839_1n2.SPATIAL_RNA_COUNTER_CS.SPATIAL_RNA_COUNTER.SPATIAL_POST_MATRIX_COMPUTATION.BIN_HD_DATA._BIN_HD_DATA._COMPUTE_BINNED_OUTPUTS.WRITE_BINNED_MATRICES.fork_square_008um
2025-10-14 11:56:31 [runtime] (complete)        ID.F07839_1n2.SPATIAL_RNA_COUNTER_CS.SPATIAL_RNA_COUNTER.SPATIAL_POST_MATRIX_COMPUTATION.BIN_HD_DATA._BIN_HD_DATA._COMPUTE_BINNED_OUTPUTS.WRITE_BINNED_MATRICES.fork_square_016um
2025-10-14 11:56:34 [runtime] (complete)        ID.F07839_1n2.SPATIAL_RNA_COUNTER_CS.SPATIAL_RNA_COUNTER.SPATIAL_POST_MATRIX_COMPUTATION.BIN_HD_DATA._BIN_HD_DATA._COMPUTE_BINNED_OUTPUTS.WRITE_BINNED_MATRICES.fork_square_008um
2025-10-14 11:56:34 [runtime] (complete)        ID.F07839_1n2.SPATIAL_RNA_COUNTER_CS.SPATIAL_RNA_COUNTER.SPATIAL_POST_MATRIX_COMPUTATION.BIN_HD_DATA._BIN_HD_DATA._COMPUTE_BINNED_OUTPUTS.WRITE_BINNED_MATRICES.fork_square_016um
2025-10-14 11:56:38 [runtime] (complete)        ID.F07839_1n2.SPATIAL_RNA_COUNTER_CS.SPATIAL_RNA_COUNTER.SPATIAL_POST_MATRIX_COMPUTATION.BIN_HD_DATA._BIN_HD_DATA._COMPUTE_BINNED_OUTPUTS.WRITE_BINNED_MATRICES.fork_square_008um
2025-10-14 11:56:38 [runtime] (complete)        ID.F07839_1n2.SPATIAL_RNA_COUNTER_CS.SPATIAL_RNA_COUNTER.SPATIAL_POST_MATRIX_COMPUTATION.BIN_HD_DATA._BIN_HD_DATA._COMPUTE_BINNED_OUTPUTS.WRITE_BINNED_MATRICES.fork_square_016um
2025-10-14 11:56:41 [runtime] (complete)        ID.F07839_1n2.SPATIAL_RNA_COUNTER_CS.SPATIAL_RNA_COUNTER.SPATIAL_POST_MATRIX_COMPUTATION.BIN_HD_DATA._BIN_HD_DATA._COMPUTE_BINNED_OUTPUTS.WRITE_BINNED_MATRICES.fork_square_008um
2025-10-14 11:56:41 [runtime] (complete)        ID.F07839_1n2.SPATIAL_RNA_COUNTER_CS.SPATIAL_RNA_COUNTER.SPATIAL_POST_MATRIX_COMPUTATION.BIN_HD_DATA._BIN_HD_DATA._COMPUTE_BINNED_OUTPUTS.WRITE_BINNED_MATRICES.fork_square_016um
2025-10-14 11:56:44 [runtime] (complete)        ID.F07839_1n2.SPATIAL_RNA_COUNTER_CS.SPATIAL_RNA_COUNTER.SPATIAL_POST_MATRIX_COMPUTATION.BIN_HD_DATA._BIN_HD_DATA._COMPUTE_BINNED_OUTPUTS.WRITE_BINNED_MATRICES.fork_square_008um
2025-10-14 11:56:44 [runtime] (complete)        ID.F07839_1n2.SPATIAL_RNA_COUNTER_CS.SPATIAL_RNA_COUNTER.SPATIAL_POST_MATRIX_COMPUTATION.BIN_HD_DATA._BIN_HD_DATA._COMPUTE_BINNED_OUTPUTS.WRITE_BINNED_MATRICES.fork_square_016um
2025-10-14 11:56:48 [runtime] (complete)        ID.F07839_1n2.SPATIAL_RNA_COUNTER_CS.SPATIAL_RNA_COUNTER.SPATIAL_POST_MATRIX_COMPUTATION.BIN_HD_DATA._BIN_HD_DATA._COMPUTE_BINNED_OUTPUTS.WRITE_BINNED_MATRICES.fork_square_008um
2025-10-14 11:56:48 [runtime] (complete)        ID.F07839_1n2.SPATIAL_RNA_COUNTER_CS.SPATIAL_RNA_COUNTER.SPATIAL_POST_MATRIX_COMPUTATION.BIN_HD_DATA._BIN_HD_DATA._COMPUTE_BINNED_OUTPUTS.WRITE_BINNED_MATRICES.fork_square_016um
2025-10-14 11:56:51 [runtime] (complete)        ID.F07839_1n2.SPATIAL_RNA_COUNTER_CS.SPATIAL_RNA_COUNTER.SPATIAL_POST_MATRIX_COMPUTATION.BIN_HD_DATA._BIN_HD_DATA._COMPUTE_BINNED_OUTPUTS.WRITE_BINNED_MATRICES.fork_square_008um
2025-10-14 11:56:51 [runtime] (complete)        ID.F07839_1n2.SPATIAL_RNA_COUNTER_CS.SPATIAL_RNA_COUNTER.SPATIAL_POST_MATRIX_COMPUTATION.BIN_HD_DATA._BIN_HD_DATA._COMPUTE_BINNED_OUTPUTS.WRITE_BINNED_MATRICES.fork_square_016um
2025-10-14 11:56:55 [runtime] (complete)        ID.F07839_1n2.SPATIAL_RNA_COUNTER_CS.SPATIAL_RNA_COUNTER.SPATIAL_POST_MATRIX_COMPUTATION.BIN_HD_DATA._BIN_HD_DATA._COMPUTE_BINNED_OUTPUTS.WRITE_BINNED_MATRICES.fork_square_008um
2025-10-14 11:56:55 [runtime] (complete)        ID.F07839_1n2.SPATIAL_RNA_COUNTER_CS.SPATIAL_RNA_COUNTER.SPATIAL_POST_MATRIX_COMPUTATION.BIN_HD_DATA._BIN_HD_DATA._COMPUTE_BINNED_OUTPUTS.WRITE_BINNED_MATRICES.fork_square_016um
2025-10-14 11:56:57 [runtime] (complete)        ID.F07839_1n2.SPATIAL_RNA_COUNTER_CS.SPATIAL_RNA_COUNTER.SPATIAL_POST_MATRIX_COMPUTATION.BIN_HD_DATA._BIN_HD_DATA._COMPUTE_BINNED_OUTPUTS.WRITE_BINNED_MATRICES.fork_square_008um
2025-10-14 11:56:57 [runtime] (complete)        ID.F07839_1n2.SPATIAL_RNA_COUNTER_CS.SPATIAL_RNA_COUNTER.SPATIAL_POST_MATRIX_COMPUTATION.BIN_HD_DATA._BIN_HD_DATA._COMPUTE_BINNED_OUTPUTS.WRITE_BINNED_MATRICES.fork_square_016um
2025-10-14 11:56:57 [runtime] (join_complete)   ID.F07839_1n2.SPATIAL_RNA_COUNTER_CS.SPATIAL_RNA_COUNTER.SPATIAL_POST_MATRIX_COMPUTATION._POST_MATRIX_COMPUTATION._CELLS_REPORTER.SUMMARIZE_BASIC_REPORTS
2025-10-14 11:57:16 [runtime] (complete)        ID.F07839_1n2.SPATIAL_RNA_COUNTER_CS.SPATIAL_RNA_COUNTER.SPATIAL_POST_MATRIX_COMPUTATION.BIN_HD_DATA._BIN_HD_DATA._COMPUTE_BINNED_OUTPUTS.WRITE_BINNED_MATRICES.fork_square_008um
2025-10-14 11:58:15 [runtime] (complete)        ID.F07839_1n2.SPATIAL_RNA_COUNTER_CS.SPATIAL_RNA_COUNTER.SPATIAL_POST_MATRIX_COMPUTATION.BIN_HD_DATA._BIN_HD_DATA._COMPUTE_BINNED_OUTPUTS.WRITE_BINNED_MATRICES.fork_square_016um
2025-10-14 11:58:15 [runtime] (ready)           ID.F07839_1n2.SPATIAL_RNA_COUNTER_CS.SPATIAL_RNA_COUNTER.SPATIAL_POST_MATRIX_COMPUTATION._POST_MATRIX_COMPUTATION.MERGE_METRICS
2025-10-14 11:58:22 [runtime] (run:local)       ID.F07839_1n2.SPATIAL_RNA_COUNTER_CS.SPATIAL_RNA_COUNTER.SPATIAL_POST_MATRIX_COMPUTATION._POST_MATRIX_COMPUTATION.MERGE_METRICS.fork0.chnk0.main
2025-10-14 11:58:22 [runtime] (update)          ID.F07839_1n2.SPATIAL_RNA_COUNTER_CS.SPATIAL_RNA_COUNTER.SPATIAL_POST_MATRIX_COMPUTATION.BIN_HD_DATA._BIN_HD_DATA._COMPUTE_BINNED_OUTPUTS.COMPUTE_SUBSAMPLED_BIN_METRICS.fork_square_016um chunks_running
2025-10-14 11:58:22 [runtime] (update)          ID.F07839_1n2.SPATIAL_RNA_COUNTER_CS.SPATIAL_RNA_COUNTER.SPATIAL_POST_MATRIX_COMPUTATION.BIN_HD_DATA._BIN_HD_DATA._COMPUTE_BINNED_OUTPUTS.COMPUTE_SUBSAMPLED_BIN_METRICS.fork_square_002um chunks_running
2025-10-14 11:58:22 [runtime] (update)          ID.F07839_1n2.SPATIAL_RNA_COUNTER_CS.SPATIAL_RNA_COUNTER.SPATIAL_POST_MATRIX_COMPUTATION.BIN_HD_DATA._BIN_HD_DATA._COMPUTE_BINNED_OUTPUTS.COMPUTE_SUBSAMPLED_BIN_METRICS.fork_square_008um chunks_running
2025-10-14 11:58:32 [runtime] (join_complete)   ID.F07839_1n2.SPATIAL_RNA_COUNTER_CS.SPATIAL_RNA_COUNTER.SPATIAL_POST_MATRIX_COMPUTATION.BIN_HD_DATA._BIN_HD_DATA._COMPUTE_BINNED_OUTPUTS.WRITE_BINNED_MATRICES.fork_square_002um
2025-10-14 11:58:32 [runtime] (complete)        ID.F07839_1n2.SPATIAL_RNA_COUNTER_CS.SPATIAL_RNA_COUNTER.SPATIAL_POST_MATRIX_COMPUTATION.BIN_HD_DATA._BIN_HD_DATA._COMPUTE_BINNED_OUTPUTS.WRITE_BINNED_MATRICES.fork_square_008um
2025-10-14 11:58:32 [runtime] (complete)        ID.F07839_1n2.SPATIAL_RNA_COUNTER_CS.SPATIAL_RNA_COUNTER.SPATIAL_POST_MATRIX_COMPUTATION.BIN_HD_DATA._BIN_HD_DATA._COMPUTE_BINNED_OUTPUTS.WRITE_BINNED_MATRICES.fork_square_016um
2025-10-14 11:58:33 [runtime] (chunks_complete) ID.F07839_1n2.SPATIAL_RNA_COUNTER_CS.SPATIAL_RNA_COUNTER.SPATIAL_POST_MATRIX_COMPUTATION._POST_MATRIX_COMPUTATION.MERGE_METRICS
2025-10-14 11:58:33 [runtime] (ready)           ID.F07839_1n2.SPATIAL_RNA_COUNTER_CS.SPATIAL_RNA_COUNTER.SPATIAL_POST_MATRIX_COMPUTATION.BIN_HD_DATA._BIN_HD_DATA._COMPUTE_BINNED_OUTPUTS.DISABLE_SECONDARY_ANALYSIS.fork_square_002um
2025-10-14 11:58:33 [runtime] (run:local)       ID.F07839_1n2.SPATIAL_RNA_COUNTER_CS.SPATIAL_RNA_COUNTER.SPATIAL_POST_MATRIX_COMPUTATION.BIN_HD_DATA._BIN_HD_DATA._COMPUTE_BINNED_OUTPUTS.DISABLE_SECONDARY_ANALYSIS.fork_square_002um.chnk0.main
2025-10-14 11:58:33 [runtime] (ready)           ID.F07839_1n2.SPATIAL_RNA_COUNTER_CS.SPATIAL_RNA_COUNTER.SPATIAL_POST_MATRIX_COMPUTATION.BIN_HD_DATA._BIN_HD_DATA._COMPUTE_BINNED_OUTPUTS.DISABLE_SECONDARY_ANALYSIS.fork_square_008um
2025-10-14 11:58:33 [runtime] (run:local)       ID.F07839_1n2.SPATIAL_RNA_COUNTER_CS.SPATIAL_RNA_COUNTER.SPATIAL_POST_MATRIX_COMPUTATION.BIN_HD_DATA._BIN_HD_DATA._COMPUTE_BINNED_OUTPUTS.DISABLE_SECONDARY_ANALYSIS.fork_square_008um.chnk0.main
2025-10-14 11:58:33 [runtime] (ready)           ID.F07839_1n2.SPATIAL_RNA_COUNTER_CS.SPATIAL_RNA_COUNTER.SPATIAL_POST_MATRIX_COMPUTATION.BIN_HD_DATA._BIN_HD_DATA._COMPUTE_BINNED_OUTPUTS.DISABLE_SECONDARY_ANALYSIS.fork_square_016um
2025-10-14 11:58:33 [runtime] (run:local)       ID.F07839_1n2.SPATIAL_RNA_COUNTER_CS.SPATIAL_RNA_COUNTER.SPATIAL_POST_MATRIX_COMPUTATION.BIN_HD_DATA._BIN_HD_DATA._COMPUTE_BINNED_OUTPUTS.DISABLE_SECONDARY_ANALYSIS.fork_square_016um.chnk0.main
2025-10-14 11:58:33 [runtime] (ready)           ID.F07839_1n2.SPATIAL_RNA_COUNTER_CS.SPATIAL_RNA_COUNTER.SPATIAL_POST_MATRIX_COMPUTATION._TARGETED_ANALYZER.CALCULATE_TARGETED_METRICS
2025-10-14 11:58:33 [runtime] (run:local)       ID.F07839_1n2.SPATIAL_RNA_COUNTER_CS.SPATIAL_RNA_COUNTER.SPATIAL_POST_MATRIX_COMPUTATION._TARGETED_ANALYZER.CALCULATE_TARGETED_METRICS.fork0.split
2025-10-14 11:58:34 [runtime] (ready)           ID.F07839_1n2.SPATIAL_RNA_COUNTER_CS.SPATIAL_RNA_COUNTER.SPATIAL_POST_MATRIX_COMPUTATION.BIN_HD_DATA._BIN_HD_DATA._COMPUTE_BINNED_OUTPUTS.COMPUTE_BIN_METRICS.fork_square_002um
2025-10-14 11:58:34 [runtime] (run:local)       ID.F07839_1n2.SPATIAL_RNA_COUNTER_CS.SPATIAL_RNA_COUNTER.SPATIAL_POST_MATRIX_COMPUTATION.BIN_HD_DATA._BIN_HD_DATA._COMPUTE_BINNED_OUTPUTS.COMPUTE_BIN_METRICS.fork_square_002um.split
2025-10-14 11:58:34 [runtime] (ready)           ID.F07839_1n2.SPATIAL_RNA_COUNTER_CS.SPATIAL_RNA_COUNTER.SPATIAL_POST_MATRIX_COMPUTATION.BIN_HD_DATA._BIN_HD_DATA._COMPUTE_BINNED_OUTPUTS.COMPUTE_BIN_METRICS.fork_square_008um
2025-10-14 11:58:34 [runtime] (run:local)       ID.F07839_1n2.SPATIAL_RNA_COUNTER_CS.SPATIAL_RNA_COUNTER.SPATIAL_POST_MATRIX_COMPUTATION.BIN_HD_DATA._BIN_HD_DATA._COMPUTE_BINNED_OUTPUTS.COMPUTE_BIN_METRICS.fork_square_008um.split
2025-10-14 11:58:34 [runtime] (ready)           ID.F07839_1n2.SPATIAL_RNA_COUNTER_CS.SPATIAL_RNA_COUNTER.SPATIAL_POST_MATRIX_COMPUTATION.BIN_HD_DATA._BIN_HD_DATA._COMPUTE_BINNED_OUTPUTS.COMPUTE_BIN_METRICS.fork_square_016um
2025-10-14 11:58:34 [runtime] (run:local)       ID.F07839_1n2.SPATIAL_RNA_COUNTER_CS.SPATIAL_RNA_COUNTER.SPATIAL_POST_MATRIX_COMPUTATION.BIN_HD_DATA._BIN_HD_DATA._COMPUTE_BINNED_OUTPUTS.COMPUTE_BIN_METRICS.fork_square_016um.split
2025-10-14 11:58:34 [runtime] (split_complete)  ID.F07839_1n2.SPATIAL_RNA_COUNTER_CS.SPATIAL_RNA_COUNTER.SPATIAL_POST_MATRIX_COMPUTATION.BIN_HD_DATA._BIN_HD_DATA._COMPUTE_BINNED_OUTPUTS.COMPUTE_BIN_METRICS.fork_square_002um
2025-10-14 11:58:34 [runtime] (run:local)       ID.F07839_1n2.SPATIAL_RNA_COUNTER_CS.SPATIAL_RNA_COUNTER.SPATIAL_POST_MATRIX_COMPUTATION.BIN_HD_DATA._BIN_HD_DATA._COMPUTE_BINNED_OUTPUTS.COMPUTE_BIN_METRICS.fork_square_002um.join
2025-10-14 11:58:34 [runtime] (split_complete)  ID.F07839_1n2.SPATIAL_RNA_COUNTER_CS.SPATIAL_RNA_COUNTER.SPATIAL_POST_MATRIX_COMPUTATION.BIN_HD_DATA._BIN_HD_DATA._COMPUTE_BINNED_OUTPUTS.COMPUTE_BIN_METRICS.fork_square_008um
2025-10-14 11:58:34 [runtime] (run:local)       ID.F07839_1n2.SPATIAL_RNA_COUNTER_CS.SPATIAL_RNA_COUNTER.SPATIAL_POST_MATRIX_COMPUTATION.BIN_HD_DATA._BIN_HD_DATA._COMPUTE_BINNED_OUTPUTS.COMPUTE_BIN_METRICS.fork_square_008um.join
2025-10-14 11:58:34 [runtime] (split_complete)  ID.F07839_1n2.SPATIAL_RNA_COUNTER_CS.SPATIAL_RNA_COUNTER.SPATIAL_POST_MATRIX_COMPUTATION.BIN_HD_DATA._BIN_HD_DATA._COMPUTE_BINNED_OUTPUTS.COMPUTE_BIN_METRICS.fork_square_016um
2025-10-14 11:58:34 [runtime] (run:local)       ID.F07839_1n2.SPATIAL_RNA_COUNTER_CS.SPATIAL_RNA_COUNTER.SPATIAL_POST_MATRIX_COMPUTATION.BIN_HD_DATA._BIN_HD_DATA._COMPUTE_BINNED_OUTPUTS.COMPUTE_BIN_METRICS.fork_square_016um.join
2025-10-14 11:58:37 [runtime] (chunks_complete) ID.F07839_1n2.SPATIAL_RNA_COUNTER_CS.SPATIAL_RNA_COUNTER.SPATIAL_POST_MATRIX_COMPUTATION.BIN_HD_DATA._BIN_HD_DATA._COMPUTE_BINNED_OUTPUTS.DISABLE_SECONDARY_ANALYSIS.fork_square_002um
2025-10-14 11:58:37 [runtime] (chunks_complete) ID.F07839_1n2.SPATIAL_RNA_COUNTER_CS.SPATIAL_RNA_COUNTER.SPATIAL_POST_MATRIX_COMPUTATION.BIN_HD_DATA._BIN_HD_DATA._COMPUTE_BINNED_OUTPUTS.DISABLE_SECONDARY_ANALYSIS.fork_square_008um
2025-10-14 11:58:37 [runtime] (chunks_complete) ID.F07839_1n2.SPATIAL_RNA_COUNTER_CS.SPATIAL_RNA_COUNTER.SPATIAL_POST_MATRIX_COMPUTATION.BIN_HD_DATA._BIN_HD_DATA._COMPUTE_BINNED_OUTPUTS.DISABLE_SECONDARY_ANALYSIS.fork_square_016um
2025-10-14 11:58:38 [runtime] (ready)           ID.F07839_1n2.SPATIAL_RNA_COUNTER_CS.SPATIAL_RNA_COUNTER.SPATIAL_POST_MATRIX_COMPUTATION.BIN_HD_DATA._BIN_HD_DATA._COMPUTE_BINNED_OUTPUTS.SPATIAL_BINNED_RNA_ANALYZER.ANALYZER_PREFLIGHT.fork_square_002um
2025-10-14 11:58:38 [runtime] (run:local)       ID.F07839_1n2.SPATIAL_RNA_COUNTER_CS.SPATIAL_RNA_COUNTER.SPATIAL_POST_MATRIX_COMPUTATION.BIN_HD_DATA._BIN_HD_DATA._COMPUTE_BINNED_OUTPUTS.SPATIAL_BINNED_RNA_ANALYZER.ANALYZER_PREFLIGHT.fork_square_002um.chnk0.main
2025-10-14 11:58:38 [runtime] (ready)           ID.F07839_1n2.SPATIAL_RNA_COUNTER_CS.SPATIAL_RNA_COUNTER.SPATIAL_POST_MATRIX_COMPUTATION.BIN_HD_DATA._BIN_HD_DATA._COMPUTE_BINNED_OUTPUTS.SPATIAL_BINNED_RNA_ANALYZER.ANALYZER_PREFLIGHT.fork_square_008um
2025-10-14 11:58:38 [runtime] (run:local)       ID.F07839_1n2.SPATIAL_RNA_COUNTER_CS.SPATIAL_RNA_COUNTER.SPATIAL_POST_MATRIX_COMPUTATION.BIN_HD_DATA._BIN_HD_DATA._COMPUTE_BINNED_OUTPUTS.SPATIAL_BINNED_RNA_ANALYZER.ANALYZER_PREFLIGHT.fork_square_008um.chnk0.main
2025-10-14 11:58:38 [runtime] (ready)           ID.F07839_1n2.SPATIAL_RNA_COUNTER_CS.SPATIAL_RNA_COUNTER.SPATIAL_POST_MATRIX_COMPUTATION.BIN_HD_DATA._BIN_HD_DATA._COMPUTE_BINNED_OUTPUTS.SPATIAL_BINNED_RNA_ANALYZER.ANALYZER_PREFLIGHT.fork_square_016um
2025-10-14 11:58:38 [runtime] (run:local)       ID.F07839_1n2.SPATIAL_RNA_COUNTER_CS.SPATIAL_RNA_COUNTER.SPATIAL_POST_MATRIX_COMPUTATION.BIN_HD_DATA._BIN_HD_DATA._COMPUTE_BINNED_OUTPUTS.SPATIAL_BINNED_RNA_ANALYZER.ANALYZER_PREFLIGHT.fork_square_016um.chnk0.main
2025-10-14 11:58:40 [runtime] (chunks_complete) ID.F07839_1n2.SPATIAL_RNA_COUNTER_CS.SPATIAL_RNA_COUNTER.SPATIAL_POST_MATRIX_COMPUTATION.BIN_HD_DATA._BIN_HD_DATA._COMPUTE_BINNED_OUTPUTS.SPATIAL_BINNED_RNA_ANALYZER.ANALYZER_PREFLIGHT.fork_square_002um
2025-10-14 11:58:40 [runtime] (complete)        ID.F07839_1n2.SPATIAL_RNA_COUNTER_CS.SPATIAL_RNA_COUNTER.SPATIAL_POST_MATRIX_COMPUTATION.BIN_HD_DATA._BIN_HD_DATA._COMPUTE_BINNED_OUTPUTS.SPATIAL_BINNED_RNA_ANALYZER.ANALYZER_PREFLIGHT.fork_square_002um
2025-10-14 11:58:40 [runtime] (chunks_complete) ID.F07839_1n2.SPATIAL_RNA_COUNTER_CS.SPATIAL_RNA_COUNTER.SPATIAL_POST_MATRIX_COMPUTATION.BIN_HD_DATA._BIN_HD_DATA._COMPUTE_BINNED_OUTPUTS.SPATIAL_BINNED_RNA_ANALYZER.ANALYZER_PREFLIGHT.fork_square_008um
2025-10-14 11:58:40 [runtime] (complete)        ID.F07839_1n2.SPATIAL_RNA_COUNTER_CS.SPATIAL_RNA_COUNTER.SPATIAL_POST_MATRIX_COMPUTATION.BIN_HD_DATA._BIN_HD_DATA._COMPUTE_BINNED_OUTPUTS.SPATIAL_BINNED_RNA_ANALYZER.ANALYZER_PREFLIGHT.fork_square_002um
2025-10-14 11:58:40 [runtime] (complete)        ID.F07839_1n2.SPATIAL_RNA_COUNTER_CS.SPATIAL_RNA_COUNTER.SPATIAL_POST_MATRIX_COMPUTATION.BIN_HD_DATA._BIN_HD_DATA._COMPUTE_BINNED_OUTPUTS.SPATIAL_BINNED_RNA_ANALYZER.ANALYZER_PREFLIGHT.fork_square_008um
2025-10-14 11:58:40 [runtime] (chunks_complete) ID.F07839_1n2.SPATIAL_RNA_COUNTER_CS.SPATIAL_RNA_COUNTER.SPATIAL_POST_MATRIX_COMPUTATION.BIN_HD_DATA._BIN_HD_DATA._COMPUTE_BINNED_OUTPUTS.SPATIAL_BINNED_RNA_ANALYZER.ANALYZER_PREFLIGHT.fork_square_016um
2025-10-14 11:58:41 [runtime] (ready)           ID.F07839_1n2.SPATIAL_RNA_COUNTER_CS.SPATIAL_RNA_COUNTER.SPATIAL_POST_MATRIX_COMPUTATION.BIN_HD_DATA._BIN_HD_DATA._COMPUTE_BINNED_OUTPUTS.SPATIAL_BINNED_RNA_ANALYZER.PREPROCESS_MATRIX.fork_square_002um
2025-10-14 11:58:41 [runtime] (run:local)       ID.F07839_1n2.SPATIAL_RNA_COUNTER_CS.SPATIAL_RNA_COUNTER.SPATIAL_POST_MATRIX_COMPUTATION.BIN_HD_DATA._BIN_HD_DATA._COMPUTE_BINNED_OUTPUTS.SPATIAL_BINNED_RNA_ANALYZER.PREPROCESS_MATRIX.fork_square_002um.split
2025-10-14 11:58:41 [runtime] (ready)           ID.F07839_1n2.SPATIAL_RNA_COUNTER_CS.SPATIAL_RNA_COUNTER.SPATIAL_POST_MATRIX_COMPUTATION.BIN_HD_DATA._BIN_HD_DATA._COMPUTE_BINNED_OUTPUTS.SPATIAL_BINNED_RNA_ANALYZER.PREPROCESS_MATRIX.fork_square_008um
2025-10-14 11:58:41 [runtime] (run:local)       ID.F07839_1n2.SPATIAL_RNA_COUNTER_CS.SPATIAL_RNA_COUNTER.SPATIAL_POST_MATRIX_COMPUTATION.BIN_HD_DATA._BIN_HD_DATA._COMPUTE_BINNED_OUTPUTS.SPATIAL_BINNED_RNA_ANALYZER.PREPROCESS_MATRIX.fork_square_008um.split
2025-10-14 11:58:41 [runtime] (ready)           ID.F07839_1n2.SPATIAL_RNA_COUNTER_CS.SPATIAL_RNA_COUNTER.SPATIAL_POST_MATRIX_COMPUTATION.BIN_HD_DATA._BIN_HD_DATA._COMPUTE_BINNED_OUTPUTS.SPATIAL_BINNED_RNA_ANALYZER.PREPROCESS_MATRIX.fork_square_016um
2025-10-14 11:58:41 [runtime] (run:local)       ID.F07839_1n2.SPATIAL_RNA_COUNTER_CS.SPATIAL_RNA_COUNTER.SPATIAL_POST_MATRIX_COMPUTATION.BIN_HD_DATA._BIN_HD_DATA._COMPUTE_BINNED_OUTPUTS.SPATIAL_BINNED_RNA_ANALYZER.PREPROCESS_MATRIX.fork_square_016um.split
2025-10-14 11:58:41 [runtime] (split_complete)  ID.F07839_1n2.SPATIAL_RNA_COUNTER_CS.SPATIAL_RNA_COUNTER.SPATIAL_POST_MATRIX_COMPUTATION._TARGETED_ANALYZER.CALCULATE_TARGETED_METRICS
2025-10-14 11:58:41 [runtime] (run:local)       ID.F07839_1n2.SPATIAL_RNA_COUNTER_CS.SPATIAL_RNA_COUNTER.SPATIAL_POST_MATRIX_COMPUTATION._TARGETED_ANALYZER.CALCULATE_TARGETED_METRICS.fork0.join
2025-10-14 11:58:44 [runtime] (split_complete)  ID.F07839_1n2.SPATIAL_RNA_COUNTER_CS.SPATIAL_RNA_COUNTER.SPATIAL_POST_MATRIX_COMPUTATION.BIN_HD_DATA._BIN_HD_DATA._COMPUTE_BINNED_OUTPUTS.SPATIAL_BINNED_RNA_ANALYZER.PREPROCESS_MATRIX.fork_square_008um
2025-10-14 11:58:44 [runtime] (run:local)       ID.F07839_1n2.SPATIAL_RNA_COUNTER_CS.SPATIAL_RNA_COUNTER.SPATIAL_POST_MATRIX_COMPUTATION.BIN_HD_DATA._BIN_HD_DATA._COMPUTE_BINNED_OUTPUTS.SPATIAL_BINNED_RNA_ANALYZER.PREPROCESS_MATRIX.fork_square_008um.join
2025-10-14 11:58:45 [runtime] (split_complete)  ID.F07839_1n2.SPATIAL_RNA_COUNTER_CS.SPATIAL_RNA_COUNTER.SPATIAL_POST_MATRIX_COMPUTATION.BIN_HD_DATA._BIN_HD_DATA._COMPUTE_BINNED_OUTPUTS.SPATIAL_BINNED_RNA_ANALYZER.PREPROCESS_MATRIX.fork_square_002um
2025-10-14 11:58:45 [runtime] (run:local)       ID.F07839_1n2.SPATIAL_RNA_COUNTER_CS.SPATIAL_RNA_COUNTER.SPATIAL_POST_MATRIX_COMPUTATION.BIN_HD_DATA._BIN_HD_DATA._COMPUTE_BINNED_OUTPUTS.SPATIAL_BINNED_RNA_ANALYZER.PREPROCESS_MATRIX.fork_square_002um.join
2025-10-14 11:58:45 [runtime] (split_complete)  ID.F07839_1n2.SPATIAL_RNA_COUNTER_CS.SPATIAL_RNA_COUNTER.SPATIAL_POST_MATRIX_COMPUTATION.BIN_HD_DATA._BIN_HD_DATA._COMPUTE_BINNED_OUTPUTS.SPATIAL_BINNED_RNA_ANALYZER.PREPROCESS_MATRIX.fork_square_016um
2025-10-14 11:58:45 [runtime] (run:local)       ID.F07839_1n2.SPATIAL_RNA_COUNTER_CS.SPATIAL_RNA_COUNTER.SPATIAL_POST_MATRIX_COMPUTATION.BIN_HD_DATA._BIN_HD_DATA._COMPUTE_BINNED_OUTPUTS.SPATIAL_BINNED_RNA_ANALYZER.PREPROCESS_MATRIX.fork_square_016um.join
2025-10-14 11:58:46 [runtime] (join_complete)   ID.F07839_1n2.SPATIAL_RNA_COUNTER_CS.SPATIAL_RNA_COUNTER.SPATIAL_POST_MATRIX_COMPUTATION.BIN_HD_DATA._BIN_HD_DATA._COMPUTE_BINNED_OUTPUTS.COMPUTE_BIN_METRICS.fork_square_016um
2025-10-14 11:58:47 [runtime] (join_complete)   ID.F07839_1n2.SPATIAL_RNA_COUNTER_CS.SPATIAL_RNA_COUNTER.SPATIAL_POST_MATRIX_COMPUTATION.BIN_HD_DATA._BIN_HD_DATA._COMPUTE_BINNED_OUTPUTS.SPATIAL_BINNED_RNA_ANALYZER.PREPROCESS_MATRIX.fork_square_002um
2025-10-14 11:58:47 [runtime] (complete)        ID.F07839_1n2.SPATIAL_RNA_COUNTER_CS.SPATIAL_RNA_COUNTER.SPATIAL_POST_MATRIX_COMPUTATION.BIN_HD_DATA._BIN_HD_DATA._COMPUTE_BINNED_OUTPUTS.COMPUTE_BIN_METRICS.fork_square_016um
2025-10-14 11:58:48 [runtime] (complete)        ID.F07839_1n2.SPATIAL_RNA_COUNTER_CS.SPATIAL_RNA_COUNTER.SPATIAL_POST_MATRIX_COMPUTATION.BIN_HD_DATA._BIN_HD_DATA._COMPUTE_BINNED_OUTPUTS.SPATIAL_BINNED_RNA_ANALYZER.PREPROCESS_MATRIX.fork_square_002um
2025-10-14 11:58:48 [runtime] (join_complete)   ID.F07839_1n2.SPATIAL_RNA_COUNTER_CS.SPATIAL_RNA_COUNTER.SPATIAL_POST_MATRIX_COMPUTATION.BIN_HD_DATA._BIN_HD_DATA._COMPUTE_BINNED_OUTPUTS.COMPUTE_BIN_METRICS.fork_square_008um
2025-10-14 11:58:48 [runtime] (complete)        ID.F07839_1n2.SPATIAL_RNA_COUNTER_CS.SPATIAL_RNA_COUNTER.SPATIAL_POST_MATRIX_COMPUTATION.BIN_HD_DATA._BIN_HD_DATA._COMPUTE_BINNED_OUTPUTS.COMPUTE_BIN_METRICS.fork_square_016um
2025-10-14 11:58:51 [runtime] (complete)        ID.F07839_1n2.SPATIAL_RNA_COUNTER_CS.SPATIAL_RNA_COUNTER.SPATIAL_POST_MATRIX_COMPUTATION.BIN_HD_DATA._BIN_HD_DATA._COMPUTE_BINNED_OUTPUTS.COMPUTE_BIN_METRICS.fork_square_008um
2025-10-14 11:58:51 [runtime] (complete)        ID.F07839_1n2.SPATIAL_RNA_COUNTER_CS.SPATIAL_RNA_COUNTER.SPATIAL_POST_MATRIX_COMPUTATION.BIN_HD_DATA._BIN_HD_DATA._COMPUTE_BINNED_OUTPUTS.COMPUTE_BIN_METRICS.fork_square_016um
2025-10-14 11:58:51 [runtime] (complete)        ID.F07839_1n2.SPATIAL_RNA_COUNTER_CS.SPATIAL_RNA_COUNTER.SPATIAL_POST_MATRIX_COMPUTATION.BIN_HD_DATA._BIN_HD_DATA._COMPUTE_BINNED_OUTPUTS.SPATIAL_BINNED_RNA_ANALYZER.PREPROCESS_MATRIX.fork_square_002um
2025-10-14 11:58:54 [runtime] (complete)        ID.F07839_1n2.SPATIAL_RNA_COUNTER_CS.SPATIAL_RNA_COUNTER.SPATIAL_POST_MATRIX_COMPUTATION.BIN_HD_DATA._BIN_HD_DATA._COMPUTE_BINNED_OUTPUTS.SPATIAL_BINNED_RNA_ANALYZER.PREPROCESS_MATRIX.fork_square_002um
2025-10-14 11:58:54 [runtime] (complete)        ID.F07839_1n2.SPATIAL_RNA_COUNTER_CS.SPATIAL_RNA_COUNTER.SPATIAL_POST_MATRIX_COMPUTATION.BIN_HD_DATA._BIN_HD_DATA._COMPUTE_BINNED_OUTPUTS.COMPUTE_BIN_METRICS.fork_square_008um
2025-10-14 11:58:54 [runtime] (complete)        ID.F07839_1n2.SPATIAL_RNA_COUNTER_CS.SPATIAL_RNA_COUNTER.SPATIAL_POST_MATRIX_COMPUTATION.BIN_HD_DATA._BIN_HD_DATA._COMPUTE_BINNED_OUTPUTS.COMPUTE_BIN_METRICS.fork_square_016um
2025-10-14 11:58:58 [runtime] (complete)        ID.F07839_1n2.SPATIAL_RNA_COUNTER_CS.SPATIAL_RNA_COUNTER.SPATIAL_POST_MATRIX_COMPUTATION.BIN_HD_DATA._BIN_HD_DATA._COMPUTE_BINNED_OUTPUTS.SPATIAL_BINNED_RNA_ANALYZER.PREPROCESS_MATRIX.fork_square_002um
2025-10-14 11:58:58 [runtime] (join_complete)   ID.F07839_1n2.SPATIAL_RNA_COUNTER_CS.SPATIAL_RNA_COUNTER.SPATIAL_POST_MATRIX_COMPUTATION.BIN_HD_DATA._BIN_HD_DATA._COMPUTE_BINNED_OUTPUTS.COMPUTE_BIN_METRICS.fork_square_002um
2025-10-14 11:58:59 [runtime] (complete)        ID.F07839_1n2.SPATIAL_RNA_COUNTER_CS.SPATIAL_RNA_COUNTER.SPATIAL_POST_MATRIX_COMPUTATION.BIN_HD_DATA._BIN_HD_DATA._COMPUTE_BINNED_OUTPUTS.COMPUTE_BIN_METRICS.fork_square_008um
2025-10-14 11:58:59 [runtime] (complete)        ID.F07839_1n2.SPATIAL_RNA_COUNTER_CS.SPATIAL_RNA_COUNTER.SPATIAL_POST_MATRIX_COMPUTATION.BIN_HD_DATA._BIN_HD_DATA._COMPUTE_BINNED_OUTPUTS.COMPUTE_BIN_METRICS.fork_square_016um
2025-10-14 11:59:04 [runtime] (complete)        ID.F07839_1n2.SPATIAL_RNA_COUNTER_CS.SPATIAL_RNA_COUNTER.SPATIAL_POST_MATRIX_COMPUTATION.BIN_HD_DATA._BIN_HD_DATA._COMPUTE_BINNED_OUTPUTS.SPATIAL_BINNED_RNA_ANALYZER.PREPROCESS_MATRIX.fork_square_002um
2025-10-14 11:59:05 [runtime] (ready)           ID.F07839_1n2.SPATIAL_RNA_COUNTER_CS.SPATIAL_RNA_COUNTER.SPATIAL_POST_MATRIX_COMPUTATION.BIN_HD_DATA._BIN_HD_DATA.MERGE_BIN_METRICS
2025-10-14 11:59:09 [runtime] (run:local)       ID.F07839_1n2.SPATIAL_RNA_COUNTER_CS.SPATIAL_RNA_COUNTER.SPATIAL_POST_MATRIX_COMPUTATION.BIN_HD_DATA._BIN_HD_DATA.MERGE_BIN_METRICS.fork0.chnk0.main
2025-10-14 11:59:10 [runtime] (complete)        ID.F07839_1n2.SPATIAL_RNA_COUNTER_CS.SPATIAL_RNA_COUNTER.SPATIAL_POST_MATRIX_COMPUTATION.BIN_HD_DATA._BIN_HD_DATA._COMPUTE_BINNED_OUTPUTS.SPATIAL_BINNED_RNA_ANALYZER.PREPROCESS_MATRIX.fork_square_002um
2025-10-14 11:59:13 [runtime] (complete)        ID.F07839_1n2.SPATIAL_RNA_COUNTER_CS.SPATIAL_RNA_COUNTER.SPATIAL_POST_MATRIX_COMPUTATION.BIN_HD_DATA._BIN_HD_DATA._COMPUTE_BINNED_OUTPUTS.SPATIAL_BINNED_RNA_ANALYZER.PREPROCESS_MATRIX.fork_square_002um
2025-10-14 11:59:18 [runtime] (complete)        ID.F07839_1n2.SPATIAL_RNA_COUNTER_CS.SPATIAL_RNA_COUNTER.SPATIAL_POST_MATRIX_COMPUTATION.BIN_HD_DATA._BIN_HD_DATA._COMPUTE_BINNED_OUTPUTS.SPATIAL_BINNED_RNA_ANALYZER.PREPROCESS_MATRIX.fork_square_002um
2025-10-14 11:59:29 [runtime] (complete)        ID.F07839_1n2.SPATIAL_RNA_COUNTER_CS.SPATIAL_RNA_COUNTER.SPATIAL_POST_MATRIX_COMPUTATION.BIN_HD_DATA._BIN_HD_DATA._COMPUTE_BINNED_OUTPUTS.SPATIAL_BINNED_RNA_ANALYZER.PREPROCESS_MATRIX.fork_square_002um
2025-10-14 11:59:30 [runtime] (chunks_complete) ID.F07839_1n2.SPATIAL_RNA_COUNTER_CS.SPATIAL_RNA_COUNTER.SPATIAL_POST_MATRIX_COMPUTATION.BIN_HD_DATA._BIN_HD_DATA.MERGE_BIN_METRICS
2025-10-14 11:59:36 [runtime] (complete)        ID.F07839_1n2.SPATIAL_RNA_COUNTER_CS.SPATIAL_RNA_COUNTER.SPATIAL_POST_MATRIX_COMPUTATION.BIN_HD_DATA._BIN_HD_DATA._COMPUTE_BINNED_OUTPUTS.SPATIAL_BINNED_RNA_ANALYZER.PREPROCESS_MATRIX.fork_square_002um
2025-10-14 11:59:40 [runtime] (complete)        ID.F07839_1n2.SPATIAL_RNA_COUNTER_CS.SPATIAL_RNA_COUNTER.SPATIAL_POST_MATRIX_COMPUTATION.BIN_HD_DATA._BIN_HD_DATA._COMPUTE_BINNED_OUTPUTS.SPATIAL_BINNED_RNA_ANALYZER.PREPROCESS_MATRIX.fork_square_002um
2025-10-14 11:59:43 [runtime] (complete)        ID.F07839_1n2.SPATIAL_RNA_COUNTER_CS.SPATIAL_RNA_COUNTER.SPATIAL_POST_MATRIX_COMPUTATION.BIN_HD_DATA._BIN_HD_DATA._COMPUTE_BINNED_OUTPUTS.SPATIAL_BINNED_RNA_ANALYZER.PREPROCESS_MATRIX.fork_square_002um
2025-10-14 11:59:48 [runtime] (complete)        ID.F07839_1n2.SPATIAL_RNA_COUNTER_CS.SPATIAL_RNA_COUNTER.SPATIAL_POST_MATRIX_COMPUTATION.BIN_HD_DATA._BIN_HD_DATA._COMPUTE_BINNED_OUTPUTS.SPATIAL_BINNED_RNA_ANALYZER.PREPROCESS_MATRIX.fork_square_002um
2025-10-14 11:59:52 [runtime] (complete)        ID.F07839_1n2.SPATIAL_RNA_COUNTER_CS.SPATIAL_RNA_COUNTER.SPATIAL_POST_MATRIX_COMPUTATION.BIN_HD_DATA._BIN_HD_DATA._COMPUTE_BINNED_OUTPUTS.SPATIAL_BINNED_RNA_ANALYZER.PREPROCESS_MATRIX.fork_square_002um
2025-10-14 11:59:55 [runtime] (complete)        ID.F07839_1n2.SPATIAL_RNA_COUNTER_CS.SPATIAL_RNA_COUNTER.SPATIAL_POST_MATRIX_COMPUTATION.BIN_HD_DATA._BIN_HD_DATA._COMPUTE_BINNED_OUTPUTS.SPATIAL_BINNED_RNA_ANALYZER.PREPROCESS_MATRIX.fork_square_002um
2025-10-14 11:59:58 [runtime] (complete)        ID.F07839_1n2.SPATIAL_RNA_COUNTER_CS.SPATIAL_RNA_COUNTER.SPATIAL_POST_MATRIX_COMPUTATION.BIN_HD_DATA._BIN_HD_DATA._COMPUTE_BINNED_OUTPUTS.SPATIAL_BINNED_RNA_ANALYZER.PREPROCESS_MATRIX.fork_square_002um
2025-10-14 12:00:01 [runtime] (complete)        ID.F07839_1n2.SPATIAL_RNA_COUNTER_CS.SPATIAL_RNA_COUNTER.SPATIAL_POST_MATRIX_COMPUTATION.BIN_HD_DATA._BIN_HD_DATA._COMPUTE_BINNED_OUTPUTS.SPATIAL_BINNED_RNA_ANALYZER.PREPROCESS_MATRIX.fork_square_002um
2025-10-14 12:00:02 [runtime] (complete)        ID.F07839_1n2.SPATIAL_RNA_COUNTER_CS.SPATIAL_RNA_COUNTER.SPATIAL_POST_MATRIX_COMPUTATION.BIN_HD_DATA._BIN_HD_DATA._COMPUTE_BINNED_OUTPUTS.SPATIAL_BINNED_RNA_ANALYZER.PREPROCESS_MATRIX.fork_square_002um
2025-10-14 12:00:02 [runtime] (join_complete)   ID.F07839_1n2.SPATIAL_RNA_COUNTER_CS.SPATIAL_RNA_COUNTER.SPATIAL_POST_MATRIX_COMPUTATION.BIN_HD_DATA._BIN_HD_DATA._COMPUTE_BINNED_OUTPUTS.SPATIAL_BINNED_RNA_ANALYZER.PREPROCESS_MATRIX.fork_square_016um
2025-10-14 12:00:05 [runtime] (complete)        ID.F07839_1n2.SPATIAL_RNA_COUNTER_CS.SPATIAL_RNA_COUNTER.SPATIAL_POST_MATRIX_COMPUTATION.BIN_HD_DATA._BIN_HD_DATA._COMPUTE_BINNED_OUTPUTS.SPATIAL_BINNED_RNA_ANALYZER.PREPROCESS_MATRIX.fork_square_002um
2025-10-14 12:00:05 [runtime] (complete)        ID.F07839_1n2.SPATIAL_RNA_COUNTER_CS.SPATIAL_RNA_COUNTER.SPATIAL_POST_MATRIX_COMPUTATION.BIN_HD_DATA._BIN_HD_DATA._COMPUTE_BINNED_OUTPUTS.SPATIAL_BINNED_RNA_ANALYZER.PREPROCESS_MATRIX.fork_square_016um
2025-10-14 12:00:08 [runtime] (complete)        ID.F07839_1n2.SPATIAL_RNA_COUNTER_CS.SPATIAL_RNA_COUNTER.SPATIAL_POST_MATRIX_COMPUTATION.BIN_HD_DATA._BIN_HD_DATA._COMPUTE_BINNED_OUTPUTS.SPATIAL_BINNED_RNA_ANALYZER.PREPROCESS_MATRIX.fork_square_002um
2025-10-14 12:00:08 [runtime] (complete)        ID.F07839_1n2.SPATIAL_RNA_COUNTER_CS.SPATIAL_RNA_COUNTER.SPATIAL_POST_MATRIX_COMPUTATION.BIN_HD_DATA._BIN_HD_DATA._COMPUTE_BINNED_OUTPUTS.SPATIAL_BINNED_RNA_ANALYZER.PREPROCESS_MATRIX.fork_square_016um
2025-10-14 12:00:12 [runtime] (complete)        ID.F07839_1n2.SPATIAL_RNA_COUNTER_CS.SPATIAL_RNA_COUNTER.SPATIAL_POST_MATRIX_COMPUTATION.BIN_HD_DATA._BIN_HD_DATA._COMPUTE_BINNED_OUTPUTS.SPATIAL_BINNED_RNA_ANALYZER.PREPROCESS_MATRIX.fork_square_002um
2025-10-14 12:00:12 [runtime] (complete)        ID.F07839_1n2.SPATIAL_RNA_COUNTER_CS.SPATIAL_RNA_COUNTER.SPATIAL_POST_MATRIX_COMPUTATION.BIN_HD_DATA._BIN_HD_DATA._COMPUTE_BINNED_OUTPUTS.SPATIAL_BINNED_RNA_ANALYZER.PREPROCESS_MATRIX.fork_square_016um
2025-10-14 12:00:15 [runtime] (complete)        ID.F07839_1n2.SPATIAL_RNA_COUNTER_CS.SPATIAL_RNA_COUNTER.SPATIAL_POST_MATRIX_COMPUTATION.BIN_HD_DATA._BIN_HD_DATA._COMPUTE_BINNED_OUTPUTS.SPATIAL_BINNED_RNA_ANALYZER.PREPROCESS_MATRIX.fork_square_002um
2025-10-14 12:00:15 [runtime] (join_complete)   ID.F07839_1n2.SPATIAL_RNA_COUNTER_CS.SPATIAL_RNA_COUNTER.SPATIAL_POST_MATRIX_COMPUTATION.BIN_HD_DATA._BIN_HD_DATA._COMPUTE_BINNED_OUTPUTS.SPATIAL_BINNED_RNA_ANALYZER.PREPROCESS_MATRIX.fork_square_008um
2025-10-14 12:00:15 [runtime] (complete)        ID.F07839_1n2.SPATIAL_RNA_COUNTER_CS.SPATIAL_RNA_COUNTER.SPATIAL_POST_MATRIX_COMPUTATION.BIN_HD_DATA._BIN_HD_DATA._COMPUTE_BINNED_OUTPUTS.SPATIAL_BINNED_RNA_ANALYZER.PREPROCESS_MATRIX.fork_square_016um
2025-10-14 12:00:15 [runtime] (ready)           ID.F07839_1n2.SPATIAL_RNA_COUNTER_CS.SPATIAL_RNA_COUNTER.SPATIAL_POST_MATRIX_COMPUTATION.BIN_HD_DATA._BIN_HD_DATA._COMPUTE_BINNED_OUTPUTS.SPATIAL_BINNED_RNA_ANALYZER._ANTIBODY_ANALYZER.CALL_ANTIBODIES.fork_square_002um
2025-10-14 12:00:15 [runtime] (ready)           ID.F07839_1n2.SPATIAL_RNA_COUNTER_CS.SPATIAL_RNA_COUNTER.SPATIAL_POST_MATRIX_COMPUTATION.BIN_HD_DATA._BIN_HD_DATA._COMPUTE_BINNED_OUTPUTS.SPATIAL_BINNED_RNA_ANALYZER._ANTIBODY_ANALYZER.CALL_ANTIBODIES.fork_square_008um
2025-10-14 12:00:15 [runtime] (ready)           ID.F07839_1n2.SPATIAL_RNA_COUNTER_CS.SPATIAL_RNA_COUNTER.SPATIAL_POST_MATRIX_COMPUTATION.BIN_HD_DATA._BIN_HD_DATA._COMPUTE_BINNED_OUTPUTS.SPATIAL_BINNED_RNA_ANALYZER._ANTIBODY_ANALYZER.CALL_ANTIBODIES.fork_square_016um
2025-10-14 12:00:15 [runtime] (ready)           ID.F07839_1n2.SPATIAL_RNA_COUNTER_CS.SPATIAL_RNA_COUNTER.SPATIAL_POST_MATRIX_COMPUTATION.BIN_HD_DATA._BIN_HD_DATA._COMPUTE_BINNED_OUTPUTS.SPATIAL_BINNED_RNA_ANALYZER._ANTIBODY_ANALYZER.SUMMARIZE_ANTIBODY_ANALYSIS.fork_square_002um
2025-10-14 12:00:15 [runtime] (ready)           ID.F07839_1n2.SPATIAL_RNA_COUNTER_CS.SPATIAL_RNA_COUNTER.SPATIAL_POST_MATRIX_COMPUTATION.BIN_HD_DATA._BIN_HD_DATA._COMPUTE_BINNED_OUTPUTS.SPATIAL_BINNED_RNA_ANALYZER._ANTIBODY_ANALYZER.SUMMARIZE_ANTIBODY_ANALYSIS.fork_square_008um
2025-10-14 12:00:15 [runtime] (ready)           ID.F07839_1n2.SPATIAL_RNA_COUNTER_CS.SPATIAL_RNA_COUNTER.SPATIAL_POST_MATRIX_COMPUTATION.BIN_HD_DATA._BIN_HD_DATA._COMPUTE_BINNED_OUTPUTS.SPATIAL_BINNED_RNA_ANALYZER._ANTIBODY_ANALYZER.SUMMARIZE_ANTIBODY_ANALYSIS.fork_square_016um
2025-10-14 12:00:15 [runtime] (ready)           ID.F07839_1n2.SPATIAL_RNA_COUNTER_CS.SPATIAL_RNA_COUNTER.SPATIAL_POST_MATRIX_COMPUTATION.BIN_HD_DATA._BIN_HD_DATA._COMPUTE_BINNED_OUTPUTS.SPATIAL_BINNED_RNA_ANALYZER.RUN_MULTIGENOME_ANALYSIS.fork_square_002um
2025-10-14 12:00:15 [runtime] (ready)           ID.F07839_1n2.SPATIAL_RNA_COUNTER_CS.SPATIAL_RNA_COUNTER.SPATIAL_POST_MATRIX_COMPUTATION.BIN_HD_DATA._BIN_HD_DATA._COMPUTE_BINNED_OUTPUTS.SPATIAL_BINNED_RNA_ANALYZER.RUN_MULTIGENOME_ANALYSIS.fork_square_008um
2025-10-14 12:00:15 [runtime] (ready)           ID.F07839_1n2.SPATIAL_RNA_COUNTER_CS.SPATIAL_RNA_COUNTER.SPATIAL_POST_MATRIX_COMPUTATION.BIN_HD_DATA._BIN_HD_DATA._COMPUTE_BINNED_OUTPUTS.SPATIAL_BINNED_RNA_ANALYZER.RUN_MULTIGENOME_ANALYSIS.fork_square_016um
2025-10-14 12:00:15 [runtime] (ready)           ID.F07839_1n2.SPATIAL_RNA_COUNTER_CS.SPATIAL_RNA_COUNTER.SPATIAL_POST_MATRIX_COMPUTATION.BIN_HD_DATA._BIN_HD_DATA._COMPUTE_BINNED_OUTPUTS.SPATIAL_BINNED_RNA_ANALYZER.RUN_BATCH_CORRECTION_PCA.PCA_PREP.fork_square_002um
2025-10-14 12:00:15 [runtime] (ready)           ID.F07839_1n2.SPATIAL_RNA_COUNTER_CS.SPATIAL_RNA_COUNTER.SPATIAL_POST_MATRIX_COMPUTATION.BIN_HD_DATA._BIN_HD_DATA._COMPUTE_BINNED_OUTPUTS.SPATIAL_BINNED_RNA_ANALYZER.RUN_BATCH_CORRECTION_PCA.PCA_PREP.fork_square_008um
2025-10-14 12:00:15 [runtime] (ready)           ID.F07839_1n2.SPATIAL_RNA_COUNTER_CS.SPATIAL_RNA_COUNTER.SPATIAL_POST_MATRIX_COMPUTATION.BIN_HD_DATA._BIN_HD_DATA._COMPUTE_BINNED_OUTPUTS.SPATIAL_BINNED_RNA_ANALYZER.RUN_BATCH_CORRECTION_PCA.PCA_PREP.fork_square_016um
2025-10-14 12:00:15 [runtime] (ready)           ID.F07839_1n2.SPATIAL_RNA_COUNTER_CS.SPATIAL_RNA_COUNTER.SPATIAL_POST_MATRIX_COMPUTATION.BIN_HD_DATA._BIN_HD_DATA._COMPUTE_BINNED_OUTPUTS.SPATIAL_BINNED_RNA_ANALYZER._ANTIGEN_ANALYZER.CALL_ANTIBODIES.fork_square_002um
2025-10-14 12:00:15 [runtime] (ready)           ID.F07839_1n2.SPATIAL_RNA_COUNTER_CS.SPATIAL_RNA_COUNTER.SPATIAL_POST_MATRIX_COMPUTATION.BIN_HD_DATA._BIN_HD_DATA._COMPUTE_BINNED_OUTPUTS.SPATIAL_BINNED_RNA_ANALYZER._ANTIGEN_ANALYZER.CALL_ANTIBODIES.fork_square_008um
2025-10-14 12:00:15 [runtime] (ready)           ID.F07839_1n2.SPATIAL_RNA_COUNTER_CS.SPATIAL_RNA_COUNTER.SPATIAL_POST_MATRIX_COMPUTATION.BIN_HD_DATA._BIN_HD_DATA._COMPUTE_BINNED_OUTPUTS.SPATIAL_BINNED_RNA_ANALYZER._ANTIGEN_ANALYZER.CALL_ANTIBODIES.fork_square_016um
2025-10-14 12:00:16 [runtime] (ready)           ID.F07839_1n2.SPATIAL_RNA_COUNTER_CS.SPATIAL_RNA_COUNTER.SPATIAL_POST_MATRIX_COMPUTATION.BIN_HD_DATA._BIN_HD_DATA._COMPUTE_BINNED_OUTPUTS.SPATIAL_BINNED_RNA_ANALYZER._ANTIGEN_ANALYZER.SUMMARIZE_ANTIBODY_ANALYSIS.fork_square_002um
2025-10-14 12:00:16 [runtime] (ready)           ID.F07839_1n2.SPATIAL_RNA_COUNTER_CS.SPATIAL_RNA_COUNTER.SPATIAL_POST_MATRIX_COMPUTATION.BIN_HD_DATA._BIN_HD_DATA._COMPUTE_BINNED_OUTPUTS.SPATIAL_BINNED_RNA_ANALYZER._ANTIGEN_ANALYZER.SUMMARIZE_ANTIBODY_ANALYSIS.fork_square_008um
2025-10-14 12:00:16 [runtime] (ready)           ID.F07839_1n2.SPATIAL_RNA_COUNTER_CS.SPATIAL_RNA_COUNTER.SPATIAL_POST_MATRIX_COMPUTATION.BIN_HD_DATA._BIN_HD_DATA._COMPUTE_BINNED_OUTPUTS.SPATIAL_BINNED_RNA_ANALYZER._ANTIGEN_ANALYZER.SUMMARIZE_ANTIBODY_ANALYSIS.fork_square_016um
2025-10-14 12:00:16 [runtime] (ready)           ID.F07839_1n2.SPATIAL_RNA_COUNTER_CS.SPATIAL_RNA_COUNTER.SPATIAL_POST_MATRIX_COMPUTATION.BIN_HD_DATA._BIN_HD_DATA._COMPUTE_BINNED_OUTPUTS.SPATIAL_BINNED_RNA_ANALYZER.RUN_BATCH_CORRECTION_PCA.RUN_PCA2.fork_square_002um
2025-10-14 12:00:16 [runtime] (ready)           ID.F07839_1n2.SPATIAL_RNA_COUNTER_CS.SPATIAL_RNA_COUNTER.SPATIAL_POST_MATRIX_COMPUTATION.BIN_HD_DATA._BIN_HD_DATA._COMPUTE_BINNED_OUTPUTS.SPATIAL_BINNED_RNA_ANALYZER.RUN_BATCH_CORRECTION_PCA.RUN_PCA2.fork_square_008um
2025-10-14 12:00:16 [runtime] (ready)           ID.F07839_1n2.SPATIAL_RNA_COUNTER_CS.SPATIAL_RNA_COUNTER.SPATIAL_POST_MATRIX_COMPUTATION.BIN_HD_DATA._BIN_HD_DATA._COMPUTE_BINNED_OUTPUTS.SPATIAL_BINNED_RNA_ANALYZER.RUN_BATCH_CORRECTION_PCA.RUN_PCA2.fork_square_016um
2025-10-14 12:00:16 [runtime] (ready)           ID.F07839_1n2.SPATIAL_RNA_COUNTER_CS.SPATIAL_RNA_COUNTER.SPATIAL_POST_MATRIX_COMPUTATION.BIN_HD_DATA._BIN_HD_DATA._COMPUTE_BINNED_OUTPUTS.SPATIAL_BINNED_RNA_ANALYZER.RUN_BATCH_CORRECTION_PCA.POST_PCA.fork_square_002um
2025-10-14 12:00:16 [runtime] (ready)           ID.F07839_1n2.SPATIAL_RNA_COUNTER_CS.SPATIAL_RNA_COUNTER.SPATIAL_POST_MATRIX_COMPUTATION.BIN_HD_DATA._BIN_HD_DATA._COMPUTE_BINNED_OUTPUTS.SPATIAL_BINNED_RNA_ANALYZER.RUN_BATCH_CORRECTION_PCA.POST_PCA.fork_square_008um
2025-10-14 12:00:16 [runtime] (ready)           ID.F07839_1n2.SPATIAL_RNA_COUNTER_CS.SPATIAL_RNA_COUNTER.SPATIAL_POST_MATRIX_COMPUTATION.BIN_HD_DATA._BIN_HD_DATA._COMPUTE_BINNED_OUTPUTS.SPATIAL_BINNED_RNA_ANALYZER.RUN_BATCH_CORRECTION_PCA.POST_PCA.fork_square_016um
2025-10-14 12:00:16 [runtime] (ready)           ID.F07839_1n2.SPATIAL_RNA_COUNTER_CS.SPATIAL_RNA_COUNTER.SPATIAL_POST_MATRIX_COMPUTATION.BIN_HD_DATA._BIN_HD_DATA._COMPUTE_BINNED_OUTPUTS.SPATIAL_BINNED_RNA_ANALYZER.CORRECT_CHEMISTRY_BATCH.fork_square_002um
2025-10-14 12:00:16 [runtime] (ready)           ID.F07839_1n2.SPATIAL_RNA_COUNTER_CS.SPATIAL_RNA_COUNTER.SPATIAL_POST_MATRIX_COMPUTATION.BIN_HD_DATA._BIN_HD_DATA._COMPUTE_BINNED_OUTPUTS.SPATIAL_BINNED_RNA_ANALYZER.CORRECT_CHEMISTRY_BATCH.fork_square_008um
2025-10-14 12:00:16 [runtime] (ready)           ID.F07839_1n2.SPATIAL_RNA_COUNTER_CS.SPATIAL_RNA_COUNTER.SPATIAL_POST_MATRIX_COMPUTATION.BIN_HD_DATA._BIN_HD_DATA._COMPUTE_BINNED_OUTPUTS.SPATIAL_BINNED_RNA_ANALYZER.CORRECT_CHEMISTRY_BATCH.fork_square_016um
2025-10-14 12:00:16 [runtime] (ready)           ID.F07839_1n2.SPATIAL_RNA_COUNTER_CS.SPATIAL_RNA_COUNTER.SPATIAL_POST_MATRIX_COMPUTATION.BIN_HD_DATA._BIN_HD_DATA._COMPUTE_BINNED_OUTPUTS.SPATIAL_BINNED_RNA_ANALYZER.RUN_PCA.fork_square_002um
2025-10-14 12:00:16 [runtime] (ready)           ID.F07839_1n2.SPATIAL_RNA_COUNTER_CS.SPATIAL_RNA_COUNTER.SPATIAL_POST_MATRIX_COMPUTATION.BIN_HD_DATA._BIN_HD_DATA._COMPUTE_BINNED_OUTPUTS.SPATIAL_BINNED_RNA_ANALYZER.RUN_PCA.fork_square_008um
2025-10-14 12:00:16 [runtime] (run:local)       ID.F07839_1n2.SPATIAL_RNA_COUNTER_CS.SPATIAL_RNA_COUNTER.SPATIAL_POST_MATRIX_COMPUTATION.BIN_HD_DATA._BIN_HD_DATA._COMPUTE_BINNED_OUTPUTS.SPATIAL_BINNED_RNA_ANALYZER.RUN_PCA.fork_square_008um.split
2025-10-14 12:00:16 [runtime] (ready)           ID.F07839_1n2.SPATIAL_RNA_COUNTER_CS.SPATIAL_RNA_COUNTER.SPATIAL_POST_MATRIX_COMPUTATION.BIN_HD_DATA._BIN_HD_DATA._COMPUTE_BINNED_OUTPUTS.SPATIAL_BINNED_RNA_ANALYZER.RUN_PCA.fork_square_016um
2025-10-14 12:00:16 [runtime] (run:local)       ID.F07839_1n2.SPATIAL_RNA_COUNTER_CS.SPATIAL_RNA_COUNTER.SPATIAL_POST_MATRIX_COMPUTATION.BIN_HD_DATA._BIN_HD_DATA._COMPUTE_BINNED_OUTPUTS.SPATIAL_BINNED_RNA_ANALYZER.RUN_PCA.fork_square_016um.split
2025-10-14 12:00:17 [runtime] (split_complete)  ID.F07839_1n2.SPATIAL_RNA_COUNTER_CS.SPATIAL_RNA_COUNTER.SPATIAL_POST_MATRIX_COMPUTATION.BIN_HD_DATA._BIN_HD_DATA._COMPUTE_BINNED_OUTPUTS.SPATIAL_BINNED_RNA_ANALYZER.RUN_PCA.fork_square_016um
2025-10-14 12:00:17 [runtime] (run:local)       ID.F07839_1n2.SPATIAL_RNA_COUNTER_CS.SPATIAL_RNA_COUNTER.SPATIAL_POST_MATRIX_COMPUTATION.BIN_HD_DATA._BIN_HD_DATA._COMPUTE_BINNED_OUTPUTS.SPATIAL_BINNED_RNA_ANALYZER.RUN_PCA.fork_square_016um.chnk0.main
2025-10-14 12:00:17 [runtime] (split_complete)  ID.F07839_1n2.SPATIAL_RNA_COUNTER_CS.SPATIAL_RNA_COUNTER.SPATIAL_POST_MATRIX_COMPUTATION.BIN_HD_DATA._BIN_HD_DATA._COMPUTE_BINNED_OUTPUTS.SPATIAL_BINNED_RNA_ANALYZER.RUN_PCA.fork_square_008um
2025-10-14 12:00:17 [runtime] (run:local)       ID.F07839_1n2.SPATIAL_RNA_COUNTER_CS.SPATIAL_RNA_COUNTER.SPATIAL_POST_MATRIX_COMPUTATION.BIN_HD_DATA._BIN_HD_DATA._COMPUTE_BINNED_OUTPUTS.SPATIAL_BINNED_RNA_ANALYZER.RUN_PCA.fork_square_008um.chnk0.main
2025-10-14 12:03:14 [runtime] (chunks_complete) ID.F07839_1n2.SPATIAL_RNA_COUNTER_CS.SPATIAL_RNA_COUNTER.SPATIAL_POST_MATRIX_COMPUTATION.BIN_HD_DATA._BIN_HD_DATA._COMPUTE_BINNED_OUTPUTS.SPATIAL_BINNED_RNA_ANALYZER.RUN_PCA.fork_square_016um
2025-10-14 12:03:14 [runtime] (run:local)       ID.F07839_1n2.SPATIAL_RNA_COUNTER_CS.SPATIAL_RNA_COUNTER.SPATIAL_POST_MATRIX_COMPUTATION.BIN_HD_DATA._BIN_HD_DATA._COMPUTE_BINNED_OUTPUTS.SPATIAL_BINNED_RNA_ANALYZER.RUN_PCA.fork_square_016um.join
2025-10-14 12:03:15 [runtime] (join_complete)   ID.F07839_1n2.SPATIAL_RNA_COUNTER_CS.SPATIAL_RNA_COUNTER.SPATIAL_POST_MATRIX_COMPUTATION.BIN_HD_DATA._BIN_HD_DATA._COMPUTE_BINNED_OUTPUTS.SPATIAL_BINNED_RNA_ANALYZER.RUN_PCA.fork_square_016um
2025-10-14 12:03:17 [runtime] (complete)        ID.F07839_1n2.SPATIAL_RNA_COUNTER_CS.SPATIAL_RNA_COUNTER.SPATIAL_POST_MATRIX_COMPUTATION.BIN_HD_DATA._BIN_HD_DATA._COMPUTE_BINNED_OUTPUTS.SPATIAL_BINNED_RNA_ANALYZER.RUN_PCA.fork_square_016um
2025-10-14 12:03:17 [runtime] (join_complete)   ID.F07839_1n2.SPATIAL_RNA_COUNTER_CS.SPATIAL_RNA_COUNTER.SPATIAL_POST_MATRIX_COMPUTATION._TARGETED_ANALYZER.CALCULATE_TARGETED_METRICS
2025-10-14 12:03:17 [runtime] (complete)        ID.F07839_1n2.SPATIAL_RNA_COUNTER_CS.SPATIAL_RNA_COUNTER.SPATIAL_POST_MATRIX_COMPUTATION.BIN_HD_DATA._BIN_HD_DATA._COMPUTE_BINNED_OUTPUTS.SPATIAL_BINNED_RNA_ANALYZER.RUN_PCA.fork_square_016um
2025-10-14 12:03:17 [runtime] (complete)        ID.F07839_1n2.SPATIAL_RNA_COUNTER_CS.SPATIAL_RNA_COUNTER.SPATIAL_POST_MATRIX_COMPUTATION.BIN_HD_DATA._BIN_HD_DATA._COMPUTE_BINNED_OUTPUTS.SPATIAL_BINNED_RNA_ANALYZER.RUN_PCA.fork_square_016um
2025-10-14 12:03:17 [runtime] (ready)           ID.F07839_1n2.SPATIAL_RNA_COUNTER_CS.SPATIAL_RNA_COUNTER.SPATIAL_POST_MATRIX_COMPUTATION._TARGETED_ANALYZER.MERGE_METRICS
2025-10-14 12:03:17 [runtime] (run:local)       ID.F07839_1n2.SPATIAL_RNA_COUNTER_CS.SPATIAL_RNA_COUNTER.SPATIAL_POST_MATRIX_COMPUTATION._TARGETED_ANALYZER.MERGE_METRICS.fork0.chnk0.main
2025-10-14 12:03:17 [runtime] (complete)        ID.F07839_1n2.SPATIAL_RNA_COUNTER_CS.SPATIAL_RNA_COUNTER.SPATIAL_POST_MATRIX_COMPUTATION.BIN_HD_DATA._BIN_HD_DATA._COMPUTE_BINNED_OUTPUTS.SPATIAL_BINNED_RNA_ANALYZER.RUN_PCA.fork_square_016um
2025-10-14 12:03:17 [runtime] (chunks_complete) ID.F07839_1n2.SPATIAL_RNA_COUNTER_CS.SPATIAL_RNA_COUNTER.SPATIAL_POST_MATRIX_COMPUTATION._TARGETED_ANALYZER.MERGE_METRICS
2025-10-14 12:03:17 [runtime] (complete)        ID.F07839_1n2.SPATIAL_RNA_COUNTER_CS.SPATIAL_RNA_COUNTER.SPATIAL_POST_MATRIX_COMPUTATION.BIN_HD_DATA._BIN_HD_DATA._COMPUTE_BINNED_OUTPUTS.SPATIAL_BINNED_RNA_ANALYZER.RUN_PCA.fork_square_016um
2025-10-14 12:03:17 [runtime] (complete)        ID.F07839_1n2.SPATIAL_RNA_COUNTER_CS.SPATIAL_RNA_COUNTER.SPATIAL_POST_MATRIX_COMPUTATION.BIN_HD_DATA._BIN_HD_DATA._COMPUTE_BINNED_OUTPUTS.SPATIAL_BINNED_RNA_ANALYZER.RUN_PCA.fork_square_016um
2025-10-14 12:03:17 [runtime] (complete)        ID.F07839_1n2.SPATIAL_RNA_COUNTER_CS.SPATIAL_RNA_COUNTER.SPATIAL_POST_MATRIX_COMPUTATION.BIN_HD_DATA._BIN_HD_DATA._COMPUTE_BINNED_OUTPUTS.SPATIAL_BINNED_RNA_ANALYZER.RUN_PCA.fork_square_016um
2025-10-14 12:03:20 [runtime] (complete)        ID.F07839_1n2.SPATIAL_RNA_COUNTER_CS.SPATIAL_RNA_COUNTER.SPATIAL_POST_MATRIX_COMPUTATION.BIN_HD_DATA._BIN_HD_DATA._COMPUTE_BINNED_OUTPUTS.SPATIAL_BINNED_RNA_ANALYZER.RUN_PCA.fork_square_016um
2025-10-14 12:03:24 [runtime] (update)          ID.F07839_1n2.SPATIAL_RNA_COUNTER_CS.SPATIAL_RNA_COUNTER.SPATIAL_POST_MATRIX_COMPUTATION.BIN_HD_DATA._BIN_HD_DATA._COMPUTE_BINNED_OUTPUTS.COMPUTE_SUBSAMPLED_BIN_METRICS.fork_square_016um chunks_running
2025-10-14 12:03:24 [runtime] (complete)        ID.F07839_1n2.SPATIAL_RNA_COUNTER_CS.SPATIAL_RNA_COUNTER.SPATIAL_POST_MATRIX_COMPUTATION.BIN_HD_DATA._BIN_HD_DATA._COMPUTE_BINNED_OUTPUTS.SPATIAL_BINNED_RNA_ANALYZER.RUN_PCA.fork_square_016um
2025-10-14 12:03:27 [runtime] (complete)        ID.F07839_1n2.SPATIAL_RNA_COUNTER_CS.SPATIAL_RNA_COUNTER.SPATIAL_POST_MATRIX_COMPUTATION.BIN_HD_DATA._BIN_HD_DATA._COMPUTE_BINNED_OUTPUTS.SPATIAL_BINNED_RNA_ANALYZER.RUN_PCA.fork_square_016um
2025-10-14 12:03:30 [runtime] (complete)        ID.F07839_1n2.SPATIAL_RNA_COUNTER_CS.SPATIAL_RNA_COUNTER.SPATIAL_POST_MATRIX_COMPUTATION.BIN_HD_DATA._BIN_HD_DATA._COMPUTE_BINNED_OUTPUTS.SPATIAL_BINNED_RNA_ANALYZER.RUN_PCA.fork_square_016um
2025-10-14 12:03:33 [runtime] (complete)        ID.F07839_1n2.SPATIAL_RNA_COUNTER_CS.SPATIAL_RNA_COUNTER.SPATIAL_POST_MATRIX_COMPUTATION.BIN_HD_DATA._BIN_HD_DATA._COMPUTE_BINNED_OUTPUTS.SPATIAL_BINNED_RNA_ANALYZER.RUN_PCA.fork_square_016um
2025-10-14 12:03:36 [runtime] (complete)        ID.F07839_1n2.SPATIAL_RNA_COUNTER_CS.SPATIAL_RNA_COUNTER.SPATIAL_POST_MATRIX_COMPUTATION.BIN_HD_DATA._BIN_HD_DATA._COMPUTE_BINNED_OUTPUTS.SPATIAL_BINNED_RNA_ANALYZER.RUN_PCA.fork_square_016um
2025-10-14 12:03:39 [runtime] (complete)        ID.F07839_1n2.SPATIAL_RNA_COUNTER_CS.SPATIAL_RNA_COUNTER.SPATIAL_POST_MATRIX_COMPUTATION.BIN_HD_DATA._BIN_HD_DATA._COMPUTE_BINNED_OUTPUTS.SPATIAL_BINNED_RNA_ANALYZER.RUN_PCA.fork_square_016um
2025-10-14 12:03:42 [runtime] (complete)        ID.F07839_1n2.SPATIAL_RNA_COUNTER_CS.SPATIAL_RNA_COUNTER.SPATIAL_POST_MATRIX_COMPUTATION.BIN_HD_DATA._BIN_HD_DATA._COMPUTE_BINNED_OUTPUTS.SPATIAL_BINNED_RNA_ANALYZER.RUN_PCA.fork_square_016um
2025-10-14 12:03:45 [runtime] (complete)        ID.F07839_1n2.SPATIAL_RNA_COUNTER_CS.SPATIAL_RNA_COUNTER.SPATIAL_POST_MATRIX_COMPUTATION.BIN_HD_DATA._BIN_HD_DATA._COMPUTE_BINNED_OUTPUTS.SPATIAL_BINNED_RNA_ANALYZER.RUN_PCA.fork_square_016um
2025-10-14 12:03:48 [runtime] (complete)        ID.F07839_1n2.SPATIAL_RNA_COUNTER_CS.SPATIAL_RNA_COUNTER.SPATIAL_POST_MATRIX_COMPUTATION.BIN_HD_DATA._BIN_HD_DATA._COMPUTE_BINNED_OUTPUTS.SPATIAL_BINNED_RNA_ANALYZER.RUN_PCA.fork_square_016um
2025-10-14 12:03:51 [runtime] (complete)        ID.F07839_1n2.SPATIAL_RNA_COUNTER_CS.SPATIAL_RNA_COUNTER.SPATIAL_POST_MATRIX_COMPUTATION.BIN_HD_DATA._BIN_HD_DATA._COMPUTE_BINNED_OUTPUTS.SPATIAL_BINNED_RNA_ANALYZER.RUN_PCA.fork_square_016um
2025-10-14 12:03:54 [runtime] (complete)        ID.F07839_1n2.SPATIAL_RNA_COUNTER_CS.SPATIAL_RNA_COUNTER.SPATIAL_POST_MATRIX_COMPUTATION.BIN_HD_DATA._BIN_HD_DATA._COMPUTE_BINNED_OUTPUTS.SPATIAL_BINNED_RNA_ANALYZER.RUN_PCA.fork_square_016um
2025-10-14 12:03:54 [runtime] (chunks_complete) ID.F07839_1n2.SPATIAL_RNA_COUNTER_CS.SPATIAL_RNA_COUNTER.SPATIAL_POST_MATRIX_COMPUTATION.BIN_HD_DATA._BIN_HD_DATA._COMPUTE_BINNED_OUTPUTS.COMPUTE_SUBSAMPLED_BIN_METRICS.fork_square_002um
2025-10-14 12:03:54 [runtime] (complete)        ID.F07839_1n2.SPATIAL_RNA_COUNTER_CS.SPATIAL_RNA_COUNTER.SPATIAL_POST_MATRIX_COMPUTATION.BIN_HD_DATA._BIN_HD_DATA._COMPUTE_BINNED_OUTPUTS.SPATIAL_BINNED_RNA_ANALYZER.RUN_PCA.fork_square_016um
2025-10-14 12:03:57 [runtime] (complete)        ID.F07839_1n2.SPATIAL_RNA_COUNTER_CS.SPATIAL_RNA_COUNTER.SPATIAL_POST_MATRIX_COMPUTATION.BIN_HD_DATA._BIN_HD_DATA._COMPUTE_BINNED_OUTPUTS.COMPUTE_SUBSAMPLED_BIN_METRICS.fork_square_002um
2025-10-14 12:03:57 [runtime] (complete)        ID.F07839_1n2.SPATIAL_RNA_COUNTER_CS.SPATIAL_RNA_COUNTER.SPATIAL_POST_MATRIX_COMPUTATION.BIN_HD_DATA._BIN_HD_DATA._COMPUTE_BINNED_OUTPUTS.SPATIAL_BINNED_RNA_ANALYZER.RUN_PCA.fork_square_016um
2025-10-14 12:04:00 [runtime] (complete)        ID.F07839_1n2.SPATIAL_RNA_COUNTER_CS.SPATIAL_RNA_COUNTER.SPATIAL_POST_MATRIX_COMPUTATION.BIN_HD_DATA._BIN_HD_DATA._COMPUTE_BINNED_OUTPUTS.SPATIAL_BINNED_RNA_ANALYZER.RUN_PCA.fork_square_016um
2025-10-14 12:04:00 [runtime] (complete)        ID.F07839_1n2.SPATIAL_RNA_COUNTER_CS.SPATIAL_RNA_COUNTER.SPATIAL_POST_MATRIX_COMPUTATION.BIN_HD_DATA._BIN_HD_DATA._COMPUTE_BINNED_OUTPUTS.COMPUTE_SUBSAMPLED_BIN_METRICS.fork_square_002um
2025-10-14 12:04:03 [runtime] (complete)        ID.F07839_1n2.SPATIAL_RNA_COUNTER_CS.SPATIAL_RNA_COUNTER.SPATIAL_POST_MATRIX_COMPUTATION.BIN_HD_DATA._BIN_HD_DATA._COMPUTE_BINNED_OUTPUTS.SPATIAL_BINNED_RNA_ANALYZER.RUN_PCA.fork_square_016um
2025-10-14 12:04:03 [runtime] (complete)        ID.F07839_1n2.SPATIAL_RNA_COUNTER_CS.SPATIAL_RNA_COUNTER.SPATIAL_POST_MATRIX_COMPUTATION.BIN_HD_DATA._BIN_HD_DATA._COMPUTE_BINNED_OUTPUTS.COMPUTE_SUBSAMPLED_BIN_METRICS.fork_square_002um
2025-10-14 12:04:06 [runtime] (complete)        ID.F07839_1n2.SPATIAL_RNA_COUNTER_CS.SPATIAL_RNA_COUNTER.SPATIAL_POST_MATRIX_COMPUTATION.BIN_HD_DATA._BIN_HD_DATA._COMPUTE_BINNED_OUTPUTS.SPATIAL_BINNED_RNA_ANALYZER.RUN_PCA.fork_square_016um
2025-10-14 12:04:06 [runtime] (complete)        ID.F07839_1n2.SPATIAL_RNA_COUNTER_CS.SPATIAL_RNA_COUNTER.SPATIAL_POST_MATRIX_COMPUTATION.BIN_HD_DATA._BIN_HD_DATA._COMPUTE_BINNED_OUTPUTS.COMPUTE_SUBSAMPLED_BIN_METRICS.fork_square_002um
2025-10-14 12:04:09 [runtime] (complete)        ID.F07839_1n2.SPATIAL_RNA_COUNTER_CS.SPATIAL_RNA_COUNTER.SPATIAL_POST_MATRIX_COMPUTATION.BIN_HD_DATA._BIN_HD_DATA._COMPUTE_BINNED_OUTPUTS.SPATIAL_BINNED_RNA_ANALYZER.RUN_PCA.fork_square_016um
2025-10-14 12:04:09 [runtime] (complete)        ID.F07839_1n2.SPATIAL_RNA_COUNTER_CS.SPATIAL_RNA_COUNTER.SPATIAL_POST_MATRIX_COMPUTATION.BIN_HD_DATA._BIN_HD_DATA._COMPUTE_BINNED_OUTPUTS.COMPUTE_SUBSAMPLED_BIN_METRICS.fork_square_002um
2025-10-14 12:04:12 [runtime] (complete)        ID.F07839_1n2.SPATIAL_RNA_COUNTER_CS.SPATIAL_RNA_COUNTER.SPATIAL_POST_MATRIX_COMPUTATION.BIN_HD_DATA._BIN_HD_DATA._COMPUTE_BINNED_OUTPUTS.SPATIAL_BINNED_RNA_ANALYZER.RUN_PCA.fork_square_016um
2025-10-14 12:04:12 [runtime] (complete)        ID.F07839_1n2.SPATIAL_RNA_COUNTER_CS.SPATIAL_RNA_COUNTER.SPATIAL_POST_MATRIX_COMPUTATION.BIN_HD_DATA._BIN_HD_DATA._COMPUTE_BINNED_OUTPUTS.COMPUTE_SUBSAMPLED_BIN_METRICS.fork_square_002um
2025-10-14 12:04:15 [runtime] (complete)        ID.F07839_1n2.SPATIAL_RNA_COUNTER_CS.SPATIAL_RNA_COUNTER.SPATIAL_POST_MATRIX_COMPUTATION.BIN_HD_DATA._BIN_HD_DATA._COMPUTE_BINNED_OUTPUTS.SPATIAL_BINNED_RNA_ANALYZER.RUN_PCA.fork_square_016um
2025-10-14 12:04:15 [runtime] (complete)        ID.F07839_1n2.SPATIAL_RNA_COUNTER_CS.SPATIAL_RNA_COUNTER.SPATIAL_POST_MATRIX_COMPUTATION.BIN_HD_DATA._BIN_HD_DATA._COMPUTE_BINNED_OUTPUTS.COMPUTE_SUBSAMPLED_BIN_METRICS.fork_square_002um
2025-10-14 12:04:18 [runtime] (complete)        ID.F07839_1n2.SPATIAL_RNA_COUNTER_CS.SPATIAL_RNA_COUNTER.SPATIAL_POST_MATRIX_COMPUTATION.BIN_HD_DATA._BIN_HD_DATA._COMPUTE_BINNED_OUTPUTS.SPATIAL_BINNED_RNA_ANALYZER.RUN_PCA.fork_square_016um
2025-10-14 12:04:18 [runtime] (complete)        ID.F07839_1n2.SPATIAL_RNA_COUNTER_CS.SPATIAL_RNA_COUNTER.SPATIAL_POST_MATRIX_COMPUTATION.BIN_HD_DATA._BIN_HD_DATA._COMPUTE_BINNED_OUTPUTS.COMPUTE_SUBSAMPLED_BIN_METRICS.fork_square_002um
2025-10-14 12:04:21 [runtime] (complete)        ID.F07839_1n2.SPATIAL_RNA_COUNTER_CS.SPATIAL_RNA_COUNTER.SPATIAL_POST_MATRIX_COMPUTATION.BIN_HD_DATA._BIN_HD_DATA._COMPUTE_BINNED_OUTPUTS.SPATIAL_BINNED_RNA_ANALYZER.RUN_PCA.fork_square_016um
2025-10-14 12:04:21 [runtime] (complete)        ID.F07839_1n2.SPATIAL_RNA_COUNTER_CS.SPATIAL_RNA_COUNTER.SPATIAL_POST_MATRIX_COMPUTATION.BIN_HD_DATA._BIN_HD_DATA._COMPUTE_BINNED_OUTPUTS.COMPUTE_SUBSAMPLED_BIN_METRICS.fork_square_002um
2025-10-14 12:04:24 [runtime] (complete)        ID.F07839_1n2.SPATIAL_RNA_COUNTER_CS.SPATIAL_RNA_COUNTER.SPATIAL_POST_MATRIX_COMPUTATION.BIN_HD_DATA._BIN_HD_DATA._COMPUTE_BINNED_OUTPUTS.COMPUTE_SUBSAMPLED_BIN_METRICS.fork_square_002um
2025-10-14 12:04:24 [runtime] (complete)        ID.F07839_1n2.SPATIAL_RNA_COUNTER_CS.SPATIAL_RNA_COUNTER.SPATIAL_POST_MATRIX_COMPUTATION.BIN_HD_DATA._BIN_HD_DATA._COMPUTE_BINNED_OUTPUTS.SPATIAL_BINNED_RNA_ANALYZER.RUN_PCA.fork_square_016um
2025-10-14 12:04:27 [runtime] (complete)        ID.F07839_1n2.SPATIAL_RNA_COUNTER_CS.SPATIAL_RNA_COUNTER.SPATIAL_POST_MATRIX_COMPUTATION.BIN_HD_DATA._BIN_HD_DATA._COMPUTE_BINNED_OUTPUTS.SPATIAL_BINNED_RNA_ANALYZER.RUN_PCA.fork_square_016um
2025-10-14 12:04:27 [runtime] (complete)        ID.F07839_1n2.SPATIAL_RNA_COUNTER_CS.SPATIAL_RNA_COUNTER.SPATIAL_POST_MATRIX_COMPUTATION.BIN_HD_DATA._BIN_HD_DATA._COMPUTE_BINNED_OUTPUTS.COMPUTE_SUBSAMPLED_BIN_METRICS.fork_square_002um
2025-10-14 12:04:30 [runtime] (complete)        ID.F07839_1n2.SPATIAL_RNA_COUNTER_CS.SPATIAL_RNA_COUNTER.SPATIAL_POST_MATRIX_COMPUTATION.BIN_HD_DATA._BIN_HD_DATA._COMPUTE_BINNED_OUTPUTS.COMPUTE_SUBSAMPLED_BIN_METRICS.fork_square_002um
2025-10-14 12:04:30 [runtime] (complete)        ID.F07839_1n2.SPATIAL_RNA_COUNTER_CS.SPATIAL_RNA_COUNTER.SPATIAL_POST_MATRIX_COMPUTATION.BIN_HD_DATA._BIN_HD_DATA._COMPUTE_BINNED_OUTPUTS.SPATIAL_BINNED_RNA_ANALYZER.RUN_PCA.fork_square_016um
2025-10-14 12:04:33 [runtime] (complete)        ID.F07839_1n2.SPATIAL_RNA_COUNTER_CS.SPATIAL_RNA_COUNTER.SPATIAL_POST_MATRIX_COMPUTATION.BIN_HD_DATA._BIN_HD_DATA._COMPUTE_BINNED_OUTPUTS.SPATIAL_BINNED_RNA_ANALYZER.RUN_PCA.fork_square_016um
2025-10-14 12:04:33 [runtime] (complete)        ID.F07839_1n2.SPATIAL_RNA_COUNTER_CS.SPATIAL_RNA_COUNTER.SPATIAL_POST_MATRIX_COMPUTATION.BIN_HD_DATA._BIN_HD_DATA._COMPUTE_BINNED_OUTPUTS.COMPUTE_SUBSAMPLED_BIN_METRICS.fork_square_002um
2025-10-14 12:04:36 [runtime] (complete)        ID.F07839_1n2.SPATIAL_RNA_COUNTER_CS.SPATIAL_RNA_COUNTER.SPATIAL_POST_MATRIX_COMPUTATION.BIN_HD_DATA._BIN_HD_DATA._COMPUTE_BINNED_OUTPUTS.SPATIAL_BINNED_RNA_ANALYZER.RUN_PCA.fork_square_016um
2025-10-14 12:04:36 [runtime] (complete)        ID.F07839_1n2.SPATIAL_RNA_COUNTER_CS.SPATIAL_RNA_COUNTER.SPATIAL_POST_MATRIX_COMPUTATION.BIN_HD_DATA._BIN_HD_DATA._COMPUTE_BINNED_OUTPUTS.COMPUTE_SUBSAMPLED_BIN_METRICS.fork_square_002um
2025-10-14 12:04:39 [runtime] (complete)        ID.F07839_1n2.SPATIAL_RNA_COUNTER_CS.SPATIAL_RNA_COUNTER.SPATIAL_POST_MATRIX_COMPUTATION.BIN_HD_DATA._BIN_HD_DATA._COMPUTE_BINNED_OUTPUTS.SPATIAL_BINNED_RNA_ANALYZER.RUN_PCA.fork_square_016um
2025-10-14 12:04:39 [runtime] (complete)        ID.F07839_1n2.SPATIAL_RNA_COUNTER_CS.SPATIAL_RNA_COUNTER.SPATIAL_POST_MATRIX_COMPUTATION.BIN_HD_DATA._BIN_HD_DATA._COMPUTE_BINNED_OUTPUTS.COMPUTE_SUBSAMPLED_BIN_METRICS.fork_square_002um
2025-10-14 12:04:42 [runtime] (complete)        ID.F07839_1n2.SPATIAL_RNA_COUNTER_CS.SPATIAL_RNA_COUNTER.SPATIAL_POST_MATRIX_COMPUTATION.BIN_HD_DATA._BIN_HD_DATA._COMPUTE_BINNED_OUTPUTS.SPATIAL_BINNED_RNA_ANALYZER.RUN_PCA.fork_square_016um
2025-10-14 12:04:42 [runtime] (complete)        ID.F07839_1n2.SPATIAL_RNA_COUNTER_CS.SPATIAL_RNA_COUNTER.SPATIAL_POST_MATRIX_COMPUTATION.BIN_HD_DATA._BIN_HD_DATA._COMPUTE_BINNED_OUTPUTS.COMPUTE_SUBSAMPLED_BIN_METRICS.fork_square_002um
2025-10-14 12:04:45 [runtime] (complete)        ID.F07839_1n2.SPATIAL_RNA_COUNTER_CS.SPATIAL_RNA_COUNTER.SPATIAL_POST_MATRIX_COMPUTATION.BIN_HD_DATA._BIN_HD_DATA._COMPUTE_BINNED_OUTPUTS.SPATIAL_BINNED_RNA_ANALYZER.RUN_PCA.fork_square_016um
2025-10-14 12:04:45 [runtime] (complete)        ID.F07839_1n2.SPATIAL_RNA_COUNTER_CS.SPATIAL_RNA_COUNTER.SPATIAL_POST_MATRIX_COMPUTATION.BIN_HD_DATA._BIN_HD_DATA._COMPUTE_BINNED_OUTPUTS.COMPUTE_SUBSAMPLED_BIN_METRICS.fork_square_002um
2025-10-14 12:04:48 [runtime] (complete)        ID.F07839_1n2.SPATIAL_RNA_COUNTER_CS.SPATIAL_RNA_COUNTER.SPATIAL_POST_MATRIX_COMPUTATION.BIN_HD_DATA._BIN_HD_DATA._COMPUTE_BINNED_OUTPUTS.COMPUTE_SUBSAMPLED_BIN_METRICS.fork_square_002um
2025-10-14 12:04:48 [runtime] (chunks_complete) ID.F07839_1n2.SPATIAL_RNA_COUNTER_CS.SPATIAL_RNA_COUNTER.SPATIAL_POST_MATRIX_COMPUTATION.BIN_HD_DATA._BIN_HD_DATA._COMPUTE_BINNED_OUTPUTS.COMPUTE_SUBSAMPLED_BIN_METRICS.fork_square_016um
2025-10-14 12:04:48 [runtime] (complete)        ID.F07839_1n2.SPATIAL_RNA_COUNTER_CS.SPATIAL_RNA_COUNTER.SPATIAL_POST_MATRIX_COMPUTATION.BIN_HD_DATA._BIN_HD_DATA._COMPUTE_BINNED_OUTPUTS.SPATIAL_BINNED_RNA_ANALYZER.RUN_PCA.fork_square_016um
2025-10-14 12:04:51 [runtime] (complete)        ID.F07839_1n2.SPATIAL_RNA_COUNTER_CS.SPATIAL_RNA_COUNTER.SPATIAL_POST_MATRIX_COMPUTATION.BIN_HD_DATA._BIN_HD_DATA._COMPUTE_BINNED_OUTPUTS.SPATIAL_BINNED_RNA_ANALYZER.RUN_PCA.fork_square_016um
2025-10-14 12:04:51 [runtime] (complete)        ID.F07839_1n2.SPATIAL_RNA_COUNTER_CS.SPATIAL_RNA_COUNTER.SPATIAL_POST_MATRIX_COMPUTATION.BIN_HD_DATA._BIN_HD_DATA._COMPUTE_BINNED_OUTPUTS.COMPUTE_SUBSAMPLED_BIN_METRICS.fork_square_002um
2025-10-14 12:04:51 [runtime] (complete)        ID.F07839_1n2.SPATIAL_RNA_COUNTER_CS.SPATIAL_RNA_COUNTER.SPATIAL_POST_MATRIX_COMPUTATION.BIN_HD_DATA._BIN_HD_DATA._COMPUTE_BINNED_OUTPUTS.COMPUTE_SUBSAMPLED_BIN_METRICS.fork_square_016um
2025-10-14 12:04:54 [runtime] (complete)        ID.F07839_1n2.SPATIAL_RNA_COUNTER_CS.SPATIAL_RNA_COUNTER.SPATIAL_POST_MATRIX_COMPUTATION.BIN_HD_DATA._BIN_HD_DATA._COMPUTE_BINNED_OUTPUTS.SPATIAL_BINNED_RNA_ANALYZER.RUN_PCA.fork_square_016um
2025-10-14 12:04:54 [runtime] (complete)        ID.F07839_1n2.SPATIAL_RNA_COUNTER_CS.SPATIAL_RNA_COUNTER.SPATIAL_POST_MATRIX_COMPUTATION.BIN_HD_DATA._BIN_HD_DATA._COMPUTE_BINNED_OUTPUTS.COMPUTE_SUBSAMPLED_BIN_METRICS.fork_square_002um
2025-10-14 12:04:54 [runtime] (complete)        ID.F07839_1n2.SPATIAL_RNA_COUNTER_CS.SPATIAL_RNA_COUNTER.SPATIAL_POST_MATRIX_COMPUTATION.BIN_HD_DATA._BIN_HD_DATA._COMPUTE_BINNED_OUTPUTS.COMPUTE_SUBSAMPLED_BIN_METRICS.fork_square_016um
2025-10-14 12:04:57 [runtime] (complete)        ID.F07839_1n2.SPATIAL_RNA_COUNTER_CS.SPATIAL_RNA_COUNTER.SPATIAL_POST_MATRIX_COMPUTATION.BIN_HD_DATA._BIN_HD_DATA._COMPUTE_BINNED_OUTPUTS.SPATIAL_BINNED_RNA_ANALYZER.RUN_PCA.fork_square_016um
2025-10-14 12:04:57 [runtime] (complete)        ID.F07839_1n2.SPATIAL_RNA_COUNTER_CS.SPATIAL_RNA_COUNTER.SPATIAL_POST_MATRIX_COMPUTATION.BIN_HD_DATA._BIN_HD_DATA._COMPUTE_BINNED_OUTPUTS.COMPUTE_SUBSAMPLED_BIN_METRICS.fork_square_002um
2025-10-14 12:04:57 [runtime] (chunks_complete) ID.F07839_1n2.SPATIAL_RNA_COUNTER_CS.SPATIAL_RNA_COUNTER.SPATIAL_POST_MATRIX_COMPUTATION.BIN_HD_DATA._BIN_HD_DATA._COMPUTE_BINNED_OUTPUTS.COMPUTE_SUBSAMPLED_BIN_METRICS.fork_square_008um
2025-10-14 12:04:57 [runtime] (complete)        ID.F07839_1n2.SPATIAL_RNA_COUNTER_CS.SPATIAL_RNA_COUNTER.SPATIAL_POST_MATRIX_COMPUTATION.BIN_HD_DATA._BIN_HD_DATA._COMPUTE_BINNED_OUTPUTS.COMPUTE_SUBSAMPLED_BIN_METRICS.fork_square_016um
2025-10-14 12:04:58 [runtime] (complete)        ID.F07839_1n2.SPATIAL_RNA_COUNTER_CS.SPATIAL_RNA_COUNTER.SPATIAL_POST_MATRIX_COMPUTATION.BIN_HD_DATA._BIN_HD_DATA._COMPUTE_BINNED_OUTPUTS.SPATIAL_BINNED_RNA_ANALYZER.RUN_PCA.fork_square_016um
2025-10-14 12:04:58 [runtime] (complete)        ID.F07839_1n2.SPATIAL_RNA_COUNTER_CS.SPATIAL_RNA_COUNTER.SPATIAL_POST_MATRIX_COMPUTATION.BIN_HD_DATA._BIN_HD_DATA._COMPUTE_BINNED_OUTPUTS.SPATIAL_BINNED_RNA_ANALYZER.RUN_PCA.fork_square_016um
2025-10-14 12:04:58 [runtime] (ready)           ID.F07839_1n2.SPATIAL_RNA_COUNTER_CS.SPATIAL_RNA_COUNTER.SPATIAL_POST_MATRIX_COMPUTATION.BIN_HD_DATA._BIN_HD_DATA._COMPUTE_BINNED_OUTPUTS.RECEIVE_SUBSAMPLED_METRICS.fork_square_002um
2025-10-14 12:04:58 [runtime] (run:local)       ID.F07839_1n2.SPATIAL_RNA_COUNTER_CS.SPATIAL_RNA_COUNTER.SPATIAL_POST_MATRIX_COMPUTATION.BIN_HD_DATA._BIN_HD_DATA._COMPUTE_BINNED_OUTPUTS.RECEIVE_SUBSAMPLED_METRICS.fork_square_002um.chnk0.main
2025-10-14 12:04:58 [runtime] (ready)           ID.F07839_1n2.SPATIAL_RNA_COUNTER_CS.SPATIAL_RNA_COUNTER.SPATIAL_POST_MATRIX_COMPUTATION.BIN_HD_DATA._BIN_HD_DATA._COMPUTE_BINNED_OUTPUTS.RECEIVE_SUBSAMPLED_METRICS.fork_square_008um
2025-10-14 12:04:58 [runtime] (run:local)       ID.F07839_1n2.SPATIAL_RNA_COUNTER_CS.SPATIAL_RNA_COUNTER.SPATIAL_POST_MATRIX_COMPUTATION.BIN_HD_DATA._BIN_HD_DATA._COMPUTE_BINNED_OUTPUTS.RECEIVE_SUBSAMPLED_METRICS.fork_square_008um.chnk0.main
2025-10-14 12:04:58 [runtime] (ready)           ID.F07839_1n2.SPATIAL_RNA_COUNTER_CS.SPATIAL_RNA_COUNTER.SPATIAL_POST_MATRIX_COMPUTATION.BIN_HD_DATA._BIN_HD_DATA._COMPUTE_BINNED_OUTPUTS.RECEIVE_SUBSAMPLED_METRICS.fork_square_016um
2025-10-14 12:04:58 [runtime] (run:local)       ID.F07839_1n2.SPATIAL_RNA_COUNTER_CS.SPATIAL_RNA_COUNTER.SPATIAL_POST_MATRIX_COMPUTATION.BIN_HD_DATA._BIN_HD_DATA._COMPUTE_BINNED_OUTPUTS.RECEIVE_SUBSAMPLED_METRICS.fork_square_016um.chnk0.main
2025-10-14 12:05:01 [runtime] (complete)        ID.F07839_1n2.SPATIAL_RNA_COUNTER_CS.SPATIAL_RNA_COUNTER.SPATIAL_POST_MATRIX_COMPUTATION.BIN_HD_DATA._BIN_HD_DATA._COMPUTE_BINNED_OUTPUTS.SPATIAL_BINNED_RNA_ANALYZER.RUN_PCA.fork_square_016um
2025-10-14 12:05:04 [runtime] (complete)        ID.F07839_1n2.SPATIAL_RNA_COUNTER_CS.SPATIAL_RNA_COUNTER.SPATIAL_POST_MATRIX_COMPUTATION.BIN_HD_DATA._BIN_HD_DATA._COMPUTE_BINNED_OUTPUTS.SPATIAL_BINNED_RNA_ANALYZER.RUN_PCA.fork_square_016um
2025-10-14 12:05:07 [runtime] (complete)        ID.F07839_1n2.SPATIAL_RNA_COUNTER_CS.SPATIAL_RNA_COUNTER.SPATIAL_POST_MATRIX_COMPUTATION.BIN_HD_DATA._BIN_HD_DATA._COMPUTE_BINNED_OUTPUTS.SPATIAL_BINNED_RNA_ANALYZER.RUN_PCA.fork_square_016um
2025-10-14 12:05:10 [runtime] (complete)        ID.F07839_1n2.SPATIAL_RNA_COUNTER_CS.SPATIAL_RNA_COUNTER.SPATIAL_POST_MATRIX_COMPUTATION.BIN_HD_DATA._BIN_HD_DATA._COMPUTE_BINNED_OUTPUTS.SPATIAL_BINNED_RNA_ANALYZER.RUN_PCA.fork_square_016um
2025-10-14 12:05:13 [runtime] (complete)        ID.F07839_1n2.SPATIAL_RNA_COUNTER_CS.SPATIAL_RNA_COUNTER.SPATIAL_POST_MATRIX_COMPUTATION.BIN_HD_DATA._BIN_HD_DATA._COMPUTE_BINNED_OUTPUTS.SPATIAL_BINNED_RNA_ANALYZER.RUN_PCA.fork_square_016um
2025-10-14 12:05:16 [runtime] (complete)        ID.F07839_1n2.SPATIAL_RNA_COUNTER_CS.SPATIAL_RNA_COUNTER.SPATIAL_POST_MATRIX_COMPUTATION.BIN_HD_DATA._BIN_HD_DATA._COMPUTE_BINNED_OUTPUTS.SPATIAL_BINNED_RNA_ANALYZER.RUN_PCA.fork_square_016um
2025-10-14 12:05:19 [runtime] (complete)        ID.F07839_1n2.SPATIAL_RNA_COUNTER_CS.SPATIAL_RNA_COUNTER.SPATIAL_POST_MATRIX_COMPUTATION.BIN_HD_DATA._BIN_HD_DATA._COMPUTE_BINNED_OUTPUTS.SPATIAL_BINNED_RNA_ANALYZER.RUN_PCA.fork_square_016um
2025-10-14 12:05:22 [runtime] (complete)        ID.F07839_1n2.SPATIAL_RNA_COUNTER_CS.SPATIAL_RNA_COUNTER.SPATIAL_POST_MATRIX_COMPUTATION.BIN_HD_DATA._BIN_HD_DATA._COMPUTE_BINNED_OUTPUTS.SPATIAL_BINNED_RNA_ANALYZER.RUN_PCA.fork_square_016um
2025-10-14 12:05:25 [runtime] (complete)        ID.F07839_1n2.SPATIAL_RNA_COUNTER_CS.SPATIAL_RNA_COUNTER.SPATIAL_POST_MATRIX_COMPUTATION.BIN_HD_DATA._BIN_HD_DATA._COMPUTE_BINNED_OUTPUTS.SPATIAL_BINNED_RNA_ANALYZER.RUN_PCA.fork_square_016um
2025-10-14 12:05:28 [runtime] (complete)        ID.F07839_1n2.SPATIAL_RNA_COUNTER_CS.SPATIAL_RNA_COUNTER.SPATIAL_POST_MATRIX_COMPUTATION.BIN_HD_DATA._BIN_HD_DATA._COMPUTE_BINNED_OUTPUTS.SPATIAL_BINNED_RNA_ANALYZER.RUN_PCA.fork_square_016um
2025-10-14 12:05:31 [runtime] (complete)        ID.F07839_1n2.SPATIAL_RNA_COUNTER_CS.SPATIAL_RNA_COUNTER.SPATIAL_POST_MATRIX_COMPUTATION.BIN_HD_DATA._BIN_HD_DATA._COMPUTE_BINNED_OUTPUTS.SPATIAL_BINNED_RNA_ANALYZER.RUN_PCA.fork_square_016um
2025-10-14 12:05:34 [runtime] (complete)        ID.F07839_1n2.SPATIAL_RNA_COUNTER_CS.SPATIAL_RNA_COUNTER.SPATIAL_POST_MATRIX_COMPUTATION.BIN_HD_DATA._BIN_HD_DATA._COMPUTE_BINNED_OUTPUTS.SPATIAL_BINNED_RNA_ANALYZER.RUN_PCA.fork_square_016um
2025-10-14 12:05:37 [runtime] (chunks_complete) ID.F07839_1n2.SPATIAL_RNA_COUNTER_CS.SPATIAL_RNA_COUNTER.SPATIAL_POST_MATRIX_COMPUTATION.BIN_HD_DATA._BIN_HD_DATA._COMPUTE_BINNED_OUTPUTS.RECEIVE_SUBSAMPLED_METRICS.fork_square_008um
2025-10-14 12:05:37 [runtime] (chunks_complete) ID.F07839_1n2.SPATIAL_RNA_COUNTER_CS.SPATIAL_RNA_COUNTER.SPATIAL_POST_MATRIX_COMPUTATION.BIN_HD_DATA._BIN_HD_DATA._COMPUTE_BINNED_OUTPUTS.RECEIVE_SUBSAMPLED_METRICS.fork_square_016um
2025-10-14 12:05:37 [runtime] (complete)        ID.F07839_1n2.SPATIAL_RNA_COUNTER_CS.SPATIAL_RNA_COUNTER.SPATIAL_POST_MATRIX_COMPUTATION.BIN_HD_DATA._BIN_HD_DATA._COMPUTE_BINNED_OUTPUTS.SPATIAL_BINNED_RNA_ANALYZER.RUN_PCA.fork_square_016um
2025-10-14 12:05:37 [runtime] (chunks_complete) ID.F07839_1n2.SPATIAL_RNA_COUNTER_CS.SPATIAL_RNA_COUNTER.SPATIAL_POST_MATRIX_COMPUTATION.BIN_HD_DATA._BIN_HD_DATA._COMPUTE_BINNED_OUTPUTS.RECEIVE_SUBSAMPLED_METRICS.fork_square_002um
2025-10-14 12:05:37 [runtime] (complete)        ID.F07839_1n2.SPATIAL_RNA_COUNTER_CS.SPATIAL_RNA_COUNTER.SPATIAL_POST_MATRIX_COMPUTATION.BIN_HD_DATA._BIN_HD_DATA._COMPUTE_BINNED_OUTPUTS.RECEIVE_SUBSAMPLED_METRICS.fork_square_008um
2025-10-14 12:05:37 [runtime] (complete)        ID.F07839_1n2.SPATIAL_RNA_COUNTER_CS.SPATIAL_RNA_COUNTER.SPATIAL_POST_MATRIX_COMPUTATION.BIN_HD_DATA._BIN_HD_DATA._COMPUTE_BINNED_OUTPUTS.RECEIVE_SUBSAMPLED_METRICS.fork_square_016um
2025-10-14 12:05:37 [runtime] (complete)        ID.F07839_1n2.SPATIAL_RNA_COUNTER_CS.SPATIAL_RNA_COUNTER.SPATIAL_POST_MATRIX_COMPUTATION.BIN_HD_DATA._BIN_HD_DATA._COMPUTE_BINNED_OUTPUTS.SPATIAL_BINNED_RNA_ANALYZER.RUN_PCA.fork_square_016um
2025-10-14 12:05:37 [runtime] (ready)           ID.F07839_1n2.SPATIAL_RNA_COUNTER_CS.SPATIAL_RNA_COUNTER.SPATIAL_POST_MATRIX_COMPUTATION.HD_WEBSUMMARY_BUILDER.PICK_SATURATION_PLOT
2025-10-14 12:05:37 [runtime] (run:local)       ID.F07839_1n2.SPATIAL_RNA_COUNTER_CS.SPATIAL_RNA_COUNTER.SPATIAL_POST_MATRIX_COMPUTATION.HD_WEBSUMMARY_BUILDER.PICK_SATURATION_PLOT.fork0.chnk0.main
2025-10-14 12:05:37 [runtime] (complete)        ID.F07839_1n2.SPATIAL_RNA_COUNTER_CS.SPATIAL_RNA_COUNTER.SPATIAL_POST_MATRIX_COMPUTATION.BIN_HD_DATA._BIN_HD_DATA._COMPUTE_BINNED_OUTPUTS.SPATIAL_BINNED_RNA_ANALYZER.RUN_PCA.fork_square_016um
2025-10-14 12:05:40 [runtime] (chunks_complete) ID.F07839_1n2.SPATIAL_RNA_COUNTER_CS.SPATIAL_RNA_COUNTER.SPATIAL_POST_MATRIX_COMPUTATION.HD_WEBSUMMARY_BUILDER.PICK_SATURATION_PLOT
2025-10-14 12:05:40 [runtime] (complete)        ID.F07839_1n2.SPATIAL_RNA_COUNTER_CS.SPATIAL_RNA_COUNTER.SPATIAL_POST_MATRIX_COMPUTATION.BIN_HD_DATA._BIN_HD_DATA._COMPUTE_BINNED_OUTPUTS.SPATIAL_BINNED_RNA_ANALYZER.RUN_PCA.fork_square_016um
2025-10-14 12:05:40 [runtime] (complete)        ID.F07839_1n2.SPATIAL_RNA_COUNTER_CS.SPATIAL_RNA_COUNTER.SPATIAL_POST_MATRIX_COMPUTATION.BIN_HD_DATA._BIN_HD_DATA._COMPUTE_BINNED_OUTPUTS.SPATIAL_BINNED_RNA_ANALYZER.RUN_PCA.fork_square_016um
2025-10-14 12:05:43 [runtime] (complete)        ID.F07839_1n2.SPATIAL_RNA_COUNTER_CS.SPATIAL_RNA_COUNTER.SPATIAL_POST_MATRIX_COMPUTATION.BIN_HD_DATA._BIN_HD_DATA._COMPUTE_BINNED_OUTPUTS.SPATIAL_BINNED_RNA_ANALYZER.RUN_PCA.fork_square_016um
2025-10-14 12:05:46 [runtime] (complete)        ID.F07839_1n2.SPATIAL_RNA_COUNTER_CS.SPATIAL_RNA_COUNTER.SPATIAL_POST_MATRIX_COMPUTATION.BIN_HD_DATA._BIN_HD_DATA._COMPUTE_BINNED_OUTPUTS.SPATIAL_BINNED_RNA_ANALYZER.RUN_PCA.fork_square_016um
2025-10-14 12:05:49 [runtime] (complete)        ID.F07839_1n2.SPATIAL_RNA_COUNTER_CS.SPATIAL_RNA_COUNTER.SPATIAL_POST_MATRIX_COMPUTATION.BIN_HD_DATA._BIN_HD_DATA._COMPUTE_BINNED_OUTPUTS.SPATIAL_BINNED_RNA_ANALYZER.RUN_PCA.fork_square_016um
2025-10-14 12:05:52 [runtime] (complete)        ID.F07839_1n2.SPATIAL_RNA_COUNTER_CS.SPATIAL_RNA_COUNTER.SPATIAL_POST_MATRIX_COMPUTATION.BIN_HD_DATA._BIN_HD_DATA._COMPUTE_BINNED_OUTPUTS.SPATIAL_BINNED_RNA_ANALYZER.RUN_PCA.fork_square_016um
2025-10-14 12:05:55 [runtime] (complete)        ID.F07839_1n2.SPATIAL_RNA_COUNTER_CS.SPATIAL_RNA_COUNTER.SPATIAL_POST_MATRIX_COMPUTATION.BIN_HD_DATA._BIN_HD_DATA._COMPUTE_BINNED_OUTPUTS.SPATIAL_BINNED_RNA_ANALYZER.RUN_PCA.fork_square_016um
2025-10-14 12:05:58 [runtime] (complete)        ID.F07839_1n2.SPATIAL_RNA_COUNTER_CS.SPATIAL_RNA_COUNTER.SPATIAL_POST_MATRIX_COMPUTATION.BIN_HD_DATA._BIN_HD_DATA._COMPUTE_BINNED_OUTPUTS.SPATIAL_BINNED_RNA_ANALYZER.RUN_PCA.fork_square_016um
2025-10-14 12:06:01 [runtime] (complete)        ID.F07839_1n2.SPATIAL_RNA_COUNTER_CS.SPATIAL_RNA_COUNTER.SPATIAL_POST_MATRIX_COMPUTATION.BIN_HD_DATA._BIN_HD_DATA._COMPUTE_BINNED_OUTPUTS.SPATIAL_BINNED_RNA_ANALYZER.RUN_PCA.fork_square_016um
2025-10-14 12:06:04 [runtime] (complete)        ID.F07839_1n2.SPATIAL_RNA_COUNTER_CS.SPATIAL_RNA_COUNTER.SPATIAL_POST_MATRIX_COMPUTATION.BIN_HD_DATA._BIN_HD_DATA._COMPUTE_BINNED_OUTPUTS.SPATIAL_BINNED_RNA_ANALYZER.RUN_PCA.fork_square_016um
2025-10-14 12:06:07 [runtime] (complete)        ID.F07839_1n2.SPATIAL_RNA_COUNTER_CS.SPATIAL_RNA_COUNTER.SPATIAL_POST_MATRIX_COMPUTATION.BIN_HD_DATA._BIN_HD_DATA._COMPUTE_BINNED_OUTPUTS.SPATIAL_BINNED_RNA_ANALYZER.RUN_PCA.fork_square_016um
2025-10-14 12:06:11 [runtime] (complete)        ID.F07839_1n2.SPATIAL_RNA_COUNTER_CS.SPATIAL_RNA_COUNTER.SPATIAL_POST_MATRIX_COMPUTATION.BIN_HD_DATA._BIN_HD_DATA._COMPUTE_BINNED_OUTPUTS.SPATIAL_BINNED_RNA_ANALYZER.RUN_PCA.fork_square_016um
2025-10-14 12:06:12 [runtime] (chunks_complete) ID.F07839_1n2.SPATIAL_RNA_COUNTER_CS.SPATIAL_RNA_COUNTER.SPATIAL_POST_MATRIX_COMPUTATION.BIN_HD_DATA._BIN_HD_DATA._COMPUTE_BINNED_OUTPUTS.SPATIAL_BINNED_RNA_ANALYZER.RUN_PCA.fork_square_008um
2025-10-14 12:06:12 [runtime] (run:local)       ID.F07839_1n2.SPATIAL_RNA_COUNTER_CS.SPATIAL_RNA_COUNTER.SPATIAL_POST_MATRIX_COMPUTATION.BIN_HD_DATA._BIN_HD_DATA._COMPUTE_BINNED_OUTPUTS.SPATIAL_BINNED_RNA_ANALYZER.RUN_PCA.fork_square_008um.join
2025-10-14 12:06:12 [runtime] (complete)        ID.F07839_1n2.SPATIAL_RNA_COUNTER_CS.SPATIAL_RNA_COUNTER.SPATIAL_POST_MATRIX_COMPUTATION.BIN_HD_DATA._BIN_HD_DATA._COMPUTE_BINNED_OUTPUTS.SPATIAL_BINNED_RNA_ANALYZER.RUN_PCA.fork_square_016um
2025-10-14 12:06:16 [runtime] (complete)        ID.F07839_1n2.SPATIAL_RNA_COUNTER_CS.SPATIAL_RNA_COUNTER.SPATIAL_POST_MATRIX_COMPUTATION.BIN_HD_DATA._BIN_HD_DATA._COMPUTE_BINNED_OUTPUTS.SPATIAL_BINNED_RNA_ANALYZER.RUN_PCA.fork_square_016um
2025-10-14 12:06:16 [runtime] (join_complete)   ID.F07839_1n2.SPATIAL_RNA_COUNTER_CS.SPATIAL_RNA_COUNTER.SPATIAL_POST_MATRIX_COMPUTATION.BIN_HD_DATA._BIN_HD_DATA._COMPUTE_BINNED_OUTPUTS.SPATIAL_BINNED_RNA_ANALYZER.RUN_PCA.fork_square_008um
2025-10-14 12:06:16 [runtime] (complete)        ID.F07839_1n2.SPATIAL_RNA_COUNTER_CS.SPATIAL_RNA_COUNTER.SPATIAL_POST_MATRIX_COMPUTATION.BIN_HD_DATA._BIN_HD_DATA._COMPUTE_BINNED_OUTPUTS.SPATIAL_BINNED_RNA_ANALYZER.RUN_PCA.fork_square_016um
2025-10-14 12:06:17 [runtime] (ready)           ID.F07839_1n2.SPATIAL_RNA_COUNTER_CS.SPATIAL_RNA_COUNTER.SPATIAL_POST_MATRIX_COMPUTATION.BIN_HD_DATA._BIN_HD_DATA._COMPUTE_BINNED_OUTPUTS.SPATIAL_BINNED_RNA_ANALYZER.RUN_TSNE.fork_square_002um
2025-10-14 12:06:17 [runtime] (ready)           ID.F07839_1n2.SPATIAL_RNA_COUNTER_CS.SPATIAL_RNA_COUNTER.SPATIAL_POST_MATRIX_COMPUTATION.BIN_HD_DATA._BIN_HD_DATA._COMPUTE_BINNED_OUTPUTS.SPATIAL_BINNED_RNA_ANALYZER.RUN_TSNE.fork_square_008um
2025-10-14 12:06:17 [runtime] (ready)           ID.F07839_1n2.SPATIAL_RNA_COUNTER_CS.SPATIAL_RNA_COUNTER.SPATIAL_POST_MATRIX_COMPUTATION.BIN_HD_DATA._BIN_HD_DATA._COMPUTE_BINNED_OUTPUTS.SPATIAL_BINNED_RNA_ANALYZER.RUN_TSNE.fork_square_016um
2025-10-14 12:06:17 [runtime] (ready)           ID.F07839_1n2.SPATIAL_RNA_COUNTER_CS.SPATIAL_RNA_COUNTER.SPATIAL_POST_MATRIX_COMPUTATION.BIN_HD_DATA._BIN_HD_DATA._COMPUTE_BINNED_OUTPUTS.SPATIAL_BINNED_RNA_ANALYZER.RUN_GRAPH_CLUSTERING.fork_square_002um
2025-10-14 12:06:17 [runtime] (ready)           ID.F07839_1n2.SPATIAL_RNA_COUNTER_CS.SPATIAL_RNA_COUNTER.SPATIAL_POST_MATRIX_COMPUTATION.BIN_HD_DATA._BIN_HD_DATA._COMPUTE_BINNED_OUTPUTS.SPATIAL_BINNED_RNA_ANALYZER.RUN_GRAPH_CLUSTERING.fork_square_008um
2025-10-14 12:06:17 [runtime] (run:local)       ID.F07839_1n2.SPATIAL_RNA_COUNTER_CS.SPATIAL_RNA_COUNTER.SPATIAL_POST_MATRIX_COMPUTATION.BIN_HD_DATA._BIN_HD_DATA._COMPUTE_BINNED_OUTPUTS.SPATIAL_BINNED_RNA_ANALYZER.RUN_GRAPH_CLUSTERING.fork_square_008um.split
2025-10-14 12:06:17 [runtime] (ready)           ID.F07839_1n2.SPATIAL_RNA_COUNTER_CS.SPATIAL_RNA_COUNTER.SPATIAL_POST_MATRIX_COMPUTATION.BIN_HD_DATA._BIN_HD_DATA._COMPUTE_BINNED_OUTPUTS.SPATIAL_BINNED_RNA_ANALYZER.RUN_GRAPH_CLUSTERING.fork_square_016um
2025-10-14 12:06:17 [runtime] (run:local)       ID.F07839_1n2.SPATIAL_RNA_COUNTER_CS.SPATIAL_RNA_COUNTER.SPATIAL_POST_MATRIX_COMPUTATION.BIN_HD_DATA._BIN_HD_DATA._COMPUTE_BINNED_OUTPUTS.SPATIAL_BINNED_RNA_ANALYZER.RUN_GRAPH_CLUSTERING.fork_square_016um.split
2025-10-14 12:06:17 [runtime] (ready)           ID.F07839_1n2.SPATIAL_RNA_COUNTER_CS.SPATIAL_RNA_COUNTER.SPATIAL_POST_MATRIX_COMPUTATION.BIN_HD_DATA._BIN_HD_DATA._COMPUTE_BINNED_OUTPUTS.SPATIAL_BINNED_RNA_ANALYZER.RUN_KMEANS.fork_square_002um
2025-10-14 12:06:17 [runtime] (ready)           ID.F07839_1n2.SPATIAL_RNA_COUNTER_CS.SPATIAL_RNA_COUNTER.SPATIAL_POST_MATRIX_COMPUTATION.BIN_HD_DATA._BIN_HD_DATA._COMPUTE_BINNED_OUTPUTS.SPATIAL_BINNED_RNA_ANALYZER.RUN_KMEANS.fork_square_008um
2025-10-14 12:06:17 [runtime] (run:local)       ID.F07839_1n2.SPATIAL_RNA_COUNTER_CS.SPATIAL_RNA_COUNTER.SPATIAL_POST_MATRIX_COMPUTATION.BIN_HD_DATA._BIN_HD_DATA._COMPUTE_BINNED_OUTPUTS.SPATIAL_BINNED_RNA_ANALYZER.RUN_KMEANS.fork_square_008um.split
2025-10-14 12:06:17 [runtime] (ready)           ID.F07839_1n2.SPATIAL_RNA_COUNTER_CS.SPATIAL_RNA_COUNTER.SPATIAL_POST_MATRIX_COMPUTATION.BIN_HD_DATA._BIN_HD_DATA._COMPUTE_BINNED_OUTPUTS.SPATIAL_BINNED_RNA_ANALYZER.RUN_KMEANS.fork_square_016um
2025-10-14 12:06:17 [runtime] (run:local)       ID.F07839_1n2.SPATIAL_RNA_COUNTER_CS.SPATIAL_RNA_COUNTER.SPATIAL_POST_MATRIX_COMPUTATION.BIN_HD_DATA._BIN_HD_DATA._COMPUTE_BINNED_OUTPUTS.SPATIAL_BINNED_RNA_ANALYZER.RUN_KMEANS.fork_square_016um.split
2025-10-14 12:06:17 [runtime] (ready)           ID.F07839_1n2.SPATIAL_RNA_COUNTER_CS.SPATIAL_RNA_COUNTER.SPATIAL_POST_MATRIX_COMPUTATION.BIN_HD_DATA._BIN_HD_DATA._COMPUTE_BINNED_OUTPUTS.SPATIAL_BINNED_RNA_ANALYZER.RUN_UMAP.fork_square_002um
2025-10-14 12:06:17 [runtime] (ready)           ID.F07839_1n2.SPATIAL_RNA_COUNTER_CS.SPATIAL_RNA_COUNTER.SPATIAL_POST_MATRIX_COMPUTATION.BIN_HD_DATA._BIN_HD_DATA._COMPUTE_BINNED_OUTPUTS.SPATIAL_BINNED_RNA_ANALYZER.RUN_UMAP.fork_square_008um
2025-10-14 12:06:17 [runtime] (run:local)       ID.F07839_1n2.SPATIAL_RNA_COUNTER_CS.SPATIAL_RNA_COUNTER.SPATIAL_POST_MATRIX_COMPUTATION.BIN_HD_DATA._BIN_HD_DATA._COMPUTE_BINNED_OUTPUTS.SPATIAL_BINNED_RNA_ANALYZER.RUN_UMAP.fork_square_008um.split
2025-10-14 12:06:17 [runtime] (ready)           ID.F07839_1n2.SPATIAL_RNA_COUNTER_CS.SPATIAL_RNA_COUNTER.SPATIAL_POST_MATRIX_COMPUTATION.BIN_HD_DATA._BIN_HD_DATA._COMPUTE_BINNED_OUTPUTS.SPATIAL_BINNED_RNA_ANALYZER.RUN_UMAP.fork_square_016um
2025-10-14 12:06:17 [runtime] (run:local)       ID.F07839_1n2.SPATIAL_RNA_COUNTER_CS.SPATIAL_RNA_COUNTER.SPATIAL_POST_MATRIX_COMPUTATION.BIN_HD_DATA._BIN_HD_DATA._COMPUTE_BINNED_OUTPUTS.SPATIAL_BINNED_RNA_ANALYZER.RUN_UMAP.fork_square_016um.split
2025-10-14 12:06:17 [runtime] (split_complete)  ID.F07839_1n2.SPATIAL_RNA_COUNTER_CS.SPATIAL_RNA_COUNTER.SPATIAL_POST_MATRIX_COMPUTATION.BIN_HD_DATA._BIN_HD_DATA._COMPUTE_BINNED_OUTPUTS.SPATIAL_BINNED_RNA_ANALYZER.RUN_GRAPH_CLUSTERING.fork_square_008um
2025-10-14 12:06:17 [runtime] (run:local)       ID.F07839_1n2.SPATIAL_RNA_COUNTER_CS.SPATIAL_RNA_COUNTER.SPATIAL_POST_MATRIX_COMPUTATION.BIN_HD_DATA._BIN_HD_DATA._COMPUTE_BINNED_OUTPUTS.SPATIAL_BINNED_RNA_ANALYZER.RUN_GRAPH_CLUSTERING.fork_square_008um.chnk0.main
2025-10-14 12:06:17 [runtime] (split_complete)  ID.F07839_1n2.SPATIAL_RNA_COUNTER_CS.SPATIAL_RNA_COUNTER.SPATIAL_POST_MATRIX_COMPUTATION.BIN_HD_DATA._BIN_HD_DATA._COMPUTE_BINNED_OUTPUTS.SPATIAL_BINNED_RNA_ANALYZER.RUN_GRAPH_CLUSTERING.fork_square_016um
2025-10-14 12:06:17 [runtime] (run:local)       ID.F07839_1n2.SPATIAL_RNA_COUNTER_CS.SPATIAL_RNA_COUNTER.SPATIAL_POST_MATRIX_COMPUTATION.BIN_HD_DATA._BIN_HD_DATA._COMPUTE_BINNED_OUTPUTS.SPATIAL_BINNED_RNA_ANALYZER.RUN_GRAPH_CLUSTERING.fork_square_016um.chnk0.main
2025-10-14 12:06:17 [runtime] (split_complete)  ID.F07839_1n2.SPATIAL_RNA_COUNTER_CS.SPATIAL_RNA_COUNTER.SPATIAL_POST_MATRIX_COMPUTATION.BIN_HD_DATA._BIN_HD_DATA._COMPUTE_BINNED_OUTPUTS.SPATIAL_BINNED_RNA_ANALYZER.RUN_UMAP.fork_square_008um
2025-10-14 12:06:17 [runtime] (run:local)       ID.F07839_1n2.SPATIAL_RNA_COUNTER_CS.SPATIAL_RNA_COUNTER.SPATIAL_POST_MATRIX_COMPUTATION.BIN_HD_DATA._BIN_HD_DATA._COMPUTE_BINNED_OUTPUTS.SPATIAL_BINNED_RNA_ANALYZER.RUN_UMAP.fork_square_008um.chnk0.main
2025-10-14 12:06:17 [runtime] (split_complete)  ID.F07839_1n2.SPATIAL_RNA_COUNTER_CS.SPATIAL_RNA_COUNTER.SPATIAL_POST_MATRIX_COMPUTATION.BIN_HD_DATA._BIN_HD_DATA._COMPUTE_BINNED_OUTPUTS.SPATIAL_BINNED_RNA_ANALYZER.RUN_UMAP.fork_square_016um
2025-10-14 12:06:17 [runtime] (run:local)       ID.F07839_1n2.SPATIAL_RNA_COUNTER_CS.SPATIAL_RNA_COUNTER.SPATIAL_POST_MATRIX_COMPUTATION.BIN_HD_DATA._BIN_HD_DATA._COMPUTE_BINNED_OUTPUTS.SPATIAL_BINNED_RNA_ANALYZER.RUN_UMAP.fork_square_016um.chnk0.main
2025-10-14 12:06:21 [runtime] (split_complete)  ID.F07839_1n2.SPATIAL_RNA_COUNTER_CS.SPATIAL_RNA_COUNTER.SPATIAL_POST_MATRIX_COMPUTATION.BIN_HD_DATA._BIN_HD_DATA._COMPUTE_BINNED_OUTPUTS.SPATIAL_BINNED_RNA_ANALYZER.RUN_KMEANS.fork_square_008um
2025-10-14 12:06:21 [runtime] (run:local)       ID.F07839_1n2.SPATIAL_RNA_COUNTER_CS.SPATIAL_RNA_COUNTER.SPATIAL_POST_MATRIX_COMPUTATION.BIN_HD_DATA._BIN_HD_DATA._COMPUTE_BINNED_OUTPUTS.SPATIAL_BINNED_RNA_ANALYZER.RUN_KMEANS.fork_square_008um.chnk0.main
2025-10-14 12:06:21 [runtime] (run:local)       ID.F07839_1n2.SPATIAL_RNA_COUNTER_CS.SPATIAL_RNA_COUNTER.SPATIAL_POST_MATRIX_COMPUTATION.BIN_HD_DATA._BIN_HD_DATA._COMPUTE_BINNED_OUTPUTS.SPATIAL_BINNED_RNA_ANALYZER.RUN_KMEANS.fork_square_008um.chnk1.main
2025-10-14 12:06:21 [runtime] (run:local)       ID.F07839_1n2.SPATIAL_RNA_COUNTER_CS.SPATIAL_RNA_COUNTER.SPATIAL_POST_MATRIX_COMPUTATION.BIN_HD_DATA._BIN_HD_DATA._COMPUTE_BINNED_OUTPUTS.SPATIAL_BINNED_RNA_ANALYZER.RUN_KMEANS.fork_square_008um.chnk2.main
2025-10-14 12:06:21 [runtime] (run:local)       ID.F07839_1n2.SPATIAL_RNA_COUNTER_CS.SPATIAL_RNA_COUNTER.SPATIAL_POST_MATRIX_COMPUTATION.BIN_HD_DATA._BIN_HD_DATA._COMPUTE_BINNED_OUTPUTS.SPATIAL_BINNED_RNA_ANALYZER.RUN_KMEANS.fork_square_008um.chnk3.main
2025-10-14 12:06:21 [runtime] (run:local)       ID.F07839_1n2.SPATIAL_RNA_COUNTER_CS.SPATIAL_RNA_COUNTER.SPATIAL_POST_MATRIX_COMPUTATION.BIN_HD_DATA._BIN_HD_DATA._COMPUTE_BINNED_OUTPUTS.SPATIAL_BINNED_RNA_ANALYZER.RUN_KMEANS.fork_square_008um.chnk4.main
2025-10-14 12:06:21 [runtime] (run:local)       ID.F07839_1n2.SPATIAL_RNA_COUNTER_CS.SPATIAL_RNA_COUNTER.SPATIAL_POST_MATRIX_COMPUTATION.BIN_HD_DATA._BIN_HD_DATA._COMPUTE_BINNED_OUTPUTS.SPATIAL_BINNED_RNA_ANALYZER.RUN_KMEANS.fork_square_008um.chnk5.main
2025-10-14 12:06:21 [runtime] (run:local)       ID.F07839_1n2.SPATIAL_RNA_COUNTER_CS.SPATIAL_RNA_COUNTER.SPATIAL_POST_MATRIX_COMPUTATION.BIN_HD_DATA._BIN_HD_DATA._COMPUTE_BINNED_OUTPUTS.SPATIAL_BINNED_RNA_ANALYZER.RUN_KMEANS.fork_square_008um.chnk6.main
2025-10-14 12:06:21 [runtime] (run:local)       ID.F07839_1n2.SPATIAL_RNA_COUNTER_CS.SPATIAL_RNA_COUNTER.SPATIAL_POST_MATRIX_COMPUTATION.BIN_HD_DATA._BIN_HD_DATA._COMPUTE_BINNED_OUTPUTS.SPATIAL_BINNED_RNA_ANALYZER.RUN_KMEANS.fork_square_008um.chnk7.main
2025-10-14 12:06:21 [runtime] (run:local)       ID.F07839_1n2.SPATIAL_RNA_COUNTER_CS.SPATIAL_RNA_COUNTER.SPATIAL_POST_MATRIX_COMPUTATION.BIN_HD_DATA._BIN_HD_DATA._COMPUTE_BINNED_OUTPUTS.SPATIAL_BINNED_RNA_ANALYZER.RUN_KMEANS.fork_square_008um.chnk8.main
2025-10-14 12:06:21 [runtime] (split_complete)  ID.F07839_1n2.SPATIAL_RNA_COUNTER_CS.SPATIAL_RNA_COUNTER.SPATIAL_POST_MATRIX_COMPUTATION.BIN_HD_DATA._BIN_HD_DATA._COMPUTE_BINNED_OUTPUTS.SPATIAL_BINNED_RNA_ANALYZER.RUN_KMEANS.fork_square_016um
2025-10-14 12:06:21 [runtime] (run:local)       ID.F07839_1n2.SPATIAL_RNA_COUNTER_CS.SPATIAL_RNA_COUNTER.SPATIAL_POST_MATRIX_COMPUTATION.BIN_HD_DATA._BIN_HD_DATA._COMPUTE_BINNED_OUTPUTS.SPATIAL_BINNED_RNA_ANALYZER.RUN_KMEANS.fork_square_016um.chnk0.main
2025-10-14 12:06:21 [runtime] (run:local)       ID.F07839_1n2.SPATIAL_RNA_COUNTER_CS.SPATIAL_RNA_COUNTER.SPATIAL_POST_MATRIX_COMPUTATION.BIN_HD_DATA._BIN_HD_DATA._COMPUTE_BINNED_OUTPUTS.SPATIAL_BINNED_RNA_ANALYZER.RUN_KMEANS.fork_square_016um.chnk1.main
2025-10-14 12:06:21 [runtime] (run:local)       ID.F07839_1n2.SPATIAL_RNA_COUNTER_CS.SPATIAL_RNA_COUNTER.SPATIAL_POST_MATRIX_COMPUTATION.BIN_HD_DATA._BIN_HD_DATA._COMPUTE_BINNED_OUTPUTS.SPATIAL_BINNED_RNA_ANALYZER.RUN_KMEANS.fork_square_016um.chnk2.main
2025-10-14 12:06:21 [runtime] (run:local)       ID.F07839_1n2.SPATIAL_RNA_COUNTER_CS.SPATIAL_RNA_COUNTER.SPATIAL_POST_MATRIX_COMPUTATION.BIN_HD_DATA._BIN_HD_DATA._COMPUTE_BINNED_OUTPUTS.SPATIAL_BINNED_RNA_ANALYZER.RUN_KMEANS.fork_square_016um.chnk3.main
2025-10-14 12:06:21 [runtime] (run:local)       ID.F07839_1n2.SPATIAL_RNA_COUNTER_CS.SPATIAL_RNA_COUNTER.SPATIAL_POST_MATRIX_COMPUTATION.BIN_HD_DATA._BIN_HD_DATA._COMPUTE_BINNED_OUTPUTS.SPATIAL_BINNED_RNA_ANALYZER.RUN_KMEANS.fork_square_016um.chnk4.main
2025-10-14 12:06:21 [runtime] (run:local)       ID.F07839_1n2.SPATIAL_RNA_COUNTER_CS.SPATIAL_RNA_COUNTER.SPATIAL_POST_MATRIX_COMPUTATION.BIN_HD_DATA._BIN_HD_DATA._COMPUTE_BINNED_OUTPUTS.SPATIAL_BINNED_RNA_ANALYZER.RUN_KMEANS.fork_square_016um.chnk5.main
2025-10-14 12:06:22 [runtime] (run:local)       ID.F07839_1n2.SPATIAL_RNA_COUNTER_CS.SPATIAL_RNA_COUNTER.SPATIAL_POST_MATRIX_COMPUTATION.BIN_HD_DATA._BIN_HD_DATA._COMPUTE_BINNED_OUTPUTS.SPATIAL_BINNED_RNA_ANALYZER.RUN_KMEANS.fork_square_016um.chnk6.main
2025-10-14 12:06:22 [runtime] (run:local)       ID.F07839_1n2.SPATIAL_RNA_COUNTER_CS.SPATIAL_RNA_COUNTER.SPATIAL_POST_MATRIX_COMPUTATION.BIN_HD_DATA._BIN_HD_DATA._COMPUTE_BINNED_OUTPUTS.SPATIAL_BINNED_RNA_ANALYZER.RUN_KMEANS.fork_square_016um.chnk7.main
2025-10-14 12:06:22 [runtime] (run:local)       ID.F07839_1n2.SPATIAL_RNA_COUNTER_CS.SPATIAL_RNA_COUNTER.SPATIAL_POST_MATRIX_COMPUTATION.BIN_HD_DATA._BIN_HD_DATA._COMPUTE_BINNED_OUTPUTS.SPATIAL_BINNED_RNA_ANALYZER.RUN_KMEANS.fork_square_016um.chnk8.main
2025-10-14 12:06:33 [runtime] (chunks_complete) ID.F07839_1n2.SPATIAL_RNA_COUNTER_CS.SPATIAL_RNA_COUNTER.SPATIAL_POST_MATRIX_COMPUTATION.BIN_HD_DATA._BIN_HD_DATA._COMPUTE_BINNED_OUTPUTS.SPATIAL_BINNED_RNA_ANALYZER.RUN_KMEANS.fork_square_008um
2025-10-14 12:06:33 [runtime] (run:local)       ID.F07839_1n2.SPATIAL_RNA_COUNTER_CS.SPATIAL_RNA_COUNTER.SPATIAL_POST_MATRIX_COMPUTATION.BIN_HD_DATA._BIN_HD_DATA._COMPUTE_BINNED_OUTPUTS.SPATIAL_BINNED_RNA_ANALYZER.RUN_KMEANS.fork_square_008um.join
2025-10-14 12:06:35 [runtime] (chunks_complete) ID.F07839_1n2.SPATIAL_RNA_COUNTER_CS.SPATIAL_RNA_COUNTER.SPATIAL_POST_MATRIX_COMPUTATION.BIN_HD_DATA._BIN_HD_DATA._COMPUTE_BINNED_OUTPUTS.SPATIAL_BINNED_RNA_ANALYZER.RUN_KMEANS.fork_square_016um
2025-10-14 12:06:35 [runtime] (run:local)       ID.F07839_1n2.SPATIAL_RNA_COUNTER_CS.SPATIAL_RNA_COUNTER.SPATIAL_POST_MATRIX_COMPUTATION.BIN_HD_DATA._BIN_HD_DATA._COMPUTE_BINNED_OUTPUTS.SPATIAL_BINNED_RNA_ANALYZER.RUN_KMEANS.fork_square_016um.join
2025-10-14 12:06:39 [runtime] (join_complete)   ID.F07839_1n2.SPATIAL_RNA_COUNTER_CS.SPATIAL_RNA_COUNTER.SPATIAL_POST_MATRIX_COMPUTATION.BIN_HD_DATA._BIN_HD_DATA._COMPUTE_BINNED_OUTPUTS.SPATIAL_BINNED_RNA_ANALYZER.RUN_KMEANS.fork_square_016um
2025-10-14 12:06:40 [runtime] (join_complete)   ID.F07839_1n2.SPATIAL_RNA_COUNTER_CS.SPATIAL_RNA_COUNTER.SPATIAL_POST_MATRIX_COMPUTATION.BIN_HD_DATA._BIN_HD_DATA._COMPUTE_BINNED_OUTPUTS.SPATIAL_BINNED_RNA_ANALYZER.RUN_KMEANS.fork_square_008um
2025-10-14 12:06:40 [runtime] (complete)        ID.F07839_1n2.SPATIAL_RNA_COUNTER_CS.SPATIAL_RNA_COUNTER.SPATIAL_POST_MATRIX_COMPUTATION.BIN_HD_DATA._BIN_HD_DATA._COMPUTE_BINNED_OUTPUTS.SPATIAL_BINNED_RNA_ANALYZER.RUN_KMEANS.fork_square_016um
2025-10-14 12:10:15 [runtime] (chunks_complete) ID.F07839_1n2.SPATIAL_RNA_COUNTER_CS.SPATIAL_RNA_COUNTER.SPATIAL_POST_MATRIX_COMPUTATION.BIN_HD_DATA._BIN_HD_DATA._COMPUTE_BINNED_OUTPUTS.SPATIAL_BINNED_RNA_ANALYZER.RUN_GRAPH_CLUSTERING.fork_square_016um
2025-10-14 12:10:15 [runtime] (run:local)       ID.F07839_1n2.SPATIAL_RNA_COUNTER_CS.SPATIAL_RNA_COUNTER.SPATIAL_POST_MATRIX_COMPUTATION.BIN_HD_DATA._BIN_HD_DATA._COMPUTE_BINNED_OUTPUTS.SPATIAL_BINNED_RNA_ANALYZER.RUN_GRAPH_CLUSTERING.fork_square_016um.join
2025-10-14 12:10:16 [runtime] (join_complete)   ID.F07839_1n2.SPATIAL_RNA_COUNTER_CS.SPATIAL_RNA_COUNTER.SPATIAL_POST_MATRIX_COMPUTATION.BIN_HD_DATA._BIN_HD_DATA._COMPUTE_BINNED_OUTPUTS.SPATIAL_BINNED_RNA_ANALYZER.RUN_GRAPH_CLUSTERING.fork_square_016um
2025-10-14 12:10:19 [runtime] (complete)        ID.F07839_1n2.SPATIAL_RNA_COUNTER_CS.SPATIAL_RNA_COUNTER.SPATIAL_POST_MATRIX_COMPUTATION.BIN_HD_DATA._BIN_HD_DATA._COMPUTE_BINNED_OUTPUTS.SPATIAL_BINNED_RNA_ANALYZER.RUN_GRAPH_CLUSTERING.fork_square_016um
2025-10-14 12:10:22 [runtime] (complete)        ID.F07839_1n2.SPATIAL_RNA_COUNTER_CS.SPATIAL_RNA_COUNTER.SPATIAL_POST_MATRIX_COMPUTATION.BIN_HD_DATA._BIN_HD_DATA._COMPUTE_BINNED_OUTPUTS.SPATIAL_BINNED_RNA_ANALYZER.RUN_GRAPH_CLUSTERING.fork_square_016um
2025-10-14 12:10:25 [runtime] (complete)        ID.F07839_1n2.SPATIAL_RNA_COUNTER_CS.SPATIAL_RNA_COUNTER.SPATIAL_POST_MATRIX_COMPUTATION.BIN_HD_DATA._BIN_HD_DATA._COMPUTE_BINNED_OUTPUTS.SPATIAL_BINNED_RNA_ANALYZER.RUN_GRAPH_CLUSTERING.fork_square_016um
2025-10-14 12:10:28 [runtime] (complete)        ID.F07839_1n2.SPATIAL_RNA_COUNTER_CS.SPATIAL_RNA_COUNTER.SPATIAL_POST_MATRIX_COMPUTATION.BIN_HD_DATA._BIN_HD_DATA._COMPUTE_BINNED_OUTPUTS.SPATIAL_BINNED_RNA_ANALYZER.RUN_GRAPH_CLUSTERING.fork_square_016um
2025-10-14 12:10:31 [runtime] (complete)        ID.F07839_1n2.SPATIAL_RNA_COUNTER_CS.SPATIAL_RNA_COUNTER.SPATIAL_POST_MATRIX_COMPUTATION.BIN_HD_DATA._BIN_HD_DATA._COMPUTE_BINNED_OUTPUTS.SPATIAL_BINNED_RNA_ANALYZER.RUN_GRAPH_CLUSTERING.fork_square_016um
2025-10-14 12:10:34 [runtime] (complete)        ID.F07839_1n2.SPATIAL_RNA_COUNTER_CS.SPATIAL_RNA_COUNTER.SPATIAL_POST_MATRIX_COMPUTATION.BIN_HD_DATA._BIN_HD_DATA._COMPUTE_BINNED_OUTPUTS.SPATIAL_BINNED_RNA_ANALYZER.RUN_GRAPH_CLUSTERING.fork_square_016um
2025-10-14 12:10:37 [runtime] (complete)        ID.F07839_1n2.SPATIAL_RNA_COUNTER_CS.SPATIAL_RNA_COUNTER.SPATIAL_POST_MATRIX_COMPUTATION.BIN_HD_DATA._BIN_HD_DATA._COMPUTE_BINNED_OUTPUTS.SPATIAL_BINNED_RNA_ANALYZER.RUN_GRAPH_CLUSTERING.fork_square_016um
2025-10-14 12:10:40 [runtime] (complete)        ID.F07839_1n2.SPATIAL_RNA_COUNTER_CS.SPATIAL_RNA_COUNTER.SPATIAL_POST_MATRIX_COMPUTATION.BIN_HD_DATA._BIN_HD_DATA._COMPUTE_BINNED_OUTPUTS.SPATIAL_BINNED_RNA_ANALYZER.RUN_GRAPH_CLUSTERING.fork_square_016um
2025-10-14 12:10:43 [runtime] (complete)        ID.F07839_1n2.SPATIAL_RNA_COUNTER_CS.SPATIAL_RNA_COUNTER.SPATIAL_POST_MATRIX_COMPUTATION.BIN_HD_DATA._BIN_HD_DATA._COMPUTE_BINNED_OUTPUTS.SPATIAL_BINNED_RNA_ANALYZER.RUN_GRAPH_CLUSTERING.fork_square_016um
2025-10-14 12:10:46 [runtime] (complete)        ID.F07839_1n2.SPATIAL_RNA_COUNTER_CS.SPATIAL_RNA_COUNTER.SPATIAL_POST_MATRIX_COMPUTATION.BIN_HD_DATA._BIN_HD_DATA._COMPUTE_BINNED_OUTPUTS.SPATIAL_BINNED_RNA_ANALYZER.RUN_GRAPH_CLUSTERING.fork_square_016um
2025-10-14 12:10:49 [runtime] (complete)        ID.F07839_1n2.SPATIAL_RNA_COUNTER_CS.SPATIAL_RNA_COUNTER.SPATIAL_POST_MATRIX_COMPUTATION.BIN_HD_DATA._BIN_HD_DATA._COMPUTE_BINNED_OUTPUTS.SPATIAL_BINNED_RNA_ANALYZER.RUN_GRAPH_CLUSTERING.fork_square_016um
2025-10-14 12:10:52 [runtime] (complete)        ID.F07839_1n2.SPATIAL_RNA_COUNTER_CS.SPATIAL_RNA_COUNTER.SPATIAL_POST_MATRIX_COMPUTATION.BIN_HD_DATA._BIN_HD_DATA._COMPUTE_BINNED_OUTPUTS.SPATIAL_BINNED_RNA_ANALYZER.RUN_GRAPH_CLUSTERING.fork_square_016um
2025-10-14 12:10:55 [runtime] (complete)        ID.F07839_1n2.SPATIAL_RNA_COUNTER_CS.SPATIAL_RNA_COUNTER.SPATIAL_POST_MATRIX_COMPUTATION.BIN_HD_DATA._BIN_HD_DATA._COMPUTE_BINNED_OUTPUTS.SPATIAL_BINNED_RNA_ANALYZER.RUN_GRAPH_CLUSTERING.fork_square_016um
2025-10-14 12:10:58 [runtime] (complete)        ID.F07839_1n2.SPATIAL_RNA_COUNTER_CS.SPATIAL_RNA_COUNTER.SPATIAL_POST_MATRIX_COMPUTATION.BIN_HD_DATA._BIN_HD_DATA._COMPUTE_BINNED_OUTPUTS.SPATIAL_BINNED_RNA_ANALYZER.RUN_GRAPH_CLUSTERING.fork_square_016um
2025-10-14 12:11:01 [runtime] (complete)        ID.F07839_1n2.SPATIAL_RNA_COUNTER_CS.SPATIAL_RNA_COUNTER.SPATIAL_POST_MATRIX_COMPUTATION.BIN_HD_DATA._BIN_HD_DATA._COMPUTE_BINNED_OUTPUTS.SPATIAL_BINNED_RNA_ANALYZER.RUN_GRAPH_CLUSTERING.fork_square_016um
2025-10-14 12:11:04 [runtime] (complete)        ID.F07839_1n2.SPATIAL_RNA_COUNTER_CS.SPATIAL_RNA_COUNTER.SPATIAL_POST_MATRIX_COMPUTATION.BIN_HD_DATA._BIN_HD_DATA._COMPUTE_BINNED_OUTPUTS.SPATIAL_BINNED_RNA_ANALYZER.RUN_GRAPH_CLUSTERING.fork_square_016um
2025-10-14 12:11:07 [runtime] (complete)        ID.F07839_1n2.SPATIAL_RNA_COUNTER_CS.SPATIAL_RNA_COUNTER.SPATIAL_POST_MATRIX_COMPUTATION.BIN_HD_DATA._BIN_HD_DATA._COMPUTE_BINNED_OUTPUTS.SPATIAL_BINNED_RNA_ANALYZER.RUN_GRAPH_CLUSTERING.fork_square_016um
2025-10-14 12:11:10 [runtime] (complete)        ID.F07839_1n2.SPATIAL_RNA_COUNTER_CS.SPATIAL_RNA_COUNTER.SPATIAL_POST_MATRIX_COMPUTATION.BIN_HD_DATA._BIN_HD_DATA._COMPUTE_BINNED_OUTPUTS.SPATIAL_BINNED_RNA_ANALYZER.RUN_GRAPH_CLUSTERING.fork_square_016um
2025-10-14 12:11:13 [runtime] (complete)        ID.F07839_1n2.SPATIAL_RNA_COUNTER_CS.SPATIAL_RNA_COUNTER.SPATIAL_POST_MATRIX_COMPUTATION.BIN_HD_DATA._BIN_HD_DATA._COMPUTE_BINNED_OUTPUTS.SPATIAL_BINNED_RNA_ANALYZER.RUN_GRAPH_CLUSTERING.fork_square_016um
2025-10-14 12:11:16 [runtime] (complete)        ID.F07839_1n2.SPATIAL_RNA_COUNTER_CS.SPATIAL_RNA_COUNTER.SPATIAL_POST_MATRIX_COMPUTATION.BIN_HD_DATA._BIN_HD_DATA._COMPUTE_BINNED_OUTPUTS.SPATIAL_BINNED_RNA_ANALYZER.RUN_GRAPH_CLUSTERING.fork_square_016um
2025-10-14 12:11:19 [runtime] (complete)        ID.F07839_1n2.SPATIAL_RNA_COUNTER_CS.SPATIAL_RNA_COUNTER.SPATIAL_POST_MATRIX_COMPUTATION.BIN_HD_DATA._BIN_HD_DATA._COMPUTE_BINNED_OUTPUTS.SPATIAL_BINNED_RNA_ANALYZER.RUN_GRAPH_CLUSTERING.fork_square_016um
2025-10-14 12:11:22 [runtime] (complete)        ID.F07839_1n2.SPATIAL_RNA_COUNTER_CS.SPATIAL_RNA_COUNTER.SPATIAL_POST_MATRIX_COMPUTATION.BIN_HD_DATA._BIN_HD_DATA._COMPUTE_BINNED_OUTPUTS.SPATIAL_BINNED_RNA_ANALYZER.RUN_GRAPH_CLUSTERING.fork_square_016um
2025-10-14 12:11:25 [runtime] (complete)        ID.F07839_1n2.SPATIAL_RNA_COUNTER_CS.SPATIAL_RNA_COUNTER.SPATIAL_POST_MATRIX_COMPUTATION.BIN_HD_DATA._BIN_HD_DATA._COMPUTE_BINNED_OUTPUTS.SPATIAL_BINNED_RNA_ANALYZER.RUN_GRAPH_CLUSTERING.fork_square_016um
2025-10-14 12:11:28 [runtime] (complete)        ID.F07839_1n2.SPATIAL_RNA_COUNTER_CS.SPATIAL_RNA_COUNTER.SPATIAL_POST_MATRIX_COMPUTATION.BIN_HD_DATA._BIN_HD_DATA._COMPUTE_BINNED_OUTPUTS.SPATIAL_BINNED_RNA_ANALYZER.RUN_GRAPH_CLUSTERING.fork_square_016um
2025-10-14 12:11:31 [runtime] (complete)        ID.F07839_1n2.SPATIAL_RNA_COUNTER_CS.SPATIAL_RNA_COUNTER.SPATIAL_POST_MATRIX_COMPUTATION.BIN_HD_DATA._BIN_HD_DATA._COMPUTE_BINNED_OUTPUTS.SPATIAL_BINNED_RNA_ANALYZER.RUN_GRAPH_CLUSTERING.fork_square_016um
2025-10-14 12:11:34 [runtime] (complete)        ID.F07839_1n2.SPATIAL_RNA_COUNTER_CS.SPATIAL_RNA_COUNTER.SPATIAL_POST_MATRIX_COMPUTATION.BIN_HD_DATA._BIN_HD_DATA._COMPUTE_BINNED_OUTPUTS.SPATIAL_BINNED_RNA_ANALYZER.RUN_GRAPH_CLUSTERING.fork_square_016um
2025-10-14 12:11:37 [runtime] (complete)        ID.F07839_1n2.SPATIAL_RNA_COUNTER_CS.SPATIAL_RNA_COUNTER.SPATIAL_POST_MATRIX_COMPUTATION.BIN_HD_DATA._BIN_HD_DATA._COMPUTE_BINNED_OUTPUTS.SPATIAL_BINNED_RNA_ANALYZER.RUN_GRAPH_CLUSTERING.fork_square_016um
2025-10-14 12:11:40 [runtime] (complete)        ID.F07839_1n2.SPATIAL_RNA_COUNTER_CS.SPATIAL_RNA_COUNTER.SPATIAL_POST_MATRIX_COMPUTATION.BIN_HD_DATA._BIN_HD_DATA._COMPUTE_BINNED_OUTPUTS.SPATIAL_BINNED_RNA_ANALYZER.RUN_GRAPH_CLUSTERING.fork_square_016um
2025-10-14 12:11:43 [runtime] (complete)        ID.F07839_1n2.SPATIAL_RNA_COUNTER_CS.SPATIAL_RNA_COUNTER.SPATIAL_POST_MATRIX_COMPUTATION.BIN_HD_DATA._BIN_HD_DATA._COMPUTE_BINNED_OUTPUTS.SPATIAL_BINNED_RNA_ANALYZER.RUN_GRAPH_CLUSTERING.fork_square_016um
2025-10-14 12:11:46 [runtime] (complete)        ID.F07839_1n2.SPATIAL_RNA_COUNTER_CS.SPATIAL_RNA_COUNTER.SPATIAL_POST_MATRIX_COMPUTATION.BIN_HD_DATA._BIN_HD_DATA._COMPUTE_BINNED_OUTPUTS.SPATIAL_BINNED_RNA_ANALYZER.RUN_GRAPH_CLUSTERING.fork_square_016um
2025-10-14 12:11:49 [runtime] (complete)        ID.F07839_1n2.SPATIAL_RNA_COUNTER_CS.SPATIAL_RNA_COUNTER.SPATIAL_POST_MATRIX_COMPUTATION.BIN_HD_DATA._BIN_HD_DATA._COMPUTE_BINNED_OUTPUTS.SPATIAL_BINNED_RNA_ANALYZER.RUN_GRAPH_CLUSTERING.fork_square_016um
2025-10-14 12:11:52 [runtime] (complete)        ID.F07839_1n2.SPATIAL_RNA_COUNTER_CS.SPATIAL_RNA_COUNTER.SPATIAL_POST_MATRIX_COMPUTATION.BIN_HD_DATA._BIN_HD_DATA._COMPUTE_BINNED_OUTPUTS.SPATIAL_BINNED_RNA_ANALYZER.RUN_GRAPH_CLUSTERING.fork_square_016um
2025-10-14 12:11:55 [runtime] (complete)        ID.F07839_1n2.SPATIAL_RNA_COUNTER_CS.SPATIAL_RNA_COUNTER.SPATIAL_POST_MATRIX_COMPUTATION.BIN_HD_DATA._BIN_HD_DATA._COMPUTE_BINNED_OUTPUTS.SPATIAL_BINNED_RNA_ANALYZER.RUN_GRAPH_CLUSTERING.fork_square_016um
2025-10-14 12:11:58 [runtime] (complete)        ID.F07839_1n2.SPATIAL_RNA_COUNTER_CS.SPATIAL_RNA_COUNTER.SPATIAL_POST_MATRIX_COMPUTATION.BIN_HD_DATA._BIN_HD_DATA._COMPUTE_BINNED_OUTPUTS.SPATIAL_BINNED_RNA_ANALYZER.RUN_GRAPH_CLUSTERING.fork_square_016um
2025-10-14 12:12:01 [runtime] (complete)        ID.F07839_1n2.SPATIAL_RNA_COUNTER_CS.SPATIAL_RNA_COUNTER.SPATIAL_POST_MATRIX_COMPUTATION.BIN_HD_DATA._BIN_HD_DATA._COMPUTE_BINNED_OUTPUTS.SPATIAL_BINNED_RNA_ANALYZER.RUN_GRAPH_CLUSTERING.fork_square_016um
2025-10-14 12:12:04 [runtime] (complete)        ID.F07839_1n2.SPATIAL_RNA_COUNTER_CS.SPATIAL_RNA_COUNTER.SPATIAL_POST_MATRIX_COMPUTATION.BIN_HD_DATA._BIN_HD_DATA._COMPUTE_BINNED_OUTPUTS.SPATIAL_BINNED_RNA_ANALYZER.RUN_GRAPH_CLUSTERING.fork_square_016um
2025-10-14 12:12:07 [runtime] (complete)        ID.F07839_1n2.SPATIAL_RNA_COUNTER_CS.SPATIAL_RNA_COUNTER.SPATIAL_POST_MATRIX_COMPUTATION.BIN_HD_DATA._BIN_HD_DATA._COMPUTE_BINNED_OUTPUTS.SPATIAL_BINNED_RNA_ANALYZER.RUN_GRAPH_CLUSTERING.fork_square_016um
2025-10-14 12:12:10 [runtime] (complete)        ID.F07839_1n2.SPATIAL_RNA_COUNTER_CS.SPATIAL_RNA_COUNTER.SPATIAL_POST_MATRIX_COMPUTATION.BIN_HD_DATA._BIN_HD_DATA._COMPUTE_BINNED_OUTPUTS.SPATIAL_BINNED_RNA_ANALYZER.RUN_GRAPH_CLUSTERING.fork_square_016um
2025-10-14 12:12:13 [runtime] (complete)        ID.F07839_1n2.SPATIAL_RNA_COUNTER_CS.SPATIAL_RNA_COUNTER.SPATIAL_POST_MATRIX_COMPUTATION.BIN_HD_DATA._BIN_HD_DATA._COMPUTE_BINNED_OUTPUTS.SPATIAL_BINNED_RNA_ANALYZER.RUN_GRAPH_CLUSTERING.fork_square_016um
2025-10-14 12:12:16 [runtime] (complete)        ID.F07839_1n2.SPATIAL_RNA_COUNTER_CS.SPATIAL_RNA_COUNTER.SPATIAL_POST_MATRIX_COMPUTATION.BIN_HD_DATA._BIN_HD_DATA._COMPUTE_BINNED_OUTPUTS.SPATIAL_BINNED_RNA_ANALYZER.RUN_GRAPH_CLUSTERING.fork_square_016um
2025-10-14 12:12:19 [runtime] (update)          ID.F07839_1n2.SPATIAL_RNA_COUNTER_CS.SPATIAL_RNA_COUNTER.SPATIAL_POST_MATRIX_COMPUTATION.BIN_HD_DATA._BIN_HD_DATA._COMPUTE_BINNED_OUTPUTS.SPATIAL_BINNED_RNA_ANALYZER.RUN_UMAP.fork_square_008um chunks_running
2025-10-14 12:12:19 [runtime] (update)          ID.F07839_1n2.SPATIAL_RNA_COUNTER_CS.SPATIAL_RNA_COUNTER.SPATIAL_POST_MATRIX_COMPUTATION.BIN_HD_DATA._BIN_HD_DATA._COMPUTE_BINNED_OUTPUTS.SPATIAL_BINNED_RNA_ANALYZER.RUN_GRAPH_CLUSTERING.fork_square_008um chunks_running
2025-10-14 12:12:19 [runtime] (chunks_complete) ID.F07839_1n2.SPATIAL_RNA_COUNTER_CS.SPATIAL_RNA_COUNTER.SPATIAL_POST_MATRIX_COMPUTATION.BIN_HD_DATA._BIN_HD_DATA._COMPUTE_BINNED_OUTPUTS.SPATIAL_BINNED_RNA_ANALYZER.RUN_UMAP.fork_square_016um
2025-10-14 12:12:19 [runtime] (run:local)       ID.F07839_1n2.SPATIAL_RNA_COUNTER_CS.SPATIAL_RNA_COUNTER.SPATIAL_POST_MATRIX_COMPUTATION.BIN_HD_DATA._BIN_HD_DATA._COMPUTE_BINNED_OUTPUTS.SPATIAL_BINNED_RNA_ANALYZER.RUN_UMAP.fork_square_016um.join
2025-10-14 12:12:19 [runtime] (complete)        ID.F07839_1n2.SPATIAL_RNA_COUNTER_CS.SPATIAL_RNA_COUNTER.SPATIAL_POST_MATRIX_COMPUTATION.BIN_HD_DATA._BIN_HD_DATA._COMPUTE_BINNED_OUTPUTS.SPATIAL_BINNED_RNA_ANALYZER.RUN_GRAPH_CLUSTERING.fork_square_016um
2025-10-14 12:12:20 [runtime] (join_complete)   ID.F07839_1n2.SPATIAL_RNA_COUNTER_CS.SPATIAL_RNA_COUNTER.SPATIAL_POST_MATRIX_COMPUTATION.BIN_HD_DATA._BIN_HD_DATA._COMPUTE_BINNED_OUTPUTS.SPATIAL_BINNED_RNA_ANALYZER.RUN_UMAP.fork_square_016um
2025-10-14 12:12:20 [runtime] (complete)        ID.F07839_1n2.SPATIAL_RNA_COUNTER_CS.SPATIAL_RNA_COUNTER.SPATIAL_POST_MATRIX_COMPUTATION.BIN_HD_DATA._BIN_HD_DATA._COMPUTE_BINNED_OUTPUTS.SPATIAL_BINNED_RNA_ANALYZER.RUN_GRAPH_CLUSTERING.fork_square_016um
2025-10-14 12:12:23 [runtime] (complete)        ID.F07839_1n2.SPATIAL_RNA_COUNTER_CS.SPATIAL_RNA_COUNTER.SPATIAL_POST_MATRIX_COMPUTATION.BIN_HD_DATA._BIN_HD_DATA._COMPUTE_BINNED_OUTPUTS.SPATIAL_BINNED_RNA_ANALYZER.RUN_GRAPH_CLUSTERING.fork_square_016um
2025-10-14 12:12:23 [runtime] (complete)        ID.F07839_1n2.SPATIAL_RNA_COUNTER_CS.SPATIAL_RNA_COUNTER.SPATIAL_POST_MATRIX_COMPUTATION.BIN_HD_DATA._BIN_HD_DATA._COMPUTE_BINNED_OUTPUTS.SPATIAL_BINNED_RNA_ANALYZER.RUN_UMAP.fork_square_016um
2025-10-14 12:12:26 [runtime] (complete)        ID.F07839_1n2.SPATIAL_RNA_COUNTER_CS.SPATIAL_RNA_COUNTER.SPATIAL_POST_MATRIX_COMPUTATION.BIN_HD_DATA._BIN_HD_DATA._COMPUTE_BINNED_OUTPUTS.SPATIAL_BINNED_RNA_ANALYZER.RUN_GRAPH_CLUSTERING.fork_square_016um
2025-10-14 12:12:26 [runtime] (complete)        ID.F07839_1n2.SPATIAL_RNA_COUNTER_CS.SPATIAL_RNA_COUNTER.SPATIAL_POST_MATRIX_COMPUTATION.BIN_HD_DATA._BIN_HD_DATA._COMPUTE_BINNED_OUTPUTS.SPATIAL_BINNED_RNA_ANALYZER.RUN_UMAP.fork_square_016um
2025-10-14 12:12:29 [runtime] (complete)        ID.F07839_1n2.SPATIAL_RNA_COUNTER_CS.SPATIAL_RNA_COUNTER.SPATIAL_POST_MATRIX_COMPUTATION.BIN_HD_DATA._BIN_HD_DATA._COMPUTE_BINNED_OUTPUTS.SPATIAL_BINNED_RNA_ANALYZER.RUN_GRAPH_CLUSTERING.fork_square_016um
2025-10-14 12:12:29 [runtime] (complete)        ID.F07839_1n2.SPATIAL_RNA_COUNTER_CS.SPATIAL_RNA_COUNTER.SPATIAL_POST_MATRIX_COMPUTATION.BIN_HD_DATA._BIN_HD_DATA._COMPUTE_BINNED_OUTPUTS.SPATIAL_BINNED_RNA_ANALYZER.RUN_UMAP.fork_square_016um
2025-10-14 12:12:32 [runtime] (complete)        ID.F07839_1n2.SPATIAL_RNA_COUNTER_CS.SPATIAL_RNA_COUNTER.SPATIAL_POST_MATRIX_COMPUTATION.BIN_HD_DATA._BIN_HD_DATA._COMPUTE_BINNED_OUTPUTS.SPATIAL_BINNED_RNA_ANALYZER.RUN_UMAP.fork_square_016um
2025-10-14 12:12:32 [runtime] (complete)        ID.F07839_1n2.SPATIAL_RNA_COUNTER_CS.SPATIAL_RNA_COUNTER.SPATIAL_POST_MATRIX_COMPUTATION.BIN_HD_DATA._BIN_HD_DATA._COMPUTE_BINNED_OUTPUTS.SPATIAL_BINNED_RNA_ANALYZER.RUN_GRAPH_CLUSTERING.fork_square_016um
2025-10-14 12:12:35 [runtime] (complete)        ID.F07839_1n2.SPATIAL_RNA_COUNTER_CS.SPATIAL_RNA_COUNTER.SPATIAL_POST_MATRIX_COMPUTATION.BIN_HD_DATA._BIN_HD_DATA._COMPUTE_BINNED_OUTPUTS.SPATIAL_BINNED_RNA_ANALYZER.RUN_UMAP.fork_square_016um
2025-10-14 12:12:35 [runtime] (complete)        ID.F07839_1n2.SPATIAL_RNA_COUNTER_CS.SPATIAL_RNA_COUNTER.SPATIAL_POST_MATRIX_COMPUTATION.BIN_HD_DATA._BIN_HD_DATA._COMPUTE_BINNED_OUTPUTS.SPATIAL_BINNED_RNA_ANALYZER.RUN_GRAPH_CLUSTERING.fork_square_016um
2025-10-14 12:12:38 [runtime] (complete)        ID.F07839_1n2.SPATIAL_RNA_COUNTER_CS.SPATIAL_RNA_COUNTER.SPATIAL_POST_MATRIX_COMPUTATION.BIN_HD_DATA._BIN_HD_DATA._COMPUTE_BINNED_OUTPUTS.SPATIAL_BINNED_RNA_ANALYZER.RUN_UMAP.fork_square_016um
2025-10-14 12:12:38 [runtime] (complete)        ID.F07839_1n2.SPATIAL_RNA_COUNTER_CS.SPATIAL_RNA_COUNTER.SPATIAL_POST_MATRIX_COMPUTATION.BIN_HD_DATA._BIN_HD_DATA._COMPUTE_BINNED_OUTPUTS.SPATIAL_BINNED_RNA_ANALYZER.RUN_GRAPH_CLUSTERING.fork_square_016um
2025-10-14 12:12:41 [runtime] (complete)        ID.F07839_1n2.SPATIAL_RNA_COUNTER_CS.SPATIAL_RNA_COUNTER.SPATIAL_POST_MATRIX_COMPUTATION.BIN_HD_DATA._BIN_HD_DATA._COMPUTE_BINNED_OUTPUTS.SPATIAL_BINNED_RNA_ANALYZER.RUN_GRAPH_CLUSTERING.fork_square_016um
2025-10-14 12:12:41 [runtime] (complete)        ID.F07839_1n2.SPATIAL_RNA_COUNTER_CS.SPATIAL_RNA_COUNTER.SPATIAL_POST_MATRIX_COMPUTATION.BIN_HD_DATA._BIN_HD_DATA._COMPUTE_BINNED_OUTPUTS.SPATIAL_BINNED_RNA_ANALYZER.RUN_UMAP.fork_square_016um
2025-10-14 12:12:44 [runtime] (complete)        ID.F07839_1n2.SPATIAL_RNA_COUNTER_CS.SPATIAL_RNA_COUNTER.SPATIAL_POST_MATRIX_COMPUTATION.BIN_HD_DATA._BIN_HD_DATA._COMPUTE_BINNED_OUTPUTS.SPATIAL_BINNED_RNA_ANALYZER.RUN_UMAP.fork_square_016um
2025-10-14 12:12:44 [runtime] (complete)        ID.F07839_1n2.SPATIAL_RNA_COUNTER_CS.SPATIAL_RNA_COUNTER.SPATIAL_POST_MATRIX_COMPUTATION.BIN_HD_DATA._BIN_HD_DATA._COMPUTE_BINNED_OUTPUTS.SPATIAL_BINNED_RNA_ANALYZER.RUN_GRAPH_CLUSTERING.fork_square_016um
2025-10-14 12:12:47 [runtime] (complete)        ID.F07839_1n2.SPATIAL_RNA_COUNTER_CS.SPATIAL_RNA_COUNTER.SPATIAL_POST_MATRIX_COMPUTATION.BIN_HD_DATA._BIN_HD_DATA._COMPUTE_BINNED_OUTPUTS.SPATIAL_BINNED_RNA_ANALYZER.RUN_GRAPH_CLUSTERING.fork_square_016um
2025-10-14 12:12:47 [runtime] (complete)        ID.F07839_1n2.SPATIAL_RNA_COUNTER_CS.SPATIAL_RNA_COUNTER.SPATIAL_POST_MATRIX_COMPUTATION.BIN_HD_DATA._BIN_HD_DATA._COMPUTE_BINNED_OUTPUTS.SPATIAL_BINNED_RNA_ANALYZER.RUN_UMAP.fork_square_016um
2025-10-14 12:12:50 [runtime] (complete)        ID.F07839_1n2.SPATIAL_RNA_COUNTER_CS.SPATIAL_RNA_COUNTER.SPATIAL_POST_MATRIX_COMPUTATION.BIN_HD_DATA._BIN_HD_DATA._COMPUTE_BINNED_OUTPUTS.SPATIAL_BINNED_RNA_ANALYZER.RUN_UMAP.fork_square_016um
2025-10-14 12:12:50 [runtime] (complete)        ID.F07839_1n2.SPATIAL_RNA_COUNTER_CS.SPATIAL_RNA_COUNTER.SPATIAL_POST_MATRIX_COMPUTATION.BIN_HD_DATA._BIN_HD_DATA._COMPUTE_BINNED_OUTPUTS.SPATIAL_BINNED_RNA_ANALYZER.RUN_GRAPH_CLUSTERING.fork_square_016um
2025-10-14 12:12:53 [runtime] (complete)        ID.F07839_1n2.SPATIAL_RNA_COUNTER_CS.SPATIAL_RNA_COUNTER.SPATIAL_POST_MATRIX_COMPUTATION.BIN_HD_DATA._BIN_HD_DATA._COMPUTE_BINNED_OUTPUTS.SPATIAL_BINNED_RNA_ANALYZER.RUN_UMAP.fork_square_016um
2025-10-14 12:12:53 [runtime] (complete)        ID.F07839_1n2.SPATIAL_RNA_COUNTER_CS.SPATIAL_RNA_COUNTER.SPATIAL_POST_MATRIX_COMPUTATION.BIN_HD_DATA._BIN_HD_DATA._COMPUTE_BINNED_OUTPUTS.SPATIAL_BINNED_RNA_ANALYZER.RUN_GRAPH_CLUSTERING.fork_square_016um
2025-10-14 12:12:56 [runtime] (complete)        ID.F07839_1n2.SPATIAL_RNA_COUNTER_CS.SPATIAL_RNA_COUNTER.SPATIAL_POST_MATRIX_COMPUTATION.BIN_HD_DATA._BIN_HD_DATA._COMPUTE_BINNED_OUTPUTS.SPATIAL_BINNED_RNA_ANALYZER.RUN_GRAPH_CLUSTERING.fork_square_016um
2025-10-14 12:12:56 [runtime] (complete)        ID.F07839_1n2.SPATIAL_RNA_COUNTER_CS.SPATIAL_RNA_COUNTER.SPATIAL_POST_MATRIX_COMPUTATION.BIN_HD_DATA._BIN_HD_DATA._COMPUTE_BINNED_OUTPUTS.SPATIAL_BINNED_RNA_ANALYZER.RUN_UMAP.fork_square_016um
2025-10-14 12:12:59 [runtime] (complete)        ID.F07839_1n2.SPATIAL_RNA_COUNTER_CS.SPATIAL_RNA_COUNTER.SPATIAL_POST_MATRIX_COMPUTATION.BIN_HD_DATA._BIN_HD_DATA._COMPUTE_BINNED_OUTPUTS.SPATIAL_BINNED_RNA_ANALYZER.RUN_GRAPH_CLUSTERING.fork_square_016um
2025-10-14 12:12:59 [runtime] (complete)        ID.F07839_1n2.SPATIAL_RNA_COUNTER_CS.SPATIAL_RNA_COUNTER.SPATIAL_POST_MATRIX_COMPUTATION.BIN_HD_DATA._BIN_HD_DATA._COMPUTE_BINNED_OUTPUTS.SPATIAL_BINNED_RNA_ANALYZER.RUN_UMAP.fork_square_016um
2025-10-14 12:13:02 [runtime] (complete)        ID.F07839_1n2.SPATIAL_RNA_COUNTER_CS.SPATIAL_RNA_COUNTER.SPATIAL_POST_MATRIX_COMPUTATION.BIN_HD_DATA._BIN_HD_DATA._COMPUTE_BINNED_OUTPUTS.SPATIAL_BINNED_RNA_ANALYZER.RUN_UMAP.fork_square_016um
2025-10-14 12:13:02 [runtime] (complete)        ID.F07839_1n2.SPATIAL_RNA_COUNTER_CS.SPATIAL_RNA_COUNTER.SPATIAL_POST_MATRIX_COMPUTATION.BIN_HD_DATA._BIN_HD_DATA._COMPUTE_BINNED_OUTPUTS.SPATIAL_BINNED_RNA_ANALYZER.RUN_GRAPH_CLUSTERING.fork_square_016um
2025-10-14 12:13:05 [runtime] (complete)        ID.F07839_1n2.SPATIAL_RNA_COUNTER_CS.SPATIAL_RNA_COUNTER.SPATIAL_POST_MATRIX_COMPUTATION.BIN_HD_DATA._BIN_HD_DATA._COMPUTE_BINNED_OUTPUTS.SPATIAL_BINNED_RNA_ANALYZER.RUN_UMAP.fork_square_016um
2025-10-14 12:13:05 [runtime] (complete)        ID.F07839_1n2.SPATIAL_RNA_COUNTER_CS.SPATIAL_RNA_COUNTER.SPATIAL_POST_MATRIX_COMPUTATION.BIN_HD_DATA._BIN_HD_DATA._COMPUTE_BINNED_OUTPUTS.SPATIAL_BINNED_RNA_ANALYZER.RUN_GRAPH_CLUSTERING.fork_square_016um
2025-10-14 12:13:08 [runtime] (complete)        ID.F07839_1n2.SPATIAL_RNA_COUNTER_CS.SPATIAL_RNA_COUNTER.SPATIAL_POST_MATRIX_COMPUTATION.BIN_HD_DATA._BIN_HD_DATA._COMPUTE_BINNED_OUTPUTS.SPATIAL_BINNED_RNA_ANALYZER.RUN_GRAPH_CLUSTERING.fork_square_016um
2025-10-14 12:13:08 [runtime] (complete)        ID.F07839_1n2.SPATIAL_RNA_COUNTER_CS.SPATIAL_RNA_COUNTER.SPATIAL_POST_MATRIX_COMPUTATION.BIN_HD_DATA._BIN_HD_DATA._COMPUTE_BINNED_OUTPUTS.SPATIAL_BINNED_RNA_ANALYZER.RUN_UMAP.fork_square_016um
2025-10-14 12:13:11 [runtime] (complete)        ID.F07839_1n2.SPATIAL_RNA_COUNTER_CS.SPATIAL_RNA_COUNTER.SPATIAL_POST_MATRIX_COMPUTATION.BIN_HD_DATA._BIN_HD_DATA._COMPUTE_BINNED_OUTPUTS.SPATIAL_BINNED_RNA_ANALYZER.RUN_GRAPH_CLUSTERING.fork_square_016um
2025-10-14 12:13:11 [runtime] (complete)        ID.F07839_1n2.SPATIAL_RNA_COUNTER_CS.SPATIAL_RNA_COUNTER.SPATIAL_POST_MATRIX_COMPUTATION.BIN_HD_DATA._BIN_HD_DATA._COMPUTE_BINNED_OUTPUTS.SPATIAL_BINNED_RNA_ANALYZER.RUN_UMAP.fork_square_016um
2025-10-14 12:13:14 [runtime] (complete)        ID.F07839_1n2.SPATIAL_RNA_COUNTER_CS.SPATIAL_RNA_COUNTER.SPATIAL_POST_MATRIX_COMPUTATION.BIN_HD_DATA._BIN_HD_DATA._COMPUTE_BINNED_OUTPUTS.SPATIAL_BINNED_RNA_ANALYZER.RUN_UMAP.fork_square_016um
2025-10-14 12:13:14 [runtime] (complete)        ID.F07839_1n2.SPATIAL_RNA_COUNTER_CS.SPATIAL_RNA_COUNTER.SPATIAL_POST_MATRIX_COMPUTATION.BIN_HD_DATA._BIN_HD_DATA._COMPUTE_BINNED_OUTPUTS.SPATIAL_BINNED_RNA_ANALYZER.RUN_GRAPH_CLUSTERING.fork_square_016um
2025-10-14 12:13:17 [runtime] (complete)        ID.F07839_1n2.SPATIAL_RNA_COUNTER_CS.SPATIAL_RNA_COUNTER.SPATIAL_POST_MATRIX_COMPUTATION.BIN_HD_DATA._BIN_HD_DATA._COMPUTE_BINNED_OUTPUTS.SPATIAL_BINNED_RNA_ANALYZER.RUN_GRAPH_CLUSTERING.fork_square_016um
2025-10-14 12:13:17 [runtime] (complete)        ID.F07839_1n2.SPATIAL_RNA_COUNTER_CS.SPATIAL_RNA_COUNTER.SPATIAL_POST_MATRIX_COMPUTATION.BIN_HD_DATA._BIN_HD_DATA._COMPUTE_BINNED_OUTPUTS.SPATIAL_BINNED_RNA_ANALYZER.RUN_UMAP.fork_square_016um
2025-10-14 12:13:20 [runtime] (complete)        ID.F07839_1n2.SPATIAL_RNA_COUNTER_CS.SPATIAL_RNA_COUNTER.SPATIAL_POST_MATRIX_COMPUTATION.BIN_HD_DATA._BIN_HD_DATA._COMPUTE_BINNED_OUTPUTS.SPATIAL_BINNED_RNA_ANALYZER.RUN_UMAP.fork_square_016um
2025-10-14 12:13:20 [runtime] (complete)        ID.F07839_1n2.SPATIAL_RNA_COUNTER_CS.SPATIAL_RNA_COUNTER.SPATIAL_POST_MATRIX_COMPUTATION.BIN_HD_DATA._BIN_HD_DATA._COMPUTE_BINNED_OUTPUTS.SPATIAL_BINNED_RNA_ANALYZER.RUN_GRAPH_CLUSTERING.fork_square_016um
2025-10-14 12:13:23 [runtime] (complete)        ID.F07839_1n2.SPATIAL_RNA_COUNTER_CS.SPATIAL_RNA_COUNTER.SPATIAL_POST_MATRIX_COMPUTATION.BIN_HD_DATA._BIN_HD_DATA._COMPUTE_BINNED_OUTPUTS.SPATIAL_BINNED_RNA_ANALYZER.RUN_GRAPH_CLUSTERING.fork_square_016um
2025-10-14 12:13:23 [runtime] (complete)        ID.F07839_1n2.SPATIAL_RNA_COUNTER_CS.SPATIAL_RNA_COUNTER.SPATIAL_POST_MATRIX_COMPUTATION.BIN_HD_DATA._BIN_HD_DATA._COMPUTE_BINNED_OUTPUTS.SPATIAL_BINNED_RNA_ANALYZER.RUN_UMAP.fork_square_016um
2025-10-14 12:13:26 [runtime] (complete)        ID.F07839_1n2.SPATIAL_RNA_COUNTER_CS.SPATIAL_RNA_COUNTER.SPATIAL_POST_MATRIX_COMPUTATION.BIN_HD_DATA._BIN_HD_DATA._COMPUTE_BINNED_OUTPUTS.SPATIAL_BINNED_RNA_ANALYZER.RUN_UMAP.fork_square_016um
2025-10-14 12:13:26 [runtime] (complete)        ID.F07839_1n2.SPATIAL_RNA_COUNTER_CS.SPATIAL_RNA_COUNTER.SPATIAL_POST_MATRIX_COMPUTATION.BIN_HD_DATA._BIN_HD_DATA._COMPUTE_BINNED_OUTPUTS.SPATIAL_BINNED_RNA_ANALYZER.RUN_GRAPH_CLUSTERING.fork_square_016um
2025-10-14 12:13:29 [runtime] (complete)        ID.F07839_1n2.SPATIAL_RNA_COUNTER_CS.SPATIAL_RNA_COUNTER.SPATIAL_POST_MATRIX_COMPUTATION.BIN_HD_DATA._BIN_HD_DATA._COMPUTE_BINNED_OUTPUTS.SPATIAL_BINNED_RNA_ANALYZER.RUN_UMAP.fork_square_016um
2025-10-14 12:13:29 [runtime] (complete)        ID.F07839_1n2.SPATIAL_RNA_COUNTER_CS.SPATIAL_RNA_COUNTER.SPATIAL_POST_MATRIX_COMPUTATION.BIN_HD_DATA._BIN_HD_DATA._COMPUTE_BINNED_OUTPUTS.SPATIAL_BINNED_RNA_ANALYZER.RUN_GRAPH_CLUSTERING.fork_square_016um
2025-10-14 12:13:32 [runtime] (complete)        ID.F07839_1n2.SPATIAL_RNA_COUNTER_CS.SPATIAL_RNA_COUNTER.SPATIAL_POST_MATRIX_COMPUTATION.BIN_HD_DATA._BIN_HD_DATA._COMPUTE_BINNED_OUTPUTS.SPATIAL_BINNED_RNA_ANALYZER.RUN_UMAP.fork_square_016um
2025-10-14 12:13:32 [runtime] (complete)        ID.F07839_1n2.SPATIAL_RNA_COUNTER_CS.SPATIAL_RNA_COUNTER.SPATIAL_POST_MATRIX_COMPUTATION.BIN_HD_DATA._BIN_HD_DATA._COMPUTE_BINNED_OUTPUTS.SPATIAL_BINNED_RNA_ANALYZER.RUN_GRAPH_CLUSTERING.fork_square_016um
2025-10-14 12:13:35 [runtime] (complete)        ID.F07839_1n2.SPATIAL_RNA_COUNTER_CS.SPATIAL_RNA_COUNTER.SPATIAL_POST_MATRIX_COMPUTATION.BIN_HD_DATA._BIN_HD_DATA._COMPUTE_BINNED_OUTPUTS.SPATIAL_BINNED_RNA_ANALYZER.RUN_GRAPH_CLUSTERING.fork_square_016um
2025-10-14 12:13:35 [runtime] (complete)        ID.F07839_1n2.SPATIAL_RNA_COUNTER_CS.SPATIAL_RNA_COUNTER.SPATIAL_POST_MATRIX_COMPUTATION.BIN_HD_DATA._BIN_HD_DATA._COMPUTE_BINNED_OUTPUTS.SPATIAL_BINNED_RNA_ANALYZER.RUN_UMAP.fork_square_016um
2025-10-14 12:13:38 [runtime] (complete)        ID.F07839_1n2.SPATIAL_RNA_COUNTER_CS.SPATIAL_RNA_COUNTER.SPATIAL_POST_MATRIX_COMPUTATION.BIN_HD_DATA._BIN_HD_DATA._COMPUTE_BINNED_OUTPUTS.SPATIAL_BINNED_RNA_ANALYZER.RUN_GRAPH_CLUSTERING.fork_square_016um
2025-10-14 12:13:38 [runtime] (complete)        ID.F07839_1n2.SPATIAL_RNA_COUNTER_CS.SPATIAL_RNA_COUNTER.SPATIAL_POST_MATRIX_COMPUTATION.BIN_HD_DATA._BIN_HD_DATA._COMPUTE_BINNED_OUTPUTS.SPATIAL_BINNED_RNA_ANALYZER.RUN_UMAP.fork_square_016um
2025-10-14 12:13:41 [runtime] (complete)        ID.F07839_1n2.SPATIAL_RNA_COUNTER_CS.SPATIAL_RNA_COUNTER.SPATIAL_POST_MATRIX_COMPUTATION.BIN_HD_DATA._BIN_HD_DATA._COMPUTE_BINNED_OUTPUTS.SPATIAL_BINNED_RNA_ANALYZER.RUN_GRAPH_CLUSTERING.fork_square_016um
2025-10-14 12:13:41 [runtime] (complete)        ID.F07839_1n2.SPATIAL_RNA_COUNTER_CS.SPATIAL_RNA_COUNTER.SPATIAL_POST_MATRIX_COMPUTATION.BIN_HD_DATA._BIN_HD_DATA._COMPUTE_BINNED_OUTPUTS.SPATIAL_BINNED_RNA_ANALYZER.RUN_UMAP.fork_square_016um
2025-10-14 12:13:44 [runtime] (complete)        ID.F07839_1n2.SPATIAL_RNA_COUNTER_CS.SPATIAL_RNA_COUNTER.SPATIAL_POST_MATRIX_COMPUTATION.BIN_HD_DATA._BIN_HD_DATA._COMPUTE_BINNED_OUTPUTS.SPATIAL_BINNED_RNA_ANALYZER.RUN_UMAP.fork_square_016um
2025-10-14 12:13:44 [runtime] (complete)        ID.F07839_1n2.SPATIAL_RNA_COUNTER_CS.SPATIAL_RNA_COUNTER.SPATIAL_POST_MATRIX_COMPUTATION.BIN_HD_DATA._BIN_HD_DATA._COMPUTE_BINNED_OUTPUTS.SPATIAL_BINNED_RNA_ANALYZER.RUN_GRAPH_CLUSTERING.fork_square_016um
2025-10-14 12:13:47 [runtime] (complete)        ID.F07839_1n2.SPATIAL_RNA_COUNTER_CS.SPATIAL_RNA_COUNTER.SPATIAL_POST_MATRIX_COMPUTATION.BIN_HD_DATA._BIN_HD_DATA._COMPUTE_BINNED_OUTPUTS.SPATIAL_BINNED_RNA_ANALYZER.RUN_GRAPH_CLUSTERING.fork_square_016um
2025-10-14 12:13:47 [runtime] (complete)        ID.F07839_1n2.SPATIAL_RNA_COUNTER_CS.SPATIAL_RNA_COUNTER.SPATIAL_POST_MATRIX_COMPUTATION.BIN_HD_DATA._BIN_HD_DATA._COMPUTE_BINNED_OUTPUTS.SPATIAL_BINNED_RNA_ANALYZER.RUN_UMAP.fork_square_016um
2025-10-14 12:13:50 [runtime] (complete)        ID.F07839_1n2.SPATIAL_RNA_COUNTER_CS.SPATIAL_RNA_COUNTER.SPATIAL_POST_MATRIX_COMPUTATION.BIN_HD_DATA._BIN_HD_DATA._COMPUTE_BINNED_OUTPUTS.SPATIAL_BINNED_RNA_ANALYZER.RUN_GRAPH_CLUSTERING.fork_square_016um
2025-10-14 12:13:50 [runtime] (complete)        ID.F07839_1n2.SPATIAL_RNA_COUNTER_CS.SPATIAL_RNA_COUNTER.SPATIAL_POST_MATRIX_COMPUTATION.BIN_HD_DATA._BIN_HD_DATA._COMPUTE_BINNED_OUTPUTS.SPATIAL_BINNED_RNA_ANALYZER.RUN_UMAP.fork_square_016um
2025-10-14 12:13:53 [runtime] (complete)        ID.F07839_1n2.SPATIAL_RNA_COUNTER_CS.SPATIAL_RNA_COUNTER.SPATIAL_POST_MATRIX_COMPUTATION.BIN_HD_DATA._BIN_HD_DATA._COMPUTE_BINNED_OUTPUTS.SPATIAL_BINNED_RNA_ANALYZER.RUN_GRAPH_CLUSTERING.fork_square_016um
2025-10-14 12:13:53 [runtime] (complete)        ID.F07839_1n2.SPATIAL_RNA_COUNTER_CS.SPATIAL_RNA_COUNTER.SPATIAL_POST_MATRIX_COMPUTATION.BIN_HD_DATA._BIN_HD_DATA._COMPUTE_BINNED_OUTPUTS.SPATIAL_BINNED_RNA_ANALYZER.RUN_UMAP.fork_square_016um
2025-10-14 12:13:56 [runtime] (complete)        ID.F07839_1n2.SPATIAL_RNA_COUNTER_CS.SPATIAL_RNA_COUNTER.SPATIAL_POST_MATRIX_COMPUTATION.BIN_HD_DATA._BIN_HD_DATA._COMPUTE_BINNED_OUTPUTS.SPATIAL_BINNED_RNA_ANALYZER.RUN_GRAPH_CLUSTERING.fork_square_016um
2025-10-14 12:13:56 [runtime] (complete)        ID.F07839_1n2.SPATIAL_RNA_COUNTER_CS.SPATIAL_RNA_COUNTER.SPATIAL_POST_MATRIX_COMPUTATION.BIN_HD_DATA._BIN_HD_DATA._COMPUTE_BINNED_OUTPUTS.SPATIAL_BINNED_RNA_ANALYZER.RUN_UMAP.fork_square_016um
2025-10-14 12:13:59 [runtime] (complete)        ID.F07839_1n2.SPATIAL_RNA_COUNTER_CS.SPATIAL_RNA_COUNTER.SPATIAL_POST_MATRIX_COMPUTATION.BIN_HD_DATA._BIN_HD_DATA._COMPUTE_BINNED_OUTPUTS.SPATIAL_BINNED_RNA_ANALYZER.RUN_UMAP.fork_square_016um
2025-10-14 12:13:59 [runtime] (complete)        ID.F07839_1n2.SPATIAL_RNA_COUNTER_CS.SPATIAL_RNA_COUNTER.SPATIAL_POST_MATRIX_COMPUTATION.BIN_HD_DATA._BIN_HD_DATA._COMPUTE_BINNED_OUTPUTS.SPATIAL_BINNED_RNA_ANALYZER.RUN_GRAPH_CLUSTERING.fork_square_016um
2025-10-14 12:14:02 [runtime] (complete)        ID.F07839_1n2.SPATIAL_RNA_COUNTER_CS.SPATIAL_RNA_COUNTER.SPATIAL_POST_MATRIX_COMPUTATION.BIN_HD_DATA._BIN_HD_DATA._COMPUTE_BINNED_OUTPUTS.SPATIAL_BINNED_RNA_ANALYZER.RUN_UMAP.fork_square_016um
2025-10-14 12:14:02 [runtime] (complete)        ID.F07839_1n2.SPATIAL_RNA_COUNTER_CS.SPATIAL_RNA_COUNTER.SPATIAL_POST_MATRIX_COMPUTATION.BIN_HD_DATA._BIN_HD_DATA._COMPUTE_BINNED_OUTPUTS.SPATIAL_BINNED_RNA_ANALYZER.RUN_GRAPH_CLUSTERING.fork_square_016um
2025-10-14 12:14:05 [runtime] (complete)        ID.F07839_1n2.SPATIAL_RNA_COUNTER_CS.SPATIAL_RNA_COUNTER.SPATIAL_POST_MATRIX_COMPUTATION.BIN_HD_DATA._BIN_HD_DATA._COMPUTE_BINNED_OUTPUTS.SPATIAL_BINNED_RNA_ANALYZER.RUN_UMAP.fork_square_016um
2025-10-14 12:14:05 [runtime] (complete)        ID.F07839_1n2.SPATIAL_RNA_COUNTER_CS.SPATIAL_RNA_COUNTER.SPATIAL_POST_MATRIX_COMPUTATION.BIN_HD_DATA._BIN_HD_DATA._COMPUTE_BINNED_OUTPUTS.SPATIAL_BINNED_RNA_ANALYZER.RUN_GRAPH_CLUSTERING.fork_square_016um
2025-10-14 12:14:08 [runtime] (complete)        ID.F07839_1n2.SPATIAL_RNA_COUNTER_CS.SPATIAL_RNA_COUNTER.SPATIAL_POST_MATRIX_COMPUTATION.BIN_HD_DATA._BIN_HD_DATA._COMPUTE_BINNED_OUTPUTS.SPATIAL_BINNED_RNA_ANALYZER.RUN_GRAPH_CLUSTERING.fork_square_016um
2025-10-14 12:14:08 [runtime] (complete)        ID.F07839_1n2.SPATIAL_RNA_COUNTER_CS.SPATIAL_RNA_COUNTER.SPATIAL_POST_MATRIX_COMPUTATION.BIN_HD_DATA._BIN_HD_DATA._COMPUTE_BINNED_OUTPUTS.SPATIAL_BINNED_RNA_ANALYZER.RUN_UMAP.fork_square_016um
2025-10-14 12:14:11 [runtime] (complete)        ID.F07839_1n2.SPATIAL_RNA_COUNTER_CS.SPATIAL_RNA_COUNTER.SPATIAL_POST_MATRIX_COMPUTATION.BIN_HD_DATA._BIN_HD_DATA._COMPUTE_BINNED_OUTPUTS.SPATIAL_BINNED_RNA_ANALYZER.RUN_UMAP.fork_square_016um
2025-10-14 12:14:11 [runtime] (complete)        ID.F07839_1n2.SPATIAL_RNA_COUNTER_CS.SPATIAL_RNA_COUNTER.SPATIAL_POST_MATRIX_COMPUTATION.BIN_HD_DATA._BIN_HD_DATA._COMPUTE_BINNED_OUTPUTS.SPATIAL_BINNED_RNA_ANALYZER.RUN_GRAPH_CLUSTERING.fork_square_016um
2025-10-14 12:14:14 [runtime] (complete)        ID.F07839_1n2.SPATIAL_RNA_COUNTER_CS.SPATIAL_RNA_COUNTER.SPATIAL_POST_MATRIX_COMPUTATION.BIN_HD_DATA._BIN_HD_DATA._COMPUTE_BINNED_OUTPUTS.SPATIAL_BINNED_RNA_ANALYZER.RUN_UMAP.fork_square_016um
2025-10-14 12:14:14 [runtime] (complete)        ID.F07839_1n2.SPATIAL_RNA_COUNTER_CS.SPATIAL_RNA_COUNTER.SPATIAL_POST_MATRIX_COMPUTATION.BIN_HD_DATA._BIN_HD_DATA._COMPUTE_BINNED_OUTPUTS.SPATIAL_BINNED_RNA_ANALYZER.RUN_GRAPH_CLUSTERING.fork_square_016um
2025-10-14 12:14:17 [runtime] (complete)        ID.F07839_1n2.SPATIAL_RNA_COUNTER_CS.SPATIAL_RNA_COUNTER.SPATIAL_POST_MATRIX_COMPUTATION.BIN_HD_DATA._BIN_HD_DATA._COMPUTE_BINNED_OUTPUTS.SPATIAL_BINNED_RNA_ANALYZER.RUN_UMAP.fork_square_016um
2025-10-14 12:14:17 [runtime] (complete)        ID.F07839_1n2.SPATIAL_RNA_COUNTER_CS.SPATIAL_RNA_COUNTER.SPATIAL_POST_MATRIX_COMPUTATION.BIN_HD_DATA._BIN_HD_DATA._COMPUTE_BINNED_OUTPUTS.SPATIAL_BINNED_RNA_ANALYZER.RUN_GRAPH_CLUSTERING.fork_square_016um
2025-10-14 12:14:20 [runtime] (complete)        ID.F07839_1n2.SPATIAL_RNA_COUNTER_CS.SPATIAL_RNA_COUNTER.SPATIAL_POST_MATRIX_COMPUTATION.BIN_HD_DATA._BIN_HD_DATA._COMPUTE_BINNED_OUTPUTS.SPATIAL_BINNED_RNA_ANALYZER.RUN_GRAPH_CLUSTERING.fork_square_016um
2025-10-14 12:14:20 [runtime] (complete)        ID.F07839_1n2.SPATIAL_RNA_COUNTER_CS.SPATIAL_RNA_COUNTER.SPATIAL_POST_MATRIX_COMPUTATION.BIN_HD_DATA._BIN_HD_DATA._COMPUTE_BINNED_OUTPUTS.SPATIAL_BINNED_RNA_ANALYZER.RUN_UMAP.fork_square_016um
2025-10-14 12:14:23 [runtime] (complete)        ID.F07839_1n2.SPATIAL_RNA_COUNTER_CS.SPATIAL_RNA_COUNTER.SPATIAL_POST_MATRIX_COMPUTATION.BIN_HD_DATA._BIN_HD_DATA._COMPUTE_BINNED_OUTPUTS.SPATIAL_BINNED_RNA_ANALYZER.RUN_GRAPH_CLUSTERING.fork_square_016um
2025-10-14 12:14:23 [runtime] (complete)        ID.F07839_1n2.SPATIAL_RNA_COUNTER_CS.SPATIAL_RNA_COUNTER.SPATIAL_POST_MATRIX_COMPUTATION.BIN_HD_DATA._BIN_HD_DATA._COMPUTE_BINNED_OUTPUTS.SPATIAL_BINNED_RNA_ANALYZER.RUN_UMAP.fork_square_016um
2025-10-14 12:14:26 [runtime] (complete)        ID.F07839_1n2.SPATIAL_RNA_COUNTER_CS.SPATIAL_RNA_COUNTER.SPATIAL_POST_MATRIX_COMPUTATION.BIN_HD_DATA._BIN_HD_DATA._COMPUTE_BINNED_OUTPUTS.SPATIAL_BINNED_RNA_ANALYZER.RUN_GRAPH_CLUSTERING.fork_square_016um
2025-10-14 12:14:26 [runtime] (complete)        ID.F07839_1n2.SPATIAL_RNA_COUNTER_CS.SPATIAL_RNA_COUNTER.SPATIAL_POST_MATRIX_COMPUTATION.BIN_HD_DATA._BIN_HD_DATA._COMPUTE_BINNED_OUTPUTS.SPATIAL_BINNED_RNA_ANALYZER.RUN_UMAP.fork_square_016um
2025-10-14 12:14:29 [runtime] (complete)        ID.F07839_1n2.SPATIAL_RNA_COUNTER_CS.SPATIAL_RNA_COUNTER.SPATIAL_POST_MATRIX_COMPUTATION.BIN_HD_DATA._BIN_HD_DATA._COMPUTE_BINNED_OUTPUTS.SPATIAL_BINNED_RNA_ANALYZER.RUN_UMAP.fork_square_016um
2025-10-14 12:14:29 [runtime] (complete)        ID.F07839_1n2.SPATIAL_RNA_COUNTER_CS.SPATIAL_RNA_COUNTER.SPATIAL_POST_MATRIX_COMPUTATION.BIN_HD_DATA._BIN_HD_DATA._COMPUTE_BINNED_OUTPUTS.SPATIAL_BINNED_RNA_ANALYZER.RUN_GRAPH_CLUSTERING.fork_square_016um
2025-10-14 12:14:32 [runtime] (complete)        ID.F07839_1n2.SPATIAL_RNA_COUNTER_CS.SPATIAL_RNA_COUNTER.SPATIAL_POST_MATRIX_COMPUTATION.BIN_HD_DATA._BIN_HD_DATA._COMPUTE_BINNED_OUTPUTS.SPATIAL_BINNED_RNA_ANALYZER.RUN_UMAP.fork_square_016um
2025-10-14 12:14:32 [runtime] (complete)        ID.F07839_1n2.SPATIAL_RNA_COUNTER_CS.SPATIAL_RNA_COUNTER.SPATIAL_POST_MATRIX_COMPUTATION.BIN_HD_DATA._BIN_HD_DATA._COMPUTE_BINNED_OUTPUTS.SPATIAL_BINNED_RNA_ANALYZER.RUN_GRAPH_CLUSTERING.fork_square_016um
2025-10-14 12:14:35 [runtime] (complete)        ID.F07839_1n2.SPATIAL_RNA_COUNTER_CS.SPATIAL_RNA_COUNTER.SPATIAL_POST_MATRIX_COMPUTATION.BIN_HD_DATA._BIN_HD_DATA._COMPUTE_BINNED_OUTPUTS.SPATIAL_BINNED_RNA_ANALYZER.RUN_UMAP.fork_square_016um
2025-10-14 12:14:35 [runtime] (complete)        ID.F07839_1n2.SPATIAL_RNA_COUNTER_CS.SPATIAL_RNA_COUNTER.SPATIAL_POST_MATRIX_COMPUTATION.BIN_HD_DATA._BIN_HD_DATA._COMPUTE_BINNED_OUTPUTS.SPATIAL_BINNED_RNA_ANALYZER.RUN_GRAPH_CLUSTERING.fork_square_016um
2025-10-14 12:14:38 [runtime] (complete)        ID.F07839_1n2.SPATIAL_RNA_COUNTER_CS.SPATIAL_RNA_COUNTER.SPATIAL_POST_MATRIX_COMPUTATION.BIN_HD_DATA._BIN_HD_DATA._COMPUTE_BINNED_OUTPUTS.SPATIAL_BINNED_RNA_ANALYZER.RUN_UMAP.fork_square_016um
2025-10-14 12:14:38 [runtime] (complete)        ID.F07839_1n2.SPATIAL_RNA_COUNTER_CS.SPATIAL_RNA_COUNTER.SPATIAL_POST_MATRIX_COMPUTATION.BIN_HD_DATA._BIN_HD_DATA._COMPUTE_BINNED_OUTPUTS.SPATIAL_BINNED_RNA_ANALYZER.RUN_GRAPH_CLUSTERING.fork_square_016um
2025-10-14 12:14:41 [runtime] (complete)        ID.F07839_1n2.SPATIAL_RNA_COUNTER_CS.SPATIAL_RNA_COUNTER.SPATIAL_POST_MATRIX_COMPUTATION.BIN_HD_DATA._BIN_HD_DATA._COMPUTE_BINNED_OUTPUTS.SPATIAL_BINNED_RNA_ANALYZER.RUN_GRAPH_CLUSTERING.fork_square_016um
2025-10-14 12:14:41 [runtime] (complete)        ID.F07839_1n2.SPATIAL_RNA_COUNTER_CS.SPATIAL_RNA_COUNTER.SPATIAL_POST_MATRIX_COMPUTATION.BIN_HD_DATA._BIN_HD_DATA._COMPUTE_BINNED_OUTPUTS.SPATIAL_BINNED_RNA_ANALYZER.RUN_UMAP.fork_square_016um
2025-10-14 12:14:44 [runtime] (complete)        ID.F07839_1n2.SPATIAL_RNA_COUNTER_CS.SPATIAL_RNA_COUNTER.SPATIAL_POST_MATRIX_COMPUTATION.BIN_HD_DATA._BIN_HD_DATA._COMPUTE_BINNED_OUTPUTS.SPATIAL_BINNED_RNA_ANALYZER.RUN_GRAPH_CLUSTERING.fork_square_016um
2025-10-14 12:14:44 [runtime] (complete)        ID.F07839_1n2.SPATIAL_RNA_COUNTER_CS.SPATIAL_RNA_COUNTER.SPATIAL_POST_MATRIX_COMPUTATION.BIN_HD_DATA._BIN_HD_DATA._COMPUTE_BINNED_OUTPUTS.SPATIAL_BINNED_RNA_ANALYZER.RUN_UMAP.fork_square_016um
2025-10-14 12:14:48 [runtime] (complete)        ID.F07839_1n2.SPATIAL_RNA_COUNTER_CS.SPATIAL_RNA_COUNTER.SPATIAL_POST_MATRIX_COMPUTATION.BIN_HD_DATA._BIN_HD_DATA._COMPUTE_BINNED_OUTPUTS.SPATIAL_BINNED_RNA_ANALYZER.RUN_GRAPH_CLUSTERING.fork_square_016um
2025-10-14 12:14:48 [runtime] (complete)        ID.F07839_1n2.SPATIAL_RNA_COUNTER_CS.SPATIAL_RNA_COUNTER.SPATIAL_POST_MATRIX_COMPUTATION.BIN_HD_DATA._BIN_HD_DATA._COMPUTE_BINNED_OUTPUTS.SPATIAL_BINNED_RNA_ANALYZER.RUN_UMAP.fork_square_016um
2025-10-14 12:14:51 [runtime] (complete)        ID.F07839_1n2.SPATIAL_RNA_COUNTER_CS.SPATIAL_RNA_COUNTER.SPATIAL_POST_MATRIX_COMPUTATION.BIN_HD_DATA._BIN_HD_DATA._COMPUTE_BINNED_OUTPUTS.SPATIAL_BINNED_RNA_ANALYZER.RUN_UMAP.fork_square_016um
2025-10-14 12:14:51 [runtime] (complete)        ID.F07839_1n2.SPATIAL_RNA_COUNTER_CS.SPATIAL_RNA_COUNTER.SPATIAL_POST_MATRIX_COMPUTATION.BIN_HD_DATA._BIN_HD_DATA._COMPUTE_BINNED_OUTPUTS.SPATIAL_BINNED_RNA_ANALYZER.RUN_GRAPH_CLUSTERING.fork_square_016um
2025-10-14 12:14:54 [runtime] (complete)        ID.F07839_1n2.SPATIAL_RNA_COUNTER_CS.SPATIAL_RNA_COUNTER.SPATIAL_POST_MATRIX_COMPUTATION.BIN_HD_DATA._BIN_HD_DATA._COMPUTE_BINNED_OUTPUTS.SPATIAL_BINNED_RNA_ANALYZER.RUN_GRAPH_CLUSTERING.fork_square_016um
2025-10-14 12:14:54 [runtime] (complete)        ID.F07839_1n2.SPATIAL_RNA_COUNTER_CS.SPATIAL_RNA_COUNTER.SPATIAL_POST_MATRIX_COMPUTATION.BIN_HD_DATA._BIN_HD_DATA._COMPUTE_BINNED_OUTPUTS.SPATIAL_BINNED_RNA_ANALYZER.RUN_UMAP.fork_square_016um
2025-10-14 12:14:57 [runtime] (complete)        ID.F07839_1n2.SPATIAL_RNA_COUNTER_CS.SPATIAL_RNA_COUNTER.SPATIAL_POST_MATRIX_COMPUTATION.BIN_HD_DATA._BIN_HD_DATA._COMPUTE_BINNED_OUTPUTS.SPATIAL_BINNED_RNA_ANALYZER.RUN_GRAPH_CLUSTERING.fork_square_016um
2025-10-14 12:14:57 [runtime] (complete)        ID.F07839_1n2.SPATIAL_RNA_COUNTER_CS.SPATIAL_RNA_COUNTER.SPATIAL_POST_MATRIX_COMPUTATION.BIN_HD_DATA._BIN_HD_DATA._COMPUTE_BINNED_OUTPUTS.SPATIAL_BINNED_RNA_ANALYZER.RUN_UMAP.fork_square_016um
2025-10-14 12:15:00 [runtime] (complete)        ID.F07839_1n2.SPATIAL_RNA_COUNTER_CS.SPATIAL_RNA_COUNTER.SPATIAL_POST_MATRIX_COMPUTATION.BIN_HD_DATA._BIN_HD_DATA._COMPUTE_BINNED_OUTPUTS.SPATIAL_BINNED_RNA_ANALYZER.RUN_GRAPH_CLUSTERING.fork_square_016um
2025-10-14 12:15:00 [runtime] (complete)        ID.F07839_1n2.SPATIAL_RNA_COUNTER_CS.SPATIAL_RNA_COUNTER.SPATIAL_POST_MATRIX_COMPUTATION.BIN_HD_DATA._BIN_HD_DATA._COMPUTE_BINNED_OUTPUTS.SPATIAL_BINNED_RNA_ANALYZER.RUN_UMAP.fork_square_016um
2025-10-14 12:15:03 [runtime] (complete)        ID.F07839_1n2.SPATIAL_RNA_COUNTER_CS.SPATIAL_RNA_COUNTER.SPATIAL_POST_MATRIX_COMPUTATION.BIN_HD_DATA._BIN_HD_DATA._COMPUTE_BINNED_OUTPUTS.SPATIAL_BINNED_RNA_ANALYZER.RUN_UMAP.fork_square_016um
2025-10-14 12:15:03 [runtime] (complete)        ID.F07839_1n2.SPATIAL_RNA_COUNTER_CS.SPATIAL_RNA_COUNTER.SPATIAL_POST_MATRIX_COMPUTATION.BIN_HD_DATA._BIN_HD_DATA._COMPUTE_BINNED_OUTPUTS.SPATIAL_BINNED_RNA_ANALYZER.RUN_GRAPH_CLUSTERING.fork_square_016um
2025-10-14 12:15:06 [runtime] (complete)        ID.F07839_1n2.SPATIAL_RNA_COUNTER_CS.SPATIAL_RNA_COUNTER.SPATIAL_POST_MATRIX_COMPUTATION.BIN_HD_DATA._BIN_HD_DATA._COMPUTE_BINNED_OUTPUTS.SPATIAL_BINNED_RNA_ANALYZER.RUN_UMAP.fork_square_016um
2025-10-14 12:15:06 [runtime] (complete)        ID.F07839_1n2.SPATIAL_RNA_COUNTER_CS.SPATIAL_RNA_COUNTER.SPATIAL_POST_MATRIX_COMPUTATION.BIN_HD_DATA._BIN_HD_DATA._COMPUTE_BINNED_OUTPUTS.SPATIAL_BINNED_RNA_ANALYZER.RUN_GRAPH_CLUSTERING.fork_square_016um
2025-10-14 12:15:09 [runtime] (complete)        ID.F07839_1n2.SPATIAL_RNA_COUNTER_CS.SPATIAL_RNA_COUNTER.SPATIAL_POST_MATRIX_COMPUTATION.BIN_HD_DATA._BIN_HD_DATA._COMPUTE_BINNED_OUTPUTS.SPATIAL_BINNED_RNA_ANALYZER.RUN_UMAP.fork_square_016um
2025-10-14 12:15:09 [runtime] (complete)        ID.F07839_1n2.SPATIAL_RNA_COUNTER_CS.SPATIAL_RNA_COUNTER.SPATIAL_POST_MATRIX_COMPUTATION.BIN_HD_DATA._BIN_HD_DATA._COMPUTE_BINNED_OUTPUTS.SPATIAL_BINNED_RNA_ANALYZER.RUN_GRAPH_CLUSTERING.fork_square_016um
2025-10-14 12:15:12 [runtime] (complete)        ID.F07839_1n2.SPATIAL_RNA_COUNTER_CS.SPATIAL_RNA_COUNTER.SPATIAL_POST_MATRIX_COMPUTATION.BIN_HD_DATA._BIN_HD_DATA._COMPUTE_BINNED_OUTPUTS.SPATIAL_BINNED_RNA_ANALYZER.RUN_UMAP.fork_square_016um
2025-10-14 12:15:12 [runtime] (complete)        ID.F07839_1n2.SPATIAL_RNA_COUNTER_CS.SPATIAL_RNA_COUNTER.SPATIAL_POST_MATRIX_COMPUTATION.BIN_HD_DATA._BIN_HD_DATA._COMPUTE_BINNED_OUTPUTS.SPATIAL_BINNED_RNA_ANALYZER.RUN_GRAPH_CLUSTERING.fork_square_016um
2025-10-14 12:15:15 [runtime] (complete)        ID.F07839_1n2.SPATIAL_RNA_COUNTER_CS.SPATIAL_RNA_COUNTER.SPATIAL_POST_MATRIX_COMPUTATION.BIN_HD_DATA._BIN_HD_DATA._COMPUTE_BINNED_OUTPUTS.SPATIAL_BINNED_RNA_ANALYZER.RUN_UMAP.fork_square_016um
2025-10-14 12:15:15 [runtime] (complete)        ID.F07839_1n2.SPATIAL_RNA_COUNTER_CS.SPATIAL_RNA_COUNTER.SPATIAL_POST_MATRIX_COMPUTATION.BIN_HD_DATA._BIN_HD_DATA._COMPUTE_BINNED_OUTPUTS.SPATIAL_BINNED_RNA_ANALYZER.RUN_GRAPH_CLUSTERING.fork_square_016um
2025-10-14 12:15:18 [runtime] (complete)        ID.F07839_1n2.SPATIAL_RNA_COUNTER_CS.SPATIAL_RNA_COUNTER.SPATIAL_POST_MATRIX_COMPUTATION.BIN_HD_DATA._BIN_HD_DATA._COMPUTE_BINNED_OUTPUTS.SPATIAL_BINNED_RNA_ANALYZER.RUN_UMAP.fork_square_016um
2025-10-14 12:15:18 [runtime] (complete)        ID.F07839_1n2.SPATIAL_RNA_COUNTER_CS.SPATIAL_RNA_COUNTER.SPATIAL_POST_MATRIX_COMPUTATION.BIN_HD_DATA._BIN_HD_DATA._COMPUTE_BINNED_OUTPUTS.SPATIAL_BINNED_RNA_ANALYZER.RUN_GRAPH_CLUSTERING.fork_square_016um
2025-10-14 12:15:21 [runtime] (complete)        ID.F07839_1n2.SPATIAL_RNA_COUNTER_CS.SPATIAL_RNA_COUNTER.SPATIAL_POST_MATRIX_COMPUTATION.BIN_HD_DATA._BIN_HD_DATA._COMPUTE_BINNED_OUTPUTS.SPATIAL_BINNED_RNA_ANALYZER.RUN_GRAPH_CLUSTERING.fork_square_016um
2025-10-14 12:15:21 [runtime] (complete)        ID.F07839_1n2.SPATIAL_RNA_COUNTER_CS.SPATIAL_RNA_COUNTER.SPATIAL_POST_MATRIX_COMPUTATION.BIN_HD_DATA._BIN_HD_DATA._COMPUTE_BINNED_OUTPUTS.SPATIAL_BINNED_RNA_ANALYZER.RUN_UMAP.fork_square_016um
2025-10-14 12:15:24 [runtime] (complete)        ID.F07839_1n2.SPATIAL_RNA_COUNTER_CS.SPATIAL_RNA_COUNTER.SPATIAL_POST_MATRIX_COMPUTATION.BIN_HD_DATA._BIN_HD_DATA._COMPUTE_BINNED_OUTPUTS.SPATIAL_BINNED_RNA_ANALYZER.RUN_UMAP.fork_square_016um
2025-10-14 12:15:24 [runtime] (complete)        ID.F07839_1n2.SPATIAL_RNA_COUNTER_CS.SPATIAL_RNA_COUNTER.SPATIAL_POST_MATRIX_COMPUTATION.BIN_HD_DATA._BIN_HD_DATA._COMPUTE_BINNED_OUTPUTS.SPATIAL_BINNED_RNA_ANALYZER.RUN_GRAPH_CLUSTERING.fork_square_016um
2025-10-14 12:15:27 [runtime] (complete)        ID.F07839_1n2.SPATIAL_RNA_COUNTER_CS.SPATIAL_RNA_COUNTER.SPATIAL_POST_MATRIX_COMPUTATION.BIN_HD_DATA._BIN_HD_DATA._COMPUTE_BINNED_OUTPUTS.SPATIAL_BINNED_RNA_ANALYZER.RUN_UMAP.fork_square_016um
2025-10-14 12:15:27 [runtime] (complete)        ID.F07839_1n2.SPATIAL_RNA_COUNTER_CS.SPATIAL_RNA_COUNTER.SPATIAL_POST_MATRIX_COMPUTATION.BIN_HD_DATA._BIN_HD_DATA._COMPUTE_BINNED_OUTPUTS.SPATIAL_BINNED_RNA_ANALYZER.RUN_GRAPH_CLUSTERING.fork_square_016um
2025-10-14 12:15:30 [runtime] (complete)        ID.F07839_1n2.SPATIAL_RNA_COUNTER_CS.SPATIAL_RNA_COUNTER.SPATIAL_POST_MATRIX_COMPUTATION.BIN_HD_DATA._BIN_HD_DATA._COMPUTE_BINNED_OUTPUTS.SPATIAL_BINNED_RNA_ANALYZER.RUN_UMAP.fork_square_016um
2025-10-14 12:15:30 [runtime] (complete)        ID.F07839_1n2.SPATIAL_RNA_COUNTER_CS.SPATIAL_RNA_COUNTER.SPATIAL_POST_MATRIX_COMPUTATION.BIN_HD_DATA._BIN_HD_DATA._COMPUTE_BINNED_OUTPUTS.SPATIAL_BINNED_RNA_ANALYZER.RUN_GRAPH_CLUSTERING.fork_square_016um
2025-10-14 12:15:33 [runtime] (complete)        ID.F07839_1n2.SPATIAL_RNA_COUNTER_CS.SPATIAL_RNA_COUNTER.SPATIAL_POST_MATRIX_COMPUTATION.BIN_HD_DATA._BIN_HD_DATA._COMPUTE_BINNED_OUTPUTS.SPATIAL_BINNED_RNA_ANALYZER.RUN_UMAP.fork_square_016um
2025-10-14 12:15:33 [runtime] (complete)        ID.F07839_1n2.SPATIAL_RNA_COUNTER_CS.SPATIAL_RNA_COUNTER.SPATIAL_POST_MATRIX_COMPUTATION.BIN_HD_DATA._BIN_HD_DATA._COMPUTE_BINNED_OUTPUTS.SPATIAL_BINNED_RNA_ANALYZER.RUN_GRAPH_CLUSTERING.fork_square_016um
2025-10-14 12:15:36 [runtime] (complete)        ID.F07839_1n2.SPATIAL_RNA_COUNTER_CS.SPATIAL_RNA_COUNTER.SPATIAL_POST_MATRIX_COMPUTATION.BIN_HD_DATA._BIN_HD_DATA._COMPUTE_BINNED_OUTPUTS.SPATIAL_BINNED_RNA_ANALYZER.RUN_GRAPH_CLUSTERING.fork_square_016um
2025-10-14 12:15:36 [runtime] (complete)        ID.F07839_1n2.SPATIAL_RNA_COUNTER_CS.SPATIAL_RNA_COUNTER.SPATIAL_POST_MATRIX_COMPUTATION.BIN_HD_DATA._BIN_HD_DATA._COMPUTE_BINNED_OUTPUTS.SPATIAL_BINNED_RNA_ANALYZER.RUN_UMAP.fork_square_016um
2025-10-14 12:15:39 [runtime] (complete)        ID.F07839_1n2.SPATIAL_RNA_COUNTER_CS.SPATIAL_RNA_COUNTER.SPATIAL_POST_MATRIX_COMPUTATION.BIN_HD_DATA._BIN_HD_DATA._COMPUTE_BINNED_OUTPUTS.SPATIAL_BINNED_RNA_ANALYZER.RUN_UMAP.fork_square_016um
2025-10-14 12:15:39 [runtime] (complete)        ID.F07839_1n2.SPATIAL_RNA_COUNTER_CS.SPATIAL_RNA_COUNTER.SPATIAL_POST_MATRIX_COMPUTATION.BIN_HD_DATA._BIN_HD_DATA._COMPUTE_BINNED_OUTPUTS.SPATIAL_BINNED_RNA_ANALYZER.RUN_GRAPH_CLUSTERING.fork_square_016um
2025-10-14 12:15:42 [runtime] (complete)        ID.F07839_1n2.SPATIAL_RNA_COUNTER_CS.SPATIAL_RNA_COUNTER.SPATIAL_POST_MATRIX_COMPUTATION.BIN_HD_DATA._BIN_HD_DATA._COMPUTE_BINNED_OUTPUTS.SPATIAL_BINNED_RNA_ANALYZER.RUN_UMAP.fork_square_016um
2025-10-14 12:15:42 [runtime] (complete)        ID.F07839_1n2.SPATIAL_RNA_COUNTER_CS.SPATIAL_RNA_COUNTER.SPATIAL_POST_MATRIX_COMPUTATION.BIN_HD_DATA._BIN_HD_DATA._COMPUTE_BINNED_OUTPUTS.SPATIAL_BINNED_RNA_ANALYZER.RUN_GRAPH_CLUSTERING.fork_square_016um
2025-10-14 12:15:45 [runtime] (complete)        ID.F07839_1n2.SPATIAL_RNA_COUNTER_CS.SPATIAL_RNA_COUNTER.SPATIAL_POST_MATRIX_COMPUTATION.BIN_HD_DATA._BIN_HD_DATA._COMPUTE_BINNED_OUTPUTS.SPATIAL_BINNED_RNA_ANALYZER.RUN_UMAP.fork_square_016um
2025-10-14 12:15:45 [runtime] (complete)        ID.F07839_1n2.SPATIAL_RNA_COUNTER_CS.SPATIAL_RNA_COUNTER.SPATIAL_POST_MATRIX_COMPUTATION.BIN_HD_DATA._BIN_HD_DATA._COMPUTE_BINNED_OUTPUTS.SPATIAL_BINNED_RNA_ANALYZER.RUN_GRAPH_CLUSTERING.fork_square_016um
2025-10-14 12:15:48 [runtime] (complete)        ID.F07839_1n2.SPATIAL_RNA_COUNTER_CS.SPATIAL_RNA_COUNTER.SPATIAL_POST_MATRIX_COMPUTATION.BIN_HD_DATA._BIN_HD_DATA._COMPUTE_BINNED_OUTPUTS.SPATIAL_BINNED_RNA_ANALYZER.RUN_UMAP.fork_square_016um
2025-10-14 12:15:48 [runtime] (complete)        ID.F07839_1n2.SPATIAL_RNA_COUNTER_CS.SPATIAL_RNA_COUNTER.SPATIAL_POST_MATRIX_COMPUTATION.BIN_HD_DATA._BIN_HD_DATA._COMPUTE_BINNED_OUTPUTS.SPATIAL_BINNED_RNA_ANALYZER.RUN_GRAPH_CLUSTERING.fork_square_016um
2025-10-14 12:15:51 [runtime] (complete)        ID.F07839_1n2.SPATIAL_RNA_COUNTER_CS.SPATIAL_RNA_COUNTER.SPATIAL_POST_MATRIX_COMPUTATION.BIN_HD_DATA._BIN_HD_DATA._COMPUTE_BINNED_OUTPUTS.SPATIAL_BINNED_RNA_ANALYZER.RUN_UMAP.fork_square_016um
2025-10-14 12:15:51 [runtime] (complete)        ID.F07839_1n2.SPATIAL_RNA_COUNTER_CS.SPATIAL_RNA_COUNTER.SPATIAL_POST_MATRIX_COMPUTATION.BIN_HD_DATA._BIN_HD_DATA._COMPUTE_BINNED_OUTPUTS.SPATIAL_BINNED_RNA_ANALYZER.RUN_GRAPH_CLUSTERING.fork_square_016um
2025-10-14 12:15:54 [runtime] (complete)        ID.F07839_1n2.SPATIAL_RNA_COUNTER_CS.SPATIAL_RNA_COUNTER.SPATIAL_POST_MATRIX_COMPUTATION.BIN_HD_DATA._BIN_HD_DATA._COMPUTE_BINNED_OUTPUTS.SPATIAL_BINNED_RNA_ANALYZER.RUN_UMAP.fork_square_016um
2025-10-14 12:15:54 [runtime] (complete)        ID.F07839_1n2.SPATIAL_RNA_COUNTER_CS.SPATIAL_RNA_COUNTER.SPATIAL_POST_MATRIX_COMPUTATION.BIN_HD_DATA._BIN_HD_DATA._COMPUTE_BINNED_OUTPUTS.SPATIAL_BINNED_RNA_ANALYZER.RUN_GRAPH_CLUSTERING.fork_square_016um
2025-10-14 12:15:57 [runtime] (complete)        ID.F07839_1n2.SPATIAL_RNA_COUNTER_CS.SPATIAL_RNA_COUNTER.SPATIAL_POST_MATRIX_COMPUTATION.BIN_HD_DATA._BIN_HD_DATA._COMPUTE_BINNED_OUTPUTS.SPATIAL_BINNED_RNA_ANALYZER.RUN_UMAP.fork_square_016um
2025-10-14 12:15:57 [runtime] (complete)        ID.F07839_1n2.SPATIAL_RNA_COUNTER_CS.SPATIAL_RNA_COUNTER.SPATIAL_POST_MATRIX_COMPUTATION.BIN_HD_DATA._BIN_HD_DATA._COMPUTE_BINNED_OUTPUTS.SPATIAL_BINNED_RNA_ANALYZER.RUN_GRAPH_CLUSTERING.fork_square_016um
2025-10-14 12:16:00 [runtime] (complete)        ID.F07839_1n2.SPATIAL_RNA_COUNTER_CS.SPATIAL_RNA_COUNTER.SPATIAL_POST_MATRIX_COMPUTATION.BIN_HD_DATA._BIN_HD_DATA._COMPUTE_BINNED_OUTPUTS.SPATIAL_BINNED_RNA_ANALYZER.RUN_UMAP.fork_square_016um
2025-10-14 12:16:00 [runtime] (complete)        ID.F07839_1n2.SPATIAL_RNA_COUNTER_CS.SPATIAL_RNA_COUNTER.SPATIAL_POST_MATRIX_COMPUTATION.BIN_HD_DATA._BIN_HD_DATA._COMPUTE_BINNED_OUTPUTS.SPATIAL_BINNED_RNA_ANALYZER.RUN_GRAPH_CLUSTERING.fork_square_016um
2025-10-14 12:16:03 [runtime] (complete)        ID.F07839_1n2.SPATIAL_RNA_COUNTER_CS.SPATIAL_RNA_COUNTER.SPATIAL_POST_MATRIX_COMPUTATION.BIN_HD_DATA._BIN_HD_DATA._COMPUTE_BINNED_OUTPUTS.SPATIAL_BINNED_RNA_ANALYZER.RUN_GRAPH_CLUSTERING.fork_square_016um
2025-10-14 12:16:03 [runtime] (complete)        ID.F07839_1n2.SPATIAL_RNA_COUNTER_CS.SPATIAL_RNA_COUNTER.SPATIAL_POST_MATRIX_COMPUTATION.BIN_HD_DATA._BIN_HD_DATA._COMPUTE_BINNED_OUTPUTS.SPATIAL_BINNED_RNA_ANALYZER.RUN_UMAP.fork_square_016um
2025-10-14 12:16:06 [runtime] (complete)        ID.F07839_1n2.SPATIAL_RNA_COUNTER_CS.SPATIAL_RNA_COUNTER.SPATIAL_POST_MATRIX_COMPUTATION.BIN_HD_DATA._BIN_HD_DATA._COMPUTE_BINNED_OUTPUTS.SPATIAL_BINNED_RNA_ANALYZER.RUN_GRAPH_CLUSTERING.fork_square_016um
2025-10-14 12:16:06 [runtime] (complete)        ID.F07839_1n2.SPATIAL_RNA_COUNTER_CS.SPATIAL_RNA_COUNTER.SPATIAL_POST_MATRIX_COMPUTATION.BIN_HD_DATA._BIN_HD_DATA._COMPUTE_BINNED_OUTPUTS.SPATIAL_BINNED_RNA_ANALYZER.RUN_UMAP.fork_square_016um
2025-10-14 12:16:09 [runtime] (complete)        ID.F07839_1n2.SPATIAL_RNA_COUNTER_CS.SPATIAL_RNA_COUNTER.SPATIAL_POST_MATRIX_COMPUTATION.BIN_HD_DATA._BIN_HD_DATA._COMPUTE_BINNED_OUTPUTS.SPATIAL_BINNED_RNA_ANALYZER.RUN_UMAP.fork_square_016um
2025-10-14 12:16:09 [runtime] (complete)        ID.F07839_1n2.SPATIAL_RNA_COUNTER_CS.SPATIAL_RNA_COUNTER.SPATIAL_POST_MATRIX_COMPUTATION.BIN_HD_DATA._BIN_HD_DATA._COMPUTE_BINNED_OUTPUTS.SPATIAL_BINNED_RNA_ANALYZER.RUN_GRAPH_CLUSTERING.fork_square_016um
2025-10-14 12:16:12 [runtime] (complete)        ID.F07839_1n2.SPATIAL_RNA_COUNTER_CS.SPATIAL_RNA_COUNTER.SPATIAL_POST_MATRIX_COMPUTATION.BIN_HD_DATA._BIN_HD_DATA._COMPUTE_BINNED_OUTPUTS.SPATIAL_BINNED_RNA_ANALYZER.RUN_GRAPH_CLUSTERING.fork_square_016um
2025-10-14 12:16:12 [runtime] (complete)        ID.F07839_1n2.SPATIAL_RNA_COUNTER_CS.SPATIAL_RNA_COUNTER.SPATIAL_POST_MATRIX_COMPUTATION.BIN_HD_DATA._BIN_HD_DATA._COMPUTE_BINNED_OUTPUTS.SPATIAL_BINNED_RNA_ANALYZER.RUN_UMAP.fork_square_016um
2025-10-14 12:16:15 [runtime] (complete)        ID.F07839_1n2.SPATIAL_RNA_COUNTER_CS.SPATIAL_RNA_COUNTER.SPATIAL_POST_MATRIX_COMPUTATION.BIN_HD_DATA._BIN_HD_DATA._COMPUTE_BINNED_OUTPUTS.SPATIAL_BINNED_RNA_ANALYZER.RUN_GRAPH_CLUSTERING.fork_square_016um
2025-10-14 12:16:15 [runtime] (complete)        ID.F07839_1n2.SPATIAL_RNA_COUNTER_CS.SPATIAL_RNA_COUNTER.SPATIAL_POST_MATRIX_COMPUTATION.BIN_HD_DATA._BIN_HD_DATA._COMPUTE_BINNED_OUTPUTS.SPATIAL_BINNED_RNA_ANALYZER.RUN_UMAP.fork_square_016um
2025-10-14 12:16:18 [runtime] (complete)        ID.F07839_1n2.SPATIAL_RNA_COUNTER_CS.SPATIAL_RNA_COUNTER.SPATIAL_POST_MATRIX_COMPUTATION.BIN_HD_DATA._BIN_HD_DATA._COMPUTE_BINNED_OUTPUTS.SPATIAL_BINNED_RNA_ANALYZER.RUN_GRAPH_CLUSTERING.fork_square_016um
2025-10-14 12:16:18 [runtime] (complete)        ID.F07839_1n2.SPATIAL_RNA_COUNTER_CS.SPATIAL_RNA_COUNTER.SPATIAL_POST_MATRIX_COMPUTATION.BIN_HD_DATA._BIN_HD_DATA._COMPUTE_BINNED_OUTPUTS.SPATIAL_BINNED_RNA_ANALYZER.RUN_UMAP.fork_square_016um
2025-10-14 12:16:21 [runtime] (complete)        ID.F07839_1n2.SPATIAL_RNA_COUNTER_CS.SPATIAL_RNA_COUNTER.SPATIAL_POST_MATRIX_COMPUTATION.BIN_HD_DATA._BIN_HD_DATA._COMPUTE_BINNED_OUTPUTS.SPATIAL_BINNED_RNA_ANALYZER.RUN_UMAP.fork_square_016um
2025-10-14 12:16:21 [runtime] (complete)        ID.F07839_1n2.SPATIAL_RNA_COUNTER_CS.SPATIAL_RNA_COUNTER.SPATIAL_POST_MATRIX_COMPUTATION.BIN_HD_DATA._BIN_HD_DATA._COMPUTE_BINNED_OUTPUTS.SPATIAL_BINNED_RNA_ANALYZER.RUN_GRAPH_CLUSTERING.fork_square_016um
2025-10-14 12:16:24 [runtime] (complete)        ID.F07839_1n2.SPATIAL_RNA_COUNTER_CS.SPATIAL_RNA_COUNTER.SPATIAL_POST_MATRIX_COMPUTATION.BIN_HD_DATA._BIN_HD_DATA._COMPUTE_BINNED_OUTPUTS.SPATIAL_BINNED_RNA_ANALYZER.RUN_GRAPH_CLUSTERING.fork_square_016um
2025-10-14 12:16:24 [runtime] (complete)        ID.F07839_1n2.SPATIAL_RNA_COUNTER_CS.SPATIAL_RNA_COUNTER.SPATIAL_POST_MATRIX_COMPUTATION.BIN_HD_DATA._BIN_HD_DATA._COMPUTE_BINNED_OUTPUTS.SPATIAL_BINNED_RNA_ANALYZER.RUN_UMAP.fork_square_016um
2025-10-14 12:16:27 [runtime] (complete)        ID.F07839_1n2.SPATIAL_RNA_COUNTER_CS.SPATIAL_RNA_COUNTER.SPATIAL_POST_MATRIX_COMPUTATION.BIN_HD_DATA._BIN_HD_DATA._COMPUTE_BINNED_OUTPUTS.SPATIAL_BINNED_RNA_ANALYZER.RUN_UMAP.fork_square_016um
2025-10-14 12:16:27 [runtime] (complete)        ID.F07839_1n2.SPATIAL_RNA_COUNTER_CS.SPATIAL_RNA_COUNTER.SPATIAL_POST_MATRIX_COMPUTATION.BIN_HD_DATA._BIN_HD_DATA._COMPUTE_BINNED_OUTPUTS.SPATIAL_BINNED_RNA_ANALYZER.RUN_GRAPH_CLUSTERING.fork_square_016um
2025-10-14 12:16:30 [runtime] (complete)        ID.F07839_1n2.SPATIAL_RNA_COUNTER_CS.SPATIAL_RNA_COUNTER.SPATIAL_POST_MATRIX_COMPUTATION.BIN_HD_DATA._BIN_HD_DATA._COMPUTE_BINNED_OUTPUTS.SPATIAL_BINNED_RNA_ANALYZER.RUN_GRAPH_CLUSTERING.fork_square_016um
2025-10-14 12:16:30 [runtime] (complete)        ID.F07839_1n2.SPATIAL_RNA_COUNTER_CS.SPATIAL_RNA_COUNTER.SPATIAL_POST_MATRIX_COMPUTATION.BIN_HD_DATA._BIN_HD_DATA._COMPUTE_BINNED_OUTPUTS.SPATIAL_BINNED_RNA_ANALYZER.RUN_UMAP.fork_square_016um
2025-10-14 12:16:33 [runtime] (complete)        ID.F07839_1n2.SPATIAL_RNA_COUNTER_CS.SPATIAL_RNA_COUNTER.SPATIAL_POST_MATRIX_COMPUTATION.BIN_HD_DATA._BIN_HD_DATA._COMPUTE_BINNED_OUTPUTS.SPATIAL_BINNED_RNA_ANALYZER.RUN_UMAP.fork_square_016um
2025-10-14 12:16:33 [runtime] (complete)        ID.F07839_1n2.SPATIAL_RNA_COUNTER_CS.SPATIAL_RNA_COUNTER.SPATIAL_POST_MATRIX_COMPUTATION.BIN_HD_DATA._BIN_HD_DATA._COMPUTE_BINNED_OUTPUTS.SPATIAL_BINNED_RNA_ANALYZER.RUN_GRAPH_CLUSTERING.fork_square_016um
2025-10-14 12:16:36 [runtime] (complete)        ID.F07839_1n2.SPATIAL_RNA_COUNTER_CS.SPATIAL_RNA_COUNTER.SPATIAL_POST_MATRIX_COMPUTATION.BIN_HD_DATA._BIN_HD_DATA._COMPUTE_BINNED_OUTPUTS.SPATIAL_BINNED_RNA_ANALYZER.RUN_UMAP.fork_square_016um
2025-10-14 12:16:36 [runtime] (complete)        ID.F07839_1n2.SPATIAL_RNA_COUNTER_CS.SPATIAL_RNA_COUNTER.SPATIAL_POST_MATRIX_COMPUTATION.BIN_HD_DATA._BIN_HD_DATA._COMPUTE_BINNED_OUTPUTS.SPATIAL_BINNED_RNA_ANALYZER.RUN_GRAPH_CLUSTERING.fork_square_016um
2025-10-14 12:16:39 [runtime] (complete)        ID.F07839_1n2.SPATIAL_RNA_COUNTER_CS.SPATIAL_RNA_COUNTER.SPATIAL_POST_MATRIX_COMPUTATION.BIN_HD_DATA._BIN_HD_DATA._COMPUTE_BINNED_OUTPUTS.SPATIAL_BINNED_RNA_ANALYZER.RUN_UMAP.fork_square_016um
2025-10-14 12:16:39 [runtime] (complete)        ID.F07839_1n2.SPATIAL_RNA_COUNTER_CS.SPATIAL_RNA_COUNTER.SPATIAL_POST_MATRIX_COMPUTATION.BIN_HD_DATA._BIN_HD_DATA._COMPUTE_BINNED_OUTPUTS.SPATIAL_BINNED_RNA_ANALYZER.RUN_GRAPH_CLUSTERING.fork_square_016um
2025-10-14 12:16:42 [runtime] (complete)        ID.F07839_1n2.SPATIAL_RNA_COUNTER_CS.SPATIAL_RNA_COUNTER.SPATIAL_POST_MATRIX_COMPUTATION.BIN_HD_DATA._BIN_HD_DATA._COMPUTE_BINNED_OUTPUTS.SPATIAL_BINNED_RNA_ANALYZER.RUN_UMAP.fork_square_016um
2025-10-14 12:16:42 [runtime] (complete)        ID.F07839_1n2.SPATIAL_RNA_COUNTER_CS.SPATIAL_RNA_COUNTER.SPATIAL_POST_MATRIX_COMPUTATION.BIN_HD_DATA._BIN_HD_DATA._COMPUTE_BINNED_OUTPUTS.SPATIAL_BINNED_RNA_ANALYZER.RUN_GRAPH_CLUSTERING.fork_square_016um
2025-10-14 12:16:45 [runtime] (complete)        ID.F07839_1n2.SPATIAL_RNA_COUNTER_CS.SPATIAL_RNA_COUNTER.SPATIAL_POST_MATRIX_COMPUTATION.BIN_HD_DATA._BIN_HD_DATA._COMPUTE_BINNED_OUTPUTS.SPATIAL_BINNED_RNA_ANALYZER.RUN_GRAPH_CLUSTERING.fork_square_016um
2025-10-14 12:16:45 [runtime] (complete)        ID.F07839_1n2.SPATIAL_RNA_COUNTER_CS.SPATIAL_RNA_COUNTER.SPATIAL_POST_MATRIX_COMPUTATION.BIN_HD_DATA._BIN_HD_DATA._COMPUTE_BINNED_OUTPUTS.SPATIAL_BINNED_RNA_ANALYZER.RUN_UMAP.fork_square_016um
2025-10-14 12:16:48 [runtime] (complete)        ID.F07839_1n2.SPATIAL_RNA_COUNTER_CS.SPATIAL_RNA_COUNTER.SPATIAL_POST_MATRIX_COMPUTATION.BIN_HD_DATA._BIN_HD_DATA._COMPUTE_BINNED_OUTPUTS.SPATIAL_BINNED_RNA_ANALYZER.RUN_GRAPH_CLUSTERING.fork_square_016um
2025-10-14 12:16:48 [runtime] (complete)        ID.F07839_1n2.SPATIAL_RNA_COUNTER_CS.SPATIAL_RNA_COUNTER.SPATIAL_POST_MATRIX_COMPUTATION.BIN_HD_DATA._BIN_HD_DATA._COMPUTE_BINNED_OUTPUTS.SPATIAL_BINNED_RNA_ANALYZER.RUN_UMAP.fork_square_016um
2025-10-14 12:16:51 [runtime] (complete)        ID.F07839_1n2.SPATIAL_RNA_COUNTER_CS.SPATIAL_RNA_COUNTER.SPATIAL_POST_MATRIX_COMPUTATION.BIN_HD_DATA._BIN_HD_DATA._COMPUTE_BINNED_OUTPUTS.SPATIAL_BINNED_RNA_ANALYZER.RUN_GRAPH_CLUSTERING.fork_square_016um
2025-10-14 12:16:51 [runtime] (complete)        ID.F07839_1n2.SPATIAL_RNA_COUNTER_CS.SPATIAL_RNA_COUNTER.SPATIAL_POST_MATRIX_COMPUTATION.BIN_HD_DATA._BIN_HD_DATA._COMPUTE_BINNED_OUTPUTS.SPATIAL_BINNED_RNA_ANALYZER.RUN_UMAP.fork_square_016um
2025-10-14 12:16:54 [runtime] (complete)        ID.F07839_1n2.SPATIAL_RNA_COUNTER_CS.SPATIAL_RNA_COUNTER.SPATIAL_POST_MATRIX_COMPUTATION.BIN_HD_DATA._BIN_HD_DATA._COMPUTE_BINNED_OUTPUTS.SPATIAL_BINNED_RNA_ANALYZER.RUN_UMAP.fork_square_016um
2025-10-14 12:16:54 [runtime] (complete)        ID.F07839_1n2.SPATIAL_RNA_COUNTER_CS.SPATIAL_RNA_COUNTER.SPATIAL_POST_MATRIX_COMPUTATION.BIN_HD_DATA._BIN_HD_DATA._COMPUTE_BINNED_OUTPUTS.SPATIAL_BINNED_RNA_ANALYZER.RUN_GRAPH_CLUSTERING.fork_square_016um
2025-10-14 12:16:57 [runtime] (complete)        ID.F07839_1n2.SPATIAL_RNA_COUNTER_CS.SPATIAL_RNA_COUNTER.SPATIAL_POST_MATRIX_COMPUTATION.BIN_HD_DATA._BIN_HD_DATA._COMPUTE_BINNED_OUTPUTS.SPATIAL_BINNED_RNA_ANALYZER.RUN_UMAP.fork_square_016um
2025-10-14 12:16:57 [runtime] (complete)        ID.F07839_1n2.SPATIAL_RNA_COUNTER_CS.SPATIAL_RNA_COUNTER.SPATIAL_POST_MATRIX_COMPUTATION.BIN_HD_DATA._BIN_HD_DATA._COMPUTE_BINNED_OUTPUTS.SPATIAL_BINNED_RNA_ANALYZER.RUN_GRAPH_CLUSTERING.fork_square_016um
2025-10-14 12:17:00 [runtime] (complete)        ID.F07839_1n2.SPATIAL_RNA_COUNTER_CS.SPATIAL_RNA_COUNTER.SPATIAL_POST_MATRIX_COMPUTATION.BIN_HD_DATA._BIN_HD_DATA._COMPUTE_BINNED_OUTPUTS.SPATIAL_BINNED_RNA_ANALYZER.RUN_UMAP.fork_square_016um
2025-10-14 12:17:00 [runtime] (complete)        ID.F07839_1n2.SPATIAL_RNA_COUNTER_CS.SPATIAL_RNA_COUNTER.SPATIAL_POST_MATRIX_COMPUTATION.BIN_HD_DATA._BIN_HD_DATA._COMPUTE_BINNED_OUTPUTS.SPATIAL_BINNED_RNA_ANALYZER.RUN_GRAPH_CLUSTERING.fork_square_016um
2025-10-14 12:17:03 [runtime] (complete)        ID.F07839_1n2.SPATIAL_RNA_COUNTER_CS.SPATIAL_RNA_COUNTER.SPATIAL_POST_MATRIX_COMPUTATION.BIN_HD_DATA._BIN_HD_DATA._COMPUTE_BINNED_OUTPUTS.SPATIAL_BINNED_RNA_ANALYZER.RUN_UMAP.fork_square_016um
2025-10-14 12:17:03 [runtime] (complete)        ID.F07839_1n2.SPATIAL_RNA_COUNTER_CS.SPATIAL_RNA_COUNTER.SPATIAL_POST_MATRIX_COMPUTATION.BIN_HD_DATA._BIN_HD_DATA._COMPUTE_BINNED_OUTPUTS.SPATIAL_BINNED_RNA_ANALYZER.RUN_GRAPH_CLUSTERING.fork_square_016um
2025-10-14 12:17:06 [runtime] (complete)        ID.F07839_1n2.SPATIAL_RNA_COUNTER_CS.SPATIAL_RNA_COUNTER.SPATIAL_POST_MATRIX_COMPUTATION.BIN_HD_DATA._BIN_HD_DATA._COMPUTE_BINNED_OUTPUTS.SPATIAL_BINNED_RNA_ANALYZER.RUN_UMAP.fork_square_016um
2025-10-14 12:17:06 [runtime] (complete)        ID.F07839_1n2.SPATIAL_RNA_COUNTER_CS.SPATIAL_RNA_COUNTER.SPATIAL_POST_MATRIX_COMPUTATION.BIN_HD_DATA._BIN_HD_DATA._COMPUTE_BINNED_OUTPUTS.SPATIAL_BINNED_RNA_ANALYZER.RUN_GRAPH_CLUSTERING.fork_square_016um
2025-10-14 12:17:09 [runtime] (complete)        ID.F07839_1n2.SPATIAL_RNA_COUNTER_CS.SPATIAL_RNA_COUNTER.SPATIAL_POST_MATRIX_COMPUTATION.BIN_HD_DATA._BIN_HD_DATA._COMPUTE_BINNED_OUTPUTS.SPATIAL_BINNED_RNA_ANALYZER.RUN_UMAP.fork_square_016um
2025-10-14 12:17:09 [runtime] (complete)        ID.F07839_1n2.SPATIAL_RNA_COUNTER_CS.SPATIAL_RNA_COUNTER.SPATIAL_POST_MATRIX_COMPUTATION.BIN_HD_DATA._BIN_HD_DATA._COMPUTE_BINNED_OUTPUTS.SPATIAL_BINNED_RNA_ANALYZER.RUN_GRAPH_CLUSTERING.fork_square_016um
2025-10-14 12:17:12 [runtime] (complete)        ID.F07839_1n2.SPATIAL_RNA_COUNTER_CS.SPATIAL_RNA_COUNTER.SPATIAL_POST_MATRIX_COMPUTATION.BIN_HD_DATA._BIN_HD_DATA._COMPUTE_BINNED_OUTPUTS.SPATIAL_BINNED_RNA_ANALYZER.RUN_UMAP.fork_square_016um
2025-10-14 12:17:12 [runtime] (complete)        ID.F07839_1n2.SPATIAL_RNA_COUNTER_CS.SPATIAL_RNA_COUNTER.SPATIAL_POST_MATRIX_COMPUTATION.BIN_HD_DATA._BIN_HD_DATA._COMPUTE_BINNED_OUTPUTS.SPATIAL_BINNED_RNA_ANALYZER.RUN_GRAPH_CLUSTERING.fork_square_016um
2025-10-14 12:17:15 [runtime] (complete)        ID.F07839_1n2.SPATIAL_RNA_COUNTER_CS.SPATIAL_RNA_COUNTER.SPATIAL_POST_MATRIX_COMPUTATION.BIN_HD_DATA._BIN_HD_DATA._COMPUTE_BINNED_OUTPUTS.SPATIAL_BINNED_RNA_ANALYZER.RUN_UMAP.fork_square_016um
2025-10-14 12:17:15 [runtime] (complete)        ID.F07839_1n2.SPATIAL_RNA_COUNTER_CS.SPATIAL_RNA_COUNTER.SPATIAL_POST_MATRIX_COMPUTATION.BIN_HD_DATA._BIN_HD_DATA._COMPUTE_BINNED_OUTPUTS.SPATIAL_BINNED_RNA_ANALYZER.RUN_GRAPH_CLUSTERING.fork_square_016um
2025-10-14 12:17:18 [runtime] (complete)        ID.F07839_1n2.SPATIAL_RNA_COUNTER_CS.SPATIAL_RNA_COUNTER.SPATIAL_POST_MATRIX_COMPUTATION.BIN_HD_DATA._BIN_HD_DATA._COMPUTE_BINNED_OUTPUTS.SPATIAL_BINNED_RNA_ANALYZER.RUN_UMAP.fork_square_016um
2025-10-14 12:17:18 [runtime] (complete)        ID.F07839_1n2.SPATIAL_RNA_COUNTER_CS.SPATIAL_RNA_COUNTER.SPATIAL_POST_MATRIX_COMPUTATION.BIN_HD_DATA._BIN_HD_DATA._COMPUTE_BINNED_OUTPUTS.SPATIAL_BINNED_RNA_ANALYZER.RUN_GRAPH_CLUSTERING.fork_square_016um
2025-10-14 12:17:21 [runtime] (complete)        ID.F07839_1n2.SPATIAL_RNA_COUNTER_CS.SPATIAL_RNA_COUNTER.SPATIAL_POST_MATRIX_COMPUTATION.BIN_HD_DATA._BIN_HD_DATA._COMPUTE_BINNED_OUTPUTS.SPATIAL_BINNED_RNA_ANALYZER.RUN_GRAPH_CLUSTERING.fork_square_016um
2025-10-14 12:17:21 [runtime] (complete)        ID.F07839_1n2.SPATIAL_RNA_COUNTER_CS.SPATIAL_RNA_COUNTER.SPATIAL_POST_MATRIX_COMPUTATION.BIN_HD_DATA._BIN_HD_DATA._COMPUTE_BINNED_OUTPUTS.SPATIAL_BINNED_RNA_ANALYZER.RUN_UMAP.fork_square_016um
2025-10-14 12:17:24 [runtime] (complete)        ID.F07839_1n2.SPATIAL_RNA_COUNTER_CS.SPATIAL_RNA_COUNTER.SPATIAL_POST_MATRIX_COMPUTATION.BIN_HD_DATA._BIN_HD_DATA._COMPUTE_BINNED_OUTPUTS.SPATIAL_BINNED_RNA_ANALYZER.RUN_GRAPH_CLUSTERING.fork_square_016um
2025-10-14 12:17:24 [runtime] (complete)        ID.F07839_1n2.SPATIAL_RNA_COUNTER_CS.SPATIAL_RNA_COUNTER.SPATIAL_POST_MATRIX_COMPUTATION.BIN_HD_DATA._BIN_HD_DATA._COMPUTE_BINNED_OUTPUTS.SPATIAL_BINNED_RNA_ANALYZER.RUN_UMAP.fork_square_016um
2025-10-14 12:17:27 [runtime] (complete)        ID.F07839_1n2.SPATIAL_RNA_COUNTER_CS.SPATIAL_RNA_COUNTER.SPATIAL_POST_MATRIX_COMPUTATION.BIN_HD_DATA._BIN_HD_DATA._COMPUTE_BINNED_OUTPUTS.SPATIAL_BINNED_RNA_ANALYZER.RUN_UMAP.fork_square_016um
2025-10-14 12:17:27 [runtime] (complete)        ID.F07839_1n2.SPATIAL_RNA_COUNTER_CS.SPATIAL_RNA_COUNTER.SPATIAL_POST_MATRIX_COMPUTATION.BIN_HD_DATA._BIN_HD_DATA._COMPUTE_BINNED_OUTPUTS.SPATIAL_BINNED_RNA_ANALYZER.RUN_GRAPH_CLUSTERING.fork_square_016um
2025-10-14 12:17:30 [runtime] (complete)        ID.F07839_1n2.SPATIAL_RNA_COUNTER_CS.SPATIAL_RNA_COUNTER.SPATIAL_POST_MATRIX_COMPUTATION.BIN_HD_DATA._BIN_HD_DATA._COMPUTE_BINNED_OUTPUTS.SPATIAL_BINNED_RNA_ANALYZER.RUN_UMAP.fork_square_016um
2025-10-14 12:17:30 [runtime] (complete)        ID.F07839_1n2.SPATIAL_RNA_COUNTER_CS.SPATIAL_RNA_COUNTER.SPATIAL_POST_MATRIX_COMPUTATION.BIN_HD_DATA._BIN_HD_DATA._COMPUTE_BINNED_OUTPUTS.SPATIAL_BINNED_RNA_ANALYZER.RUN_GRAPH_CLUSTERING.fork_square_016um
2025-10-14 12:17:33 [runtime] (complete)        ID.F07839_1n2.SPATIAL_RNA_COUNTER_CS.SPATIAL_RNA_COUNTER.SPATIAL_POST_MATRIX_COMPUTATION.BIN_HD_DATA._BIN_HD_DATA._COMPUTE_BINNED_OUTPUTS.SPATIAL_BINNED_RNA_ANALYZER.RUN_UMAP.fork_square_016um
2025-10-14 12:17:33 [runtime] (complete)        ID.F07839_1n2.SPATIAL_RNA_COUNTER_CS.SPATIAL_RNA_COUNTER.SPATIAL_POST_MATRIX_COMPUTATION.BIN_HD_DATA._BIN_HD_DATA._COMPUTE_BINNED_OUTPUTS.SPATIAL_BINNED_RNA_ANALYZER.RUN_GRAPH_CLUSTERING.fork_square_016um
2025-10-14 12:17:36 [runtime] (complete)        ID.F07839_1n2.SPATIAL_RNA_COUNTER_CS.SPATIAL_RNA_COUNTER.SPATIAL_POST_MATRIX_COMPUTATION.BIN_HD_DATA._BIN_HD_DATA._COMPUTE_BINNED_OUTPUTS.SPATIAL_BINNED_RNA_ANALYZER.RUN_GRAPH_CLUSTERING.fork_square_016um
2025-10-14 12:17:36 [runtime] (complete)        ID.F07839_1n2.SPATIAL_RNA_COUNTER_CS.SPATIAL_RNA_COUNTER.SPATIAL_POST_MATRIX_COMPUTATION.BIN_HD_DATA._BIN_HD_DATA._COMPUTE_BINNED_OUTPUTS.SPATIAL_BINNED_RNA_ANALYZER.RUN_UMAP.fork_square_016um
2025-10-14 12:17:39 [runtime] (complete)        ID.F07839_1n2.SPATIAL_RNA_COUNTER_CS.SPATIAL_RNA_COUNTER.SPATIAL_POST_MATRIX_COMPUTATION.BIN_HD_DATA._BIN_HD_DATA._COMPUTE_BINNED_OUTPUTS.SPATIAL_BINNED_RNA_ANALYZER.RUN_GRAPH_CLUSTERING.fork_square_016um
2025-10-14 12:17:39 [runtime] (complete)        ID.F07839_1n2.SPATIAL_RNA_COUNTER_CS.SPATIAL_RNA_COUNTER.SPATIAL_POST_MATRIX_COMPUTATION.BIN_HD_DATA._BIN_HD_DATA._COMPUTE_BINNED_OUTPUTS.SPATIAL_BINNED_RNA_ANALYZER.RUN_UMAP.fork_square_016um
2025-10-14 12:17:42 [runtime] (complete)        ID.F07839_1n2.SPATIAL_RNA_COUNTER_CS.SPATIAL_RNA_COUNTER.SPATIAL_POST_MATRIX_COMPUTATION.BIN_HD_DATA._BIN_HD_DATA._COMPUTE_BINNED_OUTPUTS.SPATIAL_BINNED_RNA_ANALYZER.RUN_GRAPH_CLUSTERING.fork_square_016um
2025-10-14 12:17:42 [runtime] (complete)        ID.F07839_1n2.SPATIAL_RNA_COUNTER_CS.SPATIAL_RNA_COUNTER.SPATIAL_POST_MATRIX_COMPUTATION.BIN_HD_DATA._BIN_HD_DATA._COMPUTE_BINNED_OUTPUTS.SPATIAL_BINNED_RNA_ANALYZER.RUN_UMAP.fork_square_016um
2025-10-14 12:17:45 [runtime] (complete)        ID.F07839_1n2.SPATIAL_RNA_COUNTER_CS.SPATIAL_RNA_COUNTER.SPATIAL_POST_MATRIX_COMPUTATION.BIN_HD_DATA._BIN_HD_DATA._COMPUTE_BINNED_OUTPUTS.SPATIAL_BINNED_RNA_ANALYZER.RUN_UMAP.fork_square_016um
2025-10-14 12:17:45 [runtime] (complete)        ID.F07839_1n2.SPATIAL_RNA_COUNTER_CS.SPATIAL_RNA_COUNTER.SPATIAL_POST_MATRIX_COMPUTATION.BIN_HD_DATA._BIN_HD_DATA._COMPUTE_BINNED_OUTPUTS.SPATIAL_BINNED_RNA_ANALYZER.RUN_GRAPH_CLUSTERING.fork_square_016um
2025-10-14 12:17:48 [runtime] (complete)        ID.F07839_1n2.SPATIAL_RNA_COUNTER_CS.SPATIAL_RNA_COUNTER.SPATIAL_POST_MATRIX_COMPUTATION.BIN_HD_DATA._BIN_HD_DATA._COMPUTE_BINNED_OUTPUTS.SPATIAL_BINNED_RNA_ANALYZER.RUN_UMAP.fork_square_016um
2025-10-14 12:17:48 [runtime] (complete)        ID.F07839_1n2.SPATIAL_RNA_COUNTER_CS.SPATIAL_RNA_COUNTER.SPATIAL_POST_MATRIX_COMPUTATION.BIN_HD_DATA._BIN_HD_DATA._COMPUTE_BINNED_OUTPUTS.SPATIAL_BINNED_RNA_ANALYZER.RUN_GRAPH_CLUSTERING.fork_square_016um
2025-10-14 12:17:51 [runtime] (complete)        ID.F07839_1n2.SPATIAL_RNA_COUNTER_CS.SPATIAL_RNA_COUNTER.SPATIAL_POST_MATRIX_COMPUTATION.BIN_HD_DATA._BIN_HD_DATA._COMPUTE_BINNED_OUTPUTS.SPATIAL_BINNED_RNA_ANALYZER.RUN_UMAP.fork_square_016um
2025-10-14 12:17:51 [runtime] (complete)        ID.F07839_1n2.SPATIAL_RNA_COUNTER_CS.SPATIAL_RNA_COUNTER.SPATIAL_POST_MATRIX_COMPUTATION.BIN_HD_DATA._BIN_HD_DATA._COMPUTE_BINNED_OUTPUTS.SPATIAL_BINNED_RNA_ANALYZER.RUN_GRAPH_CLUSTERING.fork_square_016um
2025-10-14 12:17:54 [runtime] (complete)        ID.F07839_1n2.SPATIAL_RNA_COUNTER_CS.SPATIAL_RNA_COUNTER.SPATIAL_POST_MATRIX_COMPUTATION.BIN_HD_DATA._BIN_HD_DATA._COMPUTE_BINNED_OUTPUTS.SPATIAL_BINNED_RNA_ANALYZER.RUN_UMAP.fork_square_016um
2025-10-14 12:17:54 [runtime] (complete)        ID.F07839_1n2.SPATIAL_RNA_COUNTER_CS.SPATIAL_RNA_COUNTER.SPATIAL_POST_MATRIX_COMPUTATION.BIN_HD_DATA._BIN_HD_DATA._COMPUTE_BINNED_OUTPUTS.SPATIAL_BINNED_RNA_ANALYZER.RUN_GRAPH_CLUSTERING.fork_square_016um
2025-10-14 12:17:58 [runtime] (complete)        ID.F07839_1n2.SPATIAL_RNA_COUNTER_CS.SPATIAL_RNA_COUNTER.SPATIAL_POST_MATRIX_COMPUTATION.BIN_HD_DATA._BIN_HD_DATA._COMPUTE_BINNED_OUTPUTS.SPATIAL_BINNED_RNA_ANALYZER.RUN_UMAP.fork_square_016um
2025-10-14 12:17:58 [runtime] (complete)        ID.F07839_1n2.SPATIAL_RNA_COUNTER_CS.SPATIAL_RNA_COUNTER.SPATIAL_POST_MATRIX_COMPUTATION.BIN_HD_DATA._BIN_HD_DATA._COMPUTE_BINNED_OUTPUTS.SPATIAL_BINNED_RNA_ANALYZER.RUN_GRAPH_CLUSTERING.fork_square_016um
2025-10-14 12:18:01 [runtime] (complete)        ID.F07839_1n2.SPATIAL_RNA_COUNTER_CS.SPATIAL_RNA_COUNTER.SPATIAL_POST_MATRIX_COMPUTATION.BIN_HD_DATA._BIN_HD_DATA._COMPUTE_BINNED_OUTPUTS.SPATIAL_BINNED_RNA_ANALYZER.RUN_GRAPH_CLUSTERING.fork_square_016um
2025-10-14 12:18:01 [runtime] (complete)        ID.F07839_1n2.SPATIAL_RNA_COUNTER_CS.SPATIAL_RNA_COUNTER.SPATIAL_POST_MATRIX_COMPUTATION.BIN_HD_DATA._BIN_HD_DATA._COMPUTE_BINNED_OUTPUTS.SPATIAL_BINNED_RNA_ANALYZER.RUN_UMAP.fork_square_016um
2025-10-14 12:18:04 [runtime] (complete)        ID.F07839_1n2.SPATIAL_RNA_COUNTER_CS.SPATIAL_RNA_COUNTER.SPATIAL_POST_MATRIX_COMPUTATION.BIN_HD_DATA._BIN_HD_DATA._COMPUTE_BINNED_OUTPUTS.SPATIAL_BINNED_RNA_ANALYZER.RUN_UMAP.fork_square_016um
2025-10-14 12:18:04 [runtime] (complete)        ID.F07839_1n2.SPATIAL_RNA_COUNTER_CS.SPATIAL_RNA_COUNTER.SPATIAL_POST_MATRIX_COMPUTATION.BIN_HD_DATA._BIN_HD_DATA._COMPUTE_BINNED_OUTPUTS.SPATIAL_BINNED_RNA_ANALYZER.RUN_GRAPH_CLUSTERING.fork_square_016um
2025-10-14 12:18:07 [runtime] (complete)        ID.F07839_1n2.SPATIAL_RNA_COUNTER_CS.SPATIAL_RNA_COUNTER.SPATIAL_POST_MATRIX_COMPUTATION.BIN_HD_DATA._BIN_HD_DATA._COMPUTE_BINNED_OUTPUTS.SPATIAL_BINNED_RNA_ANALYZER.RUN_UMAP.fork_square_016um
2025-10-14 12:18:07 [runtime] (complete)        ID.F07839_1n2.SPATIAL_RNA_COUNTER_CS.SPATIAL_RNA_COUNTER.SPATIAL_POST_MATRIX_COMPUTATION.BIN_HD_DATA._BIN_HD_DATA._COMPUTE_BINNED_OUTPUTS.SPATIAL_BINNED_RNA_ANALYZER.RUN_GRAPH_CLUSTERING.fork_square_016um
2025-10-14 12:18:10 [runtime] (complete)        ID.F07839_1n2.SPATIAL_RNA_COUNTER_CS.SPATIAL_RNA_COUNTER.SPATIAL_POST_MATRIX_COMPUTATION.BIN_HD_DATA._BIN_HD_DATA._COMPUTE_BINNED_OUTPUTS.SPATIAL_BINNED_RNA_ANALYZER.RUN_UMAP.fork_square_016um
2025-10-14 12:18:10 [runtime] (complete)        ID.F07839_1n2.SPATIAL_RNA_COUNTER_CS.SPATIAL_RNA_COUNTER.SPATIAL_POST_MATRIX_COMPUTATION.BIN_HD_DATA._BIN_HD_DATA._COMPUTE_BINNED_OUTPUTS.SPATIAL_BINNED_RNA_ANALYZER.RUN_GRAPH_CLUSTERING.fork_square_016um
2025-10-14 12:18:13 [runtime] (complete)        ID.F07839_1n2.SPATIAL_RNA_COUNTER_CS.SPATIAL_RNA_COUNTER.SPATIAL_POST_MATRIX_COMPUTATION.BIN_HD_DATA._BIN_HD_DATA._COMPUTE_BINNED_OUTPUTS.SPATIAL_BINNED_RNA_ANALYZER.RUN_UMAP.fork_square_016um
2025-10-14 12:18:13 [runtime] (complete)        ID.F07839_1n2.SPATIAL_RNA_COUNTER_CS.SPATIAL_RNA_COUNTER.SPATIAL_POST_MATRIX_COMPUTATION.BIN_HD_DATA._BIN_HD_DATA._COMPUTE_BINNED_OUTPUTS.SPATIAL_BINNED_RNA_ANALYZER.RUN_GRAPH_CLUSTERING.fork_square_016um
2025-10-14 12:18:16 [runtime] (complete)        ID.F07839_1n2.SPATIAL_RNA_COUNTER_CS.SPATIAL_RNA_COUNTER.SPATIAL_POST_MATRIX_COMPUTATION.BIN_HD_DATA._BIN_HD_DATA._COMPUTE_BINNED_OUTPUTS.SPATIAL_BINNED_RNA_ANALYZER.RUN_UMAP.fork_square_016um
2025-10-14 12:18:16 [runtime] (complete)        ID.F07839_1n2.SPATIAL_RNA_COUNTER_CS.SPATIAL_RNA_COUNTER.SPATIAL_POST_MATRIX_COMPUTATION.BIN_HD_DATA._BIN_HD_DATA._COMPUTE_BINNED_OUTPUTS.SPATIAL_BINNED_RNA_ANALYZER.RUN_GRAPH_CLUSTERING.fork_square_016um
2025-10-14 12:18:19 [runtime] (update)          ID.F07839_1n2.SPATIAL_RNA_COUNTER_CS.SPATIAL_RNA_COUNTER.SPATIAL_POST_MATRIX_COMPUTATION.BIN_HD_DATA._BIN_HD_DATA._COMPUTE_BINNED_OUTPUTS.SPATIAL_BINNED_RNA_ANALYZER.RUN_UMAP.fork_square_008um chunks_running
2025-10-14 12:18:19 [runtime] (update)          ID.F07839_1n2.SPATIAL_RNA_COUNTER_CS.SPATIAL_RNA_COUNTER.SPATIAL_POST_MATRIX_COMPUTATION.BIN_HD_DATA._BIN_HD_DATA._COMPUTE_BINNED_OUTPUTS.SPATIAL_BINNED_RNA_ANALYZER.RUN_GRAPH_CLUSTERING.fork_square_008um chunks_running
2025-10-14 12:18:19 [runtime] (complete)        ID.F07839_1n2.SPATIAL_RNA_COUNTER_CS.SPATIAL_RNA_COUNTER.SPATIAL_POST_MATRIX_COMPUTATION.BIN_HD_DATA._BIN_HD_DATA._COMPUTE_BINNED_OUTPUTS.SPATIAL_BINNED_RNA_ANALYZER.RUN_UMAP.fork_square_016um
2025-10-14 12:18:19 [runtime] (complete)        ID.F07839_1n2.SPATIAL_RNA_COUNTER_CS.SPATIAL_RNA_COUNTER.SPATIAL_POST_MATRIX_COMPUTATION.BIN_HD_DATA._BIN_HD_DATA._COMPUTE_BINNED_OUTPUTS.SPATIAL_BINNED_RNA_ANALYZER.RUN_GRAPH_CLUSTERING.fork_square_016um
2025-10-14 12:18:22 [runtime] (complete)        ID.F07839_1n2.SPATIAL_RNA_COUNTER_CS.SPATIAL_RNA_COUNTER.SPATIAL_POST_MATRIX_COMPUTATION.BIN_HD_DATA._BIN_HD_DATA._COMPUTE_BINNED_OUTPUTS.SPATIAL_BINNED_RNA_ANALYZER.RUN_GRAPH_CLUSTERING.fork_square_016um
2025-10-14 12:18:22 [runtime] (complete)        ID.F07839_1n2.SPATIAL_RNA_COUNTER_CS.SPATIAL_RNA_COUNTER.SPATIAL_POST_MATRIX_COMPUTATION.BIN_HD_DATA._BIN_HD_DATA._COMPUTE_BINNED_OUTPUTS.SPATIAL_BINNED_RNA_ANALYZER.RUN_UMAP.fork_square_016um
2025-10-14 12:18:25 [runtime] (complete)        ID.F07839_1n2.SPATIAL_RNA_COUNTER_CS.SPATIAL_RNA_COUNTER.SPATIAL_POST_MATRIX_COMPUTATION.BIN_HD_DATA._BIN_HD_DATA._COMPUTE_BINNED_OUTPUTS.SPATIAL_BINNED_RNA_ANALYZER.RUN_GRAPH_CLUSTERING.fork_square_016um
2025-10-14 12:18:25 [runtime] (complete)        ID.F07839_1n2.SPATIAL_RNA_COUNTER_CS.SPATIAL_RNA_COUNTER.SPATIAL_POST_MATRIX_COMPUTATION.BIN_HD_DATA._BIN_HD_DATA._COMPUTE_BINNED_OUTPUTS.SPATIAL_BINNED_RNA_ANALYZER.RUN_UMAP.fork_square_016um
2025-10-14 12:18:28 [runtime] (complete)        ID.F07839_1n2.SPATIAL_RNA_COUNTER_CS.SPATIAL_RNA_COUNTER.SPATIAL_POST_MATRIX_COMPUTATION.BIN_HD_DATA._BIN_HD_DATA._COMPUTE_BINNED_OUTPUTS.SPATIAL_BINNED_RNA_ANALYZER.RUN_GRAPH_CLUSTERING.fork_square_016um
2025-10-14 12:18:28 [runtime] (complete)        ID.F07839_1n2.SPATIAL_RNA_COUNTER_CS.SPATIAL_RNA_COUNTER.SPATIAL_POST_MATRIX_COMPUTATION.BIN_HD_DATA._BIN_HD_DATA._COMPUTE_BINNED_OUTPUTS.SPATIAL_BINNED_RNA_ANALYZER.RUN_UMAP.fork_square_016um
2025-10-14 12:18:31 [runtime] (complete)        ID.F07839_1n2.SPATIAL_RNA_COUNTER_CS.SPATIAL_RNA_COUNTER.SPATIAL_POST_MATRIX_COMPUTATION.BIN_HD_DATA._BIN_HD_DATA._COMPUTE_BINNED_OUTPUTS.SPATIAL_BINNED_RNA_ANALYZER.RUN_GRAPH_CLUSTERING.fork_square_016um
2025-10-14 12:18:31 [runtime] (complete)        ID.F07839_1n2.SPATIAL_RNA_COUNTER_CS.SPATIAL_RNA_COUNTER.SPATIAL_POST_MATRIX_COMPUTATION.BIN_HD_DATA._BIN_HD_DATA._COMPUTE_BINNED_OUTPUTS.SPATIAL_BINNED_RNA_ANALYZER.RUN_UMAP.fork_square_016um
2025-10-14 12:18:34 [runtime] (complete)        ID.F07839_1n2.SPATIAL_RNA_COUNTER_CS.SPATIAL_RNA_COUNTER.SPATIAL_POST_MATRIX_COMPUTATION.BIN_HD_DATA._BIN_HD_DATA._COMPUTE_BINNED_OUTPUTS.SPATIAL_BINNED_RNA_ANALYZER.RUN_UMAP.fork_square_016um
2025-10-14 12:18:34 [runtime] (complete)        ID.F07839_1n2.SPATIAL_RNA_COUNTER_CS.SPATIAL_RNA_COUNTER.SPATIAL_POST_MATRIX_COMPUTATION.BIN_HD_DATA._BIN_HD_DATA._COMPUTE_BINNED_OUTPUTS.SPATIAL_BINNED_RNA_ANALYZER.RUN_GRAPH_CLUSTERING.fork_square_016um
2025-10-14 12:18:37 [runtime] (complete)        ID.F07839_1n2.SPATIAL_RNA_COUNTER_CS.SPATIAL_RNA_COUNTER.SPATIAL_POST_MATRIX_COMPUTATION.BIN_HD_DATA._BIN_HD_DATA._COMPUTE_BINNED_OUTPUTS.SPATIAL_BINNED_RNA_ANALYZER.RUN_GRAPH_CLUSTERING.fork_square_016um
2025-10-14 12:18:37 [runtime] (complete)        ID.F07839_1n2.SPATIAL_RNA_COUNTER_CS.SPATIAL_RNA_COUNTER.SPATIAL_POST_MATRIX_COMPUTATION.BIN_HD_DATA._BIN_HD_DATA._COMPUTE_BINNED_OUTPUTS.SPATIAL_BINNED_RNA_ANALYZER.RUN_UMAP.fork_square_016um
2025-10-14 12:18:40 [runtime] (complete)        ID.F07839_1n2.SPATIAL_RNA_COUNTER_CS.SPATIAL_RNA_COUNTER.SPATIAL_POST_MATRIX_COMPUTATION.BIN_HD_DATA._BIN_HD_DATA._COMPUTE_BINNED_OUTPUTS.SPATIAL_BINNED_RNA_ANALYZER.RUN_UMAP.fork_square_016um
2025-10-14 12:18:40 [runtime] (complete)        ID.F07839_1n2.SPATIAL_RNA_COUNTER_CS.SPATIAL_RNA_COUNTER.SPATIAL_POST_MATRIX_COMPUTATION.BIN_HD_DATA._BIN_HD_DATA._COMPUTE_BINNED_OUTPUTS.SPATIAL_BINNED_RNA_ANALYZER.RUN_GRAPH_CLUSTERING.fork_square_016um
2025-10-14 12:18:43 [runtime] (complete)        ID.F07839_1n2.SPATIAL_RNA_COUNTER_CS.SPATIAL_RNA_COUNTER.SPATIAL_POST_MATRIX_COMPUTATION.BIN_HD_DATA._BIN_HD_DATA._COMPUTE_BINNED_OUTPUTS.SPATIAL_BINNED_RNA_ANALYZER.RUN_UMAP.fork_square_016um
2025-10-14 12:18:43 [runtime] (complete)        ID.F07839_1n2.SPATIAL_RNA_COUNTER_CS.SPATIAL_RNA_COUNTER.SPATIAL_POST_MATRIX_COMPUTATION.BIN_HD_DATA._BIN_HD_DATA._COMPUTE_BINNED_OUTPUTS.SPATIAL_BINNED_RNA_ANALYZER.RUN_GRAPH_CLUSTERING.fork_square_016um
2025-10-14 12:18:46 [runtime] (complete)        ID.F07839_1n2.SPATIAL_RNA_COUNTER_CS.SPATIAL_RNA_COUNTER.SPATIAL_POST_MATRIX_COMPUTATION.BIN_HD_DATA._BIN_HD_DATA._COMPUTE_BINNED_OUTPUTS.SPATIAL_BINNED_RNA_ANALYZER.RUN_UMAP.fork_square_016um
2025-10-14 12:18:46 [runtime] (complete)        ID.F07839_1n2.SPATIAL_RNA_COUNTER_CS.SPATIAL_RNA_COUNTER.SPATIAL_POST_MATRIX_COMPUTATION.BIN_HD_DATA._BIN_HD_DATA._COMPUTE_BINNED_OUTPUTS.SPATIAL_BINNED_RNA_ANALYZER.RUN_GRAPH_CLUSTERING.fork_square_016um
2025-10-14 12:18:49 [runtime] (complete)        ID.F07839_1n2.SPATIAL_RNA_COUNTER_CS.SPATIAL_RNA_COUNTER.SPATIAL_POST_MATRIX_COMPUTATION.BIN_HD_DATA._BIN_HD_DATA._COMPUTE_BINNED_OUTPUTS.SPATIAL_BINNED_RNA_ANALYZER.RUN_GRAPH_CLUSTERING.fork_square_016um
2025-10-14 12:18:49 [runtime] (complete)        ID.F07839_1n2.SPATIAL_RNA_COUNTER_CS.SPATIAL_RNA_COUNTER.SPATIAL_POST_MATRIX_COMPUTATION.BIN_HD_DATA._BIN_HD_DATA._COMPUTE_BINNED_OUTPUTS.SPATIAL_BINNED_RNA_ANALYZER.RUN_UMAP.fork_square_016um
2025-10-14 12:18:52 [runtime] (complete)        ID.F07839_1n2.SPATIAL_RNA_COUNTER_CS.SPATIAL_RNA_COUNTER.SPATIAL_POST_MATRIX_COMPUTATION.BIN_HD_DATA._BIN_HD_DATA._COMPUTE_BINNED_OUTPUTS.SPATIAL_BINNED_RNA_ANALYZER.RUN_UMAP.fork_square_016um
2025-10-14 12:18:52 [runtime] (complete)        ID.F07839_1n2.SPATIAL_RNA_COUNTER_CS.SPATIAL_RNA_COUNTER.SPATIAL_POST_MATRIX_COMPUTATION.BIN_HD_DATA._BIN_HD_DATA._COMPUTE_BINNED_OUTPUTS.SPATIAL_BINNED_RNA_ANALYZER.RUN_GRAPH_CLUSTERING.fork_square_016um
2025-10-14 12:18:55 [runtime] (complete)        ID.F07839_1n2.SPATIAL_RNA_COUNTER_CS.SPATIAL_RNA_COUNTER.SPATIAL_POST_MATRIX_COMPUTATION.BIN_HD_DATA._BIN_HD_DATA._COMPUTE_BINNED_OUTPUTS.SPATIAL_BINNED_RNA_ANALYZER.RUN_UMAP.fork_square_016um
2025-10-14 12:18:55 [runtime] (complete)        ID.F07839_1n2.SPATIAL_RNA_COUNTER_CS.SPATIAL_RNA_COUNTER.SPATIAL_POST_MATRIX_COMPUTATION.BIN_HD_DATA._BIN_HD_DATA._COMPUTE_BINNED_OUTPUTS.SPATIAL_BINNED_RNA_ANALYZER.RUN_GRAPH_CLUSTERING.fork_square_016um
2025-10-14 12:18:58 [runtime] (complete)        ID.F07839_1n2.SPATIAL_RNA_COUNTER_CS.SPATIAL_RNA_COUNTER.SPATIAL_POST_MATRIX_COMPUTATION.BIN_HD_DATA._BIN_HD_DATA._COMPUTE_BINNED_OUTPUTS.SPATIAL_BINNED_RNA_ANALYZER.RUN_GRAPH_CLUSTERING.fork_square_016um
2025-10-14 12:18:58 [runtime] (complete)        ID.F07839_1n2.SPATIAL_RNA_COUNTER_CS.SPATIAL_RNA_COUNTER.SPATIAL_POST_MATRIX_COMPUTATION.BIN_HD_DATA._BIN_HD_DATA._COMPUTE_BINNED_OUTPUTS.SPATIAL_BINNED_RNA_ANALYZER.RUN_UMAP.fork_square_016um
2025-10-14 12:19:01 [runtime] (complete)        ID.F07839_1n2.SPATIAL_RNA_COUNTER_CS.SPATIAL_RNA_COUNTER.SPATIAL_POST_MATRIX_COMPUTATION.BIN_HD_DATA._BIN_HD_DATA._COMPUTE_BINNED_OUTPUTS.SPATIAL_BINNED_RNA_ANALYZER.RUN_UMAP.fork_square_016um
2025-10-14 12:19:01 [runtime] (complete)        ID.F07839_1n2.SPATIAL_RNA_COUNTER_CS.SPATIAL_RNA_COUNTER.SPATIAL_POST_MATRIX_COMPUTATION.BIN_HD_DATA._BIN_HD_DATA._COMPUTE_BINNED_OUTPUTS.SPATIAL_BINNED_RNA_ANALYZER.RUN_GRAPH_CLUSTERING.fork_square_016um
2025-10-14 12:19:04 [runtime] (complete)        ID.F07839_1n2.SPATIAL_RNA_COUNTER_CS.SPATIAL_RNA_COUNTER.SPATIAL_POST_MATRIX_COMPUTATION.BIN_HD_DATA._BIN_HD_DATA._COMPUTE_BINNED_OUTPUTS.SPATIAL_BINNED_RNA_ANALYZER.RUN_GRAPH_CLUSTERING.fork_square_016um
2025-10-14 12:19:04 [runtime] (complete)        ID.F07839_1n2.SPATIAL_RNA_COUNTER_CS.SPATIAL_RNA_COUNTER.SPATIAL_POST_MATRIX_COMPUTATION.BIN_HD_DATA._BIN_HD_DATA._COMPUTE_BINNED_OUTPUTS.SPATIAL_BINNED_RNA_ANALYZER.RUN_UMAP.fork_square_016um
2025-10-14 12:19:07 [runtime] (complete)        ID.F07839_1n2.SPATIAL_RNA_COUNTER_CS.SPATIAL_RNA_COUNTER.SPATIAL_POST_MATRIX_COMPUTATION.BIN_HD_DATA._BIN_HD_DATA._COMPUTE_BINNED_OUTPUTS.SPATIAL_BINNED_RNA_ANALYZER.RUN_GRAPH_CLUSTERING.fork_square_016um
2025-10-14 12:19:07 [runtime] (complete)        ID.F07839_1n2.SPATIAL_RNA_COUNTER_CS.SPATIAL_RNA_COUNTER.SPATIAL_POST_MATRIX_COMPUTATION.BIN_HD_DATA._BIN_HD_DATA._COMPUTE_BINNED_OUTPUTS.SPATIAL_BINNED_RNA_ANALYZER.RUN_UMAP.fork_square_016um
2025-10-14 12:19:10 [runtime] (complete)        ID.F07839_1n2.SPATIAL_RNA_COUNTER_CS.SPATIAL_RNA_COUNTER.SPATIAL_POST_MATRIX_COMPUTATION.BIN_HD_DATA._BIN_HD_DATA._COMPUTE_BINNED_OUTPUTS.SPATIAL_BINNED_RNA_ANALYZER.RUN_UMAP.fork_square_016um
2025-10-14 12:19:10 [runtime] (complete)        ID.F07839_1n2.SPATIAL_RNA_COUNTER_CS.SPATIAL_RNA_COUNTER.SPATIAL_POST_MATRIX_COMPUTATION.BIN_HD_DATA._BIN_HD_DATA._COMPUTE_BINNED_OUTPUTS.SPATIAL_BINNED_RNA_ANALYZER.RUN_GRAPH_CLUSTERING.fork_square_016um
2025-10-14 12:19:13 [runtime] (complete)        ID.F07839_1n2.SPATIAL_RNA_COUNTER_CS.SPATIAL_RNA_COUNTER.SPATIAL_POST_MATRIX_COMPUTATION.BIN_HD_DATA._BIN_HD_DATA._COMPUTE_BINNED_OUTPUTS.SPATIAL_BINNED_RNA_ANALYZER.RUN_UMAP.fork_square_016um
2025-10-14 12:19:13 [runtime] (complete)        ID.F07839_1n2.SPATIAL_RNA_COUNTER_CS.SPATIAL_RNA_COUNTER.SPATIAL_POST_MATRIX_COMPUTATION.BIN_HD_DATA._BIN_HD_DATA._COMPUTE_BINNED_OUTPUTS.SPATIAL_BINNED_RNA_ANALYZER.RUN_GRAPH_CLUSTERING.fork_square_016um
2025-10-14 12:19:16 [runtime] (complete)        ID.F07839_1n2.SPATIAL_RNA_COUNTER_CS.SPATIAL_RNA_COUNTER.SPATIAL_POST_MATRIX_COMPUTATION.BIN_HD_DATA._BIN_HD_DATA._COMPUTE_BINNED_OUTPUTS.SPATIAL_BINNED_RNA_ANALYZER.RUN_GRAPH_CLUSTERING.fork_square_016um
2025-10-14 12:19:16 [runtime] (complete)        ID.F07839_1n2.SPATIAL_RNA_COUNTER_CS.SPATIAL_RNA_COUNTER.SPATIAL_POST_MATRIX_COMPUTATION.BIN_HD_DATA._BIN_HD_DATA._COMPUTE_BINNED_OUTPUTS.SPATIAL_BINNED_RNA_ANALYZER.RUN_UMAP.fork_square_016um
2025-10-14 12:19:19 [runtime] (complete)        ID.F07839_1n2.SPATIAL_RNA_COUNTER_CS.SPATIAL_RNA_COUNTER.SPATIAL_POST_MATRIX_COMPUTATION.BIN_HD_DATA._BIN_HD_DATA._COMPUTE_BINNED_OUTPUTS.SPATIAL_BINNED_RNA_ANALYZER.RUN_GRAPH_CLUSTERING.fork_square_016um
2025-10-14 12:19:19 [runtime] (complete)        ID.F07839_1n2.SPATIAL_RNA_COUNTER_CS.SPATIAL_RNA_COUNTER.SPATIAL_POST_MATRIX_COMPUTATION.BIN_HD_DATA._BIN_HD_DATA._COMPUTE_BINNED_OUTPUTS.SPATIAL_BINNED_RNA_ANALYZER.RUN_UMAP.fork_square_016um
2025-10-14 12:19:22 [runtime] (complete)        ID.F07839_1n2.SPATIAL_RNA_COUNTER_CS.SPATIAL_RNA_COUNTER.SPATIAL_POST_MATRIX_COMPUTATION.BIN_HD_DATA._BIN_HD_DATA._COMPUTE_BINNED_OUTPUTS.SPATIAL_BINNED_RNA_ANALYZER.RUN_UMAP.fork_square_016um
2025-10-14 12:19:22 [runtime] (complete)        ID.F07839_1n2.SPATIAL_RNA_COUNTER_CS.SPATIAL_RNA_COUNTER.SPATIAL_POST_MATRIX_COMPUTATION.BIN_HD_DATA._BIN_HD_DATA._COMPUTE_BINNED_OUTPUTS.SPATIAL_BINNED_RNA_ANALYZER.RUN_GRAPH_CLUSTERING.fork_square_016um
2025-10-14 12:19:25 [runtime] (complete)        ID.F07839_1n2.SPATIAL_RNA_COUNTER_CS.SPATIAL_RNA_COUNTER.SPATIAL_POST_MATRIX_COMPUTATION.BIN_HD_DATA._BIN_HD_DATA._COMPUTE_BINNED_OUTPUTS.SPATIAL_BINNED_RNA_ANALYZER.RUN_GRAPH_CLUSTERING.fork_square_016um
2025-10-14 12:19:25 [runtime] (complete)        ID.F07839_1n2.SPATIAL_RNA_COUNTER_CS.SPATIAL_RNA_COUNTER.SPATIAL_POST_MATRIX_COMPUTATION.BIN_HD_DATA._BIN_HD_DATA._COMPUTE_BINNED_OUTPUTS.SPATIAL_BINNED_RNA_ANALYZER.RUN_UMAP.fork_square_016um
2025-10-14 12:19:28 [runtime] (complete)        ID.F07839_1n2.SPATIAL_RNA_COUNTER_CS.SPATIAL_RNA_COUNTER.SPATIAL_POST_MATRIX_COMPUTATION.BIN_HD_DATA._BIN_HD_DATA._COMPUTE_BINNED_OUTPUTS.SPATIAL_BINNED_RNA_ANALYZER.RUN_UMAP.fork_square_016um
2025-10-14 12:19:28 [runtime] (complete)        ID.F07839_1n2.SPATIAL_RNA_COUNTER_CS.SPATIAL_RNA_COUNTER.SPATIAL_POST_MATRIX_COMPUTATION.BIN_HD_DATA._BIN_HD_DATA._COMPUTE_BINNED_OUTPUTS.SPATIAL_BINNED_RNA_ANALYZER.RUN_GRAPH_CLUSTERING.fork_square_016um
2025-10-14 12:19:31 [runtime] (complete)        ID.F07839_1n2.SPATIAL_RNA_COUNTER_CS.SPATIAL_RNA_COUNTER.SPATIAL_POST_MATRIX_COMPUTATION.BIN_HD_DATA._BIN_HD_DATA._COMPUTE_BINNED_OUTPUTS.SPATIAL_BINNED_RNA_ANALYZER.RUN_UMAP.fork_square_016um
2025-10-14 12:19:31 [runtime] (complete)        ID.F07839_1n2.SPATIAL_RNA_COUNTER_CS.SPATIAL_RNA_COUNTER.SPATIAL_POST_MATRIX_COMPUTATION.BIN_HD_DATA._BIN_HD_DATA._COMPUTE_BINNED_OUTPUTS.SPATIAL_BINNED_RNA_ANALYZER.RUN_GRAPH_CLUSTERING.fork_square_016um
2025-10-14 12:19:34 [runtime] (complete)        ID.F07839_1n2.SPATIAL_RNA_COUNTER_CS.SPATIAL_RNA_COUNTER.SPATIAL_POST_MATRIX_COMPUTATION.BIN_HD_DATA._BIN_HD_DATA._COMPUTE_BINNED_OUTPUTS.SPATIAL_BINNED_RNA_ANALYZER.RUN_GRAPH_CLUSTERING.fork_square_016um
2025-10-14 12:19:34 [runtime] (complete)        ID.F07839_1n2.SPATIAL_RNA_COUNTER_CS.SPATIAL_RNA_COUNTER.SPATIAL_POST_MATRIX_COMPUTATION.BIN_HD_DATA._BIN_HD_DATA._COMPUTE_BINNED_OUTPUTS.SPATIAL_BINNED_RNA_ANALYZER.RUN_UMAP.fork_square_016um
2025-10-14 12:19:37 [runtime] (complete)        ID.F07839_1n2.SPATIAL_RNA_COUNTER_CS.SPATIAL_RNA_COUNTER.SPATIAL_POST_MATRIX_COMPUTATION.BIN_HD_DATA._BIN_HD_DATA._COMPUTE_BINNED_OUTPUTS.SPATIAL_BINNED_RNA_ANALYZER.RUN_GRAPH_CLUSTERING.fork_square_016um
2025-10-14 12:19:37 [runtime] (complete)        ID.F07839_1n2.SPATIAL_RNA_COUNTER_CS.SPATIAL_RNA_COUNTER.SPATIAL_POST_MATRIX_COMPUTATION.BIN_HD_DATA._BIN_HD_DATA._COMPUTE_BINNED_OUTPUTS.SPATIAL_BINNED_RNA_ANALYZER.RUN_UMAP.fork_square_016um
2025-10-14 12:19:40 [runtime] (complete)        ID.F07839_1n2.SPATIAL_RNA_COUNTER_CS.SPATIAL_RNA_COUNTER.SPATIAL_POST_MATRIX_COMPUTATION.BIN_HD_DATA._BIN_HD_DATA._COMPUTE_BINNED_OUTPUTS.SPATIAL_BINNED_RNA_ANALYZER.RUN_UMAP.fork_square_016um
2025-10-14 12:19:40 [runtime] (complete)        ID.F07839_1n2.SPATIAL_RNA_COUNTER_CS.SPATIAL_RNA_COUNTER.SPATIAL_POST_MATRIX_COMPUTATION.BIN_HD_DATA._BIN_HD_DATA._COMPUTE_BINNED_OUTPUTS.SPATIAL_BINNED_RNA_ANALYZER.RUN_GRAPH_CLUSTERING.fork_square_016um
2025-10-14 12:19:43 [runtime] (complete)        ID.F07839_1n2.SPATIAL_RNA_COUNTER_CS.SPATIAL_RNA_COUNTER.SPATIAL_POST_MATRIX_COMPUTATION.BIN_HD_DATA._BIN_HD_DATA._COMPUTE_BINNED_OUTPUTS.SPATIAL_BINNED_RNA_ANALYZER.RUN_UMAP.fork_square_016um
2025-10-14 12:19:43 [runtime] (complete)        ID.F07839_1n2.SPATIAL_RNA_COUNTER_CS.SPATIAL_RNA_COUNTER.SPATIAL_POST_MATRIX_COMPUTATION.BIN_HD_DATA._BIN_HD_DATA._COMPUTE_BINNED_OUTPUTS.SPATIAL_BINNED_RNA_ANALYZER.RUN_GRAPH_CLUSTERING.fork_square_016um
2025-10-14 12:19:46 [runtime] (complete)        ID.F07839_1n2.SPATIAL_RNA_COUNTER_CS.SPATIAL_RNA_COUNTER.SPATIAL_POST_MATRIX_COMPUTATION.BIN_HD_DATA._BIN_HD_DATA._COMPUTE_BINNED_OUTPUTS.SPATIAL_BINNED_RNA_ANALYZER.RUN_GRAPH_CLUSTERING.fork_square_016um
2025-10-14 12:19:46 [runtime] (complete)        ID.F07839_1n2.SPATIAL_RNA_COUNTER_CS.SPATIAL_RNA_COUNTER.SPATIAL_POST_MATRIX_COMPUTATION.BIN_HD_DATA._BIN_HD_DATA._COMPUTE_BINNED_OUTPUTS.SPATIAL_BINNED_RNA_ANALYZER.RUN_UMAP.fork_square_016um
2025-10-14 12:19:49 [runtime] (complete)        ID.F07839_1n2.SPATIAL_RNA_COUNTER_CS.SPATIAL_RNA_COUNTER.SPATIAL_POST_MATRIX_COMPUTATION.BIN_HD_DATA._BIN_HD_DATA._COMPUTE_BINNED_OUTPUTS.SPATIAL_BINNED_RNA_ANALYZER.RUN_UMAP.fork_square_016um
2025-10-14 12:19:49 [runtime] (complete)        ID.F07839_1n2.SPATIAL_RNA_COUNTER_CS.SPATIAL_RNA_COUNTER.SPATIAL_POST_MATRIX_COMPUTATION.BIN_HD_DATA._BIN_HD_DATA._COMPUTE_BINNED_OUTPUTS.SPATIAL_BINNED_RNA_ANALYZER.RUN_GRAPH_CLUSTERING.fork_square_016um
2025-10-14 12:19:52 [runtime] (complete)        ID.F07839_1n2.SPATIAL_RNA_COUNTER_CS.SPATIAL_RNA_COUNTER.SPATIAL_POST_MATRIX_COMPUTATION.BIN_HD_DATA._BIN_HD_DATA._COMPUTE_BINNED_OUTPUTS.SPATIAL_BINNED_RNA_ANALYZER.RUN_GRAPH_CLUSTERING.fork_square_016um
2025-10-14 12:19:52 [runtime] (complete)        ID.F07839_1n2.SPATIAL_RNA_COUNTER_CS.SPATIAL_RNA_COUNTER.SPATIAL_POST_MATRIX_COMPUTATION.BIN_HD_DATA._BIN_HD_DATA._COMPUTE_BINNED_OUTPUTS.SPATIAL_BINNED_RNA_ANALYZER.RUN_UMAP.fork_square_016um
2025-10-14 12:19:55 [runtime] (complete)        ID.F07839_1n2.SPATIAL_RNA_COUNTER_CS.SPATIAL_RNA_COUNTER.SPATIAL_POST_MATRIX_COMPUTATION.BIN_HD_DATA._BIN_HD_DATA._COMPUTE_BINNED_OUTPUTS.SPATIAL_BINNED_RNA_ANALYZER.RUN_GRAPH_CLUSTERING.fork_square_016um
2025-10-14 12:19:55 [runtime] (complete)        ID.F07839_1n2.SPATIAL_RNA_COUNTER_CS.SPATIAL_RNA_COUNTER.SPATIAL_POST_MATRIX_COMPUTATION.BIN_HD_DATA._BIN_HD_DATA._COMPUTE_BINNED_OUTPUTS.SPATIAL_BINNED_RNA_ANALYZER.RUN_UMAP.fork_square_016um
2025-10-14 12:19:58 [runtime] (complete)        ID.F07839_1n2.SPATIAL_RNA_COUNTER_CS.SPATIAL_RNA_COUNTER.SPATIAL_POST_MATRIX_COMPUTATION.BIN_HD_DATA._BIN_HD_DATA._COMPUTE_BINNED_OUTPUTS.SPATIAL_BINNED_RNA_ANALYZER.RUN_UMAP.fork_square_016um
2025-10-14 12:19:58 [runtime] (complete)        ID.F07839_1n2.SPATIAL_RNA_COUNTER_CS.SPATIAL_RNA_COUNTER.SPATIAL_POST_MATRIX_COMPUTATION.BIN_HD_DATA._BIN_HD_DATA._COMPUTE_BINNED_OUTPUTS.SPATIAL_BINNED_RNA_ANALYZER.RUN_GRAPH_CLUSTERING.fork_square_016um
2025-10-14 12:20:01 [runtime] (complete)        ID.F07839_1n2.SPATIAL_RNA_COUNTER_CS.SPATIAL_RNA_COUNTER.SPATIAL_POST_MATRIX_COMPUTATION.BIN_HD_DATA._BIN_HD_DATA._COMPUTE_BINNED_OUTPUTS.SPATIAL_BINNED_RNA_ANALYZER.RUN_UMAP.fork_square_016um
2025-10-14 12:20:01 [runtime] (complete)        ID.F07839_1n2.SPATIAL_RNA_COUNTER_CS.SPATIAL_RNA_COUNTER.SPATIAL_POST_MATRIX_COMPUTATION.BIN_HD_DATA._BIN_HD_DATA._COMPUTE_BINNED_OUTPUTS.SPATIAL_BINNED_RNA_ANALYZER.RUN_GRAPH_CLUSTERING.fork_square_016um
2025-10-14 12:20:04 [runtime] (complete)        ID.F07839_1n2.SPATIAL_RNA_COUNTER_CS.SPATIAL_RNA_COUNTER.SPATIAL_POST_MATRIX_COMPUTATION.BIN_HD_DATA._BIN_HD_DATA._COMPUTE_BINNED_OUTPUTS.SPATIAL_BINNED_RNA_ANALYZER.RUN_UMAP.fork_square_016um
2025-10-14 12:20:04 [runtime] (complete)        ID.F07839_1n2.SPATIAL_RNA_COUNTER_CS.SPATIAL_RNA_COUNTER.SPATIAL_POST_MATRIX_COMPUTATION.BIN_HD_DATA._BIN_HD_DATA._COMPUTE_BINNED_OUTPUTS.SPATIAL_BINNED_RNA_ANALYZER.RUN_GRAPH_CLUSTERING.fork_square_016um
2025-10-14 12:20:07 [runtime] (complete)        ID.F07839_1n2.SPATIAL_RNA_COUNTER_CS.SPATIAL_RNA_COUNTER.SPATIAL_POST_MATRIX_COMPUTATION.BIN_HD_DATA._BIN_HD_DATA._COMPUTE_BINNED_OUTPUTS.SPATIAL_BINNED_RNA_ANALYZER.RUN_UMAP.fork_square_016um
2025-10-14 12:20:07 [runtime] (complete)        ID.F07839_1n2.SPATIAL_RNA_COUNTER_CS.SPATIAL_RNA_COUNTER.SPATIAL_POST_MATRIX_COMPUTATION.BIN_HD_DATA._BIN_HD_DATA._COMPUTE_BINNED_OUTPUTS.SPATIAL_BINNED_RNA_ANALYZER.RUN_GRAPH_CLUSTERING.fork_square_016um
2025-10-14 12:20:10 [runtime] (complete)        ID.F07839_1n2.SPATIAL_RNA_COUNTER_CS.SPATIAL_RNA_COUNTER.SPATIAL_POST_MATRIX_COMPUTATION.BIN_HD_DATA._BIN_HD_DATA._COMPUTE_BINNED_OUTPUTS.SPATIAL_BINNED_RNA_ANALYZER.RUN_UMAP.fork_square_016um
2025-10-14 12:20:10 [runtime] (complete)        ID.F07839_1n2.SPATIAL_RNA_COUNTER_CS.SPATIAL_RNA_COUNTER.SPATIAL_POST_MATRIX_COMPUTATION.BIN_HD_DATA._BIN_HD_DATA._COMPUTE_BINNED_OUTPUTS.SPATIAL_BINNED_RNA_ANALYZER.RUN_GRAPH_CLUSTERING.fork_square_016um
2025-10-14 12:20:13 [runtime] (complete)        ID.F07839_1n2.SPATIAL_RNA_COUNTER_CS.SPATIAL_RNA_COUNTER.SPATIAL_POST_MATRIX_COMPUTATION.BIN_HD_DATA._BIN_HD_DATA._COMPUTE_BINNED_OUTPUTS.SPATIAL_BINNED_RNA_ANALYZER.RUN_GRAPH_CLUSTERING.fork_square_016um
2025-10-14 12:20:13 [runtime] (complete)        ID.F07839_1n2.SPATIAL_RNA_COUNTER_CS.SPATIAL_RNA_COUNTER.SPATIAL_POST_MATRIX_COMPUTATION.BIN_HD_DATA._BIN_HD_DATA._COMPUTE_BINNED_OUTPUTS.SPATIAL_BINNED_RNA_ANALYZER.RUN_UMAP.fork_square_016um
2025-10-14 12:20:16 [runtime] (complete)        ID.F07839_1n2.SPATIAL_RNA_COUNTER_CS.SPATIAL_RNA_COUNTER.SPATIAL_POST_MATRIX_COMPUTATION.BIN_HD_DATA._BIN_HD_DATA._COMPUTE_BINNED_OUTPUTS.SPATIAL_BINNED_RNA_ANALYZER.RUN_UMAP.fork_square_016um
2025-10-14 12:20:16 [runtime] (complete)        ID.F07839_1n2.SPATIAL_RNA_COUNTER_CS.SPATIAL_RNA_COUNTER.SPATIAL_POST_MATRIX_COMPUTATION.BIN_HD_DATA._BIN_HD_DATA._COMPUTE_BINNED_OUTPUTS.SPATIAL_BINNED_RNA_ANALYZER.RUN_GRAPH_CLUSTERING.fork_square_016um
2025-10-14 12:20:19 [runtime] (complete)        ID.F07839_1n2.SPATIAL_RNA_COUNTER_CS.SPATIAL_RNA_COUNTER.SPATIAL_POST_MATRIX_COMPUTATION.BIN_HD_DATA._BIN_HD_DATA._COMPUTE_BINNED_OUTPUTS.SPATIAL_BINNED_RNA_ANALYZER.RUN_UMAP.fork_square_016um
2025-10-14 12:20:19 [runtime] (complete)        ID.F07839_1n2.SPATIAL_RNA_COUNTER_CS.SPATIAL_RNA_COUNTER.SPATIAL_POST_MATRIX_COMPUTATION.BIN_HD_DATA._BIN_HD_DATA._COMPUTE_BINNED_OUTPUTS.SPATIAL_BINNED_RNA_ANALYZER.RUN_GRAPH_CLUSTERING.fork_square_016um
2025-10-14 12:20:22 [runtime] (complete)        ID.F07839_1n2.SPATIAL_RNA_COUNTER_CS.SPATIAL_RNA_COUNTER.SPATIAL_POST_MATRIX_COMPUTATION.BIN_HD_DATA._BIN_HD_DATA._COMPUTE_BINNED_OUTPUTS.SPATIAL_BINNED_RNA_ANALYZER.RUN_GRAPH_CLUSTERING.fork_square_016um
2025-10-14 12:20:22 [runtime] (complete)        ID.F07839_1n2.SPATIAL_RNA_COUNTER_CS.SPATIAL_RNA_COUNTER.SPATIAL_POST_MATRIX_COMPUTATION.BIN_HD_DATA._BIN_HD_DATA._COMPUTE_BINNED_OUTPUTS.SPATIAL_BINNED_RNA_ANALYZER.RUN_UMAP.fork_square_016um
2025-10-14 12:20:25 [runtime] (complete)        ID.F07839_1n2.SPATIAL_RNA_COUNTER_CS.SPATIAL_RNA_COUNTER.SPATIAL_POST_MATRIX_COMPUTATION.BIN_HD_DATA._BIN_HD_DATA._COMPUTE_BINNED_OUTPUTS.SPATIAL_BINNED_RNA_ANALYZER.RUN_UMAP.fork_square_016um
2025-10-14 12:20:25 [runtime] (complete)        ID.F07839_1n2.SPATIAL_RNA_COUNTER_CS.SPATIAL_RNA_COUNTER.SPATIAL_POST_MATRIX_COMPUTATION.BIN_HD_DATA._BIN_HD_DATA._COMPUTE_BINNED_OUTPUTS.SPATIAL_BINNED_RNA_ANALYZER.RUN_GRAPH_CLUSTERING.fork_square_016um
2025-10-14 12:20:28 [runtime] (complete)        ID.F07839_1n2.SPATIAL_RNA_COUNTER_CS.SPATIAL_RNA_COUNTER.SPATIAL_POST_MATRIX_COMPUTATION.BIN_HD_DATA._BIN_HD_DATA._COMPUTE_BINNED_OUTPUTS.SPATIAL_BINNED_RNA_ANALYZER.RUN_GRAPH_CLUSTERING.fork_square_016um
2025-10-14 12:20:28 [runtime] (complete)        ID.F07839_1n2.SPATIAL_RNA_COUNTER_CS.SPATIAL_RNA_COUNTER.SPATIAL_POST_MATRIX_COMPUTATION.BIN_HD_DATA._BIN_HD_DATA._COMPUTE_BINNED_OUTPUTS.SPATIAL_BINNED_RNA_ANALYZER.RUN_UMAP.fork_square_016um
2025-10-14 12:20:31 [runtime] (complete)        ID.F07839_1n2.SPATIAL_RNA_COUNTER_CS.SPATIAL_RNA_COUNTER.SPATIAL_POST_MATRIX_COMPUTATION.BIN_HD_DATA._BIN_HD_DATA._COMPUTE_BINNED_OUTPUTS.SPATIAL_BINNED_RNA_ANALYZER.RUN_UMAP.fork_square_016um
2025-10-14 12:20:31 [runtime] (complete)        ID.F07839_1n2.SPATIAL_RNA_COUNTER_CS.SPATIAL_RNA_COUNTER.SPATIAL_POST_MATRIX_COMPUTATION.BIN_HD_DATA._BIN_HD_DATA._COMPUTE_BINNED_OUTPUTS.SPATIAL_BINNED_RNA_ANALYZER.RUN_GRAPH_CLUSTERING.fork_square_016um
2025-10-14 12:20:34 [runtime] (complete)        ID.F07839_1n2.SPATIAL_RNA_COUNTER_CS.SPATIAL_RNA_COUNTER.SPATIAL_POST_MATRIX_COMPUTATION.BIN_HD_DATA._BIN_HD_DATA._COMPUTE_BINNED_OUTPUTS.SPATIAL_BINNED_RNA_ANALYZER.RUN_GRAPH_CLUSTERING.fork_square_016um
2025-10-14 12:20:34 [runtime] (complete)        ID.F07839_1n2.SPATIAL_RNA_COUNTER_CS.SPATIAL_RNA_COUNTER.SPATIAL_POST_MATRIX_COMPUTATION.BIN_HD_DATA._BIN_HD_DATA._COMPUTE_BINNED_OUTPUTS.SPATIAL_BINNED_RNA_ANALYZER.RUN_UMAP.fork_square_016um
2025-10-14 12:20:37 [runtime] (complete)        ID.F07839_1n2.SPATIAL_RNA_COUNTER_CS.SPATIAL_RNA_COUNTER.SPATIAL_POST_MATRIX_COMPUTATION.BIN_HD_DATA._BIN_HD_DATA._COMPUTE_BINNED_OUTPUTS.SPATIAL_BINNED_RNA_ANALYZER.RUN_UMAP.fork_square_016um
2025-10-14 12:20:37 [runtime] (complete)        ID.F07839_1n2.SPATIAL_RNA_COUNTER_CS.SPATIAL_RNA_COUNTER.SPATIAL_POST_MATRIX_COMPUTATION.BIN_HD_DATA._BIN_HD_DATA._COMPUTE_BINNED_OUTPUTS.SPATIAL_BINNED_RNA_ANALYZER.RUN_GRAPH_CLUSTERING.fork_square_016um
2025-10-14 12:20:40 [runtime] (complete)        ID.F07839_1n2.SPATIAL_RNA_COUNTER_CS.SPATIAL_RNA_COUNTER.SPATIAL_POST_MATRIX_COMPUTATION.BIN_HD_DATA._BIN_HD_DATA._COMPUTE_BINNED_OUTPUTS.SPATIAL_BINNED_RNA_ANALYZER.RUN_GRAPH_CLUSTERING.fork_square_016um
2025-10-14 12:20:40 [runtime] (complete)        ID.F07839_1n2.SPATIAL_RNA_COUNTER_CS.SPATIAL_RNA_COUNTER.SPATIAL_POST_MATRIX_COMPUTATION.BIN_HD_DATA._BIN_HD_DATA._COMPUTE_BINNED_OUTPUTS.SPATIAL_BINNED_RNA_ANALYZER.RUN_UMAP.fork_square_016um
2025-10-14 12:20:43 [runtime] (complete)        ID.F07839_1n2.SPATIAL_RNA_COUNTER_CS.SPATIAL_RNA_COUNTER.SPATIAL_POST_MATRIX_COMPUTATION.BIN_HD_DATA._BIN_HD_DATA._COMPUTE_BINNED_OUTPUTS.SPATIAL_BINNED_RNA_ANALYZER.RUN_UMAP.fork_square_016um
2025-10-14 12:20:43 [runtime] (complete)        ID.F07839_1n2.SPATIAL_RNA_COUNTER_CS.SPATIAL_RNA_COUNTER.SPATIAL_POST_MATRIX_COMPUTATION.BIN_HD_DATA._BIN_HD_DATA._COMPUTE_BINNED_OUTPUTS.SPATIAL_BINNED_RNA_ANALYZER.RUN_GRAPH_CLUSTERING.fork_square_016um
2025-10-14 12:20:46 [runtime] (complete)        ID.F07839_1n2.SPATIAL_RNA_COUNTER_CS.SPATIAL_RNA_COUNTER.SPATIAL_POST_MATRIX_COMPUTATION.BIN_HD_DATA._BIN_HD_DATA._COMPUTE_BINNED_OUTPUTS.SPATIAL_BINNED_RNA_ANALYZER.RUN_UMAP.fork_square_016um
2025-10-14 12:20:46 [runtime] (complete)        ID.F07839_1n2.SPATIAL_RNA_COUNTER_CS.SPATIAL_RNA_COUNTER.SPATIAL_POST_MATRIX_COMPUTATION.BIN_HD_DATA._BIN_HD_DATA._COMPUTE_BINNED_OUTPUTS.SPATIAL_BINNED_RNA_ANALYZER.RUN_GRAPH_CLUSTERING.fork_square_016um
2025-10-14 12:20:49 [runtime] (complete)        ID.F07839_1n2.SPATIAL_RNA_COUNTER_CS.SPATIAL_RNA_COUNTER.SPATIAL_POST_MATRIX_COMPUTATION.BIN_HD_DATA._BIN_HD_DATA._COMPUTE_BINNED_OUTPUTS.SPATIAL_BINNED_RNA_ANALYZER.RUN_UMAP.fork_square_016um
2025-10-14 12:20:49 [runtime] (complete)        ID.F07839_1n2.SPATIAL_RNA_COUNTER_CS.SPATIAL_RNA_COUNTER.SPATIAL_POST_MATRIX_COMPUTATION.BIN_HD_DATA._BIN_HD_DATA._COMPUTE_BINNED_OUTPUTS.SPATIAL_BINNED_RNA_ANALYZER.RUN_GRAPH_CLUSTERING.fork_square_016um
2025-10-14 12:20:52 [runtime] (complete)        ID.F07839_1n2.SPATIAL_RNA_COUNTER_CS.SPATIAL_RNA_COUNTER.SPATIAL_POST_MATRIX_COMPUTATION.BIN_HD_DATA._BIN_HD_DATA._COMPUTE_BINNED_OUTPUTS.SPATIAL_BINNED_RNA_ANALYZER.RUN_UMAP.fork_square_016um
2025-10-14 12:20:52 [runtime] (complete)        ID.F07839_1n2.SPATIAL_RNA_COUNTER_CS.SPATIAL_RNA_COUNTER.SPATIAL_POST_MATRIX_COMPUTATION.BIN_HD_DATA._BIN_HD_DATA._COMPUTE_BINNED_OUTPUTS.SPATIAL_BINNED_RNA_ANALYZER.RUN_GRAPH_CLUSTERING.fork_square_016um
2025-10-14 12:20:55 [runtime] (complete)        ID.F07839_1n2.SPATIAL_RNA_COUNTER_CS.SPATIAL_RNA_COUNTER.SPATIAL_POST_MATRIX_COMPUTATION.BIN_HD_DATA._BIN_HD_DATA._COMPUTE_BINNED_OUTPUTS.SPATIAL_BINNED_RNA_ANALYZER.RUN_UMAP.fork_square_016um
2025-10-14 12:20:55 [runtime] (complete)        ID.F07839_1n2.SPATIAL_RNA_COUNTER_CS.SPATIAL_RNA_COUNTER.SPATIAL_POST_MATRIX_COMPUTATION.BIN_HD_DATA._BIN_HD_DATA._COMPUTE_BINNED_OUTPUTS.SPATIAL_BINNED_RNA_ANALYZER.RUN_GRAPH_CLUSTERING.fork_square_016um
2025-10-14 12:20:58 [runtime] (complete)        ID.F07839_1n2.SPATIAL_RNA_COUNTER_CS.SPATIAL_RNA_COUNTER.SPATIAL_POST_MATRIX_COMPUTATION.BIN_HD_DATA._BIN_HD_DATA._COMPUTE_BINNED_OUTPUTS.SPATIAL_BINNED_RNA_ANALYZER.RUN_UMAP.fork_square_016um
2025-10-14 12:20:58 [runtime] (complete)        ID.F07839_1n2.SPATIAL_RNA_COUNTER_CS.SPATIAL_RNA_COUNTER.SPATIAL_POST_MATRIX_COMPUTATION.BIN_HD_DATA._BIN_HD_DATA._COMPUTE_BINNED_OUTPUTS.SPATIAL_BINNED_RNA_ANALYZER.RUN_GRAPH_CLUSTERING.fork_square_016um
2025-10-14 12:21:01 [runtime] (complete)        ID.F07839_1n2.SPATIAL_RNA_COUNTER_CS.SPATIAL_RNA_COUNTER.SPATIAL_POST_MATRIX_COMPUTATION.BIN_HD_DATA._BIN_HD_DATA._COMPUTE_BINNED_OUTPUTS.SPATIAL_BINNED_RNA_ANALYZER.RUN_UMAP.fork_square_016um
2025-10-14 12:21:01 [runtime] (complete)        ID.F07839_1n2.SPATIAL_RNA_COUNTER_CS.SPATIAL_RNA_COUNTER.SPATIAL_POST_MATRIX_COMPUTATION.BIN_HD_DATA._BIN_HD_DATA._COMPUTE_BINNED_OUTPUTS.SPATIAL_BINNED_RNA_ANALYZER.RUN_GRAPH_CLUSTERING.fork_square_016um
2025-10-14 12:21:05 [runtime] (complete)        ID.F07839_1n2.SPATIAL_RNA_COUNTER_CS.SPATIAL_RNA_COUNTER.SPATIAL_POST_MATRIX_COMPUTATION.BIN_HD_DATA._BIN_HD_DATA._COMPUTE_BINNED_OUTPUTS.SPATIAL_BINNED_RNA_ANALYZER.RUN_UMAP.fork_square_016um
2025-10-14 12:21:05 [runtime] (complete)        ID.F07839_1n2.SPATIAL_RNA_COUNTER_CS.SPATIAL_RNA_COUNTER.SPATIAL_POST_MATRIX_COMPUTATION.BIN_HD_DATA._BIN_HD_DATA._COMPUTE_BINNED_OUTPUTS.SPATIAL_BINNED_RNA_ANALYZER.RUN_GRAPH_CLUSTERING.fork_square_016um
2025-10-14 12:21:08 [runtime] (complete)        ID.F07839_1n2.SPATIAL_RNA_COUNTER_CS.SPATIAL_RNA_COUNTER.SPATIAL_POST_MATRIX_COMPUTATION.BIN_HD_DATA._BIN_HD_DATA._COMPUTE_BINNED_OUTPUTS.SPATIAL_BINNED_RNA_ANALYZER.RUN_GRAPH_CLUSTERING.fork_square_016um
2025-10-14 12:21:08 [runtime] (complete)        ID.F07839_1n2.SPATIAL_RNA_COUNTER_CS.SPATIAL_RNA_COUNTER.SPATIAL_POST_MATRIX_COMPUTATION.BIN_HD_DATA._BIN_HD_DATA._COMPUTE_BINNED_OUTPUTS.SPATIAL_BINNED_RNA_ANALYZER.RUN_UMAP.fork_square_016um
2025-10-14 12:21:11 [runtime] (complete)        ID.F07839_1n2.SPATIAL_RNA_COUNTER_CS.SPATIAL_RNA_COUNTER.SPATIAL_POST_MATRIX_COMPUTATION.BIN_HD_DATA._BIN_HD_DATA._COMPUTE_BINNED_OUTPUTS.SPATIAL_BINNED_RNA_ANALYZER.RUN_GRAPH_CLUSTERING.fork_square_016um
2025-10-14 12:21:11 [runtime] (complete)        ID.F07839_1n2.SPATIAL_RNA_COUNTER_CS.SPATIAL_RNA_COUNTER.SPATIAL_POST_MATRIX_COMPUTATION.BIN_HD_DATA._BIN_HD_DATA._COMPUTE_BINNED_OUTPUTS.SPATIAL_BINNED_RNA_ANALYZER.RUN_UMAP.fork_square_016um
2025-10-14 12:21:14 [runtime] (complete)        ID.F07839_1n2.SPATIAL_RNA_COUNTER_CS.SPATIAL_RNA_COUNTER.SPATIAL_POST_MATRIX_COMPUTATION.BIN_HD_DATA._BIN_HD_DATA._COMPUTE_BINNED_OUTPUTS.SPATIAL_BINNED_RNA_ANALYZER.RUN_UMAP.fork_square_016um
2025-10-14 12:21:14 [runtime] (complete)        ID.F07839_1n2.SPATIAL_RNA_COUNTER_CS.SPATIAL_RNA_COUNTER.SPATIAL_POST_MATRIX_COMPUTATION.BIN_HD_DATA._BIN_HD_DATA._COMPUTE_BINNED_OUTPUTS.SPATIAL_BINNED_RNA_ANALYZER.RUN_GRAPH_CLUSTERING.fork_square_016um
2025-10-14 12:21:17 [runtime] (complete)        ID.F07839_1n2.SPATIAL_RNA_COUNTER_CS.SPATIAL_RNA_COUNTER.SPATIAL_POST_MATRIX_COMPUTATION.BIN_HD_DATA._BIN_HD_DATA._COMPUTE_BINNED_OUTPUTS.SPATIAL_BINNED_RNA_ANALYZER.RUN_UMAP.fork_square_016um
2025-10-14 12:21:17 [runtime] (complete)        ID.F07839_1n2.SPATIAL_RNA_COUNTER_CS.SPATIAL_RNA_COUNTER.SPATIAL_POST_MATRIX_COMPUTATION.BIN_HD_DATA._BIN_HD_DATA._COMPUTE_BINNED_OUTPUTS.SPATIAL_BINNED_RNA_ANALYZER.RUN_GRAPH_CLUSTERING.fork_square_016um
2025-10-14 12:21:20 [runtime] (complete)        ID.F07839_1n2.SPATIAL_RNA_COUNTER_CS.SPATIAL_RNA_COUNTER.SPATIAL_POST_MATRIX_COMPUTATION.BIN_HD_DATA._BIN_HD_DATA._COMPUTE_BINNED_OUTPUTS.SPATIAL_BINNED_RNA_ANALYZER.RUN_UMAP.fork_square_016um
2025-10-14 12:21:20 [runtime] (complete)        ID.F07839_1n2.SPATIAL_RNA_COUNTER_CS.SPATIAL_RNA_COUNTER.SPATIAL_POST_MATRIX_COMPUTATION.BIN_HD_DATA._BIN_HD_DATA._COMPUTE_BINNED_OUTPUTS.SPATIAL_BINNED_RNA_ANALYZER.RUN_GRAPH_CLUSTERING.fork_square_016um
2025-10-14 12:21:23 [runtime] (complete)        ID.F07839_1n2.SPATIAL_RNA_COUNTER_CS.SPATIAL_RNA_COUNTER.SPATIAL_POST_MATRIX_COMPUTATION.BIN_HD_DATA._BIN_HD_DATA._COMPUTE_BINNED_OUTPUTS.SPATIAL_BINNED_RNA_ANALYZER.RUN_UMAP.fork_square_016um
2025-10-14 12:21:23 [runtime] (complete)        ID.F07839_1n2.SPATIAL_RNA_COUNTER_CS.SPATIAL_RNA_COUNTER.SPATIAL_POST_MATRIX_COMPUTATION.BIN_HD_DATA._BIN_HD_DATA._COMPUTE_BINNED_OUTPUTS.SPATIAL_BINNED_RNA_ANALYZER.RUN_GRAPH_CLUSTERING.fork_square_016um
2025-10-14 12:21:26 [runtime] (complete)        ID.F07839_1n2.SPATIAL_RNA_COUNTER_CS.SPATIAL_RNA_COUNTER.SPATIAL_POST_MATRIX_COMPUTATION.BIN_HD_DATA._BIN_HD_DATA._COMPUTE_BINNED_OUTPUTS.SPATIAL_BINNED_RNA_ANALYZER.RUN_UMAP.fork_square_016um
2025-10-14 12:21:26 [runtime] (complete)        ID.F07839_1n2.SPATIAL_RNA_COUNTER_CS.SPATIAL_RNA_COUNTER.SPATIAL_POST_MATRIX_COMPUTATION.BIN_HD_DATA._BIN_HD_DATA._COMPUTE_BINNED_OUTPUTS.SPATIAL_BINNED_RNA_ANALYZER.RUN_GRAPH_CLUSTERING.fork_square_016um
2025-10-14 12:21:29 [runtime] (complete)        ID.F07839_1n2.SPATIAL_RNA_COUNTER_CS.SPATIAL_RNA_COUNTER.SPATIAL_POST_MATRIX_COMPUTATION.BIN_HD_DATA._BIN_HD_DATA._COMPUTE_BINNED_OUTPUTS.SPATIAL_BINNED_RNA_ANALYZER.RUN_UMAP.fork_square_016um
2025-10-14 12:21:29 [runtime] (complete)        ID.F07839_1n2.SPATIAL_RNA_COUNTER_CS.SPATIAL_RNA_COUNTER.SPATIAL_POST_MATRIX_COMPUTATION.BIN_HD_DATA._BIN_HD_DATA._COMPUTE_BINNED_OUTPUTS.SPATIAL_BINNED_RNA_ANALYZER.RUN_GRAPH_CLUSTERING.fork_square_016um
2025-10-14 12:21:32 [runtime] (complete)        ID.F07839_1n2.SPATIAL_RNA_COUNTER_CS.SPATIAL_RNA_COUNTER.SPATIAL_POST_MATRIX_COMPUTATION.BIN_HD_DATA._BIN_HD_DATA._COMPUTE_BINNED_OUTPUTS.SPATIAL_BINNED_RNA_ANALYZER.RUN_UMAP.fork_square_016um
2025-10-14 12:21:32 [runtime] (complete)        ID.F07839_1n2.SPATIAL_RNA_COUNTER_CS.SPATIAL_RNA_COUNTER.SPATIAL_POST_MATRIX_COMPUTATION.BIN_HD_DATA._BIN_HD_DATA._COMPUTE_BINNED_OUTPUTS.SPATIAL_BINNED_RNA_ANALYZER.RUN_GRAPH_CLUSTERING.fork_square_016um
2025-10-14 12:21:35 [runtime] (complete)        ID.F07839_1n2.SPATIAL_RNA_COUNTER_CS.SPATIAL_RNA_COUNTER.SPATIAL_POST_MATRIX_COMPUTATION.BIN_HD_DATA._BIN_HD_DATA._COMPUTE_BINNED_OUTPUTS.SPATIAL_BINNED_RNA_ANALYZER.RUN_UMAP.fork_square_016um
2025-10-14 12:21:35 [runtime] (complete)        ID.F07839_1n2.SPATIAL_RNA_COUNTER_CS.SPATIAL_RNA_COUNTER.SPATIAL_POST_MATRIX_COMPUTATION.BIN_HD_DATA._BIN_HD_DATA._COMPUTE_BINNED_OUTPUTS.SPATIAL_BINNED_RNA_ANALYZER.RUN_GRAPH_CLUSTERING.fork_square_016um
2025-10-14 12:21:38 [runtime] (complete)        ID.F07839_1n2.SPATIAL_RNA_COUNTER_CS.SPATIAL_RNA_COUNTER.SPATIAL_POST_MATRIX_COMPUTATION.BIN_HD_DATA._BIN_HD_DATA._COMPUTE_BINNED_OUTPUTS.SPATIAL_BINNED_RNA_ANALYZER.RUN_UMAP.fork_square_016um
2025-10-14 12:21:38 [runtime] (complete)        ID.F07839_1n2.SPATIAL_RNA_COUNTER_CS.SPATIAL_RNA_COUNTER.SPATIAL_POST_MATRIX_COMPUTATION.BIN_HD_DATA._BIN_HD_DATA._COMPUTE_BINNED_OUTPUTS.SPATIAL_BINNED_RNA_ANALYZER.RUN_GRAPH_CLUSTERING.fork_square_016um
2025-10-14 12:21:41 [runtime] (complete)        ID.F07839_1n2.SPATIAL_RNA_COUNTER_CS.SPATIAL_RNA_COUNTER.SPATIAL_POST_MATRIX_COMPUTATION.BIN_HD_DATA._BIN_HD_DATA._COMPUTE_BINNED_OUTPUTS.SPATIAL_BINNED_RNA_ANALYZER.RUN_UMAP.fork_square_016um
2025-10-14 12:21:41 [runtime] (complete)        ID.F07839_1n2.SPATIAL_RNA_COUNTER_CS.SPATIAL_RNA_COUNTER.SPATIAL_POST_MATRIX_COMPUTATION.BIN_HD_DATA._BIN_HD_DATA._COMPUTE_BINNED_OUTPUTS.SPATIAL_BINNED_RNA_ANALYZER.RUN_GRAPH_CLUSTERING.fork_square_016um
2025-10-14 12:21:44 [runtime] (complete)        ID.F07839_1n2.SPATIAL_RNA_COUNTER_CS.SPATIAL_RNA_COUNTER.SPATIAL_POST_MATRIX_COMPUTATION.BIN_HD_DATA._BIN_HD_DATA._COMPUTE_BINNED_OUTPUTS.SPATIAL_BINNED_RNA_ANALYZER.RUN_UMAP.fork_square_016um
2025-10-14 12:21:44 [runtime] (complete)        ID.F07839_1n2.SPATIAL_RNA_COUNTER_CS.SPATIAL_RNA_COUNTER.SPATIAL_POST_MATRIX_COMPUTATION.BIN_HD_DATA._BIN_HD_DATA._COMPUTE_BINNED_OUTPUTS.SPATIAL_BINNED_RNA_ANALYZER.RUN_GRAPH_CLUSTERING.fork_square_016um
2025-10-14 12:21:47 [runtime] (complete)        ID.F07839_1n2.SPATIAL_RNA_COUNTER_CS.SPATIAL_RNA_COUNTER.SPATIAL_POST_MATRIX_COMPUTATION.BIN_HD_DATA._BIN_HD_DATA._COMPUTE_BINNED_OUTPUTS.SPATIAL_BINNED_RNA_ANALYZER.RUN_UMAP.fork_square_016um
2025-10-14 12:21:47 [runtime] (complete)        ID.F07839_1n2.SPATIAL_RNA_COUNTER_CS.SPATIAL_RNA_COUNTER.SPATIAL_POST_MATRIX_COMPUTATION.BIN_HD_DATA._BIN_HD_DATA._COMPUTE_BINNED_OUTPUTS.SPATIAL_BINNED_RNA_ANALYZER.RUN_GRAPH_CLUSTERING.fork_square_016um
2025-10-14 12:21:50 [runtime] (complete)        ID.F07839_1n2.SPATIAL_RNA_COUNTER_CS.SPATIAL_RNA_COUNTER.SPATIAL_POST_MATRIX_COMPUTATION.BIN_HD_DATA._BIN_HD_DATA._COMPUTE_BINNED_OUTPUTS.SPATIAL_BINNED_RNA_ANALYZER.RUN_UMAP.fork_square_016um
2025-10-14 12:21:50 [runtime] (complete)        ID.F07839_1n2.SPATIAL_RNA_COUNTER_CS.SPATIAL_RNA_COUNTER.SPATIAL_POST_MATRIX_COMPUTATION.BIN_HD_DATA._BIN_HD_DATA._COMPUTE_BINNED_OUTPUTS.SPATIAL_BINNED_RNA_ANALYZER.RUN_GRAPH_CLUSTERING.fork_square_016um
2025-10-14 12:21:53 [runtime] (complete)        ID.F07839_1n2.SPATIAL_RNA_COUNTER_CS.SPATIAL_RNA_COUNTER.SPATIAL_POST_MATRIX_COMPUTATION.BIN_HD_DATA._BIN_HD_DATA._COMPUTE_BINNED_OUTPUTS.SPATIAL_BINNED_RNA_ANALYZER.RUN_UMAP.fork_square_016um
2025-10-14 12:21:53 [runtime] (complete)        ID.F07839_1n2.SPATIAL_RNA_COUNTER_CS.SPATIAL_RNA_COUNTER.SPATIAL_POST_MATRIX_COMPUTATION.BIN_HD_DATA._BIN_HD_DATA._COMPUTE_BINNED_OUTPUTS.SPATIAL_BINNED_RNA_ANALYZER.RUN_GRAPH_CLUSTERING.fork_square_016um
2025-10-14 12:21:56 [runtime] (complete)        ID.F07839_1n2.SPATIAL_RNA_COUNTER_CS.SPATIAL_RNA_COUNTER.SPATIAL_POST_MATRIX_COMPUTATION.BIN_HD_DATA._BIN_HD_DATA._COMPUTE_BINNED_OUTPUTS.SPATIAL_BINNED_RNA_ANALYZER.RUN_UMAP.fork_square_016um
2025-10-14 12:21:56 [runtime] (complete)        ID.F07839_1n2.SPATIAL_RNA_COUNTER_CS.SPATIAL_RNA_COUNTER.SPATIAL_POST_MATRIX_COMPUTATION.BIN_HD_DATA._BIN_HD_DATA._COMPUTE_BINNED_OUTPUTS.SPATIAL_BINNED_RNA_ANALYZER.RUN_GRAPH_CLUSTERING.fork_square_016um
2025-10-14 12:21:59 [runtime] (complete)        ID.F07839_1n2.SPATIAL_RNA_COUNTER_CS.SPATIAL_RNA_COUNTER.SPATIAL_POST_MATRIX_COMPUTATION.BIN_HD_DATA._BIN_HD_DATA._COMPUTE_BINNED_OUTPUTS.SPATIAL_BINNED_RNA_ANALYZER.RUN_GRAPH_CLUSTERING.fork_square_016um
2025-10-14 12:21:59 [runtime] (complete)        ID.F07839_1n2.SPATIAL_RNA_COUNTER_CS.SPATIAL_RNA_COUNTER.SPATIAL_POST_MATRIX_COMPUTATION.BIN_HD_DATA._BIN_HD_DATA._COMPUTE_BINNED_OUTPUTS.SPATIAL_BINNED_RNA_ANALYZER.RUN_UMAP.fork_square_016um
2025-10-14 12:22:02 [runtime] (complete)        ID.F07839_1n2.SPATIAL_RNA_COUNTER_CS.SPATIAL_RNA_COUNTER.SPATIAL_POST_MATRIX_COMPUTATION.BIN_HD_DATA._BIN_HD_DATA._COMPUTE_BINNED_OUTPUTS.SPATIAL_BINNED_RNA_ANALYZER.RUN_GRAPH_CLUSTERING.fork_square_016um
2025-10-14 12:22:02 [runtime] (complete)        ID.F07839_1n2.SPATIAL_RNA_COUNTER_CS.SPATIAL_RNA_COUNTER.SPATIAL_POST_MATRIX_COMPUTATION.BIN_HD_DATA._BIN_HD_DATA._COMPUTE_BINNED_OUTPUTS.SPATIAL_BINNED_RNA_ANALYZER.RUN_UMAP.fork_square_016um
2025-10-14 12:22:05 [runtime] (complete)        ID.F07839_1n2.SPATIAL_RNA_COUNTER_CS.SPATIAL_RNA_COUNTER.SPATIAL_POST_MATRIX_COMPUTATION.BIN_HD_DATA._BIN_HD_DATA._COMPUTE_BINNED_OUTPUTS.SPATIAL_BINNED_RNA_ANALYZER.RUN_UMAP.fork_square_016um
2025-10-14 12:22:05 [runtime] (complete)        ID.F07839_1n2.SPATIAL_RNA_COUNTER_CS.SPATIAL_RNA_COUNTER.SPATIAL_POST_MATRIX_COMPUTATION.BIN_HD_DATA._BIN_HD_DATA._COMPUTE_BINNED_OUTPUTS.SPATIAL_BINNED_RNA_ANALYZER.RUN_GRAPH_CLUSTERING.fork_square_016um
2025-10-14 12:22:08 [runtime] (complete)        ID.F07839_1n2.SPATIAL_RNA_COUNTER_CS.SPATIAL_RNA_COUNTER.SPATIAL_POST_MATRIX_COMPUTATION.BIN_HD_DATA._BIN_HD_DATA._COMPUTE_BINNED_OUTPUTS.SPATIAL_BINNED_RNA_ANALYZER.RUN_GRAPH_CLUSTERING.fork_square_016um
2025-10-14 12:22:08 [runtime] (complete)        ID.F07839_1n2.SPATIAL_RNA_COUNTER_CS.SPATIAL_RNA_COUNTER.SPATIAL_POST_MATRIX_COMPUTATION.BIN_HD_DATA._BIN_HD_DATA._COMPUTE_BINNED_OUTPUTS.SPATIAL_BINNED_RNA_ANALYZER.RUN_UMAP.fork_square_016um
2025-10-14 12:22:11 [runtime] (complete)        ID.F07839_1n2.SPATIAL_RNA_COUNTER_CS.SPATIAL_RNA_COUNTER.SPATIAL_POST_MATRIX_COMPUTATION.BIN_HD_DATA._BIN_HD_DATA._COMPUTE_BINNED_OUTPUTS.SPATIAL_BINNED_RNA_ANALYZER.RUN_GRAPH_CLUSTERING.fork_square_016um
2025-10-14 12:22:11 [runtime] (complete)        ID.F07839_1n2.SPATIAL_RNA_COUNTER_CS.SPATIAL_RNA_COUNTER.SPATIAL_POST_MATRIX_COMPUTATION.BIN_HD_DATA._BIN_HD_DATA._COMPUTE_BINNED_OUTPUTS.SPATIAL_BINNED_RNA_ANALYZER.RUN_UMAP.fork_square_016um
2025-10-14 12:22:14 [runtime] (complete)        ID.F07839_1n2.SPATIAL_RNA_COUNTER_CS.SPATIAL_RNA_COUNTER.SPATIAL_POST_MATRIX_COMPUTATION.BIN_HD_DATA._BIN_HD_DATA._COMPUTE_BINNED_OUTPUTS.SPATIAL_BINNED_RNA_ANALYZER.RUN_UMAP.fork_square_016um
2025-10-14 12:22:14 [runtime] (complete)        ID.F07839_1n2.SPATIAL_RNA_COUNTER_CS.SPATIAL_RNA_COUNTER.SPATIAL_POST_MATRIX_COMPUTATION.BIN_HD_DATA._BIN_HD_DATA._COMPUTE_BINNED_OUTPUTS.SPATIAL_BINNED_RNA_ANALYZER.RUN_GRAPH_CLUSTERING.fork_square_016um
2025-10-14 12:22:17 [runtime] (complete)        ID.F07839_1n2.SPATIAL_RNA_COUNTER_CS.SPATIAL_RNA_COUNTER.SPATIAL_POST_MATRIX_COMPUTATION.BIN_HD_DATA._BIN_HD_DATA._COMPUTE_BINNED_OUTPUTS.SPATIAL_BINNED_RNA_ANALYZER.RUN_GRAPH_CLUSTERING.fork_square_016um
2025-10-14 12:22:17 [runtime] (complete)        ID.F07839_1n2.SPATIAL_RNA_COUNTER_CS.SPATIAL_RNA_COUNTER.SPATIAL_POST_MATRIX_COMPUTATION.BIN_HD_DATA._BIN_HD_DATA._COMPUTE_BINNED_OUTPUTS.SPATIAL_BINNED_RNA_ANALYZER.RUN_UMAP.fork_square_016um
2025-10-14 12:22:20 [runtime] (complete)        ID.F07839_1n2.SPATIAL_RNA_COUNTER_CS.SPATIAL_RNA_COUNTER.SPATIAL_POST_MATRIX_COMPUTATION.BIN_HD_DATA._BIN_HD_DATA._COMPUTE_BINNED_OUTPUTS.SPATIAL_BINNED_RNA_ANALYZER.RUN_UMAP.fork_square_016um
2025-10-14 12:22:20 [runtime] (complete)        ID.F07839_1n2.SPATIAL_RNA_COUNTER_CS.SPATIAL_RNA_COUNTER.SPATIAL_POST_MATRIX_COMPUTATION.BIN_HD_DATA._BIN_HD_DATA._COMPUTE_BINNED_OUTPUTS.SPATIAL_BINNED_RNA_ANALYZER.RUN_GRAPH_CLUSTERING.fork_square_016um
2025-10-14 12:22:23 [runtime] (complete)        ID.F07839_1n2.SPATIAL_RNA_COUNTER_CS.SPATIAL_RNA_COUNTER.SPATIAL_POST_MATRIX_COMPUTATION.BIN_HD_DATA._BIN_HD_DATA._COMPUTE_BINNED_OUTPUTS.SPATIAL_BINNED_RNA_ANALYZER.RUN_UMAP.fork_square_016um
2025-10-14 12:22:23 [runtime] (complete)        ID.F07839_1n2.SPATIAL_RNA_COUNTER_CS.SPATIAL_RNA_COUNTER.SPATIAL_POST_MATRIX_COMPUTATION.BIN_HD_DATA._BIN_HD_DATA._COMPUTE_BINNED_OUTPUTS.SPATIAL_BINNED_RNA_ANALYZER.RUN_GRAPH_CLUSTERING.fork_square_016um
2025-10-14 12:22:26 [runtime] (complete)        ID.F07839_1n2.SPATIAL_RNA_COUNTER_CS.SPATIAL_RNA_COUNTER.SPATIAL_POST_MATRIX_COMPUTATION.BIN_HD_DATA._BIN_HD_DATA._COMPUTE_BINNED_OUTPUTS.SPATIAL_BINNED_RNA_ANALYZER.RUN_GRAPH_CLUSTERING.fork_square_016um
2025-10-14 12:22:26 [runtime] (complete)        ID.F07839_1n2.SPATIAL_RNA_COUNTER_CS.SPATIAL_RNA_COUNTER.SPATIAL_POST_MATRIX_COMPUTATION.BIN_HD_DATA._BIN_HD_DATA._COMPUTE_BINNED_OUTPUTS.SPATIAL_BINNED_RNA_ANALYZER.RUN_UMAP.fork_square_016um
2025-10-14 12:22:29 [runtime] (complete)        ID.F07839_1n2.SPATIAL_RNA_COUNTER_CS.SPATIAL_RNA_COUNTER.SPATIAL_POST_MATRIX_COMPUTATION.BIN_HD_DATA._BIN_HD_DATA._COMPUTE_BINNED_OUTPUTS.SPATIAL_BINNED_RNA_ANALYZER.RUN_GRAPH_CLUSTERING.fork_square_016um
2025-10-14 12:22:29 [runtime] (complete)        ID.F07839_1n2.SPATIAL_RNA_COUNTER_CS.SPATIAL_RNA_COUNTER.SPATIAL_POST_MATRIX_COMPUTATION.BIN_HD_DATA._BIN_HD_DATA._COMPUTE_BINNED_OUTPUTS.SPATIAL_BINNED_RNA_ANALYZER.RUN_UMAP.fork_square_016um
2025-10-14 12:22:32 [runtime] (complete)        ID.F07839_1n2.SPATIAL_RNA_COUNTER_CS.SPATIAL_RNA_COUNTER.SPATIAL_POST_MATRIX_COMPUTATION.BIN_HD_DATA._BIN_HD_DATA._COMPUTE_BINNED_OUTPUTS.SPATIAL_BINNED_RNA_ANALYZER.RUN_UMAP.fork_square_016um
2025-10-14 12:22:32 [runtime] (complete)        ID.F07839_1n2.SPATIAL_RNA_COUNTER_CS.SPATIAL_RNA_COUNTER.SPATIAL_POST_MATRIX_COMPUTATION.BIN_HD_DATA._BIN_HD_DATA._COMPUTE_BINNED_OUTPUTS.SPATIAL_BINNED_RNA_ANALYZER.RUN_GRAPH_CLUSTERING.fork_square_016um
2025-10-14 12:22:35 [runtime] (complete)        ID.F07839_1n2.SPATIAL_RNA_COUNTER_CS.SPATIAL_RNA_COUNTER.SPATIAL_POST_MATRIX_COMPUTATION.BIN_HD_DATA._BIN_HD_DATA._COMPUTE_BINNED_OUTPUTS.SPATIAL_BINNED_RNA_ANALYZER.RUN_GRAPH_CLUSTERING.fork_square_016um
2025-10-14 12:22:35 [runtime] (complete)        ID.F07839_1n2.SPATIAL_RNA_COUNTER_CS.SPATIAL_RNA_COUNTER.SPATIAL_POST_MATRIX_COMPUTATION.BIN_HD_DATA._BIN_HD_DATA._COMPUTE_BINNED_OUTPUTS.SPATIAL_BINNED_RNA_ANALYZER.RUN_UMAP.fork_square_016um
2025-10-14 12:22:38 [runtime] (complete)        ID.F07839_1n2.SPATIAL_RNA_COUNTER_CS.SPATIAL_RNA_COUNTER.SPATIAL_POST_MATRIX_COMPUTATION.BIN_HD_DATA._BIN_HD_DATA._COMPUTE_BINNED_OUTPUTS.SPATIAL_BINNED_RNA_ANALYZER.RUN_GRAPH_CLUSTERING.fork_square_016um
2025-10-14 12:22:38 [runtime] (complete)        ID.F07839_1n2.SPATIAL_RNA_COUNTER_CS.SPATIAL_RNA_COUNTER.SPATIAL_POST_MATRIX_COMPUTATION.BIN_HD_DATA._BIN_HD_DATA._COMPUTE_BINNED_OUTPUTS.SPATIAL_BINNED_RNA_ANALYZER.RUN_UMAP.fork_square_016um
2025-10-14 12:22:41 [runtime] (complete)        ID.F07839_1n2.SPATIAL_RNA_COUNTER_CS.SPATIAL_RNA_COUNTER.SPATIAL_POST_MATRIX_COMPUTATION.BIN_HD_DATA._BIN_HD_DATA._COMPUTE_BINNED_OUTPUTS.SPATIAL_BINNED_RNA_ANALYZER.RUN_UMAP.fork_square_016um
2025-10-14 12:22:41 [runtime] (complete)        ID.F07839_1n2.SPATIAL_RNA_COUNTER_CS.SPATIAL_RNA_COUNTER.SPATIAL_POST_MATRIX_COMPUTATION.BIN_HD_DATA._BIN_HD_DATA._COMPUTE_BINNED_OUTPUTS.SPATIAL_BINNED_RNA_ANALYZER.RUN_GRAPH_CLUSTERING.fork_square_016um
2025-10-14 12:22:44 [runtime] (complete)        ID.F07839_1n2.SPATIAL_RNA_COUNTER_CS.SPATIAL_RNA_COUNTER.SPATIAL_POST_MATRIX_COMPUTATION.BIN_HD_DATA._BIN_HD_DATA._COMPUTE_BINNED_OUTPUTS.SPATIAL_BINNED_RNA_ANALYZER.RUN_UMAP.fork_square_016um
2025-10-14 12:22:44 [runtime] (complete)        ID.F07839_1n2.SPATIAL_RNA_COUNTER_CS.SPATIAL_RNA_COUNTER.SPATIAL_POST_MATRIX_COMPUTATION.BIN_HD_DATA._BIN_HD_DATA._COMPUTE_BINNED_OUTPUTS.SPATIAL_BINNED_RNA_ANALYZER.RUN_GRAPH_CLUSTERING.fork_square_016um
2025-10-14 12:22:47 [runtime] (complete)        ID.F07839_1n2.SPATIAL_RNA_COUNTER_CS.SPATIAL_RNA_COUNTER.SPATIAL_POST_MATRIX_COMPUTATION.BIN_HD_DATA._BIN_HD_DATA._COMPUTE_BINNED_OUTPUTS.SPATIAL_BINNED_RNA_ANALYZER.RUN_UMAP.fork_square_016um
2025-10-14 12:22:47 [runtime] (complete)        ID.F07839_1n2.SPATIAL_RNA_COUNTER_CS.SPATIAL_RNA_COUNTER.SPATIAL_POST_MATRIX_COMPUTATION.BIN_HD_DATA._BIN_HD_DATA._COMPUTE_BINNED_OUTPUTS.SPATIAL_BINNED_RNA_ANALYZER.RUN_GRAPH_CLUSTERING.fork_square_016um
2025-10-14 12:22:50 [runtime] (complete)        ID.F07839_1n2.SPATIAL_RNA_COUNTER_CS.SPATIAL_RNA_COUNTER.SPATIAL_POST_MATRIX_COMPUTATION.BIN_HD_DATA._BIN_HD_DATA._COMPUTE_BINNED_OUTPUTS.SPATIAL_BINNED_RNA_ANALYZER.RUN_UMAP.fork_square_016um
2025-10-14 12:22:50 [runtime] (complete)        ID.F07839_1n2.SPATIAL_RNA_COUNTER_CS.SPATIAL_RNA_COUNTER.SPATIAL_POST_MATRIX_COMPUTATION.BIN_HD_DATA._BIN_HD_DATA._COMPUTE_BINNED_OUTPUTS.SPATIAL_BINNED_RNA_ANALYZER.RUN_GRAPH_CLUSTERING.fork_square_016um
2025-10-14 12:22:53 [runtime] (complete)        ID.F07839_1n2.SPATIAL_RNA_COUNTER_CS.SPATIAL_RNA_COUNTER.SPATIAL_POST_MATRIX_COMPUTATION.BIN_HD_DATA._BIN_HD_DATA._COMPUTE_BINNED_OUTPUTS.SPATIAL_BINNED_RNA_ANALYZER.RUN_GRAPH_CLUSTERING.fork_square_016um
2025-10-14 12:22:53 [runtime] (complete)        ID.F07839_1n2.SPATIAL_RNA_COUNTER_CS.SPATIAL_RNA_COUNTER.SPATIAL_POST_MATRIX_COMPUTATION.BIN_HD_DATA._BIN_HD_DATA._COMPUTE_BINNED_OUTPUTS.SPATIAL_BINNED_RNA_ANALYZER.RUN_UMAP.fork_square_016um
2025-10-14 12:22:56 [runtime] (complete)        ID.F07839_1n2.SPATIAL_RNA_COUNTER_CS.SPATIAL_RNA_COUNTER.SPATIAL_POST_MATRIX_COMPUTATION.BIN_HD_DATA._BIN_HD_DATA._COMPUTE_BINNED_OUTPUTS.SPATIAL_BINNED_RNA_ANALYZER.RUN_UMAP.fork_square_016um
2025-10-14 12:22:56 [runtime] (complete)        ID.F07839_1n2.SPATIAL_RNA_COUNTER_CS.SPATIAL_RNA_COUNTER.SPATIAL_POST_MATRIX_COMPUTATION.BIN_HD_DATA._BIN_HD_DATA._COMPUTE_BINNED_OUTPUTS.SPATIAL_BINNED_RNA_ANALYZER.RUN_GRAPH_CLUSTERING.fork_square_016um
2025-10-14 12:22:59 [runtime] (complete)        ID.F07839_1n2.SPATIAL_RNA_COUNTER_CS.SPATIAL_RNA_COUNTER.SPATIAL_POST_MATRIX_COMPUTATION.BIN_HD_DATA._BIN_HD_DATA._COMPUTE_BINNED_OUTPUTS.SPATIAL_BINNED_RNA_ANALYZER.RUN_UMAP.fork_square_016um
2025-10-14 12:22:59 [runtime] (complete)        ID.F07839_1n2.SPATIAL_RNA_COUNTER_CS.SPATIAL_RNA_COUNTER.SPATIAL_POST_MATRIX_COMPUTATION.BIN_HD_DATA._BIN_HD_DATA._COMPUTE_BINNED_OUTPUTS.SPATIAL_BINNED_RNA_ANALYZER.RUN_GRAPH_CLUSTERING.fork_square_016um
2025-10-14 12:23:02 [runtime] (complete)        ID.F07839_1n2.SPATIAL_RNA_COUNTER_CS.SPATIAL_RNA_COUNTER.SPATIAL_POST_MATRIX_COMPUTATION.BIN_HD_DATA._BIN_HD_DATA._COMPUTE_BINNED_OUTPUTS.SPATIAL_BINNED_RNA_ANALYZER.RUN_UMAP.fork_square_016um
2025-10-14 12:23:02 [runtime] (complete)        ID.F07839_1n2.SPATIAL_RNA_COUNTER_CS.SPATIAL_RNA_COUNTER.SPATIAL_POST_MATRIX_COMPUTATION.BIN_HD_DATA._BIN_HD_DATA._COMPUTE_BINNED_OUTPUTS.SPATIAL_BINNED_RNA_ANALYZER.RUN_GRAPH_CLUSTERING.fork_square_016um
2025-10-14 12:23:05 [runtime] (complete)        ID.F07839_1n2.SPATIAL_RNA_COUNTER_CS.SPATIAL_RNA_COUNTER.SPATIAL_POST_MATRIX_COMPUTATION.BIN_HD_DATA._BIN_HD_DATA._COMPUTE_BINNED_OUTPUTS.SPATIAL_BINNED_RNA_ANALYZER.RUN_UMAP.fork_square_016um
2025-10-14 12:23:05 [runtime] (complete)        ID.F07839_1n2.SPATIAL_RNA_COUNTER_CS.SPATIAL_RNA_COUNTER.SPATIAL_POST_MATRIX_COMPUTATION.BIN_HD_DATA._BIN_HD_DATA._COMPUTE_BINNED_OUTPUTS.SPATIAL_BINNED_RNA_ANALYZER.RUN_GRAPH_CLUSTERING.fork_square_016um
2025-10-14 12:23:08 [runtime] (complete)        ID.F07839_1n2.SPATIAL_RNA_COUNTER_CS.SPATIAL_RNA_COUNTER.SPATIAL_POST_MATRIX_COMPUTATION.BIN_HD_DATA._BIN_HD_DATA._COMPUTE_BINNED_OUTPUTS.SPATIAL_BINNED_RNA_ANALYZER.RUN_UMAP.fork_square_016um
2025-10-14 12:23:08 [runtime] (complete)        ID.F07839_1n2.SPATIAL_RNA_COUNTER_CS.SPATIAL_RNA_COUNTER.SPATIAL_POST_MATRIX_COMPUTATION.BIN_HD_DATA._BIN_HD_DATA._COMPUTE_BINNED_OUTPUTS.SPATIAL_BINNED_RNA_ANALYZER.RUN_GRAPH_CLUSTERING.fork_square_016um
2025-10-14 12:23:11 [runtime] (complete)        ID.F07839_1n2.SPATIAL_RNA_COUNTER_CS.SPATIAL_RNA_COUNTER.SPATIAL_POST_MATRIX_COMPUTATION.BIN_HD_DATA._BIN_HD_DATA._COMPUTE_BINNED_OUTPUTS.SPATIAL_BINNED_RNA_ANALYZER.RUN_UMAP.fork_square_016um
2025-10-14 12:23:11 [runtime] (complete)        ID.F07839_1n2.SPATIAL_RNA_COUNTER_CS.SPATIAL_RNA_COUNTER.SPATIAL_POST_MATRIX_COMPUTATION.BIN_HD_DATA._BIN_HD_DATA._COMPUTE_BINNED_OUTPUTS.SPATIAL_BINNED_RNA_ANALYZER.RUN_GRAPH_CLUSTERING.fork_square_016um
2025-10-14 12:23:14 [runtime] (complete)        ID.F07839_1n2.SPATIAL_RNA_COUNTER_CS.SPATIAL_RNA_COUNTER.SPATIAL_POST_MATRIX_COMPUTATION.BIN_HD_DATA._BIN_HD_DATA._COMPUTE_BINNED_OUTPUTS.SPATIAL_BINNED_RNA_ANALYZER.RUN_GRAPH_CLUSTERING.fork_square_016um
2025-10-14 12:23:14 [runtime] (complete)        ID.F07839_1n2.SPATIAL_RNA_COUNTER_CS.SPATIAL_RNA_COUNTER.SPATIAL_POST_MATRIX_COMPUTATION.BIN_HD_DATA._BIN_HD_DATA._COMPUTE_BINNED_OUTPUTS.SPATIAL_BINNED_RNA_ANALYZER.RUN_UMAP.fork_square_016um
2025-10-14 12:23:17 [runtime] (complete)        ID.F07839_1n2.SPATIAL_RNA_COUNTER_CS.SPATIAL_RNA_COUNTER.SPATIAL_POST_MATRIX_COMPUTATION.BIN_HD_DATA._BIN_HD_DATA._COMPUTE_BINNED_OUTPUTS.SPATIAL_BINNED_RNA_ANALYZER.RUN_UMAP.fork_square_016um
2025-10-14 12:23:17 [runtime] (complete)        ID.F07839_1n2.SPATIAL_RNA_COUNTER_CS.SPATIAL_RNA_COUNTER.SPATIAL_POST_MATRIX_COMPUTATION.BIN_HD_DATA._BIN_HD_DATA._COMPUTE_BINNED_OUTPUTS.SPATIAL_BINNED_RNA_ANALYZER.RUN_GRAPH_CLUSTERING.fork_square_016um
2025-10-14 12:23:20 [runtime] (complete)        ID.F07839_1n2.SPATIAL_RNA_COUNTER_CS.SPATIAL_RNA_COUNTER.SPATIAL_POST_MATRIX_COMPUTATION.BIN_HD_DATA._BIN_HD_DATA._COMPUTE_BINNED_OUTPUTS.SPATIAL_BINNED_RNA_ANALYZER.RUN_UMAP.fork_square_016um
2025-10-14 12:23:20 [runtime] (complete)        ID.F07839_1n2.SPATIAL_RNA_COUNTER_CS.SPATIAL_RNA_COUNTER.SPATIAL_POST_MATRIX_COMPUTATION.BIN_HD_DATA._BIN_HD_DATA._COMPUTE_BINNED_OUTPUTS.SPATIAL_BINNED_RNA_ANALYZER.RUN_GRAPH_CLUSTERING.fork_square_016um
2025-10-14 12:23:23 [runtime] (complete)        ID.F07839_1n2.SPATIAL_RNA_COUNTER_CS.SPATIAL_RNA_COUNTER.SPATIAL_POST_MATRIX_COMPUTATION.BIN_HD_DATA._BIN_HD_DATA._COMPUTE_BINNED_OUTPUTS.SPATIAL_BINNED_RNA_ANALYZER.RUN_GRAPH_CLUSTERING.fork_square_016um
2025-10-14 12:23:23 [runtime] (complete)        ID.F07839_1n2.SPATIAL_RNA_COUNTER_CS.SPATIAL_RNA_COUNTER.SPATIAL_POST_MATRIX_COMPUTATION.BIN_HD_DATA._BIN_HD_DATA._COMPUTE_BINNED_OUTPUTS.SPATIAL_BINNED_RNA_ANALYZER.RUN_UMAP.fork_square_016um
2025-10-14 12:23:26 [runtime] (complete)        ID.F07839_1n2.SPATIAL_RNA_COUNTER_CS.SPATIAL_RNA_COUNTER.SPATIAL_POST_MATRIX_COMPUTATION.BIN_HD_DATA._BIN_HD_DATA._COMPUTE_BINNED_OUTPUTS.SPATIAL_BINNED_RNA_ANALYZER.RUN_UMAP.fork_square_016um
2025-10-14 12:23:26 [runtime] (complete)        ID.F07839_1n2.SPATIAL_RNA_COUNTER_CS.SPATIAL_RNA_COUNTER.SPATIAL_POST_MATRIX_COMPUTATION.BIN_HD_DATA._BIN_HD_DATA._COMPUTE_BINNED_OUTPUTS.SPATIAL_BINNED_RNA_ANALYZER.RUN_GRAPH_CLUSTERING.fork_square_016um
2025-10-14 12:23:29 [runtime] (complete)        ID.F07839_1n2.SPATIAL_RNA_COUNTER_CS.SPATIAL_RNA_COUNTER.SPATIAL_POST_MATRIX_COMPUTATION.BIN_HD_DATA._BIN_HD_DATA._COMPUTE_BINNED_OUTPUTS.SPATIAL_BINNED_RNA_ANALYZER.RUN_GRAPH_CLUSTERING.fork_square_016um
2025-10-14 12:23:29 [runtime] (complete)        ID.F07839_1n2.SPATIAL_RNA_COUNTER_CS.SPATIAL_RNA_COUNTER.SPATIAL_POST_MATRIX_COMPUTATION.BIN_HD_DATA._BIN_HD_DATA._COMPUTE_BINNED_OUTPUTS.SPATIAL_BINNED_RNA_ANALYZER.RUN_UMAP.fork_square_016um
2025-10-14 12:23:32 [runtime] (complete)        ID.F07839_1n2.SPATIAL_RNA_COUNTER_CS.SPATIAL_RNA_COUNTER.SPATIAL_POST_MATRIX_COMPUTATION.BIN_HD_DATA._BIN_HD_DATA._COMPUTE_BINNED_OUTPUTS.SPATIAL_BINNED_RNA_ANALYZER.RUN_GRAPH_CLUSTERING.fork_square_016um
2025-10-14 12:23:32 [runtime] (complete)        ID.F07839_1n2.SPATIAL_RNA_COUNTER_CS.SPATIAL_RNA_COUNTER.SPATIAL_POST_MATRIX_COMPUTATION.BIN_HD_DATA._BIN_HD_DATA._COMPUTE_BINNED_OUTPUTS.SPATIAL_BINNED_RNA_ANALYZER.RUN_UMAP.fork_square_016um
2025-10-14 12:23:35 [runtime] (complete)        ID.F07839_1n2.SPATIAL_RNA_COUNTER_CS.SPATIAL_RNA_COUNTER.SPATIAL_POST_MATRIX_COMPUTATION.BIN_HD_DATA._BIN_HD_DATA._COMPUTE_BINNED_OUTPUTS.SPATIAL_BINNED_RNA_ANALYZER.RUN_GRAPH_CLUSTERING.fork_square_016um
2025-10-14 12:23:35 [runtime] (complete)        ID.F07839_1n2.SPATIAL_RNA_COUNTER_CS.SPATIAL_RNA_COUNTER.SPATIAL_POST_MATRIX_COMPUTATION.BIN_HD_DATA._BIN_HD_DATA._COMPUTE_BINNED_OUTPUTS.SPATIAL_BINNED_RNA_ANALYZER.RUN_UMAP.fork_square_016um
2025-10-14 12:23:38 [runtime] (complete)        ID.F07839_1n2.SPATIAL_RNA_COUNTER_CS.SPATIAL_RNA_COUNTER.SPATIAL_POST_MATRIX_COMPUTATION.BIN_HD_DATA._BIN_HD_DATA._COMPUTE_BINNED_OUTPUTS.SPATIAL_BINNED_RNA_ANALYZER.RUN_GRAPH_CLUSTERING.fork_square_016um
2025-10-14 12:23:38 [runtime] (complete)        ID.F07839_1n2.SPATIAL_RNA_COUNTER_CS.SPATIAL_RNA_COUNTER.SPATIAL_POST_MATRIX_COMPUTATION.BIN_HD_DATA._BIN_HD_DATA._COMPUTE_BINNED_OUTPUTS.SPATIAL_BINNED_RNA_ANALYZER.RUN_UMAP.fork_square_016um
2025-10-14 12:23:41 [runtime] (complete)        ID.F07839_1n2.SPATIAL_RNA_COUNTER_CS.SPATIAL_RNA_COUNTER.SPATIAL_POST_MATRIX_COMPUTATION.BIN_HD_DATA._BIN_HD_DATA._COMPUTE_BINNED_OUTPUTS.SPATIAL_BINNED_RNA_ANALYZER.RUN_GRAPH_CLUSTERING.fork_square_016um
2025-10-14 12:23:41 [runtime] (complete)        ID.F07839_1n2.SPATIAL_RNA_COUNTER_CS.SPATIAL_RNA_COUNTER.SPATIAL_POST_MATRIX_COMPUTATION.BIN_HD_DATA._BIN_HD_DATA._COMPUTE_BINNED_OUTPUTS.SPATIAL_BINNED_RNA_ANALYZER.RUN_UMAP.fork_square_016um
2025-10-14 12:23:44 [runtime] (complete)        ID.F07839_1n2.SPATIAL_RNA_COUNTER_CS.SPATIAL_RNA_COUNTER.SPATIAL_POST_MATRIX_COMPUTATION.BIN_HD_DATA._BIN_HD_DATA._COMPUTE_BINNED_OUTPUTS.SPATIAL_BINNED_RNA_ANALYZER.RUN_UMAP.fork_square_016um
2025-10-14 12:23:44 [runtime] (complete)        ID.F07839_1n2.SPATIAL_RNA_COUNTER_CS.SPATIAL_RNA_COUNTER.SPATIAL_POST_MATRIX_COMPUTATION.BIN_HD_DATA._BIN_HD_DATA._COMPUTE_BINNED_OUTPUTS.SPATIAL_BINNED_RNA_ANALYZER.RUN_GRAPH_CLUSTERING.fork_square_016um
2025-10-14 12:23:47 [runtime] (complete)        ID.F07839_1n2.SPATIAL_RNA_COUNTER_CS.SPATIAL_RNA_COUNTER.SPATIAL_POST_MATRIX_COMPUTATION.BIN_HD_DATA._BIN_HD_DATA._COMPUTE_BINNED_OUTPUTS.SPATIAL_BINNED_RNA_ANALYZER.RUN_GRAPH_CLUSTERING.fork_square_016um
2025-10-14 12:23:47 [runtime] (complete)        ID.F07839_1n2.SPATIAL_RNA_COUNTER_CS.SPATIAL_RNA_COUNTER.SPATIAL_POST_MATRIX_COMPUTATION.BIN_HD_DATA._BIN_HD_DATA._COMPUTE_BINNED_OUTPUTS.SPATIAL_BINNED_RNA_ANALYZER.RUN_UMAP.fork_square_016um
2025-10-14 12:23:50 [runtime] (complete)        ID.F07839_1n2.SPATIAL_RNA_COUNTER_CS.SPATIAL_RNA_COUNTER.SPATIAL_POST_MATRIX_COMPUTATION.BIN_HD_DATA._BIN_HD_DATA._COMPUTE_BINNED_OUTPUTS.SPATIAL_BINNED_RNA_ANALYZER.RUN_UMAP.fork_square_016um
2025-10-14 12:23:50 [runtime] (complete)        ID.F07839_1n2.SPATIAL_RNA_COUNTER_CS.SPATIAL_RNA_COUNTER.SPATIAL_POST_MATRIX_COMPUTATION.BIN_HD_DATA._BIN_HD_DATA._COMPUTE_BINNED_OUTPUTS.SPATIAL_BINNED_RNA_ANALYZER.RUN_GRAPH_CLUSTERING.fork_square_016um
2025-10-14 12:23:53 [runtime] (complete)        ID.F07839_1n2.SPATIAL_RNA_COUNTER_CS.SPATIAL_RNA_COUNTER.SPATIAL_POST_MATRIX_COMPUTATION.BIN_HD_DATA._BIN_HD_DATA._COMPUTE_BINNED_OUTPUTS.SPATIAL_BINNED_RNA_ANALYZER.RUN_UMAP.fork_square_016um
2025-10-14 12:23:53 [runtime] (complete)        ID.F07839_1n2.SPATIAL_RNA_COUNTER_CS.SPATIAL_RNA_COUNTER.SPATIAL_POST_MATRIX_COMPUTATION.BIN_HD_DATA._BIN_HD_DATA._COMPUTE_BINNED_OUTPUTS.SPATIAL_BINNED_RNA_ANALYZER.RUN_GRAPH_CLUSTERING.fork_square_016um
2025-10-14 12:23:56 [runtime] (complete)        ID.F07839_1n2.SPATIAL_RNA_COUNTER_CS.SPATIAL_RNA_COUNTER.SPATIAL_POST_MATRIX_COMPUTATION.BIN_HD_DATA._BIN_HD_DATA._COMPUTE_BINNED_OUTPUTS.SPATIAL_BINNED_RNA_ANALYZER.RUN_GRAPH_CLUSTERING.fork_square_016um
2025-10-14 12:23:56 [runtime] (complete)        ID.F07839_1n2.SPATIAL_RNA_COUNTER_CS.SPATIAL_RNA_COUNTER.SPATIAL_POST_MATRIX_COMPUTATION.BIN_HD_DATA._BIN_HD_DATA._COMPUTE_BINNED_OUTPUTS.SPATIAL_BINNED_RNA_ANALYZER.RUN_UMAP.fork_square_016um
2025-10-14 12:23:59 [runtime] (complete)        ID.F07839_1n2.SPATIAL_RNA_COUNTER_CS.SPATIAL_RNA_COUNTER.SPATIAL_POST_MATRIX_COMPUTATION.BIN_HD_DATA._BIN_HD_DATA._COMPUTE_BINNED_OUTPUTS.SPATIAL_BINNED_RNA_ANALYZER.RUN_UMAP.fork_square_016um
2025-10-14 12:23:59 [runtime] (complete)        ID.F07839_1n2.SPATIAL_RNA_COUNTER_CS.SPATIAL_RNA_COUNTER.SPATIAL_POST_MATRIX_COMPUTATION.BIN_HD_DATA._BIN_HD_DATA._COMPUTE_BINNED_OUTPUTS.SPATIAL_BINNED_RNA_ANALYZER.RUN_GRAPH_CLUSTERING.fork_square_016um
2025-10-14 12:24:02 [runtime] (complete)        ID.F07839_1n2.SPATIAL_RNA_COUNTER_CS.SPATIAL_RNA_COUNTER.SPATIAL_POST_MATRIX_COMPUTATION.BIN_HD_DATA._BIN_HD_DATA._COMPUTE_BINNED_OUTPUTS.SPATIAL_BINNED_RNA_ANALYZER.RUN_GRAPH_CLUSTERING.fork_square_016um
2025-10-14 12:24:02 [runtime] (complete)        ID.F07839_1n2.SPATIAL_RNA_COUNTER_CS.SPATIAL_RNA_COUNTER.SPATIAL_POST_MATRIX_COMPUTATION.BIN_HD_DATA._BIN_HD_DATA._COMPUTE_BINNED_OUTPUTS.SPATIAL_BINNED_RNA_ANALYZER.RUN_UMAP.fork_square_016um
2025-10-14 12:24:05 [runtime] (complete)        ID.F07839_1n2.SPATIAL_RNA_COUNTER_CS.SPATIAL_RNA_COUNTER.SPATIAL_POST_MATRIX_COMPUTATION.BIN_HD_DATA._BIN_HD_DATA._COMPUTE_BINNED_OUTPUTS.SPATIAL_BINNED_RNA_ANALYZER.RUN_GRAPH_CLUSTERING.fork_square_016um
2025-10-14 12:24:05 [runtime] (complete)        ID.F07839_1n2.SPATIAL_RNA_COUNTER_CS.SPATIAL_RNA_COUNTER.SPATIAL_POST_MATRIX_COMPUTATION.BIN_HD_DATA._BIN_HD_DATA._COMPUTE_BINNED_OUTPUTS.SPATIAL_BINNED_RNA_ANALYZER.RUN_UMAP.fork_square_016um
2025-10-14 12:24:08 [runtime] (complete)        ID.F07839_1n2.SPATIAL_RNA_COUNTER_CS.SPATIAL_RNA_COUNTER.SPATIAL_POST_MATRIX_COMPUTATION.BIN_HD_DATA._BIN_HD_DATA._COMPUTE_BINNED_OUTPUTS.SPATIAL_BINNED_RNA_ANALYZER.RUN_UMAP.fork_square_016um
2025-10-14 12:24:08 [runtime] (complete)        ID.F07839_1n2.SPATIAL_RNA_COUNTER_CS.SPATIAL_RNA_COUNTER.SPATIAL_POST_MATRIX_COMPUTATION.BIN_HD_DATA._BIN_HD_DATA._COMPUTE_BINNED_OUTPUTS.SPATIAL_BINNED_RNA_ANALYZER.RUN_GRAPH_CLUSTERING.fork_square_016um
2025-10-14 12:24:11 [runtime] (complete)        ID.F07839_1n2.SPATIAL_RNA_COUNTER_CS.SPATIAL_RNA_COUNTER.SPATIAL_POST_MATRIX_COMPUTATION.BIN_HD_DATA._BIN_HD_DATA._COMPUTE_BINNED_OUTPUTS.SPATIAL_BINNED_RNA_ANALYZER.RUN_GRAPH_CLUSTERING.fork_square_016um
2025-10-14 12:24:11 [runtime] (complete)        ID.F07839_1n2.SPATIAL_RNA_COUNTER_CS.SPATIAL_RNA_COUNTER.SPATIAL_POST_MATRIX_COMPUTATION.BIN_HD_DATA._BIN_HD_DATA._COMPUTE_BINNED_OUTPUTS.SPATIAL_BINNED_RNA_ANALYZER.RUN_UMAP.fork_square_016um
2025-10-14 12:24:14 [runtime] (complete)        ID.F07839_1n2.SPATIAL_RNA_COUNTER_CS.SPATIAL_RNA_COUNTER.SPATIAL_POST_MATRIX_COMPUTATION.BIN_HD_DATA._BIN_HD_DATA._COMPUTE_BINNED_OUTPUTS.SPATIAL_BINNED_RNA_ANALYZER.RUN_UMAP.fork_square_016um
2025-10-14 12:24:14 [runtime] (complete)        ID.F07839_1n2.SPATIAL_RNA_COUNTER_CS.SPATIAL_RNA_COUNTER.SPATIAL_POST_MATRIX_COMPUTATION.BIN_HD_DATA._BIN_HD_DATA._COMPUTE_BINNED_OUTPUTS.SPATIAL_BINNED_RNA_ANALYZER.RUN_GRAPH_CLUSTERING.fork_square_016um
2025-10-14 12:24:18 [runtime] (complete)        ID.F07839_1n2.SPATIAL_RNA_COUNTER_CS.SPATIAL_RNA_COUNTER.SPATIAL_POST_MATRIX_COMPUTATION.BIN_HD_DATA._BIN_HD_DATA._COMPUTE_BINNED_OUTPUTS.SPATIAL_BINNED_RNA_ANALYZER.RUN_GRAPH_CLUSTERING.fork_square_016um
2025-10-14 12:24:18 [runtime] (complete)        ID.F07839_1n2.SPATIAL_RNA_COUNTER_CS.SPATIAL_RNA_COUNTER.SPATIAL_POST_MATRIX_COMPUTATION.BIN_HD_DATA._BIN_HD_DATA._COMPUTE_BINNED_OUTPUTS.SPATIAL_BINNED_RNA_ANALYZER.RUN_UMAP.fork_square_016um
2025-10-14 12:24:21 [runtime] (update)          ID.F07839_1n2.SPATIAL_RNA_COUNTER_CS.SPATIAL_RNA_COUNTER.SPATIAL_POST_MATRIX_COMPUTATION.BIN_HD_DATA._BIN_HD_DATA._COMPUTE_BINNED_OUTPUTS.SPATIAL_BINNED_RNA_ANALYZER.RUN_UMAP.fork_square_008um chunks_running
2025-10-14 12:24:21 [runtime] (update)          ID.F07839_1n2.SPATIAL_RNA_COUNTER_CS.SPATIAL_RNA_COUNTER.SPATIAL_POST_MATRIX_COMPUTATION.BIN_HD_DATA._BIN_HD_DATA._COMPUTE_BINNED_OUTPUTS.SPATIAL_BINNED_RNA_ANALYZER.RUN_GRAPH_CLUSTERING.fork_square_008um chunks_running
2025-10-14 12:24:21 [runtime] (complete)        ID.F07839_1n2.SPATIAL_RNA_COUNTER_CS.SPATIAL_RNA_COUNTER.SPATIAL_POST_MATRIX_COMPUTATION.BIN_HD_DATA._BIN_HD_DATA._COMPUTE_BINNED_OUTPUTS.SPATIAL_BINNED_RNA_ANALYZER.RUN_GRAPH_CLUSTERING.fork_square_016um
2025-10-14 12:24:21 [runtime] (complete)        ID.F07839_1n2.SPATIAL_RNA_COUNTER_CS.SPATIAL_RNA_COUNTER.SPATIAL_POST_MATRIX_COMPUTATION.BIN_HD_DATA._BIN_HD_DATA._COMPUTE_BINNED_OUTPUTS.SPATIAL_BINNED_RNA_ANALYZER.RUN_UMAP.fork_square_016um
2025-10-14 12:24:24 [runtime] (complete)        ID.F07839_1n2.SPATIAL_RNA_COUNTER_CS.SPATIAL_RNA_COUNTER.SPATIAL_POST_MATRIX_COMPUTATION.BIN_HD_DATA._BIN_HD_DATA._COMPUTE_BINNED_OUTPUTS.SPATIAL_BINNED_RNA_ANALYZER.RUN_GRAPH_CLUSTERING.fork_square_016um
2025-10-14 12:24:24 [runtime] (complete)        ID.F07839_1n2.SPATIAL_RNA_COUNTER_CS.SPATIAL_RNA_COUNTER.SPATIAL_POST_MATRIX_COMPUTATION.BIN_HD_DATA._BIN_HD_DATA._COMPUTE_BINNED_OUTPUTS.SPATIAL_BINNED_RNA_ANALYZER.RUN_UMAP.fork_square_016um
2025-10-14 12:24:27 [runtime] (complete)        ID.F07839_1n2.SPATIAL_RNA_COUNTER_CS.SPATIAL_RNA_COUNTER.SPATIAL_POST_MATRIX_COMPUTATION.BIN_HD_DATA._BIN_HD_DATA._COMPUTE_BINNED_OUTPUTS.SPATIAL_BINNED_RNA_ANALYZER.RUN_GRAPH_CLUSTERING.fork_square_016um
2025-10-14 12:24:27 [runtime] (complete)        ID.F07839_1n2.SPATIAL_RNA_COUNTER_CS.SPATIAL_RNA_COUNTER.SPATIAL_POST_MATRIX_COMPUTATION.BIN_HD_DATA._BIN_HD_DATA._COMPUTE_BINNED_OUTPUTS.SPATIAL_BINNED_RNA_ANALYZER.RUN_UMAP.fork_square_016um
2025-10-14 12:24:30 [runtime] (complete)        ID.F07839_1n2.SPATIAL_RNA_COUNTER_CS.SPATIAL_RNA_COUNTER.SPATIAL_POST_MATRIX_COMPUTATION.BIN_HD_DATA._BIN_HD_DATA._COMPUTE_BINNED_OUTPUTS.SPATIAL_BINNED_RNA_ANALYZER.RUN_GRAPH_CLUSTERING.fork_square_016um
2025-10-14 12:24:30 [runtime] (complete)        ID.F07839_1n2.SPATIAL_RNA_COUNTER_CS.SPATIAL_RNA_COUNTER.SPATIAL_POST_MATRIX_COMPUTATION.BIN_HD_DATA._BIN_HD_DATA._COMPUTE_BINNED_OUTPUTS.SPATIAL_BINNED_RNA_ANALYZER.RUN_UMAP.fork_square_016um
2025-10-14 12:24:33 [runtime] (complete)        ID.F07839_1n2.SPATIAL_RNA_COUNTER_CS.SPATIAL_RNA_COUNTER.SPATIAL_POST_MATRIX_COMPUTATION.BIN_HD_DATA._BIN_HD_DATA._COMPUTE_BINNED_OUTPUTS.SPATIAL_BINNED_RNA_ANALYZER.RUN_UMAP.fork_square_016um
2025-10-14 12:24:33 [runtime] (complete)        ID.F07839_1n2.SPATIAL_RNA_COUNTER_CS.SPATIAL_RNA_COUNTER.SPATIAL_POST_MATRIX_COMPUTATION.BIN_HD_DATA._BIN_HD_DATA._COMPUTE_BINNED_OUTPUTS.SPATIAL_BINNED_RNA_ANALYZER.RUN_GRAPH_CLUSTERING.fork_square_016um
2025-10-14 12:24:36 [runtime] (complete)        ID.F07839_1n2.SPATIAL_RNA_COUNTER_CS.SPATIAL_RNA_COUNTER.SPATIAL_POST_MATRIX_COMPUTATION.BIN_HD_DATA._BIN_HD_DATA._COMPUTE_BINNED_OUTPUTS.SPATIAL_BINNED_RNA_ANALYZER.RUN_UMAP.fork_square_016um
2025-10-14 12:24:36 [runtime] (complete)        ID.F07839_1n2.SPATIAL_RNA_COUNTER_CS.SPATIAL_RNA_COUNTER.SPATIAL_POST_MATRIX_COMPUTATION.BIN_HD_DATA._BIN_HD_DATA._COMPUTE_BINNED_OUTPUTS.SPATIAL_BINNED_RNA_ANALYZER.RUN_GRAPH_CLUSTERING.fork_square_016um
2025-10-14 12:24:39 [runtime] (complete)        ID.F07839_1n2.SPATIAL_RNA_COUNTER_CS.SPATIAL_RNA_COUNTER.SPATIAL_POST_MATRIX_COMPUTATION.BIN_HD_DATA._BIN_HD_DATA._COMPUTE_BINNED_OUTPUTS.SPATIAL_BINNED_RNA_ANALYZER.RUN_GRAPH_CLUSTERING.fork_square_016um
2025-10-14 12:24:39 [runtime] (complete)        ID.F07839_1n2.SPATIAL_RNA_COUNTER_CS.SPATIAL_RNA_COUNTER.SPATIAL_POST_MATRIX_COMPUTATION.BIN_HD_DATA._BIN_HD_DATA._COMPUTE_BINNED_OUTPUTS.SPATIAL_BINNED_RNA_ANALYZER.RUN_UMAP.fork_square_016um
2025-10-14 12:24:42 [runtime] (complete)        ID.F07839_1n2.SPATIAL_RNA_COUNTER_CS.SPATIAL_RNA_COUNTER.SPATIAL_POST_MATRIX_COMPUTATION.BIN_HD_DATA._BIN_HD_DATA._COMPUTE_BINNED_OUTPUTS.SPATIAL_BINNED_RNA_ANALYZER.RUN_UMAP.fork_square_016um
2025-10-14 12:24:42 [runtime] (complete)        ID.F07839_1n2.SPATIAL_RNA_COUNTER_CS.SPATIAL_RNA_COUNTER.SPATIAL_POST_MATRIX_COMPUTATION.BIN_HD_DATA._BIN_HD_DATA._COMPUTE_BINNED_OUTPUTS.SPATIAL_BINNED_RNA_ANALYZER.RUN_GRAPH_CLUSTERING.fork_square_016um
2025-10-14 12:24:45 [runtime] (complete)        ID.F07839_1n2.SPATIAL_RNA_COUNTER_CS.SPATIAL_RNA_COUNTER.SPATIAL_POST_MATRIX_COMPUTATION.BIN_HD_DATA._BIN_HD_DATA._COMPUTE_BINNED_OUTPUTS.SPATIAL_BINNED_RNA_ANALYZER.RUN_UMAP.fork_square_016um
2025-10-14 12:24:45 [runtime] (complete)        ID.F07839_1n2.SPATIAL_RNA_COUNTER_CS.SPATIAL_RNA_COUNTER.SPATIAL_POST_MATRIX_COMPUTATION.BIN_HD_DATA._BIN_HD_DATA._COMPUTE_BINNED_OUTPUTS.SPATIAL_BINNED_RNA_ANALYZER.RUN_GRAPH_CLUSTERING.fork_square_016um
2025-10-14 12:24:48 [runtime] (complete)        ID.F07839_1n2.SPATIAL_RNA_COUNTER_CS.SPATIAL_RNA_COUNTER.SPATIAL_POST_MATRIX_COMPUTATION.BIN_HD_DATA._BIN_HD_DATA._COMPUTE_BINNED_OUTPUTS.SPATIAL_BINNED_RNA_ANALYZER.RUN_GRAPH_CLUSTERING.fork_square_016um
2025-10-14 12:24:48 [runtime] (complete)        ID.F07839_1n2.SPATIAL_RNA_COUNTER_CS.SPATIAL_RNA_COUNTER.SPATIAL_POST_MATRIX_COMPUTATION.BIN_HD_DATA._BIN_HD_DATA._COMPUTE_BINNED_OUTPUTS.SPATIAL_BINNED_RNA_ANALYZER.RUN_UMAP.fork_square_016um
2025-10-14 12:24:51 [runtime] (complete)        ID.F07839_1n2.SPATIAL_RNA_COUNTER_CS.SPATIAL_RNA_COUNTER.SPATIAL_POST_MATRIX_COMPUTATION.BIN_HD_DATA._BIN_HD_DATA._COMPUTE_BINNED_OUTPUTS.SPATIAL_BINNED_RNA_ANALYZER.RUN_UMAP.fork_square_016um
2025-10-14 12:24:51 [runtime] (complete)        ID.F07839_1n2.SPATIAL_RNA_COUNTER_CS.SPATIAL_RNA_COUNTER.SPATIAL_POST_MATRIX_COMPUTATION.BIN_HD_DATA._BIN_HD_DATA._COMPUTE_BINNED_OUTPUTS.SPATIAL_BINNED_RNA_ANALYZER.RUN_GRAPH_CLUSTERING.fork_square_016um
2025-10-14 12:24:54 [runtime] (complete)        ID.F07839_1n2.SPATIAL_RNA_COUNTER_CS.SPATIAL_RNA_COUNTER.SPATIAL_POST_MATRIX_COMPUTATION.BIN_HD_DATA._BIN_HD_DATA._COMPUTE_BINNED_OUTPUTS.SPATIAL_BINNED_RNA_ANALYZER.RUN_GRAPH_CLUSTERING.fork_square_016um
2025-10-14 12:24:54 [runtime] (complete)        ID.F07839_1n2.SPATIAL_RNA_COUNTER_CS.SPATIAL_RNA_COUNTER.SPATIAL_POST_MATRIX_COMPUTATION.BIN_HD_DATA._BIN_HD_DATA._COMPUTE_BINNED_OUTPUTS.SPATIAL_BINNED_RNA_ANALYZER.RUN_UMAP.fork_square_016um
2025-10-14 12:24:57 [runtime] (complete)        ID.F07839_1n2.SPATIAL_RNA_COUNTER_CS.SPATIAL_RNA_COUNTER.SPATIAL_POST_MATRIX_COMPUTATION.BIN_HD_DATA._BIN_HD_DATA._COMPUTE_BINNED_OUTPUTS.SPATIAL_BINNED_RNA_ANALYZER.RUN_UMAP.fork_square_016um
2025-10-14 12:24:57 [runtime] (complete)        ID.F07839_1n2.SPATIAL_RNA_COUNTER_CS.SPATIAL_RNA_COUNTER.SPATIAL_POST_MATRIX_COMPUTATION.BIN_HD_DATA._BIN_HD_DATA._COMPUTE_BINNED_OUTPUTS.SPATIAL_BINNED_RNA_ANALYZER.RUN_GRAPH_CLUSTERING.fork_square_016um
2025-10-14 12:25:00 [runtime] (complete)        ID.F07839_1n2.SPATIAL_RNA_COUNTER_CS.SPATIAL_RNA_COUNTER.SPATIAL_POST_MATRIX_COMPUTATION.BIN_HD_DATA._BIN_HD_DATA._COMPUTE_BINNED_OUTPUTS.SPATIAL_BINNED_RNA_ANALYZER.RUN_UMAP.fork_square_016um
2025-10-14 12:25:00 [runtime] (complete)        ID.F07839_1n2.SPATIAL_RNA_COUNTER_CS.SPATIAL_RNA_COUNTER.SPATIAL_POST_MATRIX_COMPUTATION.BIN_HD_DATA._BIN_HD_DATA._COMPUTE_BINNED_OUTPUTS.SPATIAL_BINNED_RNA_ANALYZER.RUN_GRAPH_CLUSTERING.fork_square_016um
2025-10-14 12:25:03 [runtime] (complete)        ID.F07839_1n2.SPATIAL_RNA_COUNTER_CS.SPATIAL_RNA_COUNTER.SPATIAL_POST_MATRIX_COMPUTATION.BIN_HD_DATA._BIN_HD_DATA._COMPUTE_BINNED_OUTPUTS.SPATIAL_BINNED_RNA_ANALYZER.RUN_UMAP.fork_square_016um
2025-10-14 12:25:03 [runtime] (complete)        ID.F07839_1n2.SPATIAL_RNA_COUNTER_CS.SPATIAL_RNA_COUNTER.SPATIAL_POST_MATRIX_COMPUTATION.BIN_HD_DATA._BIN_HD_DATA._COMPUTE_BINNED_OUTPUTS.SPATIAL_BINNED_RNA_ANALYZER.RUN_GRAPH_CLUSTERING.fork_square_016um
2025-10-14 12:25:06 [runtime] (complete)        ID.F07839_1n2.SPATIAL_RNA_COUNTER_CS.SPATIAL_RNA_COUNTER.SPATIAL_POST_MATRIX_COMPUTATION.BIN_HD_DATA._BIN_HD_DATA._COMPUTE_BINNED_OUTPUTS.SPATIAL_BINNED_RNA_ANALYZER.RUN_GRAPH_CLUSTERING.fork_square_016um
2025-10-14 12:25:06 [runtime] (complete)        ID.F07839_1n2.SPATIAL_RNA_COUNTER_CS.SPATIAL_RNA_COUNTER.SPATIAL_POST_MATRIX_COMPUTATION.BIN_HD_DATA._BIN_HD_DATA._COMPUTE_BINNED_OUTPUTS.SPATIAL_BINNED_RNA_ANALYZER.RUN_UMAP.fork_square_016um
2025-10-14 12:25:09 [runtime] (complete)        ID.F07839_1n2.SPATIAL_RNA_COUNTER_CS.SPATIAL_RNA_COUNTER.SPATIAL_POST_MATRIX_COMPUTATION.BIN_HD_DATA._BIN_HD_DATA._COMPUTE_BINNED_OUTPUTS.SPATIAL_BINNED_RNA_ANALYZER.RUN_UMAP.fork_square_016um
2025-10-14 12:25:09 [runtime] (complete)        ID.F07839_1n2.SPATIAL_RNA_COUNTER_CS.SPATIAL_RNA_COUNTER.SPATIAL_POST_MATRIX_COMPUTATION.BIN_HD_DATA._BIN_HD_DATA._COMPUTE_BINNED_OUTPUTS.SPATIAL_BINNED_RNA_ANALYZER.RUN_GRAPH_CLUSTERING.fork_square_016um
2025-10-14 12:25:12 [runtime] (complete)        ID.F07839_1n2.SPATIAL_RNA_COUNTER_CS.SPATIAL_RNA_COUNTER.SPATIAL_POST_MATRIX_COMPUTATION.BIN_HD_DATA._BIN_HD_DATA._COMPUTE_BINNED_OUTPUTS.SPATIAL_BINNED_RNA_ANALYZER.RUN_GRAPH_CLUSTERING.fork_square_016um
2025-10-14 12:25:12 [runtime] (complete)        ID.F07839_1n2.SPATIAL_RNA_COUNTER_CS.SPATIAL_RNA_COUNTER.SPATIAL_POST_MATRIX_COMPUTATION.BIN_HD_DATA._BIN_HD_DATA._COMPUTE_BINNED_OUTPUTS.SPATIAL_BINNED_RNA_ANALYZER.RUN_UMAP.fork_square_016um
2025-10-14 12:25:15 [runtime] (complete)        ID.F07839_1n2.SPATIAL_RNA_COUNTER_CS.SPATIAL_RNA_COUNTER.SPATIAL_POST_MATRIX_COMPUTATION.BIN_HD_DATA._BIN_HD_DATA._COMPUTE_BINNED_OUTPUTS.SPATIAL_BINNED_RNA_ANALYZER.RUN_UMAP.fork_square_016um
2025-10-14 12:25:15 [runtime] (complete)        ID.F07839_1n2.SPATIAL_RNA_COUNTER_CS.SPATIAL_RNA_COUNTER.SPATIAL_POST_MATRIX_COMPUTATION.BIN_HD_DATA._BIN_HD_DATA._COMPUTE_BINNED_OUTPUTS.SPATIAL_BINNED_RNA_ANALYZER.RUN_GRAPH_CLUSTERING.fork_square_016um
2025-10-14 12:25:18 [runtime] (complete)        ID.F07839_1n2.SPATIAL_RNA_COUNTER_CS.SPATIAL_RNA_COUNTER.SPATIAL_POST_MATRIX_COMPUTATION.BIN_HD_DATA._BIN_HD_DATA._COMPUTE_BINNED_OUTPUTS.SPATIAL_BINNED_RNA_ANALYZER.RUN_GRAPH_CLUSTERING.fork_square_016um
2025-10-14 12:25:18 [runtime] (complete)        ID.F07839_1n2.SPATIAL_RNA_COUNTER_CS.SPATIAL_RNA_COUNTER.SPATIAL_POST_MATRIX_COMPUTATION.BIN_HD_DATA._BIN_HD_DATA._COMPUTE_BINNED_OUTPUTS.SPATIAL_BINNED_RNA_ANALYZER.RUN_UMAP.fork_square_016um
2025-10-14 12:25:21 [runtime] (complete)        ID.F07839_1n2.SPATIAL_RNA_COUNTER_CS.SPATIAL_RNA_COUNTER.SPATIAL_POST_MATRIX_COMPUTATION.BIN_HD_DATA._BIN_HD_DATA._COMPUTE_BINNED_OUTPUTS.SPATIAL_BINNED_RNA_ANALYZER.RUN_GRAPH_CLUSTERING.fork_square_016um
2025-10-14 12:25:21 [runtime] (complete)        ID.F07839_1n2.SPATIAL_RNA_COUNTER_CS.SPATIAL_RNA_COUNTER.SPATIAL_POST_MATRIX_COMPUTATION.BIN_HD_DATA._BIN_HD_DATA._COMPUTE_BINNED_OUTPUTS.SPATIAL_BINNED_RNA_ANALYZER.RUN_UMAP.fork_square_016um
2025-10-14 12:25:24 [runtime] (complete)        ID.F07839_1n2.SPATIAL_RNA_COUNTER_CS.SPATIAL_RNA_COUNTER.SPATIAL_POST_MATRIX_COMPUTATION.BIN_HD_DATA._BIN_HD_DATA._COMPUTE_BINNED_OUTPUTS.SPATIAL_BINNED_RNA_ANALYZER.RUN_UMAP.fork_square_016um
2025-10-14 12:25:24 [runtime] (complete)        ID.F07839_1n2.SPATIAL_RNA_COUNTER_CS.SPATIAL_RNA_COUNTER.SPATIAL_POST_MATRIX_COMPUTATION.BIN_HD_DATA._BIN_HD_DATA._COMPUTE_BINNED_OUTPUTS.SPATIAL_BINNED_RNA_ANALYZER.RUN_GRAPH_CLUSTERING.fork_square_016um
2025-10-14 12:25:27 [runtime] (complete)        ID.F07839_1n2.SPATIAL_RNA_COUNTER_CS.SPATIAL_RNA_COUNTER.SPATIAL_POST_MATRIX_COMPUTATION.BIN_HD_DATA._BIN_HD_DATA._COMPUTE_BINNED_OUTPUTS.SPATIAL_BINNED_RNA_ANALYZER.RUN_UMAP.fork_square_016um
2025-10-14 12:25:27 [runtime] (complete)        ID.F07839_1n2.SPATIAL_RNA_COUNTER_CS.SPATIAL_RNA_COUNTER.SPATIAL_POST_MATRIX_COMPUTATION.BIN_HD_DATA._BIN_HD_DATA._COMPUTE_BINNED_OUTPUTS.SPATIAL_BINNED_RNA_ANALYZER.RUN_GRAPH_CLUSTERING.fork_square_016um
2025-10-14 12:25:30 [runtime] (complete)        ID.F07839_1n2.SPATIAL_RNA_COUNTER_CS.SPATIAL_RNA_COUNTER.SPATIAL_POST_MATRIX_COMPUTATION.BIN_HD_DATA._BIN_HD_DATA._COMPUTE_BINNED_OUTPUTS.SPATIAL_BINNED_RNA_ANALYZER.RUN_UMAP.fork_square_016um
2025-10-14 12:25:30 [runtime] (complete)        ID.F07839_1n2.SPATIAL_RNA_COUNTER_CS.SPATIAL_RNA_COUNTER.SPATIAL_POST_MATRIX_COMPUTATION.BIN_HD_DATA._BIN_HD_DATA._COMPUTE_BINNED_OUTPUTS.SPATIAL_BINNED_RNA_ANALYZER.RUN_GRAPH_CLUSTERING.fork_square_016um
2025-10-14 12:25:33 [runtime] (complete)        ID.F07839_1n2.SPATIAL_RNA_COUNTER_CS.SPATIAL_RNA_COUNTER.SPATIAL_POST_MATRIX_COMPUTATION.BIN_HD_DATA._BIN_HD_DATA._COMPUTE_BINNED_OUTPUTS.SPATIAL_BINNED_RNA_ANALYZER.RUN_UMAP.fork_square_016um
2025-10-14 12:25:33 [runtime] (complete)        ID.F07839_1n2.SPATIAL_RNA_COUNTER_CS.SPATIAL_RNA_COUNTER.SPATIAL_POST_MATRIX_COMPUTATION.BIN_HD_DATA._BIN_HD_DATA._COMPUTE_BINNED_OUTPUTS.SPATIAL_BINNED_RNA_ANALYZER.RUN_GRAPH_CLUSTERING.fork_square_016um
2025-10-14 12:25:36 [runtime] (complete)        ID.F07839_1n2.SPATIAL_RNA_COUNTER_CS.SPATIAL_RNA_COUNTER.SPATIAL_POST_MATRIX_COMPUTATION.BIN_HD_DATA._BIN_HD_DATA._COMPUTE_BINNED_OUTPUTS.SPATIAL_BINNED_RNA_ANALYZER.RUN_GRAPH_CLUSTERING.fork_square_016um
2025-10-14 12:25:36 [runtime] (complete)        ID.F07839_1n2.SPATIAL_RNA_COUNTER_CS.SPATIAL_RNA_COUNTER.SPATIAL_POST_MATRIX_COMPUTATION.BIN_HD_DATA._BIN_HD_DATA._COMPUTE_BINNED_OUTPUTS.SPATIAL_BINNED_RNA_ANALYZER.RUN_UMAP.fork_square_016um
2025-10-14 12:25:39 [runtime] (complete)        ID.F07839_1n2.SPATIAL_RNA_COUNTER_CS.SPATIAL_RNA_COUNTER.SPATIAL_POST_MATRIX_COMPUTATION.BIN_HD_DATA._BIN_HD_DATA._COMPUTE_BINNED_OUTPUTS.SPATIAL_BINNED_RNA_ANALYZER.RUN_UMAP.fork_square_016um
2025-10-14 12:25:39 [runtime] (complete)        ID.F07839_1n2.SPATIAL_RNA_COUNTER_CS.SPATIAL_RNA_COUNTER.SPATIAL_POST_MATRIX_COMPUTATION.BIN_HD_DATA._BIN_HD_DATA._COMPUTE_BINNED_OUTPUTS.SPATIAL_BINNED_RNA_ANALYZER.RUN_GRAPH_CLUSTERING.fork_square_016um
2025-10-14 12:25:42 [runtime] (complete)        ID.F07839_1n2.SPATIAL_RNA_COUNTER_CS.SPATIAL_RNA_COUNTER.SPATIAL_POST_MATRIX_COMPUTATION.BIN_HD_DATA._BIN_HD_DATA._COMPUTE_BINNED_OUTPUTS.SPATIAL_BINNED_RNA_ANALYZER.RUN_GRAPH_CLUSTERING.fork_square_016um
2025-10-14 12:25:42 [runtime] (complete)        ID.F07839_1n2.SPATIAL_RNA_COUNTER_CS.SPATIAL_RNA_COUNTER.SPATIAL_POST_MATRIX_COMPUTATION.BIN_HD_DATA._BIN_HD_DATA._COMPUTE_BINNED_OUTPUTS.SPATIAL_BINNED_RNA_ANALYZER.RUN_UMAP.fork_square_016um
2025-10-14 12:25:45 [runtime] (complete)        ID.F07839_1n2.SPATIAL_RNA_COUNTER_CS.SPATIAL_RNA_COUNTER.SPATIAL_POST_MATRIX_COMPUTATION.BIN_HD_DATA._BIN_HD_DATA._COMPUTE_BINNED_OUTPUTS.SPATIAL_BINNED_RNA_ANALYZER.RUN_UMAP.fork_square_016um
2025-10-14 12:25:45 [runtime] (complete)        ID.F07839_1n2.SPATIAL_RNA_COUNTER_CS.SPATIAL_RNA_COUNTER.SPATIAL_POST_MATRIX_COMPUTATION.BIN_HD_DATA._BIN_HD_DATA._COMPUTE_BINNED_OUTPUTS.SPATIAL_BINNED_RNA_ANALYZER.RUN_GRAPH_CLUSTERING.fork_square_016um
2025-10-14 12:25:48 [runtime] (complete)        ID.F07839_1n2.SPATIAL_RNA_COUNTER_CS.SPATIAL_RNA_COUNTER.SPATIAL_POST_MATRIX_COMPUTATION.BIN_HD_DATA._BIN_HD_DATA._COMPUTE_BINNED_OUTPUTS.SPATIAL_BINNED_RNA_ANALYZER.RUN_UMAP.fork_square_016um
2025-10-14 12:25:48 [runtime] (complete)        ID.F07839_1n2.SPATIAL_RNA_COUNTER_CS.SPATIAL_RNA_COUNTER.SPATIAL_POST_MATRIX_COMPUTATION.BIN_HD_DATA._BIN_HD_DATA._COMPUTE_BINNED_OUTPUTS.SPATIAL_BINNED_RNA_ANALYZER.RUN_GRAPH_CLUSTERING.fork_square_016um
2025-10-14 12:25:51 [runtime] (complete)        ID.F07839_1n2.SPATIAL_RNA_COUNTER_CS.SPATIAL_RNA_COUNTER.SPATIAL_POST_MATRIX_COMPUTATION.BIN_HD_DATA._BIN_HD_DATA._COMPUTE_BINNED_OUTPUTS.SPATIAL_BINNED_RNA_ANALYZER.RUN_UMAP.fork_square_016um
2025-10-14 12:25:51 [runtime] (complete)        ID.F07839_1n2.SPATIAL_RNA_COUNTER_CS.SPATIAL_RNA_COUNTER.SPATIAL_POST_MATRIX_COMPUTATION.BIN_HD_DATA._BIN_HD_DATA._COMPUTE_BINNED_OUTPUTS.SPATIAL_BINNED_RNA_ANALYZER.RUN_GRAPH_CLUSTERING.fork_square_016um
2025-10-14 12:25:54 [runtime] (complete)        ID.F07839_1n2.SPATIAL_RNA_COUNTER_CS.SPATIAL_RNA_COUNTER.SPATIAL_POST_MATRIX_COMPUTATION.BIN_HD_DATA._BIN_HD_DATA._COMPUTE_BINNED_OUTPUTS.SPATIAL_BINNED_RNA_ANALYZER.RUN_UMAP.fork_square_016um
2025-10-14 12:25:54 [runtime] (complete)        ID.F07839_1n2.SPATIAL_RNA_COUNTER_CS.SPATIAL_RNA_COUNTER.SPATIAL_POST_MATRIX_COMPUTATION.BIN_HD_DATA._BIN_HD_DATA._COMPUTE_BINNED_OUTPUTS.SPATIAL_BINNED_RNA_ANALYZER.RUN_GRAPH_CLUSTERING.fork_square_016um
2025-10-14 12:25:57 [runtime] (complete)        ID.F07839_1n2.SPATIAL_RNA_COUNTER_CS.SPATIAL_RNA_COUNTER.SPATIAL_POST_MATRIX_COMPUTATION.BIN_HD_DATA._BIN_HD_DATA._COMPUTE_BINNED_OUTPUTS.SPATIAL_BINNED_RNA_ANALYZER.RUN_UMAP.fork_square_016um
2025-10-14 12:25:57 [runtime] (complete)        ID.F07839_1n2.SPATIAL_RNA_COUNTER_CS.SPATIAL_RNA_COUNTER.SPATIAL_POST_MATRIX_COMPUTATION.BIN_HD_DATA._BIN_HD_DATA._COMPUTE_BINNED_OUTPUTS.SPATIAL_BINNED_RNA_ANALYZER.RUN_GRAPH_CLUSTERING.fork_square_016um
2025-10-14 12:26:00 [runtime] (complete)        ID.F07839_1n2.SPATIAL_RNA_COUNTER_CS.SPATIAL_RNA_COUNTER.SPATIAL_POST_MATRIX_COMPUTATION.BIN_HD_DATA._BIN_HD_DATA._COMPUTE_BINNED_OUTPUTS.SPATIAL_BINNED_RNA_ANALYZER.RUN_UMAP.fork_square_016um
2025-10-14 12:26:00 [runtime] (complete)        ID.F07839_1n2.SPATIAL_RNA_COUNTER_CS.SPATIAL_RNA_COUNTER.SPATIAL_POST_MATRIX_COMPUTATION.BIN_HD_DATA._BIN_HD_DATA._COMPUTE_BINNED_OUTPUTS.SPATIAL_BINNED_RNA_ANALYZER.RUN_GRAPH_CLUSTERING.fork_square_016um
2025-10-14 12:26:03 [runtime] (complete)        ID.F07839_1n2.SPATIAL_RNA_COUNTER_CS.SPATIAL_RNA_COUNTER.SPATIAL_POST_MATRIX_COMPUTATION.BIN_HD_DATA._BIN_HD_DATA._COMPUTE_BINNED_OUTPUTS.SPATIAL_BINNED_RNA_ANALYZER.RUN_UMAP.fork_square_016um
2025-10-14 12:26:03 [runtime] (complete)        ID.F07839_1n2.SPATIAL_RNA_COUNTER_CS.SPATIAL_RNA_COUNTER.SPATIAL_POST_MATRIX_COMPUTATION.BIN_HD_DATA._BIN_HD_DATA._COMPUTE_BINNED_OUTPUTS.SPATIAL_BINNED_RNA_ANALYZER.RUN_GRAPH_CLUSTERING.fork_square_016um
2025-10-14 12:26:06 [runtime] (complete)        ID.F07839_1n2.SPATIAL_RNA_COUNTER_CS.SPATIAL_RNA_COUNTER.SPATIAL_POST_MATRIX_COMPUTATION.BIN_HD_DATA._BIN_HD_DATA._COMPUTE_BINNED_OUTPUTS.SPATIAL_BINNED_RNA_ANALYZER.RUN_UMAP.fork_square_016um
2025-10-14 12:26:06 [runtime] (complete)        ID.F07839_1n2.SPATIAL_RNA_COUNTER_CS.SPATIAL_RNA_COUNTER.SPATIAL_POST_MATRIX_COMPUTATION.BIN_HD_DATA._BIN_HD_DATA._COMPUTE_BINNED_OUTPUTS.SPATIAL_BINNED_RNA_ANALYZER.RUN_GRAPH_CLUSTERING.fork_square_016um
2025-10-14 12:26:09 [runtime] (complete)        ID.F07839_1n2.SPATIAL_RNA_COUNTER_CS.SPATIAL_RNA_COUNTER.SPATIAL_POST_MATRIX_COMPUTATION.BIN_HD_DATA._BIN_HD_DATA._COMPUTE_BINNED_OUTPUTS.SPATIAL_BINNED_RNA_ANALYZER.RUN_UMAP.fork_square_016um
2025-10-14 12:26:09 [runtime] (complete)        ID.F07839_1n2.SPATIAL_RNA_COUNTER_CS.SPATIAL_RNA_COUNTER.SPATIAL_POST_MATRIX_COMPUTATION.BIN_HD_DATA._BIN_HD_DATA._COMPUTE_BINNED_OUTPUTS.SPATIAL_BINNED_RNA_ANALYZER.RUN_GRAPH_CLUSTERING.fork_square_016um
2025-10-14 12:26:12 [runtime] (complete)        ID.F07839_1n2.SPATIAL_RNA_COUNTER_CS.SPATIAL_RNA_COUNTER.SPATIAL_POST_MATRIX_COMPUTATION.BIN_HD_DATA._BIN_HD_DATA._COMPUTE_BINNED_OUTPUTS.SPATIAL_BINNED_RNA_ANALYZER.RUN_UMAP.fork_square_016um
2025-10-14 12:26:12 [runtime] (complete)        ID.F07839_1n2.SPATIAL_RNA_COUNTER_CS.SPATIAL_RNA_COUNTER.SPATIAL_POST_MATRIX_COMPUTATION.BIN_HD_DATA._BIN_HD_DATA._COMPUTE_BINNED_OUTPUTS.SPATIAL_BINNED_RNA_ANALYZER.RUN_GRAPH_CLUSTERING.fork_square_016um
2025-10-14 12:26:15 [runtime] (complete)        ID.F07839_1n2.SPATIAL_RNA_COUNTER_CS.SPATIAL_RNA_COUNTER.SPATIAL_POST_MATRIX_COMPUTATION.BIN_HD_DATA._BIN_HD_DATA._COMPUTE_BINNED_OUTPUTS.SPATIAL_BINNED_RNA_ANALYZER.RUN_UMAP.fork_square_016um
2025-10-14 12:26:15 [runtime] (complete)        ID.F07839_1n2.SPATIAL_RNA_COUNTER_CS.SPATIAL_RNA_COUNTER.SPATIAL_POST_MATRIX_COMPUTATION.BIN_HD_DATA._BIN_HD_DATA._COMPUTE_BINNED_OUTPUTS.SPATIAL_BINNED_RNA_ANALYZER.RUN_GRAPH_CLUSTERING.fork_square_016um
2025-10-14 12:26:18 [runtime] (complete)        ID.F07839_1n2.SPATIAL_RNA_COUNTER_CS.SPATIAL_RNA_COUNTER.SPATIAL_POST_MATRIX_COMPUTATION.BIN_HD_DATA._BIN_HD_DATA._COMPUTE_BINNED_OUTPUTS.SPATIAL_BINNED_RNA_ANALYZER.RUN_GRAPH_CLUSTERING.fork_square_016um
2025-10-14 12:26:18 [runtime] (complete)        ID.F07839_1n2.SPATIAL_RNA_COUNTER_CS.SPATIAL_RNA_COUNTER.SPATIAL_POST_MATRIX_COMPUTATION.BIN_HD_DATA._BIN_HD_DATA._COMPUTE_BINNED_OUTPUTS.SPATIAL_BINNED_RNA_ANALYZER.RUN_UMAP.fork_square_016um
2025-10-14 12:26:21 [runtime] (complete)        ID.F07839_1n2.SPATIAL_RNA_COUNTER_CS.SPATIAL_RNA_COUNTER.SPATIAL_POST_MATRIX_COMPUTATION.BIN_HD_DATA._BIN_HD_DATA._COMPUTE_BINNED_OUTPUTS.SPATIAL_BINNED_RNA_ANALYZER.RUN_UMAP.fork_square_016um
2025-10-14 12:26:21 [runtime] (complete)        ID.F07839_1n2.SPATIAL_RNA_COUNTER_CS.SPATIAL_RNA_COUNTER.SPATIAL_POST_MATRIX_COMPUTATION.BIN_HD_DATA._BIN_HD_DATA._COMPUTE_BINNED_OUTPUTS.SPATIAL_BINNED_RNA_ANALYZER.RUN_GRAPH_CLUSTERING.fork_square_016um
2025-10-14 12:26:24 [runtime] (complete)        ID.F07839_1n2.SPATIAL_RNA_COUNTER_CS.SPATIAL_RNA_COUNTER.SPATIAL_POST_MATRIX_COMPUTATION.BIN_HD_DATA._BIN_HD_DATA._COMPUTE_BINNED_OUTPUTS.SPATIAL_BINNED_RNA_ANALYZER.RUN_UMAP.fork_square_016um
2025-10-14 12:26:24 [runtime] (complete)        ID.F07839_1n2.SPATIAL_RNA_COUNTER_CS.SPATIAL_RNA_COUNTER.SPATIAL_POST_MATRIX_COMPUTATION.BIN_HD_DATA._BIN_HD_DATA._COMPUTE_BINNED_OUTPUTS.SPATIAL_BINNED_RNA_ANALYZER.RUN_GRAPH_CLUSTERING.fork_square_016um
2025-10-14 12:26:27 [runtime] (complete)        ID.F07839_1n2.SPATIAL_RNA_COUNTER_CS.SPATIAL_RNA_COUNTER.SPATIAL_POST_MATRIX_COMPUTATION.BIN_HD_DATA._BIN_HD_DATA._COMPUTE_BINNED_OUTPUTS.SPATIAL_BINNED_RNA_ANALYZER.RUN_UMAP.fork_square_016um
2025-10-14 12:26:27 [runtime] (complete)        ID.F07839_1n2.SPATIAL_RNA_COUNTER_CS.SPATIAL_RNA_COUNTER.SPATIAL_POST_MATRIX_COMPUTATION.BIN_HD_DATA._BIN_HD_DATA._COMPUTE_BINNED_OUTPUTS.SPATIAL_BINNED_RNA_ANALYZER.RUN_GRAPH_CLUSTERING.fork_square_016um
2025-10-14 12:26:30 [runtime] (complete)        ID.F07839_1n2.SPATIAL_RNA_COUNTER_CS.SPATIAL_RNA_COUNTER.SPATIAL_POST_MATRIX_COMPUTATION.BIN_HD_DATA._BIN_HD_DATA._COMPUTE_BINNED_OUTPUTS.SPATIAL_BINNED_RNA_ANALYZER.RUN_GRAPH_CLUSTERING.fork_square_016um
2025-10-14 12:26:30 [runtime] (complete)        ID.F07839_1n2.SPATIAL_RNA_COUNTER_CS.SPATIAL_RNA_COUNTER.SPATIAL_POST_MATRIX_COMPUTATION.BIN_HD_DATA._BIN_HD_DATA._COMPUTE_BINNED_OUTPUTS.SPATIAL_BINNED_RNA_ANALYZER.RUN_UMAP.fork_square_016um
2025-10-14 12:26:33 [runtime] (complete)        ID.F07839_1n2.SPATIAL_RNA_COUNTER_CS.SPATIAL_RNA_COUNTER.SPATIAL_POST_MATRIX_COMPUTATION.BIN_HD_DATA._BIN_HD_DATA._COMPUTE_BINNED_OUTPUTS.SPATIAL_BINNED_RNA_ANALYZER.RUN_UMAP.fork_square_016um
2025-10-14 12:26:33 [runtime] (complete)        ID.F07839_1n2.SPATIAL_RNA_COUNTER_CS.SPATIAL_RNA_COUNTER.SPATIAL_POST_MATRIX_COMPUTATION.BIN_HD_DATA._BIN_HD_DATA._COMPUTE_BINNED_OUTPUTS.SPATIAL_BINNED_RNA_ANALYZER.RUN_GRAPH_CLUSTERING.fork_square_016um
2025-10-14 12:26:36 [runtime] (complete)        ID.F07839_1n2.SPATIAL_RNA_COUNTER_CS.SPATIAL_RNA_COUNTER.SPATIAL_POST_MATRIX_COMPUTATION.BIN_HD_DATA._BIN_HD_DATA._COMPUTE_BINNED_OUTPUTS.SPATIAL_BINNED_RNA_ANALYZER.RUN_UMAP.fork_square_016um
2025-10-14 12:26:36 [runtime] (complete)        ID.F07839_1n2.SPATIAL_RNA_COUNTER_CS.SPATIAL_RNA_COUNTER.SPATIAL_POST_MATRIX_COMPUTATION.BIN_HD_DATA._BIN_HD_DATA._COMPUTE_BINNED_OUTPUTS.SPATIAL_BINNED_RNA_ANALYZER.RUN_GRAPH_CLUSTERING.fork_square_016um
2025-10-14 12:26:39 [runtime] (complete)        ID.F07839_1n2.SPATIAL_RNA_COUNTER_CS.SPATIAL_RNA_COUNTER.SPATIAL_POST_MATRIX_COMPUTATION.BIN_HD_DATA._BIN_HD_DATA._COMPUTE_BINNED_OUTPUTS.SPATIAL_BINNED_RNA_ANALYZER.RUN_GRAPH_CLUSTERING.fork_square_016um
2025-10-14 12:26:39 [runtime] (complete)        ID.F07839_1n2.SPATIAL_RNA_COUNTER_CS.SPATIAL_RNA_COUNTER.SPATIAL_POST_MATRIX_COMPUTATION.BIN_HD_DATA._BIN_HD_DATA._COMPUTE_BINNED_OUTPUTS.SPATIAL_BINNED_RNA_ANALYZER.RUN_UMAP.fork_square_016um
2025-10-14 12:26:42 [runtime] (complete)        ID.F07839_1n2.SPATIAL_RNA_COUNTER_CS.SPATIAL_RNA_COUNTER.SPATIAL_POST_MATRIX_COMPUTATION.BIN_HD_DATA._BIN_HD_DATA._COMPUTE_BINNED_OUTPUTS.SPATIAL_BINNED_RNA_ANALYZER.RUN_UMAP.fork_square_016um
2025-10-14 12:26:42 [runtime] (complete)        ID.F07839_1n2.SPATIAL_RNA_COUNTER_CS.SPATIAL_RNA_COUNTER.SPATIAL_POST_MATRIX_COMPUTATION.BIN_HD_DATA._BIN_HD_DATA._COMPUTE_BINNED_OUTPUTS.SPATIAL_BINNED_RNA_ANALYZER.RUN_GRAPH_CLUSTERING.fork_square_016um
2025-10-14 12:26:45 [runtime] (complete)        ID.F07839_1n2.SPATIAL_RNA_COUNTER_CS.SPATIAL_RNA_COUNTER.SPATIAL_POST_MATRIX_COMPUTATION.BIN_HD_DATA._BIN_HD_DATA._COMPUTE_BINNED_OUTPUTS.SPATIAL_BINNED_RNA_ANALYZER.RUN_UMAP.fork_square_016um
2025-10-14 12:26:45 [runtime] (complete)        ID.F07839_1n2.SPATIAL_RNA_COUNTER_CS.SPATIAL_RNA_COUNTER.SPATIAL_POST_MATRIX_COMPUTATION.BIN_HD_DATA._BIN_HD_DATA._COMPUTE_BINNED_OUTPUTS.SPATIAL_BINNED_RNA_ANALYZER.RUN_GRAPH_CLUSTERING.fork_square_016um
2025-10-14 12:26:48 [runtime] (complete)        ID.F07839_1n2.SPATIAL_RNA_COUNTER_CS.SPATIAL_RNA_COUNTER.SPATIAL_POST_MATRIX_COMPUTATION.BIN_HD_DATA._BIN_HD_DATA._COMPUTE_BINNED_OUTPUTS.SPATIAL_BINNED_RNA_ANALYZER.RUN_UMAP.fork_square_016um
2025-10-14 12:26:48 [runtime] (complete)        ID.F07839_1n2.SPATIAL_RNA_COUNTER_CS.SPATIAL_RNA_COUNTER.SPATIAL_POST_MATRIX_COMPUTATION.BIN_HD_DATA._BIN_HD_DATA._COMPUTE_BINNED_OUTPUTS.SPATIAL_BINNED_RNA_ANALYZER.RUN_GRAPH_CLUSTERING.fork_square_016um
2025-10-14 12:26:51 [runtime] (complete)        ID.F07839_1n2.SPATIAL_RNA_COUNTER_CS.SPATIAL_RNA_COUNTER.SPATIAL_POST_MATRIX_COMPUTATION.BIN_HD_DATA._BIN_HD_DATA._COMPUTE_BINNED_OUTPUTS.SPATIAL_BINNED_RNA_ANALYZER.RUN_UMAP.fork_square_016um
2025-10-14 12:26:51 [runtime] (complete)        ID.F07839_1n2.SPATIAL_RNA_COUNTER_CS.SPATIAL_RNA_COUNTER.SPATIAL_POST_MATRIX_COMPUTATION.BIN_HD_DATA._BIN_HD_DATA._COMPUTE_BINNED_OUTPUTS.SPATIAL_BINNED_RNA_ANALYZER.RUN_GRAPH_CLUSTERING.fork_square_016um
2025-10-14 12:26:54 [runtime] (complete)        ID.F07839_1n2.SPATIAL_RNA_COUNTER_CS.SPATIAL_RNA_COUNTER.SPATIAL_POST_MATRIX_COMPUTATION.BIN_HD_DATA._BIN_HD_DATA._COMPUTE_BINNED_OUTPUTS.SPATIAL_BINNED_RNA_ANALYZER.RUN_GRAPH_CLUSTERING.fork_square_016um
2025-10-14 12:26:54 [runtime] (complete)        ID.F07839_1n2.SPATIAL_RNA_COUNTER_CS.SPATIAL_RNA_COUNTER.SPATIAL_POST_MATRIX_COMPUTATION.BIN_HD_DATA._BIN_HD_DATA._COMPUTE_BINNED_OUTPUTS.SPATIAL_BINNED_RNA_ANALYZER.RUN_UMAP.fork_square_016um
2025-10-14 12:26:57 [runtime] (complete)        ID.F07839_1n2.SPATIAL_RNA_COUNTER_CS.SPATIAL_RNA_COUNTER.SPATIAL_POST_MATRIX_COMPUTATION.BIN_HD_DATA._BIN_HD_DATA._COMPUTE_BINNED_OUTPUTS.SPATIAL_BINNED_RNA_ANALYZER.RUN_UMAP.fork_square_016um
2025-10-14 12:26:57 [runtime] (complete)        ID.F07839_1n2.SPATIAL_RNA_COUNTER_CS.SPATIAL_RNA_COUNTER.SPATIAL_POST_MATRIX_COMPUTATION.BIN_HD_DATA._BIN_HD_DATA._COMPUTE_BINNED_OUTPUTS.SPATIAL_BINNED_RNA_ANALYZER.RUN_GRAPH_CLUSTERING.fork_square_016um
2025-10-14 12:27:00 [runtime] (complete)        ID.F07839_1n2.SPATIAL_RNA_COUNTER_CS.SPATIAL_RNA_COUNTER.SPATIAL_POST_MATRIX_COMPUTATION.BIN_HD_DATA._BIN_HD_DATA._COMPUTE_BINNED_OUTPUTS.SPATIAL_BINNED_RNA_ANALYZER.RUN_UMAP.fork_square_016um
2025-10-14 12:27:00 [runtime] (complete)        ID.F07839_1n2.SPATIAL_RNA_COUNTER_CS.SPATIAL_RNA_COUNTER.SPATIAL_POST_MATRIX_COMPUTATION.BIN_HD_DATA._BIN_HD_DATA._COMPUTE_BINNED_OUTPUTS.SPATIAL_BINNED_RNA_ANALYZER.RUN_GRAPH_CLUSTERING.fork_square_016um
2025-10-14 12:27:03 [runtime] (complete)        ID.F07839_1n2.SPATIAL_RNA_COUNTER_CS.SPATIAL_RNA_COUNTER.SPATIAL_POST_MATRIX_COMPUTATION.BIN_HD_DATA._BIN_HD_DATA._COMPUTE_BINNED_OUTPUTS.SPATIAL_BINNED_RNA_ANALYZER.RUN_UMAP.fork_square_016um
2025-10-14 12:27:03 [runtime] (complete)        ID.F07839_1n2.SPATIAL_RNA_COUNTER_CS.SPATIAL_RNA_COUNTER.SPATIAL_POST_MATRIX_COMPUTATION.BIN_HD_DATA._BIN_HD_DATA._COMPUTE_BINNED_OUTPUTS.SPATIAL_BINNED_RNA_ANALYZER.RUN_GRAPH_CLUSTERING.fork_square_016um
2025-10-14 12:27:06 [runtime] (complete)        ID.F07839_1n2.SPATIAL_RNA_COUNTER_CS.SPATIAL_RNA_COUNTER.SPATIAL_POST_MATRIX_COMPUTATION.BIN_HD_DATA._BIN_HD_DATA._COMPUTE_BINNED_OUTPUTS.SPATIAL_BINNED_RNA_ANALYZER.RUN_GRAPH_CLUSTERING.fork_square_016um
2025-10-14 12:27:06 [runtime] (complete)        ID.F07839_1n2.SPATIAL_RNA_COUNTER_CS.SPATIAL_RNA_COUNTER.SPATIAL_POST_MATRIX_COMPUTATION.BIN_HD_DATA._BIN_HD_DATA._COMPUTE_BINNED_OUTPUTS.SPATIAL_BINNED_RNA_ANALYZER.RUN_UMAP.fork_square_016um
2025-10-14 12:27:09 [runtime] (complete)        ID.F07839_1n2.SPATIAL_RNA_COUNTER_CS.SPATIAL_RNA_COUNTER.SPATIAL_POST_MATRIX_COMPUTATION.BIN_HD_DATA._BIN_HD_DATA._COMPUTE_BINNED_OUTPUTS.SPATIAL_BINNED_RNA_ANALYZER.RUN_UMAP.fork_square_016um
2025-10-14 12:27:09 [runtime] (complete)        ID.F07839_1n2.SPATIAL_RNA_COUNTER_CS.SPATIAL_RNA_COUNTER.SPATIAL_POST_MATRIX_COMPUTATION.BIN_HD_DATA._BIN_HD_DATA._COMPUTE_BINNED_OUTPUTS.SPATIAL_BINNED_RNA_ANALYZER.RUN_GRAPH_CLUSTERING.fork_square_016um
2025-10-14 12:27:12 [runtime] (complete)        ID.F07839_1n2.SPATIAL_RNA_COUNTER_CS.SPATIAL_RNA_COUNTER.SPATIAL_POST_MATRIX_COMPUTATION.BIN_HD_DATA._BIN_HD_DATA._COMPUTE_BINNED_OUTPUTS.SPATIAL_BINNED_RNA_ANALYZER.RUN_UMAP.fork_square_016um
2025-10-14 12:27:12 [runtime] (complete)        ID.F07839_1n2.SPATIAL_RNA_COUNTER_CS.SPATIAL_RNA_COUNTER.SPATIAL_POST_MATRIX_COMPUTATION.BIN_HD_DATA._BIN_HD_DATA._COMPUTE_BINNED_OUTPUTS.SPATIAL_BINNED_RNA_ANALYZER.RUN_GRAPH_CLUSTERING.fork_square_016um
2025-10-14 12:27:16 [runtime] (complete)        ID.F07839_1n2.SPATIAL_RNA_COUNTER_CS.SPATIAL_RNA_COUNTER.SPATIAL_POST_MATRIX_COMPUTATION.BIN_HD_DATA._BIN_HD_DATA._COMPUTE_BINNED_OUTPUTS.SPATIAL_BINNED_RNA_ANALYZER.RUN_UMAP.fork_square_016um
2025-10-14 12:27:16 [runtime] (complete)        ID.F07839_1n2.SPATIAL_RNA_COUNTER_CS.SPATIAL_RNA_COUNTER.SPATIAL_POST_MATRIX_COMPUTATION.BIN_HD_DATA._BIN_HD_DATA._COMPUTE_BINNED_OUTPUTS.SPATIAL_BINNED_RNA_ANALYZER.RUN_GRAPH_CLUSTERING.fork_square_016um
2025-10-14 12:27:19 [runtime] (complete)        ID.F07839_1n2.SPATIAL_RNA_COUNTER_CS.SPATIAL_RNA_COUNTER.SPATIAL_POST_MATRIX_COMPUTATION.BIN_HD_DATA._BIN_HD_DATA._COMPUTE_BINNED_OUTPUTS.SPATIAL_BINNED_RNA_ANALYZER.RUN_UMAP.fork_square_016um
2025-10-14 12:27:19 [runtime] (complete)        ID.F07839_1n2.SPATIAL_RNA_COUNTER_CS.SPATIAL_RNA_COUNTER.SPATIAL_POST_MATRIX_COMPUTATION.BIN_HD_DATA._BIN_HD_DATA._COMPUTE_BINNED_OUTPUTS.SPATIAL_BINNED_RNA_ANALYZER.RUN_GRAPH_CLUSTERING.fork_square_016um
2025-10-14 12:27:22 [runtime] (complete)        ID.F07839_1n2.SPATIAL_RNA_COUNTER_CS.SPATIAL_RNA_COUNTER.SPATIAL_POST_MATRIX_COMPUTATION.BIN_HD_DATA._BIN_HD_DATA._COMPUTE_BINNED_OUTPUTS.SPATIAL_BINNED_RNA_ANALYZER.RUN_GRAPH_CLUSTERING.fork_square_016um
2025-10-14 12:27:22 [runtime] (complete)        ID.F07839_1n2.SPATIAL_RNA_COUNTER_CS.SPATIAL_RNA_COUNTER.SPATIAL_POST_MATRIX_COMPUTATION.BIN_HD_DATA._BIN_HD_DATA._COMPUTE_BINNED_OUTPUTS.SPATIAL_BINNED_RNA_ANALYZER.RUN_UMAP.fork_square_016um
2025-10-14 12:27:25 [runtime] (complete)        ID.F07839_1n2.SPATIAL_RNA_COUNTER_CS.SPATIAL_RNA_COUNTER.SPATIAL_POST_MATRIX_COMPUTATION.BIN_HD_DATA._BIN_HD_DATA._COMPUTE_BINNED_OUTPUTS.SPATIAL_BINNED_RNA_ANALYZER.RUN_GRAPH_CLUSTERING.fork_square_016um
2025-10-14 12:27:25 [runtime] (complete)        ID.F07839_1n2.SPATIAL_RNA_COUNTER_CS.SPATIAL_RNA_COUNTER.SPATIAL_POST_MATRIX_COMPUTATION.BIN_HD_DATA._BIN_HD_DATA._COMPUTE_BINNED_OUTPUTS.SPATIAL_BINNED_RNA_ANALYZER.RUN_UMAP.fork_square_016um
2025-10-14 12:27:28 [runtime] (complete)        ID.F07839_1n2.SPATIAL_RNA_COUNTER_CS.SPATIAL_RNA_COUNTER.SPATIAL_POST_MATRIX_COMPUTATION.BIN_HD_DATA._BIN_HD_DATA._COMPUTE_BINNED_OUTPUTS.SPATIAL_BINNED_RNA_ANALYZER.RUN_UMAP.fork_square_016um
2025-10-14 12:27:28 [runtime] (complete)        ID.F07839_1n2.SPATIAL_RNA_COUNTER_CS.SPATIAL_RNA_COUNTER.SPATIAL_POST_MATRIX_COMPUTATION.BIN_HD_DATA._BIN_HD_DATA._COMPUTE_BINNED_OUTPUTS.SPATIAL_BINNED_RNA_ANALYZER.RUN_GRAPH_CLUSTERING.fork_square_016um
2025-10-14 12:27:31 [runtime] (complete)        ID.F07839_1n2.SPATIAL_RNA_COUNTER_CS.SPATIAL_RNA_COUNTER.SPATIAL_POST_MATRIX_COMPUTATION.BIN_HD_DATA._BIN_HD_DATA._COMPUTE_BINNED_OUTPUTS.SPATIAL_BINNED_RNA_ANALYZER.RUN_UMAP.fork_square_016um
2025-10-14 12:27:31 [runtime] (complete)        ID.F07839_1n2.SPATIAL_RNA_COUNTER_CS.SPATIAL_RNA_COUNTER.SPATIAL_POST_MATRIX_COMPUTATION.BIN_HD_DATA._BIN_HD_DATA._COMPUTE_BINNED_OUTPUTS.SPATIAL_BINNED_RNA_ANALYZER.RUN_GRAPH_CLUSTERING.fork_square_016um
2025-10-14 12:27:34 [runtime] (complete)        ID.F07839_1n2.SPATIAL_RNA_COUNTER_CS.SPATIAL_RNA_COUNTER.SPATIAL_POST_MATRIX_COMPUTATION.BIN_HD_DATA._BIN_HD_DATA._COMPUTE_BINNED_OUTPUTS.SPATIAL_BINNED_RNA_ANALYZER.RUN_GRAPH_CLUSTERING.fork_square_016um
2025-10-14 12:27:34 [runtime] (complete)        ID.F07839_1n2.SPATIAL_RNA_COUNTER_CS.SPATIAL_RNA_COUNTER.SPATIAL_POST_MATRIX_COMPUTATION.BIN_HD_DATA._BIN_HD_DATA._COMPUTE_BINNED_OUTPUTS.SPATIAL_BINNED_RNA_ANALYZER.RUN_UMAP.fork_square_016um
2025-10-14 12:27:37 [runtime] (complete)        ID.F07839_1n2.SPATIAL_RNA_COUNTER_CS.SPATIAL_RNA_COUNTER.SPATIAL_POST_MATRIX_COMPUTATION.BIN_HD_DATA._BIN_HD_DATA._COMPUTE_BINNED_OUTPUTS.SPATIAL_BINNED_RNA_ANALYZER.RUN_UMAP.fork_square_016um
2025-10-14 12:27:37 [runtime] (complete)        ID.F07839_1n2.SPATIAL_RNA_COUNTER_CS.SPATIAL_RNA_COUNTER.SPATIAL_POST_MATRIX_COMPUTATION.BIN_HD_DATA._BIN_HD_DATA._COMPUTE_BINNED_OUTPUTS.SPATIAL_BINNED_RNA_ANALYZER.RUN_GRAPH_CLUSTERING.fork_square_016um
2025-10-14 12:27:40 [runtime] (complete)        ID.F07839_1n2.SPATIAL_RNA_COUNTER_CS.SPATIAL_RNA_COUNTER.SPATIAL_POST_MATRIX_COMPUTATION.BIN_HD_DATA._BIN_HD_DATA._COMPUTE_BINNED_OUTPUTS.SPATIAL_BINNED_RNA_ANALYZER.RUN_UMAP.fork_square_016um
2025-10-14 12:27:40 [runtime] (complete)        ID.F07839_1n2.SPATIAL_RNA_COUNTER_CS.SPATIAL_RNA_COUNTER.SPATIAL_POST_MATRIX_COMPUTATION.BIN_HD_DATA._BIN_HD_DATA._COMPUTE_BINNED_OUTPUTS.SPATIAL_BINNED_RNA_ANALYZER.RUN_GRAPH_CLUSTERING.fork_square_016um
2025-10-14 12:27:43 [runtime] (complete)        ID.F07839_1n2.SPATIAL_RNA_COUNTER_CS.SPATIAL_RNA_COUNTER.SPATIAL_POST_MATRIX_COMPUTATION.BIN_HD_DATA._BIN_HD_DATA._COMPUTE_BINNED_OUTPUTS.SPATIAL_BINNED_RNA_ANALYZER.RUN_UMAP.fork_square_016um
2025-10-14 12:27:43 [runtime] (complete)        ID.F07839_1n2.SPATIAL_RNA_COUNTER_CS.SPATIAL_RNA_COUNTER.SPATIAL_POST_MATRIX_COMPUTATION.BIN_HD_DATA._BIN_HD_DATA._COMPUTE_BINNED_OUTPUTS.SPATIAL_BINNED_RNA_ANALYZER.RUN_GRAPH_CLUSTERING.fork_square_016um
2025-10-14 12:27:46 [runtime] (complete)        ID.F07839_1n2.SPATIAL_RNA_COUNTER_CS.SPATIAL_RNA_COUNTER.SPATIAL_POST_MATRIX_COMPUTATION.BIN_HD_DATA._BIN_HD_DATA._COMPUTE_BINNED_OUTPUTS.SPATIAL_BINNED_RNA_ANALYZER.RUN_GRAPH_CLUSTERING.fork_square_016um
2025-10-14 12:27:46 [runtime] (complete)        ID.F07839_1n2.SPATIAL_RNA_COUNTER_CS.SPATIAL_RNA_COUNTER.SPATIAL_POST_MATRIX_COMPUTATION.BIN_HD_DATA._BIN_HD_DATA._COMPUTE_BINNED_OUTPUTS.SPATIAL_BINNED_RNA_ANALYZER.RUN_UMAP.fork_square_016um
2025-10-14 12:27:49 [runtime] (complete)        ID.F07839_1n2.SPATIAL_RNA_COUNTER_CS.SPATIAL_RNA_COUNTER.SPATIAL_POST_MATRIX_COMPUTATION.BIN_HD_DATA._BIN_HD_DATA._COMPUTE_BINNED_OUTPUTS.SPATIAL_BINNED_RNA_ANALYZER.RUN_UMAP.fork_square_016um
2025-10-14 12:27:49 [runtime] (complete)        ID.F07839_1n2.SPATIAL_RNA_COUNTER_CS.SPATIAL_RNA_COUNTER.SPATIAL_POST_MATRIX_COMPUTATION.BIN_HD_DATA._BIN_HD_DATA._COMPUTE_BINNED_OUTPUTS.SPATIAL_BINNED_RNA_ANALYZER.RUN_GRAPH_CLUSTERING.fork_square_016um
2025-10-14 12:27:52 [runtime] (complete)        ID.F07839_1n2.SPATIAL_RNA_COUNTER_CS.SPATIAL_RNA_COUNTER.SPATIAL_POST_MATRIX_COMPUTATION.BIN_HD_DATA._BIN_HD_DATA._COMPUTE_BINNED_OUTPUTS.SPATIAL_BINNED_RNA_ANALYZER.RUN_UMAP.fork_square_016um
2025-10-14 12:27:52 [runtime] (complete)        ID.F07839_1n2.SPATIAL_RNA_COUNTER_CS.SPATIAL_RNA_COUNTER.SPATIAL_POST_MATRIX_COMPUTATION.BIN_HD_DATA._BIN_HD_DATA._COMPUTE_BINNED_OUTPUTS.SPATIAL_BINNED_RNA_ANALYZER.RUN_GRAPH_CLUSTERING.fork_square_016um
2025-10-14 12:27:55 [runtime] (complete)        ID.F07839_1n2.SPATIAL_RNA_COUNTER_CS.SPATIAL_RNA_COUNTER.SPATIAL_POST_MATRIX_COMPUTATION.BIN_HD_DATA._BIN_HD_DATA._COMPUTE_BINNED_OUTPUTS.SPATIAL_BINNED_RNA_ANALYZER.RUN_UMAP.fork_square_016um
2025-10-14 12:27:55 [runtime] (complete)        ID.F07839_1n2.SPATIAL_RNA_COUNTER_CS.SPATIAL_RNA_COUNTER.SPATIAL_POST_MATRIX_COMPUTATION.BIN_HD_DATA._BIN_HD_DATA._COMPUTE_BINNED_OUTPUTS.SPATIAL_BINNED_RNA_ANALYZER.RUN_GRAPH_CLUSTERING.fork_square_016um
2025-10-14 12:27:58 [runtime] (complete)        ID.F07839_1n2.SPATIAL_RNA_COUNTER_CS.SPATIAL_RNA_COUNTER.SPATIAL_POST_MATRIX_COMPUTATION.BIN_HD_DATA._BIN_HD_DATA._COMPUTE_BINNED_OUTPUTS.SPATIAL_BINNED_RNA_ANALYZER.RUN_GRAPH_CLUSTERING.fork_square_016um
2025-10-14 12:27:58 [runtime] (complete)        ID.F07839_1n2.SPATIAL_RNA_COUNTER_CS.SPATIAL_RNA_COUNTER.SPATIAL_POST_MATRIX_COMPUTATION.BIN_HD_DATA._BIN_HD_DATA._COMPUTE_BINNED_OUTPUTS.SPATIAL_BINNED_RNA_ANALYZER.RUN_UMAP.fork_square_016um
2025-10-14 12:28:01 [runtime] (complete)        ID.F07839_1n2.SPATIAL_RNA_COUNTER_CS.SPATIAL_RNA_COUNTER.SPATIAL_POST_MATRIX_COMPUTATION.BIN_HD_DATA._BIN_HD_DATA._COMPUTE_BINNED_OUTPUTS.SPATIAL_BINNED_RNA_ANALYZER.RUN_UMAP.fork_square_016um
2025-10-14 12:28:01 [runtime] (complete)        ID.F07839_1n2.SPATIAL_RNA_COUNTER_CS.SPATIAL_RNA_COUNTER.SPATIAL_POST_MATRIX_COMPUTATION.BIN_HD_DATA._BIN_HD_DATA._COMPUTE_BINNED_OUTPUTS.SPATIAL_BINNED_RNA_ANALYZER.RUN_GRAPH_CLUSTERING.fork_square_016um
2025-10-14 12:28:04 [runtime] (complete)        ID.F07839_1n2.SPATIAL_RNA_COUNTER_CS.SPATIAL_RNA_COUNTER.SPATIAL_POST_MATRIX_COMPUTATION.BIN_HD_DATA._BIN_HD_DATA._COMPUTE_BINNED_OUTPUTS.SPATIAL_BINNED_RNA_ANALYZER.RUN_UMAP.fork_square_016um
2025-10-14 12:28:04 [runtime] (complete)        ID.F07839_1n2.SPATIAL_RNA_COUNTER_CS.SPATIAL_RNA_COUNTER.SPATIAL_POST_MATRIX_COMPUTATION.BIN_HD_DATA._BIN_HD_DATA._COMPUTE_BINNED_OUTPUTS.SPATIAL_BINNED_RNA_ANALYZER.RUN_GRAPH_CLUSTERING.fork_square_016um
2025-10-14 12:28:07 [runtime] (complete)        ID.F07839_1n2.SPATIAL_RNA_COUNTER_CS.SPATIAL_RNA_COUNTER.SPATIAL_POST_MATRIX_COMPUTATION.BIN_HD_DATA._BIN_HD_DATA._COMPUTE_BINNED_OUTPUTS.SPATIAL_BINNED_RNA_ANALYZER.RUN_GRAPH_CLUSTERING.fork_square_016um
2025-10-14 12:28:07 [runtime] (complete)        ID.F07839_1n2.SPATIAL_RNA_COUNTER_CS.SPATIAL_RNA_COUNTER.SPATIAL_POST_MATRIX_COMPUTATION.BIN_HD_DATA._BIN_HD_DATA._COMPUTE_BINNED_OUTPUTS.SPATIAL_BINNED_RNA_ANALYZER.RUN_UMAP.fork_square_016um
2025-10-14 12:28:10 [runtime] (complete)        ID.F07839_1n2.SPATIAL_RNA_COUNTER_CS.SPATIAL_RNA_COUNTER.SPATIAL_POST_MATRIX_COMPUTATION.BIN_HD_DATA._BIN_HD_DATA._COMPUTE_BINNED_OUTPUTS.SPATIAL_BINNED_RNA_ANALYZER.RUN_GRAPH_CLUSTERING.fork_square_016um
2025-10-14 12:28:10 [runtime] (complete)        ID.F07839_1n2.SPATIAL_RNA_COUNTER_CS.SPATIAL_RNA_COUNTER.SPATIAL_POST_MATRIX_COMPUTATION.BIN_HD_DATA._BIN_HD_DATA._COMPUTE_BINNED_OUTPUTS.SPATIAL_BINNED_RNA_ANALYZER.RUN_UMAP.fork_square_016um
2025-10-14 12:28:13 [runtime] (complete)        ID.F07839_1n2.SPATIAL_RNA_COUNTER_CS.SPATIAL_RNA_COUNTER.SPATIAL_POST_MATRIX_COMPUTATION.BIN_HD_DATA._BIN_HD_DATA._COMPUTE_BINNED_OUTPUTS.SPATIAL_BINNED_RNA_ANALYZER.RUN_UMAP.fork_square_016um
2025-10-14 12:28:13 [runtime] (complete)        ID.F07839_1n2.SPATIAL_RNA_COUNTER_CS.SPATIAL_RNA_COUNTER.SPATIAL_POST_MATRIX_COMPUTATION.BIN_HD_DATA._BIN_HD_DATA._COMPUTE_BINNED_OUTPUTS.SPATIAL_BINNED_RNA_ANALYZER.RUN_GRAPH_CLUSTERING.fork_square_016um
2025-10-14 12:28:16 [runtime] (complete)        ID.F07839_1n2.SPATIAL_RNA_COUNTER_CS.SPATIAL_RNA_COUNTER.SPATIAL_POST_MATRIX_COMPUTATION.BIN_HD_DATA._BIN_HD_DATA._COMPUTE_BINNED_OUTPUTS.SPATIAL_BINNED_RNA_ANALYZER.RUN_UMAP.fork_square_016um
2025-10-14 12:28:16 [runtime] (complete)        ID.F07839_1n2.SPATIAL_RNA_COUNTER_CS.SPATIAL_RNA_COUNTER.SPATIAL_POST_MATRIX_COMPUTATION.BIN_HD_DATA._BIN_HD_DATA._COMPUTE_BINNED_OUTPUTS.SPATIAL_BINNED_RNA_ANALYZER.RUN_GRAPH_CLUSTERING.fork_square_016um
2025-10-14 12:28:19 [runtime] (complete)        ID.F07839_1n2.SPATIAL_RNA_COUNTER_CS.SPATIAL_RNA_COUNTER.SPATIAL_POST_MATRIX_COMPUTATION.BIN_HD_DATA._BIN_HD_DATA._COMPUTE_BINNED_OUTPUTS.SPATIAL_BINNED_RNA_ANALYZER.RUN_UMAP.fork_square_016um
2025-10-14 12:28:19 [runtime] (complete)        ID.F07839_1n2.SPATIAL_RNA_COUNTER_CS.SPATIAL_RNA_COUNTER.SPATIAL_POST_MATRIX_COMPUTATION.BIN_HD_DATA._BIN_HD_DATA._COMPUTE_BINNED_OUTPUTS.SPATIAL_BINNED_RNA_ANALYZER.RUN_GRAPH_CLUSTERING.fork_square_016um
2025-10-14 12:28:22 [runtime] (complete)        ID.F07839_1n2.SPATIAL_RNA_COUNTER_CS.SPATIAL_RNA_COUNTER.SPATIAL_POST_MATRIX_COMPUTATION.BIN_HD_DATA._BIN_HD_DATA._COMPUTE_BINNED_OUTPUTS.SPATIAL_BINNED_RNA_ANALYZER.RUN_UMAP.fork_square_016um
2025-10-14 12:28:22 [runtime] (complete)        ID.F07839_1n2.SPATIAL_RNA_COUNTER_CS.SPATIAL_RNA_COUNTER.SPATIAL_POST_MATRIX_COMPUTATION.BIN_HD_DATA._BIN_HD_DATA._COMPUTE_BINNED_OUTPUTS.SPATIAL_BINNED_RNA_ANALYZER.RUN_GRAPH_CLUSTERING.fork_square_016um
2025-10-14 12:28:25 [runtime] (complete)        ID.F07839_1n2.SPATIAL_RNA_COUNTER_CS.SPATIAL_RNA_COUNTER.SPATIAL_POST_MATRIX_COMPUTATION.BIN_HD_DATA._BIN_HD_DATA._COMPUTE_BINNED_OUTPUTS.SPATIAL_BINNED_RNA_ANALYZER.RUN_GRAPH_CLUSTERING.fork_square_016um
2025-10-14 12:28:25 [runtime] (complete)        ID.F07839_1n2.SPATIAL_RNA_COUNTER_CS.SPATIAL_RNA_COUNTER.SPATIAL_POST_MATRIX_COMPUTATION.BIN_HD_DATA._BIN_HD_DATA._COMPUTE_BINNED_OUTPUTS.SPATIAL_BINNED_RNA_ANALYZER.RUN_UMAP.fork_square_016um
2025-10-14 12:28:28 [runtime] (complete)        ID.F07839_1n2.SPATIAL_RNA_COUNTER_CS.SPATIAL_RNA_COUNTER.SPATIAL_POST_MATRIX_COMPUTATION.BIN_HD_DATA._BIN_HD_DATA._COMPUTE_BINNED_OUTPUTS.SPATIAL_BINNED_RNA_ANALYZER.RUN_GRAPH_CLUSTERING.fork_square_016um
2025-10-14 12:28:28 [runtime] (complete)        ID.F07839_1n2.SPATIAL_RNA_COUNTER_CS.SPATIAL_RNA_COUNTER.SPATIAL_POST_MATRIX_COMPUTATION.BIN_HD_DATA._BIN_HD_DATA._COMPUTE_BINNED_OUTPUTS.SPATIAL_BINNED_RNA_ANALYZER.RUN_UMAP.fork_square_016um
2025-10-14 12:28:31 [runtime] (complete)        ID.F07839_1n2.SPATIAL_RNA_COUNTER_CS.SPATIAL_RNA_COUNTER.SPATIAL_POST_MATRIX_COMPUTATION.BIN_HD_DATA._BIN_HD_DATA._COMPUTE_BINNED_OUTPUTS.SPATIAL_BINNED_RNA_ANALYZER.RUN_UMAP.fork_square_016um
2025-10-14 12:28:31 [runtime] (complete)        ID.F07839_1n2.SPATIAL_RNA_COUNTER_CS.SPATIAL_RNA_COUNTER.SPATIAL_POST_MATRIX_COMPUTATION.BIN_HD_DATA._BIN_HD_DATA._COMPUTE_BINNED_OUTPUTS.SPATIAL_BINNED_RNA_ANALYZER.RUN_GRAPH_CLUSTERING.fork_square_016um
2025-10-14 12:28:34 [runtime] (complete)        ID.F07839_1n2.SPATIAL_RNA_COUNTER_CS.SPATIAL_RNA_COUNTER.SPATIAL_POST_MATRIX_COMPUTATION.BIN_HD_DATA._BIN_HD_DATA._COMPUTE_BINNED_OUTPUTS.SPATIAL_BINNED_RNA_ANALYZER.RUN_GRAPH_CLUSTERING.fork_square_016um
2025-10-14 12:28:34 [runtime] (complete)        ID.F07839_1n2.SPATIAL_RNA_COUNTER_CS.SPATIAL_RNA_COUNTER.SPATIAL_POST_MATRIX_COMPUTATION.BIN_HD_DATA._BIN_HD_DATA._COMPUTE_BINNED_OUTPUTS.SPATIAL_BINNED_RNA_ANALYZER.RUN_UMAP.fork_square_016um
2025-10-14 12:28:37 [runtime] (complete)        ID.F07839_1n2.SPATIAL_RNA_COUNTER_CS.SPATIAL_RNA_COUNTER.SPATIAL_POST_MATRIX_COMPUTATION.BIN_HD_DATA._BIN_HD_DATA._COMPUTE_BINNED_OUTPUTS.SPATIAL_BINNED_RNA_ANALYZER.RUN_UMAP.fork_square_016um
2025-10-14 12:28:37 [runtime] (complete)        ID.F07839_1n2.SPATIAL_RNA_COUNTER_CS.SPATIAL_RNA_COUNTER.SPATIAL_POST_MATRIX_COMPUTATION.BIN_HD_DATA._BIN_HD_DATA._COMPUTE_BINNED_OUTPUTS.SPATIAL_BINNED_RNA_ANALYZER.RUN_GRAPH_CLUSTERING.fork_square_016um
2025-10-14 12:28:40 [runtime] (complete)        ID.F07839_1n2.SPATIAL_RNA_COUNTER_CS.SPATIAL_RNA_COUNTER.SPATIAL_POST_MATRIX_COMPUTATION.BIN_HD_DATA._BIN_HD_DATA._COMPUTE_BINNED_OUTPUTS.SPATIAL_BINNED_RNA_ANALYZER.RUN_UMAP.fork_square_016um
2025-10-14 12:28:40 [runtime] (complete)        ID.F07839_1n2.SPATIAL_RNA_COUNTER_CS.SPATIAL_RNA_COUNTER.SPATIAL_POST_MATRIX_COMPUTATION.BIN_HD_DATA._BIN_HD_DATA._COMPUTE_BINNED_OUTPUTS.SPATIAL_BINNED_RNA_ANALYZER.RUN_GRAPH_CLUSTERING.fork_square_016um
2025-10-14 12:28:43 [runtime] (complete)        ID.F07839_1n2.SPATIAL_RNA_COUNTER_CS.SPATIAL_RNA_COUNTER.SPATIAL_POST_MATRIX_COMPUTATION.BIN_HD_DATA._BIN_HD_DATA._COMPUTE_BINNED_OUTPUTS.SPATIAL_BINNED_RNA_ANALYZER.RUN_UMAP.fork_square_016um
2025-10-14 12:28:43 [runtime] (complete)        ID.F07839_1n2.SPATIAL_RNA_COUNTER_CS.SPATIAL_RNA_COUNTER.SPATIAL_POST_MATRIX_COMPUTATION.BIN_HD_DATA._BIN_HD_DATA._COMPUTE_BINNED_OUTPUTS.SPATIAL_BINNED_RNA_ANALYZER.RUN_GRAPH_CLUSTERING.fork_square_016um
2025-10-14 12:28:46 [runtime] (complete)        ID.F07839_1n2.SPATIAL_RNA_COUNTER_CS.SPATIAL_RNA_COUNTER.SPATIAL_POST_MATRIX_COMPUTATION.BIN_HD_DATA._BIN_HD_DATA._COMPUTE_BINNED_OUTPUTS.SPATIAL_BINNED_RNA_ANALYZER.RUN_UMAP.fork_square_016um
2025-10-14 12:28:46 [runtime] (complete)        ID.F07839_1n2.SPATIAL_RNA_COUNTER_CS.SPATIAL_RNA_COUNTER.SPATIAL_POST_MATRIX_COMPUTATION.BIN_HD_DATA._BIN_HD_DATA._COMPUTE_BINNED_OUTPUTS.SPATIAL_BINNED_RNA_ANALYZER.RUN_GRAPH_CLUSTERING.fork_square_016um
2025-10-14 12:28:49 [runtime] (complete)        ID.F07839_1n2.SPATIAL_RNA_COUNTER_CS.SPATIAL_RNA_COUNTER.SPATIAL_POST_MATRIX_COMPUTATION.BIN_HD_DATA._BIN_HD_DATA._COMPUTE_BINNED_OUTPUTS.SPATIAL_BINNED_RNA_ANALYZER.RUN_UMAP.fork_square_016um
2025-10-14 12:28:49 [runtime] (complete)        ID.F07839_1n2.SPATIAL_RNA_COUNTER_CS.SPATIAL_RNA_COUNTER.SPATIAL_POST_MATRIX_COMPUTATION.BIN_HD_DATA._BIN_HD_DATA._COMPUTE_BINNED_OUTPUTS.SPATIAL_BINNED_RNA_ANALYZER.RUN_GRAPH_CLUSTERING.fork_square_016um
2025-10-14 12:28:52 [runtime] (complete)        ID.F07839_1n2.SPATIAL_RNA_COUNTER_CS.SPATIAL_RNA_COUNTER.SPATIAL_POST_MATRIX_COMPUTATION.BIN_HD_DATA._BIN_HD_DATA._COMPUTE_BINNED_OUTPUTS.SPATIAL_BINNED_RNA_ANALYZER.RUN_GRAPH_CLUSTERING.fork_square_016um
2025-10-14 12:28:52 [runtime] (complete)        ID.F07839_1n2.SPATIAL_RNA_COUNTER_CS.SPATIAL_RNA_COUNTER.SPATIAL_POST_MATRIX_COMPUTATION.BIN_HD_DATA._BIN_HD_DATA._COMPUTE_BINNED_OUTPUTS.SPATIAL_BINNED_RNA_ANALYZER.RUN_UMAP.fork_square_016um
2025-10-14 12:28:55 [runtime] (complete)        ID.F07839_1n2.SPATIAL_RNA_COUNTER_CS.SPATIAL_RNA_COUNTER.SPATIAL_POST_MATRIX_COMPUTATION.BIN_HD_DATA._BIN_HD_DATA._COMPUTE_BINNED_OUTPUTS.SPATIAL_BINNED_RNA_ANALYZER.RUN_UMAP.fork_square_016um
2025-10-14 12:28:55 [runtime] (complete)        ID.F07839_1n2.SPATIAL_RNA_COUNTER_CS.SPATIAL_RNA_COUNTER.SPATIAL_POST_MATRIX_COMPUTATION.BIN_HD_DATA._BIN_HD_DATA._COMPUTE_BINNED_OUTPUTS.SPATIAL_BINNED_RNA_ANALYZER.RUN_GRAPH_CLUSTERING.fork_square_016um
2025-10-14 12:28:58 [runtime] (complete)        ID.F07839_1n2.SPATIAL_RNA_COUNTER_CS.SPATIAL_RNA_COUNTER.SPATIAL_POST_MATRIX_COMPUTATION.BIN_HD_DATA._BIN_HD_DATA._COMPUTE_BINNED_OUTPUTS.SPATIAL_BINNED_RNA_ANALYZER.RUN_UMAP.fork_square_016um
2025-10-14 12:28:58 [runtime] (complete)        ID.F07839_1n2.SPATIAL_RNA_COUNTER_CS.SPATIAL_RNA_COUNTER.SPATIAL_POST_MATRIX_COMPUTATION.BIN_HD_DATA._BIN_HD_DATA._COMPUTE_BINNED_OUTPUTS.SPATIAL_BINNED_RNA_ANALYZER.RUN_GRAPH_CLUSTERING.fork_square_016um
2025-10-14 12:29:01 [runtime] (complete)        ID.F07839_1n2.SPATIAL_RNA_COUNTER_CS.SPATIAL_RNA_COUNTER.SPATIAL_POST_MATRIX_COMPUTATION.BIN_HD_DATA._BIN_HD_DATA._COMPUTE_BINNED_OUTPUTS.SPATIAL_BINNED_RNA_ANALYZER.RUN_UMAP.fork_square_016um
2025-10-14 12:29:01 [runtime] (complete)        ID.F07839_1n2.SPATIAL_RNA_COUNTER_CS.SPATIAL_RNA_COUNTER.SPATIAL_POST_MATRIX_COMPUTATION.BIN_HD_DATA._BIN_HD_DATA._COMPUTE_BINNED_OUTPUTS.SPATIAL_BINNED_RNA_ANALYZER.RUN_GRAPH_CLUSTERING.fork_square_016um
2025-10-14 12:29:04 [runtime] (complete)        ID.F07839_1n2.SPATIAL_RNA_COUNTER_CS.SPATIAL_RNA_COUNTER.SPATIAL_POST_MATRIX_COMPUTATION.BIN_HD_DATA._BIN_HD_DATA._COMPUTE_BINNED_OUTPUTS.SPATIAL_BINNED_RNA_ANALYZER.RUN_UMAP.fork_square_016um
2025-10-14 12:29:04 [runtime] (complete)        ID.F07839_1n2.SPATIAL_RNA_COUNTER_CS.SPATIAL_RNA_COUNTER.SPATIAL_POST_MATRIX_COMPUTATION.BIN_HD_DATA._BIN_HD_DATA._COMPUTE_BINNED_OUTPUTS.SPATIAL_BINNED_RNA_ANALYZER.RUN_GRAPH_CLUSTERING.fork_square_016um
2025-10-14 12:29:07 [runtime] (complete)        ID.F07839_1n2.SPATIAL_RNA_COUNTER_CS.SPATIAL_RNA_COUNTER.SPATIAL_POST_MATRIX_COMPUTATION.BIN_HD_DATA._BIN_HD_DATA._COMPUTE_BINNED_OUTPUTS.SPATIAL_BINNED_RNA_ANALYZER.RUN_UMAP.fork_square_016um
2025-10-14 12:29:07 [runtime] (complete)        ID.F07839_1n2.SPATIAL_RNA_COUNTER_CS.SPATIAL_RNA_COUNTER.SPATIAL_POST_MATRIX_COMPUTATION.BIN_HD_DATA._BIN_HD_DATA._COMPUTE_BINNED_OUTPUTS.SPATIAL_BINNED_RNA_ANALYZER.RUN_GRAPH_CLUSTERING.fork_square_016um
2025-10-14 12:29:10 [runtime] (complete)        ID.F07839_1n2.SPATIAL_RNA_COUNTER_CS.SPATIAL_RNA_COUNTER.SPATIAL_POST_MATRIX_COMPUTATION.BIN_HD_DATA._BIN_HD_DATA._COMPUTE_BINNED_OUTPUTS.SPATIAL_BINNED_RNA_ANALYZER.RUN_GRAPH_CLUSTERING.fork_square_016um
2025-10-14 12:29:10 [runtime] (complete)        ID.F07839_1n2.SPATIAL_RNA_COUNTER_CS.SPATIAL_RNA_COUNTER.SPATIAL_POST_MATRIX_COMPUTATION.BIN_HD_DATA._BIN_HD_DATA._COMPUTE_BINNED_OUTPUTS.SPATIAL_BINNED_RNA_ANALYZER.RUN_UMAP.fork_square_016um
2025-10-14 12:29:13 [runtime] (complete)        ID.F07839_1n2.SPATIAL_RNA_COUNTER_CS.SPATIAL_RNA_COUNTER.SPATIAL_POST_MATRIX_COMPUTATION.BIN_HD_DATA._BIN_HD_DATA._COMPUTE_BINNED_OUTPUTS.SPATIAL_BINNED_RNA_ANALYZER.RUN_UMAP.fork_square_016um
2025-10-14 12:29:13 [runtime] (complete)        ID.F07839_1n2.SPATIAL_RNA_COUNTER_CS.SPATIAL_RNA_COUNTER.SPATIAL_POST_MATRIX_COMPUTATION.BIN_HD_DATA._BIN_HD_DATA._COMPUTE_BINNED_OUTPUTS.SPATIAL_BINNED_RNA_ANALYZER.RUN_GRAPH_CLUSTERING.fork_square_016um
2025-10-14 12:29:16 [runtime] (complete)        ID.F07839_1n2.SPATIAL_RNA_COUNTER_CS.SPATIAL_RNA_COUNTER.SPATIAL_POST_MATRIX_COMPUTATION.BIN_HD_DATA._BIN_HD_DATA._COMPUTE_BINNED_OUTPUTS.SPATIAL_BINNED_RNA_ANALYZER.RUN_UMAP.fork_square_016um
2025-10-14 12:29:16 [runtime] (complete)        ID.F07839_1n2.SPATIAL_RNA_COUNTER_CS.SPATIAL_RNA_COUNTER.SPATIAL_POST_MATRIX_COMPUTATION.BIN_HD_DATA._BIN_HD_DATA._COMPUTE_BINNED_OUTPUTS.SPATIAL_BINNED_RNA_ANALYZER.RUN_GRAPH_CLUSTERING.fork_square_016um
2025-10-14 12:29:19 [runtime] (complete)        ID.F07839_1n2.SPATIAL_RNA_COUNTER_CS.SPATIAL_RNA_COUNTER.SPATIAL_POST_MATRIX_COMPUTATION.BIN_HD_DATA._BIN_HD_DATA._COMPUTE_BINNED_OUTPUTS.SPATIAL_BINNED_RNA_ANALYZER.RUN_UMAP.fork_square_016um
2025-10-14 12:29:19 [runtime] (complete)        ID.F07839_1n2.SPATIAL_RNA_COUNTER_CS.SPATIAL_RNA_COUNTER.SPATIAL_POST_MATRIX_COMPUTATION.BIN_HD_DATA._BIN_HD_DATA._COMPUTE_BINNED_OUTPUTS.SPATIAL_BINNED_RNA_ANALYZER.RUN_GRAPH_CLUSTERING.fork_square_016um
2025-10-14 12:29:22 [runtime] (complete)        ID.F07839_1n2.SPATIAL_RNA_COUNTER_CS.SPATIAL_RNA_COUNTER.SPATIAL_POST_MATRIX_COMPUTATION.BIN_HD_DATA._BIN_HD_DATA._COMPUTE_BINNED_OUTPUTS.SPATIAL_BINNED_RNA_ANALYZER.RUN_GRAPH_CLUSTERING.fork_square_016um
2025-10-14 12:29:22 [runtime] (complete)        ID.F07839_1n2.SPATIAL_RNA_COUNTER_CS.SPATIAL_RNA_COUNTER.SPATIAL_POST_MATRIX_COMPUTATION.BIN_HD_DATA._BIN_HD_DATA._COMPUTE_BINNED_OUTPUTS.SPATIAL_BINNED_RNA_ANALYZER.RUN_UMAP.fork_square_016um
2025-10-14 12:29:25 [runtime] (complete)        ID.F07839_1n2.SPATIAL_RNA_COUNTER_CS.SPATIAL_RNA_COUNTER.SPATIAL_POST_MATRIX_COMPUTATION.BIN_HD_DATA._BIN_HD_DATA._COMPUTE_BINNED_OUTPUTS.SPATIAL_BINNED_RNA_ANALYZER.RUN_GRAPH_CLUSTERING.fork_square_016um
2025-10-14 12:29:25 [runtime] (complete)        ID.F07839_1n2.SPATIAL_RNA_COUNTER_CS.SPATIAL_RNA_COUNTER.SPATIAL_POST_MATRIX_COMPUTATION.BIN_HD_DATA._BIN_HD_DATA._COMPUTE_BINNED_OUTPUTS.SPATIAL_BINNED_RNA_ANALYZER.RUN_UMAP.fork_square_016um
2025-10-14 12:29:28 [runtime] (complete)        ID.F07839_1n2.SPATIAL_RNA_COUNTER_CS.SPATIAL_RNA_COUNTER.SPATIAL_POST_MATRIX_COMPUTATION.BIN_HD_DATA._BIN_HD_DATA._COMPUTE_BINNED_OUTPUTS.SPATIAL_BINNED_RNA_ANALYZER.RUN_UMAP.fork_square_016um
2025-10-14 12:29:28 [runtime] (complete)        ID.F07839_1n2.SPATIAL_RNA_COUNTER_CS.SPATIAL_RNA_COUNTER.SPATIAL_POST_MATRIX_COMPUTATION.BIN_HD_DATA._BIN_HD_DATA._COMPUTE_BINNED_OUTPUTS.SPATIAL_BINNED_RNA_ANALYZER.RUN_GRAPH_CLUSTERING.fork_square_016um
2025-10-14 12:29:31 [runtime] (complete)        ID.F07839_1n2.SPATIAL_RNA_COUNTER_CS.SPATIAL_RNA_COUNTER.SPATIAL_POST_MATRIX_COMPUTATION.BIN_HD_DATA._BIN_HD_DATA._COMPUTE_BINNED_OUTPUTS.SPATIAL_BINNED_RNA_ANALYZER.RUN_UMAP.fork_square_016um
2025-10-14 12:29:31 [runtime] (complete)        ID.F07839_1n2.SPATIAL_RNA_COUNTER_CS.SPATIAL_RNA_COUNTER.SPATIAL_POST_MATRIX_COMPUTATION.BIN_HD_DATA._BIN_HD_DATA._COMPUTE_BINNED_OUTPUTS.SPATIAL_BINNED_RNA_ANALYZER.RUN_GRAPH_CLUSTERING.fork_square_016um
2025-10-14 12:29:34 [runtime] (complete)        ID.F07839_1n2.SPATIAL_RNA_COUNTER_CS.SPATIAL_RNA_COUNTER.SPATIAL_POST_MATRIX_COMPUTATION.BIN_HD_DATA._BIN_HD_DATA._COMPUTE_BINNED_OUTPUTS.SPATIAL_BINNED_RNA_ANALYZER.RUN_UMAP.fork_square_016um
2025-10-14 12:29:34 [runtime] (complete)        ID.F07839_1n2.SPATIAL_RNA_COUNTER_CS.SPATIAL_RNA_COUNTER.SPATIAL_POST_MATRIX_COMPUTATION.BIN_HD_DATA._BIN_HD_DATA._COMPUTE_BINNED_OUTPUTS.SPATIAL_BINNED_RNA_ANALYZER.RUN_GRAPH_CLUSTERING.fork_square_016um
2025-10-14 12:29:37 [runtime] (complete)        ID.F07839_1n2.SPATIAL_RNA_COUNTER_CS.SPATIAL_RNA_COUNTER.SPATIAL_POST_MATRIX_COMPUTATION.BIN_HD_DATA._BIN_HD_DATA._COMPUTE_BINNED_OUTPUTS.SPATIAL_BINNED_RNA_ANALYZER.RUN_GRAPH_CLUSTERING.fork_square_016um
2025-10-14 12:29:37 [runtime] (complete)        ID.F07839_1n2.SPATIAL_RNA_COUNTER_CS.SPATIAL_RNA_COUNTER.SPATIAL_POST_MATRIX_COMPUTATION.BIN_HD_DATA._BIN_HD_DATA._COMPUTE_BINNED_OUTPUTS.SPATIAL_BINNED_RNA_ANALYZER.RUN_UMAP.fork_square_016um
2025-10-14 12:29:40 [runtime] (complete)        ID.F07839_1n2.SPATIAL_RNA_COUNTER_CS.SPATIAL_RNA_COUNTER.SPATIAL_POST_MATRIX_COMPUTATION.BIN_HD_DATA._BIN_HD_DATA._COMPUTE_BINNED_OUTPUTS.SPATIAL_BINNED_RNA_ANALYZER.RUN_UMAP.fork_square_016um
2025-10-14 12:29:40 [runtime] (complete)        ID.F07839_1n2.SPATIAL_RNA_COUNTER_CS.SPATIAL_RNA_COUNTER.SPATIAL_POST_MATRIX_COMPUTATION.BIN_HD_DATA._BIN_HD_DATA._COMPUTE_BINNED_OUTPUTS.SPATIAL_BINNED_RNA_ANALYZER.RUN_GRAPH_CLUSTERING.fork_square_016um
2025-10-14 12:29:43 [runtime] (complete)        ID.F07839_1n2.SPATIAL_RNA_COUNTER_CS.SPATIAL_RNA_COUNTER.SPATIAL_POST_MATRIX_COMPUTATION.BIN_HD_DATA._BIN_HD_DATA._COMPUTE_BINNED_OUTPUTS.SPATIAL_BINNED_RNA_ANALYZER.RUN_UMAP.fork_square_016um
2025-10-14 12:29:43 [runtime] (complete)        ID.F07839_1n2.SPATIAL_RNA_COUNTER_CS.SPATIAL_RNA_COUNTER.SPATIAL_POST_MATRIX_COMPUTATION.BIN_HD_DATA._BIN_HD_DATA._COMPUTE_BINNED_OUTPUTS.SPATIAL_BINNED_RNA_ANALYZER.RUN_GRAPH_CLUSTERING.fork_square_016um
2025-10-14 12:29:46 [runtime] (complete)        ID.F07839_1n2.SPATIAL_RNA_COUNTER_CS.SPATIAL_RNA_COUNTER.SPATIAL_POST_MATRIX_COMPUTATION.BIN_HD_DATA._BIN_HD_DATA._COMPUTE_BINNED_OUTPUTS.SPATIAL_BINNED_RNA_ANALYZER.RUN_UMAP.fork_square_016um
2025-10-14 12:29:46 [runtime] (complete)        ID.F07839_1n2.SPATIAL_RNA_COUNTER_CS.SPATIAL_RNA_COUNTER.SPATIAL_POST_MATRIX_COMPUTATION.BIN_HD_DATA._BIN_HD_DATA._COMPUTE_BINNED_OUTPUTS.SPATIAL_BINNED_RNA_ANALYZER.RUN_GRAPH_CLUSTERING.fork_square_016um
2025-10-14 12:29:49 [runtime] (complete)        ID.F07839_1n2.SPATIAL_RNA_COUNTER_CS.SPATIAL_RNA_COUNTER.SPATIAL_POST_MATRIX_COMPUTATION.BIN_HD_DATA._BIN_HD_DATA._COMPUTE_BINNED_OUTPUTS.SPATIAL_BINNED_RNA_ANALYZER.RUN_UMAP.fork_square_016um
2025-10-14 12:29:49 [runtime] (complete)        ID.F07839_1n2.SPATIAL_RNA_COUNTER_CS.SPATIAL_RNA_COUNTER.SPATIAL_POST_MATRIX_COMPUTATION.BIN_HD_DATA._BIN_HD_DATA._COMPUTE_BINNED_OUTPUTS.SPATIAL_BINNED_RNA_ANALYZER.RUN_GRAPH_CLUSTERING.fork_square_016um
2025-10-14 12:29:52 [runtime] (complete)        ID.F07839_1n2.SPATIAL_RNA_COUNTER_CS.SPATIAL_RNA_COUNTER.SPATIAL_POST_MATRIX_COMPUTATION.BIN_HD_DATA._BIN_HD_DATA._COMPUTE_BINNED_OUTPUTS.SPATIAL_BINNED_RNA_ANALYZER.RUN_GRAPH_CLUSTERING.fork_square_016um
2025-10-14 12:29:52 [runtime] (complete)        ID.F07839_1n2.SPATIAL_RNA_COUNTER_CS.SPATIAL_RNA_COUNTER.SPATIAL_POST_MATRIX_COMPUTATION.BIN_HD_DATA._BIN_HD_DATA._COMPUTE_BINNED_OUTPUTS.SPATIAL_BINNED_RNA_ANALYZER.RUN_UMAP.fork_square_016um
2025-10-14 12:29:55 [runtime] (complete)        ID.F07839_1n2.SPATIAL_RNA_COUNTER_CS.SPATIAL_RNA_COUNTER.SPATIAL_POST_MATRIX_COMPUTATION.BIN_HD_DATA._BIN_HD_DATA._COMPUTE_BINNED_OUTPUTS.SPATIAL_BINNED_RNA_ANALYZER.RUN_UMAP.fork_square_016um
2025-10-14 12:29:55 [runtime] (complete)        ID.F07839_1n2.SPATIAL_RNA_COUNTER_CS.SPATIAL_RNA_COUNTER.SPATIAL_POST_MATRIX_COMPUTATION.BIN_HD_DATA._BIN_HD_DATA._COMPUTE_BINNED_OUTPUTS.SPATIAL_BINNED_RNA_ANALYZER.RUN_GRAPH_CLUSTERING.fork_square_016um
2025-10-14 12:29:58 [runtime] (complete)        ID.F07839_1n2.SPATIAL_RNA_COUNTER_CS.SPATIAL_RNA_COUNTER.SPATIAL_POST_MATRIX_COMPUTATION.BIN_HD_DATA._BIN_HD_DATA._COMPUTE_BINNED_OUTPUTS.SPATIAL_BINNED_RNA_ANALYZER.RUN_UMAP.fork_square_016um
2025-10-14 12:29:58 [runtime] (complete)        ID.F07839_1n2.SPATIAL_RNA_COUNTER_CS.SPATIAL_RNA_COUNTER.SPATIAL_POST_MATRIX_COMPUTATION.BIN_HD_DATA._BIN_HD_DATA._COMPUTE_BINNED_OUTPUTS.SPATIAL_BINNED_RNA_ANALYZER.RUN_GRAPH_CLUSTERING.fork_square_016um
2025-10-14 12:30:01 [runtime] (chunks_complete) ID.F07839_1n2.SPATIAL_RNA_COUNTER_CS.SPATIAL_RNA_COUNTER.SPATIAL_POST_MATRIX_COMPUTATION.BIN_HD_DATA._BIN_HD_DATA._COMPUTE_BINNED_OUTPUTS.SPATIAL_BINNED_RNA_ANALYZER.RUN_GRAPH_CLUSTERING.fork_square_008um
2025-10-14 12:30:01 [runtime] (run:local)       ID.F07839_1n2.SPATIAL_RNA_COUNTER_CS.SPATIAL_RNA_COUNTER.SPATIAL_POST_MATRIX_COMPUTATION.BIN_HD_DATA._BIN_HD_DATA._COMPUTE_BINNED_OUTPUTS.SPATIAL_BINNED_RNA_ANALYZER.RUN_GRAPH_CLUSTERING.fork_square_008um.join
2025-10-14 12:30:01 [runtime] (complete)        ID.F07839_1n2.SPATIAL_RNA_COUNTER_CS.SPATIAL_RNA_COUNTER.SPATIAL_POST_MATRIX_COMPUTATION.BIN_HD_DATA._BIN_HD_DATA._COMPUTE_BINNED_OUTPUTS.SPATIAL_BINNED_RNA_ANALYZER.RUN_GRAPH_CLUSTERING.fork_square_016um
2025-10-14 12:30:01 [runtime] (complete)        ID.F07839_1n2.SPATIAL_RNA_COUNTER_CS.SPATIAL_RNA_COUNTER.SPATIAL_POST_MATRIX_COMPUTATION.BIN_HD_DATA._BIN_HD_DATA._COMPUTE_BINNED_OUTPUTS.SPATIAL_BINNED_RNA_ANALYZER.RUN_UMAP.fork_square_016um
2025-10-14 12:30:02 [runtime] (complete)        ID.F07839_1n2.SPATIAL_RNA_COUNTER_CS.SPATIAL_RNA_COUNTER.SPATIAL_POST_MATRIX_COMPUTATION.BIN_HD_DATA._BIN_HD_DATA._COMPUTE_BINNED_OUTPUTS.SPATIAL_BINNED_RNA_ANALYZER.RUN_UMAP.fork_square_016um
2025-10-14 12:30:02 [runtime] (join_complete)   ID.F07839_1n2.SPATIAL_RNA_COUNTER_CS.SPATIAL_RNA_COUNTER.SPATIAL_POST_MATRIX_COMPUTATION.BIN_HD_DATA._BIN_HD_DATA._COMPUTE_BINNED_OUTPUTS.SPATIAL_BINNED_RNA_ANALYZER.RUN_GRAPH_CLUSTERING.fork_square_008um
2025-10-14 12:30:02 [runtime] (complete)        ID.F07839_1n2.SPATIAL_RNA_COUNTER_CS.SPATIAL_RNA_COUNTER.SPATIAL_POST_MATRIX_COMPUTATION.BIN_HD_DATA._BIN_HD_DATA._COMPUTE_BINNED_OUTPUTS.SPATIAL_BINNED_RNA_ANALYZER.RUN_GRAPH_CLUSTERING.fork_square_016um
2025-10-14 12:30:02 [runtime] (complete)        ID.F07839_1n2.SPATIAL_RNA_COUNTER_CS.SPATIAL_RNA_COUNTER.SPATIAL_POST_MATRIX_COMPUTATION.BIN_HD_DATA._BIN_HD_DATA._COMPUTE_BINNED_OUTPUTS.SPATIAL_BINNED_RNA_ANALYZER.RUN_UMAP.fork_square_016um
2025-10-14 12:30:02 [runtime] (complete)        ID.F07839_1n2.SPATIAL_RNA_COUNTER_CS.SPATIAL_RNA_COUNTER.SPATIAL_POST_MATRIX_COMPUTATION.BIN_HD_DATA._BIN_HD_DATA._COMPUTE_BINNED_OUTPUTS.SPATIAL_BINNED_RNA_ANALYZER.RUN_UMAP.fork_square_016um
2025-10-14 12:30:02 [runtime] (ready)           ID.F07839_1n2.SPATIAL_RNA_COUNTER_CS.SPATIAL_RNA_COUNTER.SPATIAL_POST_MATRIX_COMPUTATION.BIN_HD_DATA._BIN_HD_DATA._COMPUTE_BINNED_OUTPUTS.SPATIAL_BINNED_RNA_ANALYZER.RUN_HIERARCHICAL_CLUSTERING.fork_square_002um
2025-10-14 12:30:02 [runtime] (ready)           ID.F07839_1n2.SPATIAL_RNA_COUNTER_CS.SPATIAL_RNA_COUNTER.SPATIAL_POST_MATRIX_COMPUTATION.BIN_HD_DATA._BIN_HD_DATA._COMPUTE_BINNED_OUTPUTS.SPATIAL_BINNED_RNA_ANALYZER.RUN_HIERARCHICAL_CLUSTERING.fork_square_008um
2025-10-14 12:30:02 [runtime] (ready)           ID.F07839_1n2.SPATIAL_RNA_COUNTER_CS.SPATIAL_RNA_COUNTER.SPATIAL_POST_MATRIX_COMPUTATION.BIN_HD_DATA._BIN_HD_DATA._COMPUTE_BINNED_OUTPUTS.SPATIAL_BINNED_RNA_ANALYZER.RUN_HIERARCHICAL_CLUSTERING.fork_square_016um
2025-10-14 12:30:02 [runtime] (complete)        ID.F07839_1n2.SPATIAL_RNA_COUNTER_CS.SPATIAL_RNA_COUNTER.SPATIAL_POST_MATRIX_COMPUTATION.BIN_HD_DATA._BIN_HD_DATA._COMPUTE_BINNED_OUTPUTS.SPATIAL_BINNED_RNA_ANALYZER.RUN_UMAP.fork_square_016um
2025-10-14 12:30:02 [runtime] (complete)        ID.F07839_1n2.SPATIAL_RNA_COUNTER_CS.SPATIAL_RNA_COUNTER.SPATIAL_POST_MATRIX_COMPUTATION.BIN_HD_DATA._BIN_HD_DATA._COMPUTE_BINNED_OUTPUTS.SPATIAL_BINNED_RNA_ANALYZER.RUN_UMAP.fork_square_016um
2025-10-14 12:30:02 [runtime] (ready)           ID.F07839_1n2.SPATIAL_RNA_COUNTER_CS.SPATIAL_RNA_COUNTER.SPATIAL_POST_MATRIX_COMPUTATION.BIN_HD_DATA._BIN_HD_DATA._COMPUTE_BINNED_OUTPUTS.SPATIAL_BINNED_RNA_ANALYZER.COMBINE_CLUSTERING.fork_square_002um
2025-10-14 12:30:02 [runtime] (ready)           ID.F07839_1n2.SPATIAL_RNA_COUNTER_CS.SPATIAL_RNA_COUNTER.SPATIAL_POST_MATRIX_COMPUTATION.BIN_HD_DATA._BIN_HD_DATA._COMPUTE_BINNED_OUTPUTS.SPATIAL_BINNED_RNA_ANALYZER.COMBINE_CLUSTERING.fork_square_008um
2025-10-14 12:30:02 [runtime] (run:local)       ID.F07839_1n2.SPATIAL_RNA_COUNTER_CS.SPATIAL_RNA_COUNTER.SPATIAL_POST_MATRIX_COMPUTATION.BIN_HD_DATA._BIN_HD_DATA._COMPUTE_BINNED_OUTPUTS.SPATIAL_BINNED_RNA_ANALYZER.COMBINE_CLUSTERING.fork_square_008um.chnk0.main
2025-10-14 12:30:02 [runtime] (ready)           ID.F07839_1n2.SPATIAL_RNA_COUNTER_CS.SPATIAL_RNA_COUNTER.SPATIAL_POST_MATRIX_COMPUTATION.BIN_HD_DATA._BIN_HD_DATA._COMPUTE_BINNED_OUTPUTS.SPATIAL_BINNED_RNA_ANALYZER.COMBINE_CLUSTERING.fork_square_016um
2025-10-14 12:30:02 [runtime] (run:local)       ID.F07839_1n2.SPATIAL_RNA_COUNTER_CS.SPATIAL_RNA_COUNTER.SPATIAL_POST_MATRIX_COMPUTATION.BIN_HD_DATA._BIN_HD_DATA._COMPUTE_BINNED_OUTPUTS.SPATIAL_BINNED_RNA_ANALYZER.COMBINE_CLUSTERING.fork_square_016um.chnk0.main
2025-10-14 12:30:02 [runtime] (complete)        ID.F07839_1n2.SPATIAL_RNA_COUNTER_CS.SPATIAL_RNA_COUNTER.SPATIAL_POST_MATRIX_COMPUTATION.BIN_HD_DATA._BIN_HD_DATA._COMPUTE_BINNED_OUTPUTS.SPATIAL_BINNED_RNA_ANALYZER.RUN_UMAP.fork_square_016um
2025-10-14 12:30:05 [runtime] (chunks_complete) ID.F07839_1n2.SPATIAL_RNA_COUNTER_CS.SPATIAL_RNA_COUNTER.SPATIAL_POST_MATRIX_COMPUTATION.BIN_HD_DATA._BIN_HD_DATA._COMPUTE_BINNED_OUTPUTS.SPATIAL_BINNED_RNA_ANALYZER.COMBINE_CLUSTERING.fork_square_016um
2025-10-14 12:30:05 [runtime] (complete)        ID.F07839_1n2.SPATIAL_RNA_COUNTER_CS.SPATIAL_RNA_COUNTER.SPATIAL_POST_MATRIX_COMPUTATION.BIN_HD_DATA._BIN_HD_DATA._COMPUTE_BINNED_OUTPUTS.SPATIAL_BINNED_RNA_ANALYZER.RUN_UMAP.fork_square_016um
2025-10-14 12:30:05 [runtime] (complete)        ID.F07839_1n2.SPATIAL_RNA_COUNTER_CS.SPATIAL_RNA_COUNTER.SPATIAL_POST_MATRIX_COMPUTATION.BIN_HD_DATA._BIN_HD_DATA._COMPUTE_BINNED_OUTPUTS.SPATIAL_BINNED_RNA_ANALYZER.RUN_UMAP.fork_square_016um
2025-10-14 12:30:05 [runtime] (chunks_complete) ID.F07839_1n2.SPATIAL_RNA_COUNTER_CS.SPATIAL_RNA_COUNTER.SPATIAL_POST_MATRIX_COMPUTATION.BIN_HD_DATA._BIN_HD_DATA._COMPUTE_BINNED_OUTPUTS.SPATIAL_BINNED_RNA_ANALYZER.COMBINE_CLUSTERING.fork_square_008um
2025-10-14 12:30:05 [runtime] (complete)        ID.F07839_1n2.SPATIAL_RNA_COUNTER_CS.SPATIAL_RNA_COUNTER.SPATIAL_POST_MATRIX_COMPUTATION.BIN_HD_DATA._BIN_HD_DATA._COMPUTE_BINNED_OUTPUTS.SPATIAL_BINNED_RNA_ANALYZER.COMBINE_CLUSTERING.fork_square_016um
2025-10-14 12:30:06 [runtime] (complete)        ID.F07839_1n2.SPATIAL_RNA_COUNTER_CS.SPATIAL_RNA_COUNTER.SPATIAL_POST_MATRIX_COMPUTATION.BIN_HD_DATA._BIN_HD_DATA._COMPUTE_BINNED_OUTPUTS.SPATIAL_BINNED_RNA_ANALYZER.RUN_UMAP.fork_square_016um
2025-10-14 12:30:06 [runtime] (complete)        ID.F07839_1n2.SPATIAL_RNA_COUNTER_CS.SPATIAL_RNA_COUNTER.SPATIAL_POST_MATRIX_COMPUTATION.BIN_HD_DATA._BIN_HD_DATA._COMPUTE_BINNED_OUTPUTS.SPATIAL_BINNED_RNA_ANALYZER.RUN_UMAP.fork_square_016um
2025-10-14 12:30:06 [runtime] (complete)        ID.F07839_1n2.SPATIAL_RNA_COUNTER_CS.SPATIAL_RNA_COUNTER.SPATIAL_POST_MATRIX_COMPUTATION.BIN_HD_DATA._BIN_HD_DATA._COMPUTE_BINNED_OUTPUTS.SPATIAL_BINNED_RNA_ANALYZER.RUN_UMAP.fork_square_016um
2025-10-14 12:30:06 [runtime] (ready)           ID.F07839_1n2.SPATIAL_RNA_COUNTER_CS.SPATIAL_RNA_COUNTER.SPATIAL_POST_MATRIX_COMPUTATION.BIN_HD_DATA._BIN_HD_DATA._COMPUTE_BINNED_OUTPUTS.SPATIAL_BINNED_RNA_ANALYZER.RUN_DIFFERENTIAL_EXPRESSION.fork_square_002um
2025-10-14 12:30:06 [runtime] (ready)           ID.F07839_1n2.SPATIAL_RNA_COUNTER_CS.SPATIAL_RNA_COUNTER.SPATIAL_POST_MATRIX_COMPUTATION.BIN_HD_DATA._BIN_HD_DATA._COMPUTE_BINNED_OUTPUTS.SPATIAL_BINNED_RNA_ANALYZER.RUN_DIFFERENTIAL_EXPRESSION.fork_square_008um
2025-10-14 12:30:06 [runtime] (run:local)       ID.F07839_1n2.SPATIAL_RNA_COUNTER_CS.SPATIAL_RNA_COUNTER.SPATIAL_POST_MATRIX_COMPUTATION.BIN_HD_DATA._BIN_HD_DATA._COMPUTE_BINNED_OUTPUTS.SPATIAL_BINNED_RNA_ANALYZER.RUN_DIFFERENTIAL_EXPRESSION.fork_square_008um.split
2025-10-14 12:30:06 [runtime] (ready)           ID.F07839_1n2.SPATIAL_RNA_COUNTER_CS.SPATIAL_RNA_COUNTER.SPATIAL_POST_MATRIX_COMPUTATION.BIN_HD_DATA._BIN_HD_DATA._COMPUTE_BINNED_OUTPUTS.SPATIAL_BINNED_RNA_ANALYZER.RUN_DIFFERENTIAL_EXPRESSION.fork_square_016um
2025-10-14 12:30:06 [runtime] (run:local)       ID.F07839_1n2.SPATIAL_RNA_COUNTER_CS.SPATIAL_RNA_COUNTER.SPATIAL_POST_MATRIX_COMPUTATION.BIN_HD_DATA._BIN_HD_DATA._COMPUTE_BINNED_OUTPUTS.SPATIAL_BINNED_RNA_ANALYZER.RUN_DIFFERENTIAL_EXPRESSION.fork_square_016um.split
2025-10-14 12:30:06 [runtime] (complete)        ID.F07839_1n2.SPATIAL_RNA_COUNTER_CS.SPATIAL_RNA_COUNTER.SPATIAL_POST_MATRIX_COMPUTATION.BIN_HD_DATA._BIN_HD_DATA._COMPUTE_BINNED_OUTPUTS.SPATIAL_BINNED_RNA_ANALYZER.RUN_UMAP.fork_square_016um
2025-10-14 12:30:06 [runtime] (split_complete)  ID.F07839_1n2.SPATIAL_RNA_COUNTER_CS.SPATIAL_RNA_COUNTER.SPATIAL_POST_MATRIX_COMPUTATION.BIN_HD_DATA._BIN_HD_DATA._COMPUTE_BINNED_OUTPUTS.SPATIAL_BINNED_RNA_ANALYZER.RUN_DIFFERENTIAL_EXPRESSION.fork_square_016um
2025-10-14 12:30:06 [runtime] (run:local)       ID.F07839_1n2.SPATIAL_RNA_COUNTER_CS.SPATIAL_RNA_COUNTER.SPATIAL_POST_MATRIX_COMPUTATION.BIN_HD_DATA._BIN_HD_DATA._COMPUTE_BINNED_OUTPUTS.SPATIAL_BINNED_RNA_ANALYZER.RUN_DIFFERENTIAL_EXPRESSION.fork_square_016um.chnk00.main
2025-10-14 12:30:06 [runtime] (run:local)       ID.F07839_1n2.SPATIAL_RNA_COUNTER_CS.SPATIAL_RNA_COUNTER.SPATIAL_POST_MATRIX_COMPUTATION.BIN_HD_DATA._BIN_HD_DATA._COMPUTE_BINNED_OUTPUTS.SPATIAL_BINNED_RNA_ANALYZER.RUN_DIFFERENTIAL_EXPRESSION.fork_square_016um.chnk01.main
2025-10-14 12:30:06 [runtime] (run:local)       ID.F07839_1n2.SPATIAL_RNA_COUNTER_CS.SPATIAL_RNA_COUNTER.SPATIAL_POST_MATRIX_COMPUTATION.BIN_HD_DATA._BIN_HD_DATA._COMPUTE_BINNED_OUTPUTS.SPATIAL_BINNED_RNA_ANALYZER.RUN_DIFFERENTIAL_EXPRESSION.fork_square_016um.chnk02.main
2025-10-14 12:30:07 [runtime] (run:local)       ID.F07839_1n2.SPATIAL_RNA_COUNTER_CS.SPATIAL_RNA_COUNTER.SPATIAL_POST_MATRIX_COMPUTATION.BIN_HD_DATA._BIN_HD_DATA._COMPUTE_BINNED_OUTPUTS.SPATIAL_BINNED_RNA_ANALYZER.RUN_DIFFERENTIAL_EXPRESSION.fork_square_016um.chnk03.main
2025-10-14 12:30:07 [runtime] (run:local)       ID.F07839_1n2.SPATIAL_RNA_COUNTER_CS.SPATIAL_RNA_COUNTER.SPATIAL_POST_MATRIX_COMPUTATION.BIN_HD_DATA._BIN_HD_DATA._COMPUTE_BINNED_OUTPUTS.SPATIAL_BINNED_RNA_ANALYZER.RUN_DIFFERENTIAL_EXPRESSION.fork_square_016um.chnk04.main
2025-10-14 12:30:07 [runtime] (run:local)       ID.F07839_1n2.SPATIAL_RNA_COUNTER_CS.SPATIAL_RNA_COUNTER.SPATIAL_POST_MATRIX_COMPUTATION.BIN_HD_DATA._BIN_HD_DATA._COMPUTE_BINNED_OUTPUTS.SPATIAL_BINNED_RNA_ANALYZER.RUN_DIFFERENTIAL_EXPRESSION.fork_square_016um.chnk05.main
2025-10-14 12:30:07 [runtime] (run:local)       ID.F07839_1n2.SPATIAL_RNA_COUNTER_CS.SPATIAL_RNA_COUNTER.SPATIAL_POST_MATRIX_COMPUTATION.BIN_HD_DATA._BIN_HD_DATA._COMPUTE_BINNED_OUTPUTS.SPATIAL_BINNED_RNA_ANALYZER.RUN_DIFFERENTIAL_EXPRESSION.fork_square_016um.chnk06.main
2025-10-14 12:30:07 [runtime] (run:local)       ID.F07839_1n2.SPATIAL_RNA_COUNTER_CS.SPATIAL_RNA_COUNTER.SPATIAL_POST_MATRIX_COMPUTATION.BIN_HD_DATA._BIN_HD_DATA._COMPUTE_BINNED_OUTPUTS.SPATIAL_BINNED_RNA_ANALYZER.RUN_DIFFERENTIAL_EXPRESSION.fork_square_016um.chnk07.main
2025-10-14 12:30:07 [runtime] (run:local)       ID.F07839_1n2.SPATIAL_RNA_COUNTER_CS.SPATIAL_RNA_COUNTER.SPATIAL_POST_MATRIX_COMPUTATION.BIN_HD_DATA._BIN_HD_DATA._COMPUTE_BINNED_OUTPUTS.SPATIAL_BINNED_RNA_ANALYZER.RUN_DIFFERENTIAL_EXPRESSION.fork_square_016um.chnk08.main
2025-10-14 12:30:07 [runtime] (run:local)       ID.F07839_1n2.SPATIAL_RNA_COUNTER_CS.SPATIAL_RNA_COUNTER.SPATIAL_POST_MATRIX_COMPUTATION.BIN_HD_DATA._BIN_HD_DATA._COMPUTE_BINNED_OUTPUTS.SPATIAL_BINNED_RNA_ANALYZER.RUN_DIFFERENTIAL_EXPRESSION.fork_square_016um.chnk09.main
2025-10-14 12:30:07 [runtime] (complete)        ID.F07839_1n2.SPATIAL_RNA_COUNTER_CS.SPATIAL_RNA_COUNTER.SPATIAL_POST_MATRIX_COMPUTATION.BIN_HD_DATA._BIN_HD_DATA._COMPUTE_BINNED_OUTPUTS.SPATIAL_BINNED_RNA_ANALYZER.RUN_UMAP.fork_square_016um
2025-10-14 12:30:07 [runtime] (split_complete)  ID.F07839_1n2.SPATIAL_RNA_COUNTER_CS.SPATIAL_RNA_COUNTER.SPATIAL_POST_MATRIX_COMPUTATION.BIN_HD_DATA._BIN_HD_DATA._COMPUTE_BINNED_OUTPUTS.SPATIAL_BINNED_RNA_ANALYZER.RUN_DIFFERENTIAL_EXPRESSION.fork_square_008um
2025-10-14 12:30:07 [runtime] (run:local)       ID.F07839_1n2.SPATIAL_RNA_COUNTER_CS.SPATIAL_RNA_COUNTER.SPATIAL_POST_MATRIX_COMPUTATION.BIN_HD_DATA._BIN_HD_DATA._COMPUTE_BINNED_OUTPUTS.SPATIAL_BINNED_RNA_ANALYZER.RUN_DIFFERENTIAL_EXPRESSION.fork_square_008um.chnk0.main
2025-10-14 12:30:07 [runtime] (run:local)       ID.F07839_1n2.SPATIAL_RNA_COUNTER_CS.SPATIAL_RNA_COUNTER.SPATIAL_POST_MATRIX_COMPUTATION.BIN_HD_DATA._BIN_HD_DATA._COMPUTE_BINNED_OUTPUTS.SPATIAL_BINNED_RNA_ANALYZER.RUN_DIFFERENTIAL_EXPRESSION.fork_square_008um.chnk1.main
2025-10-14 12:30:07 [runtime] (run:local)       ID.F07839_1n2.SPATIAL_RNA_COUNTER_CS.SPATIAL_RNA_COUNTER.SPATIAL_POST_MATRIX_COMPUTATION.BIN_HD_DATA._BIN_HD_DATA._COMPUTE_BINNED_OUTPUTS.SPATIAL_BINNED_RNA_ANALYZER.RUN_DIFFERENTIAL_EXPRESSION.fork_square_008um.chnk2.main
2025-10-14 12:30:07 [runtime] (run:local)       ID.F07839_1n2.SPATIAL_RNA_COUNTER_CS.SPATIAL_RNA_COUNTER.SPATIAL_POST_MATRIX_COMPUTATION.BIN_HD_DATA._BIN_HD_DATA._COMPUTE_BINNED_OUTPUTS.SPATIAL_BINNED_RNA_ANALYZER.RUN_DIFFERENTIAL_EXPRESSION.fork_square_008um.chnk3.main
2025-10-14 12:30:07 [runtime] (run:local)       ID.F07839_1n2.SPATIAL_RNA_COUNTER_CS.SPATIAL_RNA_COUNTER.SPATIAL_POST_MATRIX_COMPUTATION.BIN_HD_DATA._BIN_HD_DATA._COMPUTE_BINNED_OUTPUTS.SPATIAL_BINNED_RNA_ANALYZER.RUN_DIFFERENTIAL_EXPRESSION.fork_square_008um.chnk4.main
2025-10-14 12:30:07 [runtime] (run:local)       ID.F07839_1n2.SPATIAL_RNA_COUNTER_CS.SPATIAL_RNA_COUNTER.SPATIAL_POST_MATRIX_COMPUTATION.BIN_HD_DATA._BIN_HD_DATA._COMPUTE_BINNED_OUTPUTS.SPATIAL_BINNED_RNA_ANALYZER.RUN_DIFFERENTIAL_EXPRESSION.fork_square_008um.chnk5.main
2025-10-14 12:30:07 [runtime] (run:local)       ID.F07839_1n2.SPATIAL_RNA_COUNTER_CS.SPATIAL_RNA_COUNTER.SPATIAL_POST_MATRIX_COMPUTATION.BIN_HD_DATA._BIN_HD_DATA._COMPUTE_BINNED_OUTPUTS.SPATIAL_BINNED_RNA_ANALYZER.RUN_DIFFERENTIAL_EXPRESSION.fork_square_008um.chnk6.main
2025-10-14 12:30:07 [runtime] (run:local)       ID.F07839_1n2.SPATIAL_RNA_COUNTER_CS.SPATIAL_RNA_COUNTER.SPATIAL_POST_MATRIX_COMPUTATION.BIN_HD_DATA._BIN_HD_DATA._COMPUTE_BINNED_OUTPUTS.SPATIAL_BINNED_RNA_ANALYZER.RUN_DIFFERENTIAL_EXPRESSION.fork_square_008um.chnk7.main
2025-10-14 12:30:07 [runtime] (run:local)       ID.F07839_1n2.SPATIAL_RNA_COUNTER_CS.SPATIAL_RNA_COUNTER.SPATIAL_POST_MATRIX_COMPUTATION.BIN_HD_DATA._BIN_HD_DATA._COMPUTE_BINNED_OUTPUTS.SPATIAL_BINNED_RNA_ANALYZER.RUN_DIFFERENTIAL_EXPRESSION.fork_square_008um.chnk8.main
2025-10-14 12:30:10 [runtime] (complete)        ID.F07839_1n2.SPATIAL_RNA_COUNTER_CS.SPATIAL_RNA_COUNTER.SPATIAL_POST_MATRIX_COMPUTATION.BIN_HD_DATA._BIN_HD_DATA._COMPUTE_BINNED_OUTPUTS.SPATIAL_BINNED_RNA_ANALYZER.RUN_UMAP.fork_square_016um
2025-10-14 12:30:13 [runtime] (complete)        ID.F07839_1n2.SPATIAL_RNA_COUNTER_CS.SPATIAL_RNA_COUNTER.SPATIAL_POST_MATRIX_COMPUTATION.BIN_HD_DATA._BIN_HD_DATA._COMPUTE_BINNED_OUTPUTS.SPATIAL_BINNED_RNA_ANALYZER.RUN_UMAP.fork_square_016um
2025-10-14 12:30:16 [runtime] (complete)        ID.F07839_1n2.SPATIAL_RNA_COUNTER_CS.SPATIAL_RNA_COUNTER.SPATIAL_POST_MATRIX_COMPUTATION.BIN_HD_DATA._BIN_HD_DATA._COMPUTE_BINNED_OUTPUTS.SPATIAL_BINNED_RNA_ANALYZER.RUN_UMAP.fork_square_016um
2025-10-14 12:30:19 [runtime] (update)          ID.F07839_1n2.SPATIAL_RNA_COUNTER_CS.SPATIAL_RNA_COUNTER.SPATIAL_POST_MATRIX_COMPUTATION.BIN_HD_DATA._BIN_HD_DATA._COMPUTE_BINNED_OUTPUTS.SPATIAL_BINNED_RNA_ANALYZER.RUN_UMAP.fork_square_008um chunks_running
2025-10-14 12:30:19 [runtime] (complete)        ID.F07839_1n2.SPATIAL_RNA_COUNTER_CS.SPATIAL_RNA_COUNTER.SPATIAL_POST_MATRIX_COMPUTATION.BIN_HD_DATA._BIN_HD_DATA._COMPUTE_BINNED_OUTPUTS.SPATIAL_BINNED_RNA_ANALYZER.RUN_UMAP.fork_square_016um
2025-10-14 12:30:22 [runtime] (complete)        ID.F07839_1n2.SPATIAL_RNA_COUNTER_CS.SPATIAL_RNA_COUNTER.SPATIAL_POST_MATRIX_COMPUTATION.BIN_HD_DATA._BIN_HD_DATA._COMPUTE_BINNED_OUTPUTS.SPATIAL_BINNED_RNA_ANALYZER.RUN_UMAP.fork_square_016um
2025-10-14 12:30:25 [runtime] (complete)        ID.F07839_1n2.SPATIAL_RNA_COUNTER_CS.SPATIAL_RNA_COUNTER.SPATIAL_POST_MATRIX_COMPUTATION.BIN_HD_DATA._BIN_HD_DATA._COMPUTE_BINNED_OUTPUTS.SPATIAL_BINNED_RNA_ANALYZER.RUN_UMAP.fork_square_016um
2025-10-14 12:30:28 [runtime] (complete)        ID.F07839_1n2.SPATIAL_RNA_COUNTER_CS.SPATIAL_RNA_COUNTER.SPATIAL_POST_MATRIX_COMPUTATION.BIN_HD_DATA._BIN_HD_DATA._COMPUTE_BINNED_OUTPUTS.SPATIAL_BINNED_RNA_ANALYZER.RUN_UMAP.fork_square_016um
2025-10-14 12:30:31 [runtime] (complete)        ID.F07839_1n2.SPATIAL_RNA_COUNTER_CS.SPATIAL_RNA_COUNTER.SPATIAL_POST_MATRIX_COMPUTATION.BIN_HD_DATA._BIN_HD_DATA._COMPUTE_BINNED_OUTPUTS.SPATIAL_BINNED_RNA_ANALYZER.RUN_UMAP.fork_square_016um
2025-10-14 12:30:34 [runtime] (complete)        ID.F07839_1n2.SPATIAL_RNA_COUNTER_CS.SPATIAL_RNA_COUNTER.SPATIAL_POST_MATRIX_COMPUTATION.BIN_HD_DATA._BIN_HD_DATA._COMPUTE_BINNED_OUTPUTS.SPATIAL_BINNED_RNA_ANALYZER.RUN_UMAP.fork_square_016um
2025-10-14 12:30:37 [runtime] (complete)        ID.F07839_1n2.SPATIAL_RNA_COUNTER_CS.SPATIAL_RNA_COUNTER.SPATIAL_POST_MATRIX_COMPUTATION.BIN_HD_DATA._BIN_HD_DATA._COMPUTE_BINNED_OUTPUTS.SPATIAL_BINNED_RNA_ANALYZER.RUN_UMAP.fork_square_016um
2025-10-14 12:30:40 [runtime] (complete)        ID.F07839_1n2.SPATIAL_RNA_COUNTER_CS.SPATIAL_RNA_COUNTER.SPATIAL_POST_MATRIX_COMPUTATION.BIN_HD_DATA._BIN_HD_DATA._COMPUTE_BINNED_OUTPUTS.SPATIAL_BINNED_RNA_ANALYZER.RUN_UMAP.fork_square_016um
2025-10-14 12:30:43 [runtime] (complete)        ID.F07839_1n2.SPATIAL_RNA_COUNTER_CS.SPATIAL_RNA_COUNTER.SPATIAL_POST_MATRIX_COMPUTATION.BIN_HD_DATA._BIN_HD_DATA._COMPUTE_BINNED_OUTPUTS.SPATIAL_BINNED_RNA_ANALYZER.RUN_UMAP.fork_square_016um
2025-10-14 12:30:46 [runtime] (complete)        ID.F07839_1n2.SPATIAL_RNA_COUNTER_CS.SPATIAL_RNA_COUNTER.SPATIAL_POST_MATRIX_COMPUTATION.BIN_HD_DATA._BIN_HD_DATA._COMPUTE_BINNED_OUTPUTS.SPATIAL_BINNED_RNA_ANALYZER.RUN_UMAP.fork_square_016um
2025-10-14 12:30:49 [runtime] (complete)        ID.F07839_1n2.SPATIAL_RNA_COUNTER_CS.SPATIAL_RNA_COUNTER.SPATIAL_POST_MATRIX_COMPUTATION.BIN_HD_DATA._BIN_HD_DATA._COMPUTE_BINNED_OUTPUTS.SPATIAL_BINNED_RNA_ANALYZER.RUN_UMAP.fork_square_016um
2025-10-14 12:30:53 [runtime] (complete)        ID.F07839_1n2.SPATIAL_RNA_COUNTER_CS.SPATIAL_RNA_COUNTER.SPATIAL_POST_MATRIX_COMPUTATION.BIN_HD_DATA._BIN_HD_DATA._COMPUTE_BINNED_OUTPUTS.SPATIAL_BINNED_RNA_ANALYZER.RUN_UMAP.fork_square_016um
2025-10-14 12:30:53 [runtime] (chunks_complete) ID.F07839_1n2.SPATIAL_RNA_COUNTER_CS.SPATIAL_RNA_COUNTER.SPATIAL_POST_MATRIX_COMPUTATION.BIN_HD_DATA._BIN_HD_DATA._COMPUTE_BINNED_OUTPUTS.SPATIAL_BINNED_RNA_ANALYZER.RUN_UMAP.fork_square_008um
2025-10-14 12:30:53 [runtime] (run:local)       ID.F07839_1n2.SPATIAL_RNA_COUNTER_CS.SPATIAL_RNA_COUNTER.SPATIAL_POST_MATRIX_COMPUTATION.BIN_HD_DATA._BIN_HD_DATA._COMPUTE_BINNED_OUTPUTS.SPATIAL_BINNED_RNA_ANALYZER.RUN_UMAP.fork_square_008um.join
2025-10-14 12:30:53 [runtime] (complete)        ID.F07839_1n2.SPATIAL_RNA_COUNTER_CS.SPATIAL_RNA_COUNTER.SPATIAL_POST_MATRIX_COMPUTATION.BIN_HD_DATA._BIN_HD_DATA._COMPUTE_BINNED_OUTPUTS.SPATIAL_BINNED_RNA_ANALYZER.RUN_UMAP.fork_square_016um
2025-10-14 12:30:56 [runtime] (complete)        ID.F07839_1n2.SPATIAL_RNA_COUNTER_CS.SPATIAL_RNA_COUNTER.SPATIAL_POST_MATRIX_COMPUTATION.BIN_HD_DATA._BIN_HD_DATA._COMPUTE_BINNED_OUTPUTS.SPATIAL_BINNED_RNA_ANALYZER.RUN_UMAP.fork_square_016um
2025-10-14 12:30:59 [runtime] (complete)        ID.F07839_1n2.SPATIAL_RNA_COUNTER_CS.SPATIAL_RNA_COUNTER.SPATIAL_POST_MATRIX_COMPUTATION.BIN_HD_DATA._BIN_HD_DATA._COMPUTE_BINNED_OUTPUTS.SPATIAL_BINNED_RNA_ANALYZER.RUN_UMAP.fork_square_016um
2025-10-14 12:31:02 [runtime] (complete)        ID.F07839_1n2.SPATIAL_RNA_COUNTER_CS.SPATIAL_RNA_COUNTER.SPATIAL_POST_MATRIX_COMPUTATION.BIN_HD_DATA._BIN_HD_DATA._COMPUTE_BINNED_OUTPUTS.SPATIAL_BINNED_RNA_ANALYZER.RUN_UMAP.fork_square_016um
2025-10-14 12:31:05 [runtime] (complete)        ID.F07839_1n2.SPATIAL_RNA_COUNTER_CS.SPATIAL_RNA_COUNTER.SPATIAL_POST_MATRIX_COMPUTATION.BIN_HD_DATA._BIN_HD_DATA._COMPUTE_BINNED_OUTPUTS.SPATIAL_BINNED_RNA_ANALYZER.RUN_UMAP.fork_square_016um
2025-10-14 12:31:08 [runtime] (complete)        ID.F07839_1n2.SPATIAL_RNA_COUNTER_CS.SPATIAL_RNA_COUNTER.SPATIAL_POST_MATRIX_COMPUTATION.BIN_HD_DATA._BIN_HD_DATA._COMPUTE_BINNED_OUTPUTS.SPATIAL_BINNED_RNA_ANALYZER.RUN_UMAP.fork_square_016um
2025-10-14 12:31:11 [runtime] (complete)        ID.F07839_1n2.SPATIAL_RNA_COUNTER_CS.SPATIAL_RNA_COUNTER.SPATIAL_POST_MATRIX_COMPUTATION.BIN_HD_DATA._BIN_HD_DATA._COMPUTE_BINNED_OUTPUTS.SPATIAL_BINNED_RNA_ANALYZER.RUN_UMAP.fork_square_016um
2025-10-14 12:31:14 [runtime] (complete)        ID.F07839_1n2.SPATIAL_RNA_COUNTER_CS.SPATIAL_RNA_COUNTER.SPATIAL_POST_MATRIX_COMPUTATION.BIN_HD_DATA._BIN_HD_DATA._COMPUTE_BINNED_OUTPUTS.SPATIAL_BINNED_RNA_ANALYZER.RUN_UMAP.fork_square_016um
2025-10-14 12:31:17 [runtime] (complete)        ID.F07839_1n2.SPATIAL_RNA_COUNTER_CS.SPATIAL_RNA_COUNTER.SPATIAL_POST_MATRIX_COMPUTATION.BIN_HD_DATA._BIN_HD_DATA._COMPUTE_BINNED_OUTPUTS.SPATIAL_BINNED_RNA_ANALYZER.RUN_UMAP.fork_square_016um
2025-10-14 12:31:20 [runtime] (complete)        ID.F07839_1n2.SPATIAL_RNA_COUNTER_CS.SPATIAL_RNA_COUNTER.SPATIAL_POST_MATRIX_COMPUTATION.BIN_HD_DATA._BIN_HD_DATA._COMPUTE_BINNED_OUTPUTS.SPATIAL_BINNED_RNA_ANALYZER.RUN_UMAP.fork_square_016um
2025-10-14 12:31:23 [runtime] (complete)        ID.F07839_1n2.SPATIAL_RNA_COUNTER_CS.SPATIAL_RNA_COUNTER.SPATIAL_POST_MATRIX_COMPUTATION.BIN_HD_DATA._BIN_HD_DATA._COMPUTE_BINNED_OUTPUTS.SPATIAL_BINNED_RNA_ANALYZER.RUN_UMAP.fork_square_016um
2025-10-14 12:31:26 [runtime] (complete)        ID.F07839_1n2.SPATIAL_RNA_COUNTER_CS.SPATIAL_RNA_COUNTER.SPATIAL_POST_MATRIX_COMPUTATION.BIN_HD_DATA._BIN_HD_DATA._COMPUTE_BINNED_OUTPUTS.SPATIAL_BINNED_RNA_ANALYZER.RUN_UMAP.fork_square_016um
2025-10-14 12:31:29 [runtime] (complete)        ID.F07839_1n2.SPATIAL_RNA_COUNTER_CS.SPATIAL_RNA_COUNTER.SPATIAL_POST_MATRIX_COMPUTATION.BIN_HD_DATA._BIN_HD_DATA._COMPUTE_BINNED_OUTPUTS.SPATIAL_BINNED_RNA_ANALYZER.RUN_UMAP.fork_square_016um
2025-10-14 12:31:32 [runtime] (complete)        ID.F07839_1n2.SPATIAL_RNA_COUNTER_CS.SPATIAL_RNA_COUNTER.SPATIAL_POST_MATRIX_COMPUTATION.BIN_HD_DATA._BIN_HD_DATA._COMPUTE_BINNED_OUTPUTS.SPATIAL_BINNED_RNA_ANALYZER.RUN_UMAP.fork_square_016um
2025-10-14 12:31:35 [runtime] (complete)        ID.F07839_1n2.SPATIAL_RNA_COUNTER_CS.SPATIAL_RNA_COUNTER.SPATIAL_POST_MATRIX_COMPUTATION.BIN_HD_DATA._BIN_HD_DATA._COMPUTE_BINNED_OUTPUTS.SPATIAL_BINNED_RNA_ANALYZER.RUN_UMAP.fork_square_016um
2025-10-14 12:31:38 [runtime] (complete)        ID.F07839_1n2.SPATIAL_RNA_COUNTER_CS.SPATIAL_RNA_COUNTER.SPATIAL_POST_MATRIX_COMPUTATION.BIN_HD_DATA._BIN_HD_DATA._COMPUTE_BINNED_OUTPUTS.SPATIAL_BINNED_RNA_ANALYZER.RUN_UMAP.fork_square_016um
2025-10-14 12:31:41 [runtime] (complete)        ID.F07839_1n2.SPATIAL_RNA_COUNTER_CS.SPATIAL_RNA_COUNTER.SPATIAL_POST_MATRIX_COMPUTATION.BIN_HD_DATA._BIN_HD_DATA._COMPUTE_BINNED_OUTPUTS.SPATIAL_BINNED_RNA_ANALYZER.RUN_UMAP.fork_square_016um
2025-10-14 12:31:44 [runtime] (complete)        ID.F07839_1n2.SPATIAL_RNA_COUNTER_CS.SPATIAL_RNA_COUNTER.SPATIAL_POST_MATRIX_COMPUTATION.BIN_HD_DATA._BIN_HD_DATA._COMPUTE_BINNED_OUTPUTS.SPATIAL_BINNED_RNA_ANALYZER.RUN_UMAP.fork_square_016um
2025-10-14 12:31:47 [runtime] (complete)        ID.F07839_1n2.SPATIAL_RNA_COUNTER_CS.SPATIAL_RNA_COUNTER.SPATIAL_POST_MATRIX_COMPUTATION.BIN_HD_DATA._BIN_HD_DATA._COMPUTE_BINNED_OUTPUTS.SPATIAL_BINNED_RNA_ANALYZER.RUN_UMAP.fork_square_016um
2025-10-14 12:31:50 [runtime] (complete)        ID.F07839_1n2.SPATIAL_RNA_COUNTER_CS.SPATIAL_RNA_COUNTER.SPATIAL_POST_MATRIX_COMPUTATION.BIN_HD_DATA._BIN_HD_DATA._COMPUTE_BINNED_OUTPUTS.SPATIAL_BINNED_RNA_ANALYZER.RUN_UMAP.fork_square_016um
2025-10-14 12:31:53 [runtime] (complete)        ID.F07839_1n2.SPATIAL_RNA_COUNTER_CS.SPATIAL_RNA_COUNTER.SPATIAL_POST_MATRIX_COMPUTATION.BIN_HD_DATA._BIN_HD_DATA._COMPUTE_BINNED_OUTPUTS.SPATIAL_BINNED_RNA_ANALYZER.RUN_UMAP.fork_square_016um
2025-10-14 12:31:56 [runtime] (complete)        ID.F07839_1n2.SPATIAL_RNA_COUNTER_CS.SPATIAL_RNA_COUNTER.SPATIAL_POST_MATRIX_COMPUTATION.BIN_HD_DATA._BIN_HD_DATA._COMPUTE_BINNED_OUTPUTS.SPATIAL_BINNED_RNA_ANALYZER.RUN_UMAP.fork_square_016um
2025-10-14 12:31:59 [runtime] (complete)        ID.F07839_1n2.SPATIAL_RNA_COUNTER_CS.SPATIAL_RNA_COUNTER.SPATIAL_POST_MATRIX_COMPUTATION.BIN_HD_DATA._BIN_HD_DATA._COMPUTE_BINNED_OUTPUTS.SPATIAL_BINNED_RNA_ANALYZER.RUN_UMAP.fork_square_016um
2025-10-14 12:32:02 [runtime] (complete)        ID.F07839_1n2.SPATIAL_RNA_COUNTER_CS.SPATIAL_RNA_COUNTER.SPATIAL_POST_MATRIX_COMPUTATION.BIN_HD_DATA._BIN_HD_DATA._COMPUTE_BINNED_OUTPUTS.SPATIAL_BINNED_RNA_ANALYZER.RUN_UMAP.fork_square_016um
2025-10-14 12:32:05 [runtime] (complete)        ID.F07839_1n2.SPATIAL_RNA_COUNTER_CS.SPATIAL_RNA_COUNTER.SPATIAL_POST_MATRIX_COMPUTATION.BIN_HD_DATA._BIN_HD_DATA._COMPUTE_BINNED_OUTPUTS.SPATIAL_BINNED_RNA_ANALYZER.RUN_UMAP.fork_square_016um
2025-10-14 12:32:08 [runtime] (complete)        ID.F07839_1n2.SPATIAL_RNA_COUNTER_CS.SPATIAL_RNA_COUNTER.SPATIAL_POST_MATRIX_COMPUTATION.BIN_HD_DATA._BIN_HD_DATA._COMPUTE_BINNED_OUTPUTS.SPATIAL_BINNED_RNA_ANALYZER.RUN_UMAP.fork_square_016um
2025-10-14 12:32:11 [runtime] (complete)        ID.F07839_1n2.SPATIAL_RNA_COUNTER_CS.SPATIAL_RNA_COUNTER.SPATIAL_POST_MATRIX_COMPUTATION.BIN_HD_DATA._BIN_HD_DATA._COMPUTE_BINNED_OUTPUTS.SPATIAL_BINNED_RNA_ANALYZER.RUN_UMAP.fork_square_016um
2025-10-14 12:32:14 [runtime] (complete)        ID.F07839_1n2.SPATIAL_RNA_COUNTER_CS.SPATIAL_RNA_COUNTER.SPATIAL_POST_MATRIX_COMPUTATION.BIN_HD_DATA._BIN_HD_DATA._COMPUTE_BINNED_OUTPUTS.SPATIAL_BINNED_RNA_ANALYZER.RUN_UMAP.fork_square_016um
2025-10-14 12:32:18 [runtime] (complete)        ID.F07839_1n2.SPATIAL_RNA_COUNTER_CS.SPATIAL_RNA_COUNTER.SPATIAL_POST_MATRIX_COMPUTATION.BIN_HD_DATA._BIN_HD_DATA._COMPUTE_BINNED_OUTPUTS.SPATIAL_BINNED_RNA_ANALYZER.RUN_UMAP.fork_square_016um
2025-10-14 12:32:21 [runtime] (complete)        ID.F07839_1n2.SPATIAL_RNA_COUNTER_CS.SPATIAL_RNA_COUNTER.SPATIAL_POST_MATRIX_COMPUTATION.BIN_HD_DATA._BIN_HD_DATA._COMPUTE_BINNED_OUTPUTS.SPATIAL_BINNED_RNA_ANALYZER.RUN_UMAP.fork_square_016um
2025-10-14 12:32:24 [runtime] (complete)        ID.F07839_1n2.SPATIAL_RNA_COUNTER_CS.SPATIAL_RNA_COUNTER.SPATIAL_POST_MATRIX_COMPUTATION.BIN_HD_DATA._BIN_HD_DATA._COMPUTE_BINNED_OUTPUTS.SPATIAL_BINNED_RNA_ANALYZER.RUN_UMAP.fork_square_016um
2025-10-14 12:32:27 [runtime] (complete)        ID.F07839_1n2.SPATIAL_RNA_COUNTER_CS.SPATIAL_RNA_COUNTER.SPATIAL_POST_MATRIX_COMPUTATION.BIN_HD_DATA._BIN_HD_DATA._COMPUTE_BINNED_OUTPUTS.SPATIAL_BINNED_RNA_ANALYZER.RUN_UMAP.fork_square_016um
2025-10-14 12:32:30 [runtime] (complete)        ID.F07839_1n2.SPATIAL_RNA_COUNTER_CS.SPATIAL_RNA_COUNTER.SPATIAL_POST_MATRIX_COMPUTATION.BIN_HD_DATA._BIN_HD_DATA._COMPUTE_BINNED_OUTPUTS.SPATIAL_BINNED_RNA_ANALYZER.RUN_UMAP.fork_square_016um
2025-10-14 12:32:33 [runtime] (complete)        ID.F07839_1n2.SPATIAL_RNA_COUNTER_CS.SPATIAL_RNA_COUNTER.SPATIAL_POST_MATRIX_COMPUTATION.BIN_HD_DATA._BIN_HD_DATA._COMPUTE_BINNED_OUTPUTS.SPATIAL_BINNED_RNA_ANALYZER.RUN_UMAP.fork_square_016um
2025-10-14 12:32:36 [runtime] (complete)        ID.F07839_1n2.SPATIAL_RNA_COUNTER_CS.SPATIAL_RNA_COUNTER.SPATIAL_POST_MATRIX_COMPUTATION.BIN_HD_DATA._BIN_HD_DATA._COMPUTE_BINNED_OUTPUTS.SPATIAL_BINNED_RNA_ANALYZER.RUN_UMAP.fork_square_016um
2025-10-14 12:32:39 [runtime] (complete)        ID.F07839_1n2.SPATIAL_RNA_COUNTER_CS.SPATIAL_RNA_COUNTER.SPATIAL_POST_MATRIX_COMPUTATION.BIN_HD_DATA._BIN_HD_DATA._COMPUTE_BINNED_OUTPUTS.SPATIAL_BINNED_RNA_ANALYZER.RUN_UMAP.fork_square_016um
2025-10-14 12:32:42 [runtime] (complete)        ID.F07839_1n2.SPATIAL_RNA_COUNTER_CS.SPATIAL_RNA_COUNTER.SPATIAL_POST_MATRIX_COMPUTATION.BIN_HD_DATA._BIN_HD_DATA._COMPUTE_BINNED_OUTPUTS.SPATIAL_BINNED_RNA_ANALYZER.RUN_UMAP.fork_square_016um
2025-10-14 12:32:45 [runtime] (complete)        ID.F07839_1n2.SPATIAL_RNA_COUNTER_CS.SPATIAL_RNA_COUNTER.SPATIAL_POST_MATRIX_COMPUTATION.BIN_HD_DATA._BIN_HD_DATA._COMPUTE_BINNED_OUTPUTS.SPATIAL_BINNED_RNA_ANALYZER.RUN_UMAP.fork_square_016um
2025-10-14 12:32:48 [runtime] (complete)        ID.F07839_1n2.SPATIAL_RNA_COUNTER_CS.SPATIAL_RNA_COUNTER.SPATIAL_POST_MATRIX_COMPUTATION.BIN_HD_DATA._BIN_HD_DATA._COMPUTE_BINNED_OUTPUTS.SPATIAL_BINNED_RNA_ANALYZER.RUN_UMAP.fork_square_016um
2025-10-14 12:32:51 [runtime] (complete)        ID.F07839_1n2.SPATIAL_RNA_COUNTER_CS.SPATIAL_RNA_COUNTER.SPATIAL_POST_MATRIX_COMPUTATION.BIN_HD_DATA._BIN_HD_DATA._COMPUTE_BINNED_OUTPUTS.SPATIAL_BINNED_RNA_ANALYZER.RUN_UMAP.fork_square_016um
2025-10-14 12:32:54 [runtime] (complete)        ID.F07839_1n2.SPATIAL_RNA_COUNTER_CS.SPATIAL_RNA_COUNTER.SPATIAL_POST_MATRIX_COMPUTATION.BIN_HD_DATA._BIN_HD_DATA._COMPUTE_BINNED_OUTPUTS.SPATIAL_BINNED_RNA_ANALYZER.RUN_UMAP.fork_square_016um
2025-10-14 12:32:57 [runtime] (complete)        ID.F07839_1n2.SPATIAL_RNA_COUNTER_CS.SPATIAL_RNA_COUNTER.SPATIAL_POST_MATRIX_COMPUTATION.BIN_HD_DATA._BIN_HD_DATA._COMPUTE_BINNED_OUTPUTS.SPATIAL_BINNED_RNA_ANALYZER.RUN_UMAP.fork_square_016um
2025-10-14 12:33:00 [runtime] (complete)        ID.F07839_1n2.SPATIAL_RNA_COUNTER_CS.SPATIAL_RNA_COUNTER.SPATIAL_POST_MATRIX_COMPUTATION.BIN_HD_DATA._BIN_HD_DATA._COMPUTE_BINNED_OUTPUTS.SPATIAL_BINNED_RNA_ANALYZER.RUN_UMAP.fork_square_016um
2025-10-14 12:33:03 [runtime] (complete)        ID.F07839_1n2.SPATIAL_RNA_COUNTER_CS.SPATIAL_RNA_COUNTER.SPATIAL_POST_MATRIX_COMPUTATION.BIN_HD_DATA._BIN_HD_DATA._COMPUTE_BINNED_OUTPUTS.SPATIAL_BINNED_RNA_ANALYZER.RUN_UMAP.fork_square_016um
2025-10-14 12:33:06 [runtime] (complete)        ID.F07839_1n2.SPATIAL_RNA_COUNTER_CS.SPATIAL_RNA_COUNTER.SPATIAL_POST_MATRIX_COMPUTATION.BIN_HD_DATA._BIN_HD_DATA._COMPUTE_BINNED_OUTPUTS.SPATIAL_BINNED_RNA_ANALYZER.RUN_UMAP.fork_square_016um
2025-10-14 12:33:09 [runtime] (complete)        ID.F07839_1n2.SPATIAL_RNA_COUNTER_CS.SPATIAL_RNA_COUNTER.SPATIAL_POST_MATRIX_COMPUTATION.BIN_HD_DATA._BIN_HD_DATA._COMPUTE_BINNED_OUTPUTS.SPATIAL_BINNED_RNA_ANALYZER.RUN_UMAP.fork_square_016um
2025-10-14 12:33:12 [runtime] (complete)        ID.F07839_1n2.SPATIAL_RNA_COUNTER_CS.SPATIAL_RNA_COUNTER.SPATIAL_POST_MATRIX_COMPUTATION.BIN_HD_DATA._BIN_HD_DATA._COMPUTE_BINNED_OUTPUTS.SPATIAL_BINNED_RNA_ANALYZER.RUN_UMAP.fork_square_016um
2025-10-14 12:33:15 [runtime] (complete)        ID.F07839_1n2.SPATIAL_RNA_COUNTER_CS.SPATIAL_RNA_COUNTER.SPATIAL_POST_MATRIX_COMPUTATION.BIN_HD_DATA._BIN_HD_DATA._COMPUTE_BINNED_OUTPUTS.SPATIAL_BINNED_RNA_ANALYZER.RUN_UMAP.fork_square_016um
2025-10-14 12:33:18 [runtime] (complete)        ID.F07839_1n2.SPATIAL_RNA_COUNTER_CS.SPATIAL_RNA_COUNTER.SPATIAL_POST_MATRIX_COMPUTATION.BIN_HD_DATA._BIN_HD_DATA._COMPUTE_BINNED_OUTPUTS.SPATIAL_BINNED_RNA_ANALYZER.RUN_UMAP.fork_square_016um
2025-10-14 12:33:21 [runtime] (complete)        ID.F07839_1n2.SPATIAL_RNA_COUNTER_CS.SPATIAL_RNA_COUNTER.SPATIAL_POST_MATRIX_COMPUTATION.BIN_HD_DATA._BIN_HD_DATA._COMPUTE_BINNED_OUTPUTS.SPATIAL_BINNED_RNA_ANALYZER.RUN_UMAP.fork_square_016um
2025-10-14 12:33:24 [runtime] (complete)        ID.F07839_1n2.SPATIAL_RNA_COUNTER_CS.SPATIAL_RNA_COUNTER.SPATIAL_POST_MATRIX_COMPUTATION.BIN_HD_DATA._BIN_HD_DATA._COMPUTE_BINNED_OUTPUTS.SPATIAL_BINNED_RNA_ANALYZER.RUN_UMAP.fork_square_016um
2025-10-14 12:33:27 [runtime] (complete)        ID.F07839_1n2.SPATIAL_RNA_COUNTER_CS.SPATIAL_RNA_COUNTER.SPATIAL_POST_MATRIX_COMPUTATION.BIN_HD_DATA._BIN_HD_DATA._COMPUTE_BINNED_OUTPUTS.SPATIAL_BINNED_RNA_ANALYZER.RUN_UMAP.fork_square_016um
2025-10-14 12:33:30 [runtime] (complete)        ID.F07839_1n2.SPATIAL_RNA_COUNTER_CS.SPATIAL_RNA_COUNTER.SPATIAL_POST_MATRIX_COMPUTATION.BIN_HD_DATA._BIN_HD_DATA._COMPUTE_BINNED_OUTPUTS.SPATIAL_BINNED_RNA_ANALYZER.RUN_UMAP.fork_square_016um
2025-10-14 12:33:33 [runtime] (complete)        ID.F07839_1n2.SPATIAL_RNA_COUNTER_CS.SPATIAL_RNA_COUNTER.SPATIAL_POST_MATRIX_COMPUTATION.BIN_HD_DATA._BIN_HD_DATA._COMPUTE_BINNED_OUTPUTS.SPATIAL_BINNED_RNA_ANALYZER.RUN_UMAP.fork_square_016um
2025-10-14 12:33:36 [runtime] (complete)        ID.F07839_1n2.SPATIAL_RNA_COUNTER_CS.SPATIAL_RNA_COUNTER.SPATIAL_POST_MATRIX_COMPUTATION.BIN_HD_DATA._BIN_HD_DATA._COMPUTE_BINNED_OUTPUTS.SPATIAL_BINNED_RNA_ANALYZER.RUN_UMAP.fork_square_016um
2025-10-14 12:33:39 [runtime] (complete)        ID.F07839_1n2.SPATIAL_RNA_COUNTER_CS.SPATIAL_RNA_COUNTER.SPATIAL_POST_MATRIX_COMPUTATION.BIN_HD_DATA._BIN_HD_DATA._COMPUTE_BINNED_OUTPUTS.SPATIAL_BINNED_RNA_ANALYZER.RUN_UMAP.fork_square_016um
2025-10-14 12:33:42 [runtime] (complete)        ID.F07839_1n2.SPATIAL_RNA_COUNTER_CS.SPATIAL_RNA_COUNTER.SPATIAL_POST_MATRIX_COMPUTATION.BIN_HD_DATA._BIN_HD_DATA._COMPUTE_BINNED_OUTPUTS.SPATIAL_BINNED_RNA_ANALYZER.RUN_UMAP.fork_square_016um
2025-10-14 12:33:45 [runtime] (complete)        ID.F07839_1n2.SPATIAL_RNA_COUNTER_CS.SPATIAL_RNA_COUNTER.SPATIAL_POST_MATRIX_COMPUTATION.BIN_HD_DATA._BIN_HD_DATA._COMPUTE_BINNED_OUTPUTS.SPATIAL_BINNED_RNA_ANALYZER.RUN_UMAP.fork_square_016um
2025-10-14 12:33:48 [runtime] (complete)        ID.F07839_1n2.SPATIAL_RNA_COUNTER_CS.SPATIAL_RNA_COUNTER.SPATIAL_POST_MATRIX_COMPUTATION.BIN_HD_DATA._BIN_HD_DATA._COMPUTE_BINNED_OUTPUTS.SPATIAL_BINNED_RNA_ANALYZER.RUN_UMAP.fork_square_016um
2025-10-14 12:33:51 [runtime] (complete)        ID.F07839_1n2.SPATIAL_RNA_COUNTER_CS.SPATIAL_RNA_COUNTER.SPATIAL_POST_MATRIX_COMPUTATION.BIN_HD_DATA._BIN_HD_DATA._COMPUTE_BINNED_OUTPUTS.SPATIAL_BINNED_RNA_ANALYZER.RUN_UMAP.fork_square_016um
2025-10-14 12:33:54 [runtime] (complete)        ID.F07839_1n2.SPATIAL_RNA_COUNTER_CS.SPATIAL_RNA_COUNTER.SPATIAL_POST_MATRIX_COMPUTATION.BIN_HD_DATA._BIN_HD_DATA._COMPUTE_BINNED_OUTPUTS.SPATIAL_BINNED_RNA_ANALYZER.RUN_UMAP.fork_square_016um
2025-10-14 12:33:57 [runtime] (complete)        ID.F07839_1n2.SPATIAL_RNA_COUNTER_CS.SPATIAL_RNA_COUNTER.SPATIAL_POST_MATRIX_COMPUTATION.BIN_HD_DATA._BIN_HD_DATA._COMPUTE_BINNED_OUTPUTS.SPATIAL_BINNED_RNA_ANALYZER.RUN_UMAP.fork_square_016um
2025-10-14 12:34:00 [runtime] (complete)        ID.F07839_1n2.SPATIAL_RNA_COUNTER_CS.SPATIAL_RNA_COUNTER.SPATIAL_POST_MATRIX_COMPUTATION.BIN_HD_DATA._BIN_HD_DATA._COMPUTE_BINNED_OUTPUTS.SPATIAL_BINNED_RNA_ANALYZER.RUN_UMAP.fork_square_016um
2025-10-14 12:34:03 [runtime] (complete)        ID.F07839_1n2.SPATIAL_RNA_COUNTER_CS.SPATIAL_RNA_COUNTER.SPATIAL_POST_MATRIX_COMPUTATION.BIN_HD_DATA._BIN_HD_DATA._COMPUTE_BINNED_OUTPUTS.SPATIAL_BINNED_RNA_ANALYZER.RUN_UMAP.fork_square_016um
2025-10-14 12:34:06 [runtime] (complete)        ID.F07839_1n2.SPATIAL_RNA_COUNTER_CS.SPATIAL_RNA_COUNTER.SPATIAL_POST_MATRIX_COMPUTATION.BIN_HD_DATA._BIN_HD_DATA._COMPUTE_BINNED_OUTPUTS.SPATIAL_BINNED_RNA_ANALYZER.RUN_UMAP.fork_square_016um
2025-10-14 12:34:09 [runtime] (complete)        ID.F07839_1n2.SPATIAL_RNA_COUNTER_CS.SPATIAL_RNA_COUNTER.SPATIAL_POST_MATRIX_COMPUTATION.BIN_HD_DATA._BIN_HD_DATA._COMPUTE_BINNED_OUTPUTS.SPATIAL_BINNED_RNA_ANALYZER.RUN_UMAP.fork_square_016um
2025-10-14 12:34:12 [runtime] (complete)        ID.F07839_1n2.SPATIAL_RNA_COUNTER_CS.SPATIAL_RNA_COUNTER.SPATIAL_POST_MATRIX_COMPUTATION.BIN_HD_DATA._BIN_HD_DATA._COMPUTE_BINNED_OUTPUTS.SPATIAL_BINNED_RNA_ANALYZER.RUN_UMAP.fork_square_016um
2025-10-14 12:34:15 [runtime] (complete)        ID.F07839_1n2.SPATIAL_RNA_COUNTER_CS.SPATIAL_RNA_COUNTER.SPATIAL_POST_MATRIX_COMPUTATION.BIN_HD_DATA._BIN_HD_DATA._COMPUTE_BINNED_OUTPUTS.SPATIAL_BINNED_RNA_ANALYZER.RUN_UMAP.fork_square_016um
2025-10-14 12:34:17 [runtime] (complete)        ID.F07839_1n2.SPATIAL_RNA_COUNTER_CS.SPATIAL_RNA_COUNTER.SPATIAL_POST_MATRIX_COMPUTATION.BIN_HD_DATA._BIN_HD_DATA._COMPUTE_BINNED_OUTPUTS.SPATIAL_BINNED_RNA_ANALYZER.RUN_UMAP.fork_square_016um
2025-10-14 12:34:18 [runtime] (complete)        ID.F07839_1n2.SPATIAL_RNA_COUNTER_CS.SPATIAL_RNA_COUNTER.SPATIAL_POST_MATRIX_COMPUTATION.BIN_HD_DATA._BIN_HD_DATA._COMPUTE_BINNED_OUTPUTS.SPATIAL_BINNED_RNA_ANALYZER.RUN_UMAP.fork_square_016um
2025-10-14 12:34:21 [runtime] (complete)        ID.F07839_1n2.SPATIAL_RNA_COUNTER_CS.SPATIAL_RNA_COUNTER.SPATIAL_POST_MATRIX_COMPUTATION.BIN_HD_DATA._BIN_HD_DATA._COMPUTE_BINNED_OUTPUTS.SPATIAL_BINNED_RNA_ANALYZER.RUN_UMAP.fork_square_016um
2025-10-14 12:34:24 [runtime] (complete)        ID.F07839_1n2.SPATIAL_RNA_COUNTER_CS.SPATIAL_RNA_COUNTER.SPATIAL_POST_MATRIX_COMPUTATION.BIN_HD_DATA._BIN_HD_DATA._COMPUTE_BINNED_OUTPUTS.SPATIAL_BINNED_RNA_ANALYZER.RUN_UMAP.fork_square_016um
2025-10-14 12:34:27 [runtime] (complete)        ID.F07839_1n2.SPATIAL_RNA_COUNTER_CS.SPATIAL_RNA_COUNTER.SPATIAL_POST_MATRIX_COMPUTATION.BIN_HD_DATA._BIN_HD_DATA._COMPUTE_BINNED_OUTPUTS.SPATIAL_BINNED_RNA_ANALYZER.RUN_UMAP.fork_square_016um
2025-10-14 12:34:30 [runtime] (complete)        ID.F07839_1n2.SPATIAL_RNA_COUNTER_CS.SPATIAL_RNA_COUNTER.SPATIAL_POST_MATRIX_COMPUTATION.BIN_HD_DATA._BIN_HD_DATA._COMPUTE_BINNED_OUTPUTS.SPATIAL_BINNED_RNA_ANALYZER.RUN_UMAP.fork_square_016um
2025-10-14 12:34:33 [runtime] (complete)        ID.F07839_1n2.SPATIAL_RNA_COUNTER_CS.SPATIAL_RNA_COUNTER.SPATIAL_POST_MATRIX_COMPUTATION.BIN_HD_DATA._BIN_HD_DATA._COMPUTE_BINNED_OUTPUTS.SPATIAL_BINNED_RNA_ANALYZER.RUN_UMAP.fork_square_016um
2025-10-14 12:34:36 [runtime] (complete)        ID.F07839_1n2.SPATIAL_RNA_COUNTER_CS.SPATIAL_RNA_COUNTER.SPATIAL_POST_MATRIX_COMPUTATION.BIN_HD_DATA._BIN_HD_DATA._COMPUTE_BINNED_OUTPUTS.SPATIAL_BINNED_RNA_ANALYZER.RUN_UMAP.fork_square_016um
2025-10-14 12:34:39 [runtime] (complete)        ID.F07839_1n2.SPATIAL_RNA_COUNTER_CS.SPATIAL_RNA_COUNTER.SPATIAL_POST_MATRIX_COMPUTATION.BIN_HD_DATA._BIN_HD_DATA._COMPUTE_BINNED_OUTPUTS.SPATIAL_BINNED_RNA_ANALYZER.RUN_UMAP.fork_square_016um
2025-10-14 12:34:42 [runtime] (complete)        ID.F07839_1n2.SPATIAL_RNA_COUNTER_CS.SPATIAL_RNA_COUNTER.SPATIAL_POST_MATRIX_COMPUTATION.BIN_HD_DATA._BIN_HD_DATA._COMPUTE_BINNED_OUTPUTS.SPATIAL_BINNED_RNA_ANALYZER.RUN_UMAP.fork_square_016um
2025-10-14 12:34:43 [runtime] (complete)        ID.F07839_1n2.SPATIAL_RNA_COUNTER_CS.SPATIAL_RNA_COUNTER.SPATIAL_POST_MATRIX_COMPUTATION.BIN_HD_DATA._BIN_HD_DATA._COMPUTE_BINNED_OUTPUTS.SPATIAL_BINNED_RNA_ANALYZER.RUN_UMAP.fork_square_016um
2025-10-14 12:34:46 [runtime] (complete)        ID.F07839_1n2.SPATIAL_RNA_COUNTER_CS.SPATIAL_RNA_COUNTER.SPATIAL_POST_MATRIX_COMPUTATION.BIN_HD_DATA._BIN_HD_DATA._COMPUTE_BINNED_OUTPUTS.SPATIAL_BINNED_RNA_ANALYZER.RUN_UMAP.fork_square_016um
2025-10-14 12:34:49 [runtime] (complete)        ID.F07839_1n2.SPATIAL_RNA_COUNTER_CS.SPATIAL_RNA_COUNTER.SPATIAL_POST_MATRIX_COMPUTATION.BIN_HD_DATA._BIN_HD_DATA._COMPUTE_BINNED_OUTPUTS.SPATIAL_BINNED_RNA_ANALYZER.RUN_UMAP.fork_square_016um
2025-10-14 12:34:52 [runtime] (complete)        ID.F07839_1n2.SPATIAL_RNA_COUNTER_CS.SPATIAL_RNA_COUNTER.SPATIAL_POST_MATRIX_COMPUTATION.BIN_HD_DATA._BIN_HD_DATA._COMPUTE_BINNED_OUTPUTS.SPATIAL_BINNED_RNA_ANALYZER.RUN_UMAP.fork_square_016um
2025-10-14 12:34:55 [runtime] (complete)        ID.F07839_1n2.SPATIAL_RNA_COUNTER_CS.SPATIAL_RNA_COUNTER.SPATIAL_POST_MATRIX_COMPUTATION.BIN_HD_DATA._BIN_HD_DATA._COMPUTE_BINNED_OUTPUTS.SPATIAL_BINNED_RNA_ANALYZER.RUN_UMAP.fork_square_016um
2025-10-14 12:34:58 [runtime] (complete)        ID.F07839_1n2.SPATIAL_RNA_COUNTER_CS.SPATIAL_RNA_COUNTER.SPATIAL_POST_MATRIX_COMPUTATION.BIN_HD_DATA._BIN_HD_DATA._COMPUTE_BINNED_OUTPUTS.SPATIAL_BINNED_RNA_ANALYZER.RUN_UMAP.fork_square_016um
2025-10-14 12:35:01 [runtime] (complete)        ID.F07839_1n2.SPATIAL_RNA_COUNTER_CS.SPATIAL_RNA_COUNTER.SPATIAL_POST_MATRIX_COMPUTATION.BIN_HD_DATA._BIN_HD_DATA._COMPUTE_BINNED_OUTPUTS.SPATIAL_BINNED_RNA_ANALYZER.RUN_UMAP.fork_square_016um
2025-10-14 12:35:02 [runtime] (complete)        ID.F07839_1n2.SPATIAL_RNA_COUNTER_CS.SPATIAL_RNA_COUNTER.SPATIAL_POST_MATRIX_COMPUTATION.BIN_HD_DATA._BIN_HD_DATA._COMPUTE_BINNED_OUTPUTS.SPATIAL_BINNED_RNA_ANALYZER.RUN_UMAP.fork_square_016um
2025-10-14 12:35:03 [runtime] (join_complete)   ID.F07839_1n2.SPATIAL_RNA_COUNTER_CS.SPATIAL_RNA_COUNTER.SPATIAL_POST_MATRIX_COMPUTATION.BIN_HD_DATA._BIN_HD_DATA._COMPUTE_BINNED_OUTPUTS.SPATIAL_BINNED_RNA_ANALYZER.RUN_UMAP.fork_square_008um
2025-10-14 12:35:03 [runtime] (complete)        ID.F07839_1n2.SPATIAL_RNA_COUNTER_CS.SPATIAL_RNA_COUNTER.SPATIAL_POST_MATRIX_COMPUTATION.BIN_HD_DATA._BIN_HD_DATA._COMPUTE_BINNED_OUTPUTS.SPATIAL_BINNED_RNA_ANALYZER.RUN_UMAP.fork_square_016um
2025-10-14 12:35:13 [runtime] (update)          ID.F07839_1n2.SPATIAL_RNA_COUNTER_CS.SPATIAL_RNA_COUNTER.SPATIAL_POST_MATRIX_COMPUTATION.BIN_HD_DATA._BIN_HD_DATA._COMPUTE_BINNED_OUTPUTS.SPATIAL_BINNED_RNA_ANALYZER.RUN_DIFFERENTIAL_EXPRESSION.fork_square_016um chunks running (8/10 completed)
2025-10-14 12:36:02 [runtime] (update)          ID.F07839_1n2.SPATIAL_RNA_COUNTER_CS.SPATIAL_RNA_COUNTER.SPATIAL_POST_MATRIX_COMPUTATION.BIN_HD_DATA._BIN_HD_DATA._COMPUTE_BINNED_OUTPUTS.SPATIAL_BINNED_RNA_ANALYZER.RUN_DIFFERENTIAL_EXPRESSION.fork_square_008um chunks running (0/9 completed)
2025-10-14 12:36:51 [runtime] (chunks_complete) ID.F07839_1n2.SPATIAL_RNA_COUNTER_CS.SPATIAL_RNA_COUNTER.SPATIAL_POST_MATRIX_COMPUTATION.BIN_HD_DATA._BIN_HD_DATA._COMPUTE_BINNED_OUTPUTS.SPATIAL_BINNED_RNA_ANALYZER.RUN_DIFFERENTIAL_EXPRESSION.fork_square_016um
2025-10-14 12:36:51 [runtime] (run:local)       ID.F07839_1n2.SPATIAL_RNA_COUNTER_CS.SPATIAL_RNA_COUNTER.SPATIAL_POST_MATRIX_COMPUTATION.BIN_HD_DATA._BIN_HD_DATA._COMPUTE_BINNED_OUTPUTS.SPATIAL_BINNED_RNA_ANALYZER.RUN_DIFFERENTIAL_EXPRESSION.fork_square_016um.join
2025-10-14 12:36:55 [runtime] (join_complete)   ID.F07839_1n2.SPATIAL_RNA_COUNTER_CS.SPATIAL_RNA_COUNTER.SPATIAL_POST_MATRIX_COMPUTATION.BIN_HD_DATA._BIN_HD_DATA._COMPUTE_BINNED_OUTPUTS.SPATIAL_BINNED_RNA_ANALYZER.RUN_DIFFERENTIAL_EXPRESSION.fork_square_016um
2025-10-14 12:36:58 [runtime] (complete)        ID.F07839_1n2.SPATIAL_RNA_COUNTER_CS.SPATIAL_RNA_COUNTER.SPATIAL_POST_MATRIX_COMPUTATION.BIN_HD_DATA._BIN_HD_DATA._COMPUTE_BINNED_OUTPUTS.SPATIAL_BINNED_RNA_ANALYZER.RUN_DIFFERENTIAL_EXPRESSION.fork_square_016um
2025-10-14 12:37:01 [runtime] (complete)        ID.F07839_1n2.SPATIAL_RNA_COUNTER_CS.SPATIAL_RNA_COUNTER.SPATIAL_POST_MATRIX_COMPUTATION.BIN_HD_DATA._BIN_HD_DATA._COMPUTE_BINNED_OUTPUTS.SPATIAL_BINNED_RNA_ANALYZER.RUN_DIFFERENTIAL_EXPRESSION.fork_square_016um
2025-10-14 12:37:04 [runtime] (complete)        ID.F07839_1n2.SPATIAL_RNA_COUNTER_CS.SPATIAL_RNA_COUNTER.SPATIAL_POST_MATRIX_COMPUTATION.BIN_HD_DATA._BIN_HD_DATA._COMPUTE_BINNED_OUTPUTS.SPATIAL_BINNED_RNA_ANALYZER.RUN_DIFFERENTIAL_EXPRESSION.fork_square_016um
2025-10-14 12:37:07 [runtime] (complete)        ID.F07839_1n2.SPATIAL_RNA_COUNTER_CS.SPATIAL_RNA_COUNTER.SPATIAL_POST_MATRIX_COMPUTATION.BIN_HD_DATA._BIN_HD_DATA._COMPUTE_BINNED_OUTPUTS.SPATIAL_BINNED_RNA_ANALYZER.RUN_DIFFERENTIAL_EXPRESSION.fork_square_016um
2025-10-14 12:37:10 [runtime] (complete)        ID.F07839_1n2.SPATIAL_RNA_COUNTER_CS.SPATIAL_RNA_COUNTER.SPATIAL_POST_MATRIX_COMPUTATION.BIN_HD_DATA._BIN_HD_DATA._COMPUTE_BINNED_OUTPUTS.SPATIAL_BINNED_RNA_ANALYZER.RUN_DIFFERENTIAL_EXPRESSION.fork_square_016um
2025-10-14 12:37:13 [runtime] (complete)        ID.F07839_1n2.SPATIAL_RNA_COUNTER_CS.SPATIAL_RNA_COUNTER.SPATIAL_POST_MATRIX_COMPUTATION.BIN_HD_DATA._BIN_HD_DATA._COMPUTE_BINNED_OUTPUTS.SPATIAL_BINNED_RNA_ANALYZER.RUN_DIFFERENTIAL_EXPRESSION.fork_square_016um
2025-10-14 12:37:16 [runtime] (complete)        ID.F07839_1n2.SPATIAL_RNA_COUNTER_CS.SPATIAL_RNA_COUNTER.SPATIAL_POST_MATRIX_COMPUTATION.BIN_HD_DATA._BIN_HD_DATA._COMPUTE_BINNED_OUTPUTS.SPATIAL_BINNED_RNA_ANALYZER.RUN_DIFFERENTIAL_EXPRESSION.fork_square_016um
2025-10-14 12:37:19 [runtime] (complete)        ID.F07839_1n2.SPATIAL_RNA_COUNTER_CS.SPATIAL_RNA_COUNTER.SPATIAL_POST_MATRIX_COMPUTATION.BIN_HD_DATA._BIN_HD_DATA._COMPUTE_BINNED_OUTPUTS.SPATIAL_BINNED_RNA_ANALYZER.RUN_DIFFERENTIAL_EXPRESSION.fork_square_016um
2025-10-14 12:37:22 [runtime] (complete)        ID.F07839_1n2.SPATIAL_RNA_COUNTER_CS.SPATIAL_RNA_COUNTER.SPATIAL_POST_MATRIX_COMPUTATION.BIN_HD_DATA._BIN_HD_DATA._COMPUTE_BINNED_OUTPUTS.SPATIAL_BINNED_RNA_ANALYZER.RUN_DIFFERENTIAL_EXPRESSION.fork_square_016um
2025-10-14 12:37:25 [runtime] (complete)        ID.F07839_1n2.SPATIAL_RNA_COUNTER_CS.SPATIAL_RNA_COUNTER.SPATIAL_POST_MATRIX_COMPUTATION.BIN_HD_DATA._BIN_HD_DATA._COMPUTE_BINNED_OUTPUTS.SPATIAL_BINNED_RNA_ANALYZER.RUN_DIFFERENTIAL_EXPRESSION.fork_square_016um
2025-10-14 12:37:28 [runtime] (complete)        ID.F07839_1n2.SPATIAL_RNA_COUNTER_CS.SPATIAL_RNA_COUNTER.SPATIAL_POST_MATRIX_COMPUTATION.BIN_HD_DATA._BIN_HD_DATA._COMPUTE_BINNED_OUTPUTS.SPATIAL_BINNED_RNA_ANALYZER.RUN_DIFFERENTIAL_EXPRESSION.fork_square_016um
2025-10-14 12:37:31 [runtime] (complete)        ID.F07839_1n2.SPATIAL_RNA_COUNTER_CS.SPATIAL_RNA_COUNTER.SPATIAL_POST_MATRIX_COMPUTATION.BIN_HD_DATA._BIN_HD_DATA._COMPUTE_BINNED_OUTPUTS.SPATIAL_BINNED_RNA_ANALYZER.RUN_DIFFERENTIAL_EXPRESSION.fork_square_016um
2025-10-14 12:37:34 [runtime] (complete)        ID.F07839_1n2.SPATIAL_RNA_COUNTER_CS.SPATIAL_RNA_COUNTER.SPATIAL_POST_MATRIX_COMPUTATION.BIN_HD_DATA._BIN_HD_DATA._COMPUTE_BINNED_OUTPUTS.SPATIAL_BINNED_RNA_ANALYZER.RUN_DIFFERENTIAL_EXPRESSION.fork_square_016um
2025-10-14 12:37:37 [runtime] (complete)        ID.F07839_1n2.SPATIAL_RNA_COUNTER_CS.SPATIAL_RNA_COUNTER.SPATIAL_POST_MATRIX_COMPUTATION.BIN_HD_DATA._BIN_HD_DATA._COMPUTE_BINNED_OUTPUTS.SPATIAL_BINNED_RNA_ANALYZER.RUN_DIFFERENTIAL_EXPRESSION.fork_square_016um
2025-10-14 12:37:40 [runtime] (complete)        ID.F07839_1n2.SPATIAL_RNA_COUNTER_CS.SPATIAL_RNA_COUNTER.SPATIAL_POST_MATRIX_COMPUTATION.BIN_HD_DATA._BIN_HD_DATA._COMPUTE_BINNED_OUTPUTS.SPATIAL_BINNED_RNA_ANALYZER.RUN_DIFFERENTIAL_EXPRESSION.fork_square_016um
2025-10-14 12:37:43 [runtime] (complete)        ID.F07839_1n2.SPATIAL_RNA_COUNTER_CS.SPATIAL_RNA_COUNTER.SPATIAL_POST_MATRIX_COMPUTATION.BIN_HD_DATA._BIN_HD_DATA._COMPUTE_BINNED_OUTPUTS.SPATIAL_BINNED_RNA_ANALYZER.RUN_DIFFERENTIAL_EXPRESSION.fork_square_016um
2025-10-14 12:37:46 [runtime] (complete)        ID.F07839_1n2.SPATIAL_RNA_COUNTER_CS.SPATIAL_RNA_COUNTER.SPATIAL_POST_MATRIX_COMPUTATION.BIN_HD_DATA._BIN_HD_DATA._COMPUTE_BINNED_OUTPUTS.SPATIAL_BINNED_RNA_ANALYZER.RUN_DIFFERENTIAL_EXPRESSION.fork_square_016um
2025-10-14 12:37:49 [runtime] (complete)        ID.F07839_1n2.SPATIAL_RNA_COUNTER_CS.SPATIAL_RNA_COUNTER.SPATIAL_POST_MATRIX_COMPUTATION.BIN_HD_DATA._BIN_HD_DATA._COMPUTE_BINNED_OUTPUTS.SPATIAL_BINNED_RNA_ANALYZER.RUN_DIFFERENTIAL_EXPRESSION.fork_square_016um
2025-10-14 12:37:53 [runtime] (complete)        ID.F07839_1n2.SPATIAL_RNA_COUNTER_CS.SPATIAL_RNA_COUNTER.SPATIAL_POST_MATRIX_COMPUTATION.BIN_HD_DATA._BIN_HD_DATA._COMPUTE_BINNED_OUTPUTS.SPATIAL_BINNED_RNA_ANALYZER.RUN_DIFFERENTIAL_EXPRESSION.fork_square_016um
2025-10-14 12:37:56 [runtime] (complete)        ID.F07839_1n2.SPATIAL_RNA_COUNTER_CS.SPATIAL_RNA_COUNTER.SPATIAL_POST_MATRIX_COMPUTATION.BIN_HD_DATA._BIN_HD_DATA._COMPUTE_BINNED_OUTPUTS.SPATIAL_BINNED_RNA_ANALYZER.RUN_DIFFERENTIAL_EXPRESSION.fork_square_016um
2025-10-14 12:37:59 [runtime] (complete)        ID.F07839_1n2.SPATIAL_RNA_COUNTER_CS.SPATIAL_RNA_COUNTER.SPATIAL_POST_MATRIX_COMPUTATION.BIN_HD_DATA._BIN_HD_DATA._COMPUTE_BINNED_OUTPUTS.SPATIAL_BINNED_RNA_ANALYZER.RUN_DIFFERENTIAL_EXPRESSION.fork_square_016um
2025-10-14 12:38:02 [runtime] (complete)        ID.F07839_1n2.SPATIAL_RNA_COUNTER_CS.SPATIAL_RNA_COUNTER.SPATIAL_POST_MATRIX_COMPUTATION.BIN_HD_DATA._BIN_HD_DATA._COMPUTE_BINNED_OUTPUTS.SPATIAL_BINNED_RNA_ANALYZER.RUN_DIFFERENTIAL_EXPRESSION.fork_square_016um
2025-10-14 12:38:05 [runtime] (complete)        ID.F07839_1n2.SPATIAL_RNA_COUNTER_CS.SPATIAL_RNA_COUNTER.SPATIAL_POST_MATRIX_COMPUTATION.BIN_HD_DATA._BIN_HD_DATA._COMPUTE_BINNED_OUTPUTS.SPATIAL_BINNED_RNA_ANALYZER.RUN_DIFFERENTIAL_EXPRESSION.fork_square_016um
2025-10-14 12:38:08 [runtime] (complete)        ID.F07839_1n2.SPATIAL_RNA_COUNTER_CS.SPATIAL_RNA_COUNTER.SPATIAL_POST_MATRIX_COMPUTATION.BIN_HD_DATA._BIN_HD_DATA._COMPUTE_BINNED_OUTPUTS.SPATIAL_BINNED_RNA_ANALYZER.RUN_DIFFERENTIAL_EXPRESSION.fork_square_016um
2025-10-14 12:38:11 [runtime] (complete)        ID.F07839_1n2.SPATIAL_RNA_COUNTER_CS.SPATIAL_RNA_COUNTER.SPATIAL_POST_MATRIX_COMPUTATION.BIN_HD_DATA._BIN_HD_DATA._COMPUTE_BINNED_OUTPUTS.SPATIAL_BINNED_RNA_ANALYZER.RUN_DIFFERENTIAL_EXPRESSION.fork_square_016um
2025-10-14 12:38:14 [runtime] (complete)        ID.F07839_1n2.SPATIAL_RNA_COUNTER_CS.SPATIAL_RNA_COUNTER.SPATIAL_POST_MATRIX_COMPUTATION.BIN_HD_DATA._BIN_HD_DATA._COMPUTE_BINNED_OUTPUTS.SPATIAL_BINNED_RNA_ANALYZER.RUN_DIFFERENTIAL_EXPRESSION.fork_square_016um
2025-10-14 12:38:17 [runtime] (complete)        ID.F07839_1n2.SPATIAL_RNA_COUNTER_CS.SPATIAL_RNA_COUNTER.SPATIAL_POST_MATRIX_COMPUTATION.BIN_HD_DATA._BIN_HD_DATA._COMPUTE_BINNED_OUTPUTS.SPATIAL_BINNED_RNA_ANALYZER.RUN_DIFFERENTIAL_EXPRESSION.fork_square_016um
2025-10-14 12:38:20 [runtime] (complete)        ID.F07839_1n2.SPATIAL_RNA_COUNTER_CS.SPATIAL_RNA_COUNTER.SPATIAL_POST_MATRIX_COMPUTATION.BIN_HD_DATA._BIN_HD_DATA._COMPUTE_BINNED_OUTPUTS.SPATIAL_BINNED_RNA_ANALYZER.RUN_DIFFERENTIAL_EXPRESSION.fork_square_016um
2025-10-14 12:38:23 [runtime] (complete)        ID.F07839_1n2.SPATIAL_RNA_COUNTER_CS.SPATIAL_RNA_COUNTER.SPATIAL_POST_MATRIX_COMPUTATION.BIN_HD_DATA._BIN_HD_DATA._COMPUTE_BINNED_OUTPUTS.SPATIAL_BINNED_RNA_ANALYZER.RUN_DIFFERENTIAL_EXPRESSION.fork_square_016um
2025-10-14 12:38:26 [runtime] (complete)        ID.F07839_1n2.SPATIAL_RNA_COUNTER_CS.SPATIAL_RNA_COUNTER.SPATIAL_POST_MATRIX_COMPUTATION.BIN_HD_DATA._BIN_HD_DATA._COMPUTE_BINNED_OUTPUTS.SPATIAL_BINNED_RNA_ANALYZER.RUN_DIFFERENTIAL_EXPRESSION.fork_square_016um
2025-10-14 12:38:29 [runtime] (complete)        ID.F07839_1n2.SPATIAL_RNA_COUNTER_CS.SPATIAL_RNA_COUNTER.SPATIAL_POST_MATRIX_COMPUTATION.BIN_HD_DATA._BIN_HD_DATA._COMPUTE_BINNED_OUTPUTS.SPATIAL_BINNED_RNA_ANALYZER.RUN_DIFFERENTIAL_EXPRESSION.fork_square_016um
2025-10-14 12:38:32 [runtime] (complete)        ID.F07839_1n2.SPATIAL_RNA_COUNTER_CS.SPATIAL_RNA_COUNTER.SPATIAL_POST_MATRIX_COMPUTATION.BIN_HD_DATA._BIN_HD_DATA._COMPUTE_BINNED_OUTPUTS.SPATIAL_BINNED_RNA_ANALYZER.RUN_DIFFERENTIAL_EXPRESSION.fork_square_016um
2025-10-14 12:38:35 [runtime] (complete)        ID.F07839_1n2.SPATIAL_RNA_COUNTER_CS.SPATIAL_RNA_COUNTER.SPATIAL_POST_MATRIX_COMPUTATION.BIN_HD_DATA._BIN_HD_DATA._COMPUTE_BINNED_OUTPUTS.SPATIAL_BINNED_RNA_ANALYZER.RUN_DIFFERENTIAL_EXPRESSION.fork_square_016um
2025-10-14 12:38:38 [runtime] (complete)        ID.F07839_1n2.SPATIAL_RNA_COUNTER_CS.SPATIAL_RNA_COUNTER.SPATIAL_POST_MATRIX_COMPUTATION.BIN_HD_DATA._BIN_HD_DATA._COMPUTE_BINNED_OUTPUTS.SPATIAL_BINNED_RNA_ANALYZER.RUN_DIFFERENTIAL_EXPRESSION.fork_square_016um
2025-10-14 12:38:41 [runtime] (complete)        ID.F07839_1n2.SPATIAL_RNA_COUNTER_CS.SPATIAL_RNA_COUNTER.SPATIAL_POST_MATRIX_COMPUTATION.BIN_HD_DATA._BIN_HD_DATA._COMPUTE_BINNED_OUTPUTS.SPATIAL_BINNED_RNA_ANALYZER.RUN_DIFFERENTIAL_EXPRESSION.fork_square_016um
2025-10-14 12:38:44 [runtime] (complete)        ID.F07839_1n2.SPATIAL_RNA_COUNTER_CS.SPATIAL_RNA_COUNTER.SPATIAL_POST_MATRIX_COMPUTATION.BIN_HD_DATA._BIN_HD_DATA._COMPUTE_BINNED_OUTPUTS.SPATIAL_BINNED_RNA_ANALYZER.RUN_DIFFERENTIAL_EXPRESSION.fork_square_016um
2025-10-14 12:38:47 [runtime] (complete)        ID.F07839_1n2.SPATIAL_RNA_COUNTER_CS.SPATIAL_RNA_COUNTER.SPATIAL_POST_MATRIX_COMPUTATION.BIN_HD_DATA._BIN_HD_DATA._COMPUTE_BINNED_OUTPUTS.SPATIAL_BINNED_RNA_ANALYZER.RUN_DIFFERENTIAL_EXPRESSION.fork_square_016um
2025-10-14 12:38:50 [runtime] (complete)        ID.F07839_1n2.SPATIAL_RNA_COUNTER_CS.SPATIAL_RNA_COUNTER.SPATIAL_POST_MATRIX_COMPUTATION.BIN_HD_DATA._BIN_HD_DATA._COMPUTE_BINNED_OUTPUTS.SPATIAL_BINNED_RNA_ANALYZER.RUN_DIFFERENTIAL_EXPRESSION.fork_square_016um
2025-10-14 12:38:53 [runtime] (complete)        ID.F07839_1n2.SPATIAL_RNA_COUNTER_CS.SPATIAL_RNA_COUNTER.SPATIAL_POST_MATRIX_COMPUTATION.BIN_HD_DATA._BIN_HD_DATA._COMPUTE_BINNED_OUTPUTS.SPATIAL_BINNED_RNA_ANALYZER.RUN_DIFFERENTIAL_EXPRESSION.fork_square_016um
2025-10-14 12:38:56 [runtime] (complete)        ID.F07839_1n2.SPATIAL_RNA_COUNTER_CS.SPATIAL_RNA_COUNTER.SPATIAL_POST_MATRIX_COMPUTATION.BIN_HD_DATA._BIN_HD_DATA._COMPUTE_BINNED_OUTPUTS.SPATIAL_BINNED_RNA_ANALYZER.RUN_DIFFERENTIAL_EXPRESSION.fork_square_016um
2025-10-14 12:38:59 [runtime] (complete)        ID.F07839_1n2.SPATIAL_RNA_COUNTER_CS.SPATIAL_RNA_COUNTER.SPATIAL_POST_MATRIX_COMPUTATION.BIN_HD_DATA._BIN_HD_DATA._COMPUTE_BINNED_OUTPUTS.SPATIAL_BINNED_RNA_ANALYZER.RUN_DIFFERENTIAL_EXPRESSION.fork_square_016um
2025-10-14 12:39:02 [runtime] (complete)        ID.F07839_1n2.SPATIAL_RNA_COUNTER_CS.SPATIAL_RNA_COUNTER.SPATIAL_POST_MATRIX_COMPUTATION.BIN_HD_DATA._BIN_HD_DATA._COMPUTE_BINNED_OUTPUTS.SPATIAL_BINNED_RNA_ANALYZER.RUN_DIFFERENTIAL_EXPRESSION.fork_square_016um
2025-10-14 12:39:05 [runtime] (complete)        ID.F07839_1n2.SPATIAL_RNA_COUNTER_CS.SPATIAL_RNA_COUNTER.SPATIAL_POST_MATRIX_COMPUTATION.BIN_HD_DATA._BIN_HD_DATA._COMPUTE_BINNED_OUTPUTS.SPATIAL_BINNED_RNA_ANALYZER.RUN_DIFFERENTIAL_EXPRESSION.fork_square_016um
2025-10-14 12:39:08 [runtime] (complete)        ID.F07839_1n2.SPATIAL_RNA_COUNTER_CS.SPATIAL_RNA_COUNTER.SPATIAL_POST_MATRIX_COMPUTATION.BIN_HD_DATA._BIN_HD_DATA._COMPUTE_BINNED_OUTPUTS.SPATIAL_BINNED_RNA_ANALYZER.RUN_DIFFERENTIAL_EXPRESSION.fork_square_016um
2025-10-14 12:39:11 [runtime] (complete)        ID.F07839_1n2.SPATIAL_RNA_COUNTER_CS.SPATIAL_RNA_COUNTER.SPATIAL_POST_MATRIX_COMPUTATION.BIN_HD_DATA._BIN_HD_DATA._COMPUTE_BINNED_OUTPUTS.SPATIAL_BINNED_RNA_ANALYZER.RUN_DIFFERENTIAL_EXPRESSION.fork_square_016um
2025-10-14 12:39:14 [runtime] (complete)        ID.F07839_1n2.SPATIAL_RNA_COUNTER_CS.SPATIAL_RNA_COUNTER.SPATIAL_POST_MATRIX_COMPUTATION.BIN_HD_DATA._BIN_HD_DATA._COMPUTE_BINNED_OUTPUTS.SPATIAL_BINNED_RNA_ANALYZER.RUN_DIFFERENTIAL_EXPRESSION.fork_square_016um
2025-10-14 12:39:17 [runtime] (complete)        ID.F07839_1n2.SPATIAL_RNA_COUNTER_CS.SPATIAL_RNA_COUNTER.SPATIAL_POST_MATRIX_COMPUTATION.BIN_HD_DATA._BIN_HD_DATA._COMPUTE_BINNED_OUTPUTS.SPATIAL_BINNED_RNA_ANALYZER.RUN_DIFFERENTIAL_EXPRESSION.fork_square_016um
2025-10-14 12:39:20 [runtime] (complete)        ID.F07839_1n2.SPATIAL_RNA_COUNTER_CS.SPATIAL_RNA_COUNTER.SPATIAL_POST_MATRIX_COMPUTATION.BIN_HD_DATA._BIN_HD_DATA._COMPUTE_BINNED_OUTPUTS.SPATIAL_BINNED_RNA_ANALYZER.RUN_DIFFERENTIAL_EXPRESSION.fork_square_016um
2025-10-14 12:39:23 [runtime] (complete)        ID.F07839_1n2.SPATIAL_RNA_COUNTER_CS.SPATIAL_RNA_COUNTER.SPATIAL_POST_MATRIX_COMPUTATION.BIN_HD_DATA._BIN_HD_DATA._COMPUTE_BINNED_OUTPUTS.SPATIAL_BINNED_RNA_ANALYZER.RUN_DIFFERENTIAL_EXPRESSION.fork_square_016um
2025-10-14 12:39:26 [runtime] (complete)        ID.F07839_1n2.SPATIAL_RNA_COUNTER_CS.SPATIAL_RNA_COUNTER.SPATIAL_POST_MATRIX_COMPUTATION.BIN_HD_DATA._BIN_HD_DATA._COMPUTE_BINNED_OUTPUTS.SPATIAL_BINNED_RNA_ANALYZER.RUN_DIFFERENTIAL_EXPRESSION.fork_square_016um
2025-10-14 12:39:29 [runtime] (complete)        ID.F07839_1n2.SPATIAL_RNA_COUNTER_CS.SPATIAL_RNA_COUNTER.SPATIAL_POST_MATRIX_COMPUTATION.BIN_HD_DATA._BIN_HD_DATA._COMPUTE_BINNED_OUTPUTS.SPATIAL_BINNED_RNA_ANALYZER.RUN_DIFFERENTIAL_EXPRESSION.fork_square_016um
2025-10-14 12:39:32 [runtime] (complete)        ID.F07839_1n2.SPATIAL_RNA_COUNTER_CS.SPATIAL_RNA_COUNTER.SPATIAL_POST_MATRIX_COMPUTATION.BIN_HD_DATA._BIN_HD_DATA._COMPUTE_BINNED_OUTPUTS.SPATIAL_BINNED_RNA_ANALYZER.RUN_DIFFERENTIAL_EXPRESSION.fork_square_016um
2025-10-14 12:39:35 [runtime] (complete)        ID.F07839_1n2.SPATIAL_RNA_COUNTER_CS.SPATIAL_RNA_COUNTER.SPATIAL_POST_MATRIX_COMPUTATION.BIN_HD_DATA._BIN_HD_DATA._COMPUTE_BINNED_OUTPUTS.SPATIAL_BINNED_RNA_ANALYZER.RUN_DIFFERENTIAL_EXPRESSION.fork_square_016um
2025-10-14 12:39:38 [runtime] (complete)        ID.F07839_1n2.SPATIAL_RNA_COUNTER_CS.SPATIAL_RNA_COUNTER.SPATIAL_POST_MATRIX_COMPUTATION.BIN_HD_DATA._BIN_HD_DATA._COMPUTE_BINNED_OUTPUTS.SPATIAL_BINNED_RNA_ANALYZER.RUN_DIFFERENTIAL_EXPRESSION.fork_square_016um
2025-10-14 12:39:41 [runtime] (complete)        ID.F07839_1n2.SPATIAL_RNA_COUNTER_CS.SPATIAL_RNA_COUNTER.SPATIAL_POST_MATRIX_COMPUTATION.BIN_HD_DATA._BIN_HD_DATA._COMPUTE_BINNED_OUTPUTS.SPATIAL_BINNED_RNA_ANALYZER.RUN_DIFFERENTIAL_EXPRESSION.fork_square_016um
2025-10-14 12:39:44 [runtime] (complete)        ID.F07839_1n2.SPATIAL_RNA_COUNTER_CS.SPATIAL_RNA_COUNTER.SPATIAL_POST_MATRIX_COMPUTATION.BIN_HD_DATA._BIN_HD_DATA._COMPUTE_BINNED_OUTPUTS.SPATIAL_BINNED_RNA_ANALYZER.RUN_DIFFERENTIAL_EXPRESSION.fork_square_016um
2025-10-14 12:39:47 [runtime] (complete)        ID.F07839_1n2.SPATIAL_RNA_COUNTER_CS.SPATIAL_RNA_COUNTER.SPATIAL_POST_MATRIX_COMPUTATION.BIN_HD_DATA._BIN_HD_DATA._COMPUTE_BINNED_OUTPUTS.SPATIAL_BINNED_RNA_ANALYZER.RUN_DIFFERENTIAL_EXPRESSION.fork_square_016um
2025-10-14 12:39:50 [runtime] (complete)        ID.F07839_1n2.SPATIAL_RNA_COUNTER_CS.SPATIAL_RNA_COUNTER.SPATIAL_POST_MATRIX_COMPUTATION.BIN_HD_DATA._BIN_HD_DATA._COMPUTE_BINNED_OUTPUTS.SPATIAL_BINNED_RNA_ANALYZER.RUN_DIFFERENTIAL_EXPRESSION.fork_square_016um
2025-10-14 12:39:53 [runtime] (complete)        ID.F07839_1n2.SPATIAL_RNA_COUNTER_CS.SPATIAL_RNA_COUNTER.SPATIAL_POST_MATRIX_COMPUTATION.BIN_HD_DATA._BIN_HD_DATA._COMPUTE_BINNED_OUTPUTS.SPATIAL_BINNED_RNA_ANALYZER.RUN_DIFFERENTIAL_EXPRESSION.fork_square_016um
2025-10-14 12:39:56 [runtime] (complete)        ID.F07839_1n2.SPATIAL_RNA_COUNTER_CS.SPATIAL_RNA_COUNTER.SPATIAL_POST_MATRIX_COMPUTATION.BIN_HD_DATA._BIN_HD_DATA._COMPUTE_BINNED_OUTPUTS.SPATIAL_BINNED_RNA_ANALYZER.RUN_DIFFERENTIAL_EXPRESSION.fork_square_016um
2025-10-14 12:39:59 [runtime] (complete)        ID.F07839_1n2.SPATIAL_RNA_COUNTER_CS.SPATIAL_RNA_COUNTER.SPATIAL_POST_MATRIX_COMPUTATION.BIN_HD_DATA._BIN_HD_DATA._COMPUTE_BINNED_OUTPUTS.SPATIAL_BINNED_RNA_ANALYZER.RUN_DIFFERENTIAL_EXPRESSION.fork_square_016um
2025-10-14 12:40:02 [runtime] (complete)        ID.F07839_1n2.SPATIAL_RNA_COUNTER_CS.SPATIAL_RNA_COUNTER.SPATIAL_POST_MATRIX_COMPUTATION.BIN_HD_DATA._BIN_HD_DATA._COMPUTE_BINNED_OUTPUTS.SPATIAL_BINNED_RNA_ANALYZER.RUN_DIFFERENTIAL_EXPRESSION.fork_square_016um
2025-10-14 12:40:05 [runtime] (complete)        ID.F07839_1n2.SPATIAL_RNA_COUNTER_CS.SPATIAL_RNA_COUNTER.SPATIAL_POST_MATRIX_COMPUTATION.BIN_HD_DATA._BIN_HD_DATA._COMPUTE_BINNED_OUTPUTS.SPATIAL_BINNED_RNA_ANALYZER.RUN_DIFFERENTIAL_EXPRESSION.fork_square_016um
2025-10-14 12:40:08 [runtime] (complete)        ID.F07839_1n2.SPATIAL_RNA_COUNTER_CS.SPATIAL_RNA_COUNTER.SPATIAL_POST_MATRIX_COMPUTATION.BIN_HD_DATA._BIN_HD_DATA._COMPUTE_BINNED_OUTPUTS.SPATIAL_BINNED_RNA_ANALYZER.RUN_DIFFERENTIAL_EXPRESSION.fork_square_016um
2025-10-14 12:40:11 [runtime] (complete)        ID.F07839_1n2.SPATIAL_RNA_COUNTER_CS.SPATIAL_RNA_COUNTER.SPATIAL_POST_MATRIX_COMPUTATION.BIN_HD_DATA._BIN_HD_DATA._COMPUTE_BINNED_OUTPUTS.SPATIAL_BINNED_RNA_ANALYZER.RUN_DIFFERENTIAL_EXPRESSION.fork_square_016um
2025-10-14 12:40:14 [runtime] (complete)        ID.F07839_1n2.SPATIAL_RNA_COUNTER_CS.SPATIAL_RNA_COUNTER.SPATIAL_POST_MATRIX_COMPUTATION.BIN_HD_DATA._BIN_HD_DATA._COMPUTE_BINNED_OUTPUTS.SPATIAL_BINNED_RNA_ANALYZER.RUN_DIFFERENTIAL_EXPRESSION.fork_square_016um
2025-10-14 12:40:17 [runtime] (complete)        ID.F07839_1n2.SPATIAL_RNA_COUNTER_CS.SPATIAL_RNA_COUNTER.SPATIAL_POST_MATRIX_COMPUTATION.BIN_HD_DATA._BIN_HD_DATA._COMPUTE_BINNED_OUTPUTS.SPATIAL_BINNED_RNA_ANALYZER.RUN_DIFFERENTIAL_EXPRESSION.fork_square_016um
2025-10-14 12:40:20 [runtime] (complete)        ID.F07839_1n2.SPATIAL_RNA_COUNTER_CS.SPATIAL_RNA_COUNTER.SPATIAL_POST_MATRIX_COMPUTATION.BIN_HD_DATA._BIN_HD_DATA._COMPUTE_BINNED_OUTPUTS.SPATIAL_BINNED_RNA_ANALYZER.RUN_DIFFERENTIAL_EXPRESSION.fork_square_016um
2025-10-14 12:40:23 [runtime] (complete)        ID.F07839_1n2.SPATIAL_RNA_COUNTER_CS.SPATIAL_RNA_COUNTER.SPATIAL_POST_MATRIX_COMPUTATION.BIN_HD_DATA._BIN_HD_DATA._COMPUTE_BINNED_OUTPUTS.SPATIAL_BINNED_RNA_ANALYZER.RUN_DIFFERENTIAL_EXPRESSION.fork_square_016um
2025-10-14 12:40:26 [runtime] (complete)        ID.F07839_1n2.SPATIAL_RNA_COUNTER_CS.SPATIAL_RNA_COUNTER.SPATIAL_POST_MATRIX_COMPUTATION.BIN_HD_DATA._BIN_HD_DATA._COMPUTE_BINNED_OUTPUTS.SPATIAL_BINNED_RNA_ANALYZER.RUN_DIFFERENTIAL_EXPRESSION.fork_square_016um
2025-10-14 12:40:29 [runtime] (complete)        ID.F07839_1n2.SPATIAL_RNA_COUNTER_CS.SPATIAL_RNA_COUNTER.SPATIAL_POST_MATRIX_COMPUTATION.BIN_HD_DATA._BIN_HD_DATA._COMPUTE_BINNED_OUTPUTS.SPATIAL_BINNED_RNA_ANALYZER.RUN_DIFFERENTIAL_EXPRESSION.fork_square_016um
2025-10-14 12:40:32 [runtime] (complete)        ID.F07839_1n2.SPATIAL_RNA_COUNTER_CS.SPATIAL_RNA_COUNTER.SPATIAL_POST_MATRIX_COMPUTATION.BIN_HD_DATA._BIN_HD_DATA._COMPUTE_BINNED_OUTPUTS.SPATIAL_BINNED_RNA_ANALYZER.RUN_DIFFERENTIAL_EXPRESSION.fork_square_016um
2025-10-14 12:40:35 [runtime] (complete)        ID.F07839_1n2.SPATIAL_RNA_COUNTER_CS.SPATIAL_RNA_COUNTER.SPATIAL_POST_MATRIX_COMPUTATION.BIN_HD_DATA._BIN_HD_DATA._COMPUTE_BINNED_OUTPUTS.SPATIAL_BINNED_RNA_ANALYZER.RUN_DIFFERENTIAL_EXPRESSION.fork_square_016um
2025-10-14 12:40:38 [runtime] (complete)        ID.F07839_1n2.SPATIAL_RNA_COUNTER_CS.SPATIAL_RNA_COUNTER.SPATIAL_POST_MATRIX_COMPUTATION.BIN_HD_DATA._BIN_HD_DATA._COMPUTE_BINNED_OUTPUTS.SPATIAL_BINNED_RNA_ANALYZER.RUN_DIFFERENTIAL_EXPRESSION.fork_square_016um
2025-10-14 12:40:41 [runtime] (complete)        ID.F07839_1n2.SPATIAL_RNA_COUNTER_CS.SPATIAL_RNA_COUNTER.SPATIAL_POST_MATRIX_COMPUTATION.BIN_HD_DATA._BIN_HD_DATA._COMPUTE_BINNED_OUTPUTS.SPATIAL_BINNED_RNA_ANALYZER.RUN_DIFFERENTIAL_EXPRESSION.fork_square_016um
2025-10-14 12:40:45 [runtime] (complete)        ID.F07839_1n2.SPATIAL_RNA_COUNTER_CS.SPATIAL_RNA_COUNTER.SPATIAL_POST_MATRIX_COMPUTATION.BIN_HD_DATA._BIN_HD_DATA._COMPUTE_BINNED_OUTPUTS.SPATIAL_BINNED_RNA_ANALYZER.RUN_DIFFERENTIAL_EXPRESSION.fork_square_016um
2025-10-14 12:40:48 [runtime] (complete)        ID.F07839_1n2.SPATIAL_RNA_COUNTER_CS.SPATIAL_RNA_COUNTER.SPATIAL_POST_MATRIX_COMPUTATION.BIN_HD_DATA._BIN_HD_DATA._COMPUTE_BINNED_OUTPUTS.SPATIAL_BINNED_RNA_ANALYZER.RUN_DIFFERENTIAL_EXPRESSION.fork_square_016um
2025-10-14 12:40:51 [runtime] (complete)        ID.F07839_1n2.SPATIAL_RNA_COUNTER_CS.SPATIAL_RNA_COUNTER.SPATIAL_POST_MATRIX_COMPUTATION.BIN_HD_DATA._BIN_HD_DATA._COMPUTE_BINNED_OUTPUTS.SPATIAL_BINNED_RNA_ANALYZER.RUN_DIFFERENTIAL_EXPRESSION.fork_square_016um
2025-10-14 12:40:53 [runtime] (complete)        ID.F07839_1n2.SPATIAL_RNA_COUNTER_CS.SPATIAL_RNA_COUNTER.SPATIAL_POST_MATRIX_COMPUTATION.BIN_HD_DATA._BIN_HD_DATA._COMPUTE_BINNED_OUTPUTS.SPATIAL_BINNED_RNA_ANALYZER.RUN_DIFFERENTIAL_EXPRESSION.fork_square_016um
2025-10-14 12:40:56 [runtime] (complete)        ID.F07839_1n2.SPATIAL_RNA_COUNTER_CS.SPATIAL_RNA_COUNTER.SPATIAL_POST_MATRIX_COMPUTATION.BIN_HD_DATA._BIN_HD_DATA._COMPUTE_BINNED_OUTPUTS.SPATIAL_BINNED_RNA_ANALYZER.RUN_DIFFERENTIAL_EXPRESSION.fork_square_016um
2025-10-14 12:40:59 [runtime] (complete)        ID.F07839_1n2.SPATIAL_RNA_COUNTER_CS.SPATIAL_RNA_COUNTER.SPATIAL_POST_MATRIX_COMPUTATION.BIN_HD_DATA._BIN_HD_DATA._COMPUTE_BINNED_OUTPUTS.SPATIAL_BINNED_RNA_ANALYZER.RUN_DIFFERENTIAL_EXPRESSION.fork_square_016um
2025-10-14 12:41:02 [runtime] (complete)        ID.F07839_1n2.SPATIAL_RNA_COUNTER_CS.SPATIAL_RNA_COUNTER.SPATIAL_POST_MATRIX_COMPUTATION.BIN_HD_DATA._BIN_HD_DATA._COMPUTE_BINNED_OUTPUTS.SPATIAL_BINNED_RNA_ANALYZER.RUN_DIFFERENTIAL_EXPRESSION.fork_square_016um
2025-10-14 12:41:04 [runtime] (update)          ID.F07839_1n2.SPATIAL_RNA_COUNTER_CS.SPATIAL_RNA_COUNTER.SPATIAL_POST_MATRIX_COMPUTATION.BIN_HD_DATA._BIN_HD_DATA._COMPUTE_BINNED_OUTPUTS.SPATIAL_BINNED_RNA_ANALYZER.RUN_DIFFERENTIAL_EXPRESSION.fork_square_008um chunks running (2/9 completed)
2025-10-14 12:41:04 [runtime] (complete)        ID.F07839_1n2.SPATIAL_RNA_COUNTER_CS.SPATIAL_RNA_COUNTER.SPATIAL_POST_MATRIX_COMPUTATION.BIN_HD_DATA._BIN_HD_DATA._COMPUTE_BINNED_OUTPUTS.SPATIAL_BINNED_RNA_ANALYZER.RUN_DIFFERENTIAL_EXPRESSION.fork_square_016um
2025-10-14 12:41:07 [runtime] (complete)        ID.F07839_1n2.SPATIAL_RNA_COUNTER_CS.SPATIAL_RNA_COUNTER.SPATIAL_POST_MATRIX_COMPUTATION.BIN_HD_DATA._BIN_HD_DATA._COMPUTE_BINNED_OUTPUTS.SPATIAL_BINNED_RNA_ANALYZER.RUN_DIFFERENTIAL_EXPRESSION.fork_square_016um
2025-10-14 12:41:10 [runtime] (complete)        ID.F07839_1n2.SPATIAL_RNA_COUNTER_CS.SPATIAL_RNA_COUNTER.SPATIAL_POST_MATRIX_COMPUTATION.BIN_HD_DATA._BIN_HD_DATA._COMPUTE_BINNED_OUTPUTS.SPATIAL_BINNED_RNA_ANALYZER.RUN_DIFFERENTIAL_EXPRESSION.fork_square_016um
2025-10-14 12:41:13 [runtime] (complete)        ID.F07839_1n2.SPATIAL_RNA_COUNTER_CS.SPATIAL_RNA_COUNTER.SPATIAL_POST_MATRIX_COMPUTATION.BIN_HD_DATA._BIN_HD_DATA._COMPUTE_BINNED_OUTPUTS.SPATIAL_BINNED_RNA_ANALYZER.RUN_DIFFERENTIAL_EXPRESSION.fork_square_016um
2025-10-14 12:41:16 [runtime] (complete)        ID.F07839_1n2.SPATIAL_RNA_COUNTER_CS.SPATIAL_RNA_COUNTER.SPATIAL_POST_MATRIX_COMPUTATION.BIN_HD_DATA._BIN_HD_DATA._COMPUTE_BINNED_OUTPUTS.SPATIAL_BINNED_RNA_ANALYZER.RUN_DIFFERENTIAL_EXPRESSION.fork_square_016um
2025-10-14 12:41:19 [runtime] (complete)        ID.F07839_1n2.SPATIAL_RNA_COUNTER_CS.SPATIAL_RNA_COUNTER.SPATIAL_POST_MATRIX_COMPUTATION.BIN_HD_DATA._BIN_HD_DATA._COMPUTE_BINNED_OUTPUTS.SPATIAL_BINNED_RNA_ANALYZER.RUN_DIFFERENTIAL_EXPRESSION.fork_square_016um
2025-10-14 12:41:22 [runtime] (complete)        ID.F07839_1n2.SPATIAL_RNA_COUNTER_CS.SPATIAL_RNA_COUNTER.SPATIAL_POST_MATRIX_COMPUTATION.BIN_HD_DATA._BIN_HD_DATA._COMPUTE_BINNED_OUTPUTS.SPATIAL_BINNED_RNA_ANALYZER.RUN_DIFFERENTIAL_EXPRESSION.fork_square_016um
2025-10-14 12:41:25 [runtime] (complete)        ID.F07839_1n2.SPATIAL_RNA_COUNTER_CS.SPATIAL_RNA_COUNTER.SPATIAL_POST_MATRIX_COMPUTATION.BIN_HD_DATA._BIN_HD_DATA._COMPUTE_BINNED_OUTPUTS.SPATIAL_BINNED_RNA_ANALYZER.RUN_DIFFERENTIAL_EXPRESSION.fork_square_016um
2025-10-14 12:41:28 [runtime] (complete)        ID.F07839_1n2.SPATIAL_RNA_COUNTER_CS.SPATIAL_RNA_COUNTER.SPATIAL_POST_MATRIX_COMPUTATION.BIN_HD_DATA._BIN_HD_DATA._COMPUTE_BINNED_OUTPUTS.SPATIAL_BINNED_RNA_ANALYZER.RUN_DIFFERENTIAL_EXPRESSION.fork_square_016um
2025-10-14 12:41:31 [runtime] (complete)        ID.F07839_1n2.SPATIAL_RNA_COUNTER_CS.SPATIAL_RNA_COUNTER.SPATIAL_POST_MATRIX_COMPUTATION.BIN_HD_DATA._BIN_HD_DATA._COMPUTE_BINNED_OUTPUTS.SPATIAL_BINNED_RNA_ANALYZER.RUN_DIFFERENTIAL_EXPRESSION.fork_square_016um
2025-10-14 12:41:34 [runtime] (complete)        ID.F07839_1n2.SPATIAL_RNA_COUNTER_CS.SPATIAL_RNA_COUNTER.SPATIAL_POST_MATRIX_COMPUTATION.BIN_HD_DATA._BIN_HD_DATA._COMPUTE_BINNED_OUTPUTS.SPATIAL_BINNED_RNA_ANALYZER.RUN_DIFFERENTIAL_EXPRESSION.fork_square_016um
2025-10-14 12:41:37 [runtime] (complete)        ID.F07839_1n2.SPATIAL_RNA_COUNTER_CS.SPATIAL_RNA_COUNTER.SPATIAL_POST_MATRIX_COMPUTATION.BIN_HD_DATA._BIN_HD_DATA._COMPUTE_BINNED_OUTPUTS.SPATIAL_BINNED_RNA_ANALYZER.RUN_DIFFERENTIAL_EXPRESSION.fork_square_016um
2025-10-14 12:41:40 [runtime] (complete)        ID.F07839_1n2.SPATIAL_RNA_COUNTER_CS.SPATIAL_RNA_COUNTER.SPATIAL_POST_MATRIX_COMPUTATION.BIN_HD_DATA._BIN_HD_DATA._COMPUTE_BINNED_OUTPUTS.SPATIAL_BINNED_RNA_ANALYZER.RUN_DIFFERENTIAL_EXPRESSION.fork_square_016um
2025-10-14 12:41:43 [runtime] (complete)        ID.F07839_1n2.SPATIAL_RNA_COUNTER_CS.SPATIAL_RNA_COUNTER.SPATIAL_POST_MATRIX_COMPUTATION.BIN_HD_DATA._BIN_HD_DATA._COMPUTE_BINNED_OUTPUTS.SPATIAL_BINNED_RNA_ANALYZER.RUN_DIFFERENTIAL_EXPRESSION.fork_square_016um
2025-10-14 12:41:46 [runtime] (complete)        ID.F07839_1n2.SPATIAL_RNA_COUNTER_CS.SPATIAL_RNA_COUNTER.SPATIAL_POST_MATRIX_COMPUTATION.BIN_HD_DATA._BIN_HD_DATA._COMPUTE_BINNED_OUTPUTS.SPATIAL_BINNED_RNA_ANALYZER.RUN_DIFFERENTIAL_EXPRESSION.fork_square_016um
2025-10-14 12:41:49 [runtime] (complete)        ID.F07839_1n2.SPATIAL_RNA_COUNTER_CS.SPATIAL_RNA_COUNTER.SPATIAL_POST_MATRIX_COMPUTATION.BIN_HD_DATA._BIN_HD_DATA._COMPUTE_BINNED_OUTPUTS.SPATIAL_BINNED_RNA_ANALYZER.RUN_DIFFERENTIAL_EXPRESSION.fork_square_016um
2025-10-14 12:41:52 [runtime] (complete)        ID.F07839_1n2.SPATIAL_RNA_COUNTER_CS.SPATIAL_RNA_COUNTER.SPATIAL_POST_MATRIX_COMPUTATION.BIN_HD_DATA._BIN_HD_DATA._COMPUTE_BINNED_OUTPUTS.SPATIAL_BINNED_RNA_ANALYZER.RUN_DIFFERENTIAL_EXPRESSION.fork_square_016um
2025-10-14 12:41:55 [runtime] (complete)        ID.F07839_1n2.SPATIAL_RNA_COUNTER_CS.SPATIAL_RNA_COUNTER.SPATIAL_POST_MATRIX_COMPUTATION.BIN_HD_DATA._BIN_HD_DATA._COMPUTE_BINNED_OUTPUTS.SPATIAL_BINNED_RNA_ANALYZER.RUN_DIFFERENTIAL_EXPRESSION.fork_square_016um
2025-10-14 12:41:58 [runtime] (complete)        ID.F07839_1n2.SPATIAL_RNA_COUNTER_CS.SPATIAL_RNA_COUNTER.SPATIAL_POST_MATRIX_COMPUTATION.BIN_HD_DATA._BIN_HD_DATA._COMPUTE_BINNED_OUTPUTS.SPATIAL_BINNED_RNA_ANALYZER.RUN_DIFFERENTIAL_EXPRESSION.fork_square_016um
2025-10-14 12:42:01 [runtime] (complete)        ID.F07839_1n2.SPATIAL_RNA_COUNTER_CS.SPATIAL_RNA_COUNTER.SPATIAL_POST_MATRIX_COMPUTATION.BIN_HD_DATA._BIN_HD_DATA._COMPUTE_BINNED_OUTPUTS.SPATIAL_BINNED_RNA_ANALYZER.RUN_DIFFERENTIAL_EXPRESSION.fork_square_016um
2025-10-14 12:42:04 [runtime] (complete)        ID.F07839_1n2.SPATIAL_RNA_COUNTER_CS.SPATIAL_RNA_COUNTER.SPATIAL_POST_MATRIX_COMPUTATION.BIN_HD_DATA._BIN_HD_DATA._COMPUTE_BINNED_OUTPUTS.SPATIAL_BINNED_RNA_ANALYZER.RUN_DIFFERENTIAL_EXPRESSION.fork_square_016um
2025-10-14 12:42:07 [runtime] (complete)        ID.F07839_1n2.SPATIAL_RNA_COUNTER_CS.SPATIAL_RNA_COUNTER.SPATIAL_POST_MATRIX_COMPUTATION.BIN_HD_DATA._BIN_HD_DATA._COMPUTE_BINNED_OUTPUTS.SPATIAL_BINNED_RNA_ANALYZER.RUN_DIFFERENTIAL_EXPRESSION.fork_square_016um
2025-10-14 12:42:10 [runtime] (complete)        ID.F07839_1n2.SPATIAL_RNA_COUNTER_CS.SPATIAL_RNA_COUNTER.SPATIAL_POST_MATRIX_COMPUTATION.BIN_HD_DATA._BIN_HD_DATA._COMPUTE_BINNED_OUTPUTS.SPATIAL_BINNED_RNA_ANALYZER.RUN_DIFFERENTIAL_EXPRESSION.fork_square_016um
2025-10-14 12:42:13 [runtime] (complete)        ID.F07839_1n2.SPATIAL_RNA_COUNTER_CS.SPATIAL_RNA_COUNTER.SPATIAL_POST_MATRIX_COMPUTATION.BIN_HD_DATA._BIN_HD_DATA._COMPUTE_BINNED_OUTPUTS.SPATIAL_BINNED_RNA_ANALYZER.RUN_DIFFERENTIAL_EXPRESSION.fork_square_016um
2025-10-14 12:42:16 [runtime] (complete)        ID.F07839_1n2.SPATIAL_RNA_COUNTER_CS.SPATIAL_RNA_COUNTER.SPATIAL_POST_MATRIX_COMPUTATION.BIN_HD_DATA._BIN_HD_DATA._COMPUTE_BINNED_OUTPUTS.SPATIAL_BINNED_RNA_ANALYZER.RUN_DIFFERENTIAL_EXPRESSION.fork_square_016um
2025-10-14 12:42:19 [runtime] (complete)        ID.F07839_1n2.SPATIAL_RNA_COUNTER_CS.SPATIAL_RNA_COUNTER.SPATIAL_POST_MATRIX_COMPUTATION.BIN_HD_DATA._BIN_HD_DATA._COMPUTE_BINNED_OUTPUTS.SPATIAL_BINNED_RNA_ANALYZER.RUN_DIFFERENTIAL_EXPRESSION.fork_square_016um
2025-10-14 12:42:22 [runtime] (complete)        ID.F07839_1n2.SPATIAL_RNA_COUNTER_CS.SPATIAL_RNA_COUNTER.SPATIAL_POST_MATRIX_COMPUTATION.BIN_HD_DATA._BIN_HD_DATA._COMPUTE_BINNED_OUTPUTS.SPATIAL_BINNED_RNA_ANALYZER.RUN_DIFFERENTIAL_EXPRESSION.fork_square_016um
2025-10-14 12:42:25 [runtime] (complete)        ID.F07839_1n2.SPATIAL_RNA_COUNTER_CS.SPATIAL_RNA_COUNTER.SPATIAL_POST_MATRIX_COMPUTATION.BIN_HD_DATA._BIN_HD_DATA._COMPUTE_BINNED_OUTPUTS.SPATIAL_BINNED_RNA_ANALYZER.RUN_DIFFERENTIAL_EXPRESSION.fork_square_016um
2025-10-14 12:42:28 [runtime] (complete)        ID.F07839_1n2.SPATIAL_RNA_COUNTER_CS.SPATIAL_RNA_COUNTER.SPATIAL_POST_MATRIX_COMPUTATION.BIN_HD_DATA._BIN_HD_DATA._COMPUTE_BINNED_OUTPUTS.SPATIAL_BINNED_RNA_ANALYZER.RUN_DIFFERENTIAL_EXPRESSION.fork_square_016um
2025-10-14 12:42:31 [runtime] (complete)        ID.F07839_1n2.SPATIAL_RNA_COUNTER_CS.SPATIAL_RNA_COUNTER.SPATIAL_POST_MATRIX_COMPUTATION.BIN_HD_DATA._BIN_HD_DATA._COMPUTE_BINNED_OUTPUTS.SPATIAL_BINNED_RNA_ANALYZER.RUN_DIFFERENTIAL_EXPRESSION.fork_square_016um
2025-10-14 12:42:34 [runtime] (complete)        ID.F07839_1n2.SPATIAL_RNA_COUNTER_CS.SPATIAL_RNA_COUNTER.SPATIAL_POST_MATRIX_COMPUTATION.BIN_HD_DATA._BIN_HD_DATA._COMPUTE_BINNED_OUTPUTS.SPATIAL_BINNED_RNA_ANALYZER.RUN_DIFFERENTIAL_EXPRESSION.fork_square_016um
2025-10-14 12:42:37 [runtime] (complete)        ID.F07839_1n2.SPATIAL_RNA_COUNTER_CS.SPATIAL_RNA_COUNTER.SPATIAL_POST_MATRIX_COMPUTATION.BIN_HD_DATA._BIN_HD_DATA._COMPUTE_BINNED_OUTPUTS.SPATIAL_BINNED_RNA_ANALYZER.RUN_DIFFERENTIAL_EXPRESSION.fork_square_016um
2025-10-14 12:42:40 [runtime] (complete)        ID.F07839_1n2.SPATIAL_RNA_COUNTER_CS.SPATIAL_RNA_COUNTER.SPATIAL_POST_MATRIX_COMPUTATION.BIN_HD_DATA._BIN_HD_DATA._COMPUTE_BINNED_OUTPUTS.SPATIAL_BINNED_RNA_ANALYZER.RUN_DIFFERENTIAL_EXPRESSION.fork_square_016um
2025-10-14 12:42:43 [runtime] (complete)        ID.F07839_1n2.SPATIAL_RNA_COUNTER_CS.SPATIAL_RNA_COUNTER.SPATIAL_POST_MATRIX_COMPUTATION.BIN_HD_DATA._BIN_HD_DATA._COMPUTE_BINNED_OUTPUTS.SPATIAL_BINNED_RNA_ANALYZER.RUN_DIFFERENTIAL_EXPRESSION.fork_square_016um
2025-10-14 12:42:46 [runtime] (complete)        ID.F07839_1n2.SPATIAL_RNA_COUNTER_CS.SPATIAL_RNA_COUNTER.SPATIAL_POST_MATRIX_COMPUTATION.BIN_HD_DATA._BIN_HD_DATA._COMPUTE_BINNED_OUTPUTS.SPATIAL_BINNED_RNA_ANALYZER.RUN_DIFFERENTIAL_EXPRESSION.fork_square_016um
2025-10-14 12:42:49 [runtime] (complete)        ID.F07839_1n2.SPATIAL_RNA_COUNTER_CS.SPATIAL_RNA_COUNTER.SPATIAL_POST_MATRIX_COMPUTATION.BIN_HD_DATA._BIN_HD_DATA._COMPUTE_BINNED_OUTPUTS.SPATIAL_BINNED_RNA_ANALYZER.RUN_DIFFERENTIAL_EXPRESSION.fork_square_016um
2025-10-14 12:42:52 [runtime] (complete)        ID.F07839_1n2.SPATIAL_RNA_COUNTER_CS.SPATIAL_RNA_COUNTER.SPATIAL_POST_MATRIX_COMPUTATION.BIN_HD_DATA._BIN_HD_DATA._COMPUTE_BINNED_OUTPUTS.SPATIAL_BINNED_RNA_ANALYZER.RUN_DIFFERENTIAL_EXPRESSION.fork_square_016um
2025-10-14 12:42:55 [runtime] (complete)        ID.F07839_1n2.SPATIAL_RNA_COUNTER_CS.SPATIAL_RNA_COUNTER.SPATIAL_POST_MATRIX_COMPUTATION.BIN_HD_DATA._BIN_HD_DATA._COMPUTE_BINNED_OUTPUTS.SPATIAL_BINNED_RNA_ANALYZER.RUN_DIFFERENTIAL_EXPRESSION.fork_square_016um
2025-10-14 12:42:58 [runtime] (complete)        ID.F07839_1n2.SPATIAL_RNA_COUNTER_CS.SPATIAL_RNA_COUNTER.SPATIAL_POST_MATRIX_COMPUTATION.BIN_HD_DATA._BIN_HD_DATA._COMPUTE_BINNED_OUTPUTS.SPATIAL_BINNED_RNA_ANALYZER.RUN_DIFFERENTIAL_EXPRESSION.fork_square_016um
2025-10-14 12:43:01 [runtime] (complete)        ID.F07839_1n2.SPATIAL_RNA_COUNTER_CS.SPATIAL_RNA_COUNTER.SPATIAL_POST_MATRIX_COMPUTATION.BIN_HD_DATA._BIN_HD_DATA._COMPUTE_BINNED_OUTPUTS.SPATIAL_BINNED_RNA_ANALYZER.RUN_DIFFERENTIAL_EXPRESSION.fork_square_016um
2025-10-14 12:43:04 [runtime] (complete)        ID.F07839_1n2.SPATIAL_RNA_COUNTER_CS.SPATIAL_RNA_COUNTER.SPATIAL_POST_MATRIX_COMPUTATION.BIN_HD_DATA._BIN_HD_DATA._COMPUTE_BINNED_OUTPUTS.SPATIAL_BINNED_RNA_ANALYZER.RUN_DIFFERENTIAL_EXPRESSION.fork_square_016um
2025-10-14 12:43:07 [runtime] (complete)        ID.F07839_1n2.SPATIAL_RNA_COUNTER_CS.SPATIAL_RNA_COUNTER.SPATIAL_POST_MATRIX_COMPUTATION.BIN_HD_DATA._BIN_HD_DATA._COMPUTE_BINNED_OUTPUTS.SPATIAL_BINNED_RNA_ANALYZER.RUN_DIFFERENTIAL_EXPRESSION.fork_square_016um
2025-10-14 12:43:10 [runtime] (complete)        ID.F07839_1n2.SPATIAL_RNA_COUNTER_CS.SPATIAL_RNA_COUNTER.SPATIAL_POST_MATRIX_COMPUTATION.BIN_HD_DATA._BIN_HD_DATA._COMPUTE_BINNED_OUTPUTS.SPATIAL_BINNED_RNA_ANALYZER.RUN_DIFFERENTIAL_EXPRESSION.fork_square_016um
2025-10-14 12:43:13 [runtime] (complete)        ID.F07839_1n2.SPATIAL_RNA_COUNTER_CS.SPATIAL_RNA_COUNTER.SPATIAL_POST_MATRIX_COMPUTATION.BIN_HD_DATA._BIN_HD_DATA._COMPUTE_BINNED_OUTPUTS.SPATIAL_BINNED_RNA_ANALYZER.RUN_DIFFERENTIAL_EXPRESSION.fork_square_016um
2025-10-14 12:43:16 [runtime] (complete)        ID.F07839_1n2.SPATIAL_RNA_COUNTER_CS.SPATIAL_RNA_COUNTER.SPATIAL_POST_MATRIX_COMPUTATION.BIN_HD_DATA._BIN_HD_DATA._COMPUTE_BINNED_OUTPUTS.SPATIAL_BINNED_RNA_ANALYZER.RUN_DIFFERENTIAL_EXPRESSION.fork_square_016um
2025-10-14 12:43:19 [runtime] (complete)        ID.F07839_1n2.SPATIAL_RNA_COUNTER_CS.SPATIAL_RNA_COUNTER.SPATIAL_POST_MATRIX_COMPUTATION.BIN_HD_DATA._BIN_HD_DATA._COMPUTE_BINNED_OUTPUTS.SPATIAL_BINNED_RNA_ANALYZER.RUN_DIFFERENTIAL_EXPRESSION.fork_square_016um
2025-10-14 12:43:22 [runtime] (complete)        ID.F07839_1n2.SPATIAL_RNA_COUNTER_CS.SPATIAL_RNA_COUNTER.SPATIAL_POST_MATRIX_COMPUTATION.BIN_HD_DATA._BIN_HD_DATA._COMPUTE_BINNED_OUTPUTS.SPATIAL_BINNED_RNA_ANALYZER.RUN_DIFFERENTIAL_EXPRESSION.fork_square_016um
2025-10-14 12:43:25 [runtime] (complete)        ID.F07839_1n2.SPATIAL_RNA_COUNTER_CS.SPATIAL_RNA_COUNTER.SPATIAL_POST_MATRIX_COMPUTATION.BIN_HD_DATA._BIN_HD_DATA._COMPUTE_BINNED_OUTPUTS.SPATIAL_BINNED_RNA_ANALYZER.RUN_DIFFERENTIAL_EXPRESSION.fork_square_016um
2025-10-14 12:43:28 [runtime] (complete)        ID.F07839_1n2.SPATIAL_RNA_COUNTER_CS.SPATIAL_RNA_COUNTER.SPATIAL_POST_MATRIX_COMPUTATION.BIN_HD_DATA._BIN_HD_DATA._COMPUTE_BINNED_OUTPUTS.SPATIAL_BINNED_RNA_ANALYZER.RUN_DIFFERENTIAL_EXPRESSION.fork_square_016um
2025-10-14 12:43:31 [runtime] (complete)        ID.F07839_1n2.SPATIAL_RNA_COUNTER_CS.SPATIAL_RNA_COUNTER.SPATIAL_POST_MATRIX_COMPUTATION.BIN_HD_DATA._BIN_HD_DATA._COMPUTE_BINNED_OUTPUTS.SPATIAL_BINNED_RNA_ANALYZER.RUN_DIFFERENTIAL_EXPRESSION.fork_square_016um
2025-10-14 12:43:34 [runtime] (complete)        ID.F07839_1n2.SPATIAL_RNA_COUNTER_CS.SPATIAL_RNA_COUNTER.SPATIAL_POST_MATRIX_COMPUTATION.BIN_HD_DATA._BIN_HD_DATA._COMPUTE_BINNED_OUTPUTS.SPATIAL_BINNED_RNA_ANALYZER.RUN_DIFFERENTIAL_EXPRESSION.fork_square_016um
2025-10-14 12:43:37 [runtime] (complete)        ID.F07839_1n2.SPATIAL_RNA_COUNTER_CS.SPATIAL_RNA_COUNTER.SPATIAL_POST_MATRIX_COMPUTATION.BIN_HD_DATA._BIN_HD_DATA._COMPUTE_BINNED_OUTPUTS.SPATIAL_BINNED_RNA_ANALYZER.RUN_DIFFERENTIAL_EXPRESSION.fork_square_016um
2025-10-14 12:43:38 [runtime] (complete)        ID.F07839_1n2.SPATIAL_RNA_COUNTER_CS.SPATIAL_RNA_COUNTER.SPATIAL_POST_MATRIX_COMPUTATION.BIN_HD_DATA._BIN_HD_DATA._COMPUTE_BINNED_OUTPUTS.SPATIAL_BINNED_RNA_ANALYZER.RUN_DIFFERENTIAL_EXPRESSION.fork_square_016um
2025-10-14 12:43:41 [runtime] (complete)        ID.F07839_1n2.SPATIAL_RNA_COUNTER_CS.SPATIAL_RNA_COUNTER.SPATIAL_POST_MATRIX_COMPUTATION.BIN_HD_DATA._BIN_HD_DATA._COMPUTE_BINNED_OUTPUTS.SPATIAL_BINNED_RNA_ANALYZER.RUN_DIFFERENTIAL_EXPRESSION.fork_square_016um
2025-10-14 12:43:44 [runtime] (complete)        ID.F07839_1n2.SPATIAL_RNA_COUNTER_CS.SPATIAL_RNA_COUNTER.SPATIAL_POST_MATRIX_COMPUTATION.BIN_HD_DATA._BIN_HD_DATA._COMPUTE_BINNED_OUTPUTS.SPATIAL_BINNED_RNA_ANALYZER.RUN_DIFFERENTIAL_EXPRESSION.fork_square_016um
2025-10-14 12:43:47 [runtime] (complete)        ID.F07839_1n2.SPATIAL_RNA_COUNTER_CS.SPATIAL_RNA_COUNTER.SPATIAL_POST_MATRIX_COMPUTATION.BIN_HD_DATA._BIN_HD_DATA._COMPUTE_BINNED_OUTPUTS.SPATIAL_BINNED_RNA_ANALYZER.RUN_DIFFERENTIAL_EXPRESSION.fork_square_016um
2025-10-14 12:43:50 [runtime] (complete)        ID.F07839_1n2.SPATIAL_RNA_COUNTER_CS.SPATIAL_RNA_COUNTER.SPATIAL_POST_MATRIX_COMPUTATION.BIN_HD_DATA._BIN_HD_DATA._COMPUTE_BINNED_OUTPUTS.SPATIAL_BINNED_RNA_ANALYZER.RUN_DIFFERENTIAL_EXPRESSION.fork_square_016um
2025-10-14 12:43:53 [runtime] (complete)        ID.F07839_1n2.SPATIAL_RNA_COUNTER_CS.SPATIAL_RNA_COUNTER.SPATIAL_POST_MATRIX_COMPUTATION.BIN_HD_DATA._BIN_HD_DATA._COMPUTE_BINNED_OUTPUTS.SPATIAL_BINNED_RNA_ANALYZER.RUN_DIFFERENTIAL_EXPRESSION.fork_square_016um
2025-10-14 12:43:56 [runtime] (complete)        ID.F07839_1n2.SPATIAL_RNA_COUNTER_CS.SPATIAL_RNA_COUNTER.SPATIAL_POST_MATRIX_COMPUTATION.BIN_HD_DATA._BIN_HD_DATA._COMPUTE_BINNED_OUTPUTS.SPATIAL_BINNED_RNA_ANALYZER.RUN_DIFFERENTIAL_EXPRESSION.fork_square_016um
2025-10-14 12:43:59 [runtime] (complete)        ID.F07839_1n2.SPATIAL_RNA_COUNTER_CS.SPATIAL_RNA_COUNTER.SPATIAL_POST_MATRIX_COMPUTATION.BIN_HD_DATA._BIN_HD_DATA._COMPUTE_BINNED_OUTPUTS.SPATIAL_BINNED_RNA_ANALYZER.RUN_DIFFERENTIAL_EXPRESSION.fork_square_016um
2025-10-14 12:44:01 [runtime] (complete)        ID.F07839_1n2.SPATIAL_RNA_COUNTER_CS.SPATIAL_RNA_COUNTER.SPATIAL_POST_MATRIX_COMPUTATION.BIN_HD_DATA._BIN_HD_DATA._COMPUTE_BINNED_OUTPUTS.SPATIAL_BINNED_RNA_ANALYZER.RUN_DIFFERENTIAL_EXPRESSION.fork_square_016um
2025-10-14 12:44:04 [runtime] (complete)        ID.F07839_1n2.SPATIAL_RNA_COUNTER_CS.SPATIAL_RNA_COUNTER.SPATIAL_POST_MATRIX_COMPUTATION.BIN_HD_DATA._BIN_HD_DATA._COMPUTE_BINNED_OUTPUTS.SPATIAL_BINNED_RNA_ANALYZER.RUN_DIFFERENTIAL_EXPRESSION.fork_square_016um
2025-10-14 12:44:07 [runtime] (complete)        ID.F07839_1n2.SPATIAL_RNA_COUNTER_CS.SPATIAL_RNA_COUNTER.SPATIAL_POST_MATRIX_COMPUTATION.BIN_HD_DATA._BIN_HD_DATA._COMPUTE_BINNED_OUTPUTS.SPATIAL_BINNED_RNA_ANALYZER.RUN_DIFFERENTIAL_EXPRESSION.fork_square_016um
2025-10-14 12:44:09 [runtime] (complete)        ID.F07839_1n2.SPATIAL_RNA_COUNTER_CS.SPATIAL_RNA_COUNTER.SPATIAL_POST_MATRIX_COMPUTATION.BIN_HD_DATA._BIN_HD_DATA._COMPUTE_BINNED_OUTPUTS.SPATIAL_BINNED_RNA_ANALYZER.RUN_DIFFERENTIAL_EXPRESSION.fork_square_016um
2025-10-14 12:44:12 [runtime] (complete)        ID.F07839_1n2.SPATIAL_RNA_COUNTER_CS.SPATIAL_RNA_COUNTER.SPATIAL_POST_MATRIX_COMPUTATION.BIN_HD_DATA._BIN_HD_DATA._COMPUTE_BINNED_OUTPUTS.SPATIAL_BINNED_RNA_ANALYZER.RUN_DIFFERENTIAL_EXPRESSION.fork_square_016um
2025-10-14 12:44:13 [runtime] (complete)        ID.F07839_1n2.SPATIAL_RNA_COUNTER_CS.SPATIAL_RNA_COUNTER.SPATIAL_POST_MATRIX_COMPUTATION.BIN_HD_DATA._BIN_HD_DATA._COMPUTE_BINNED_OUTPUTS.SPATIAL_BINNED_RNA_ANALYZER.RUN_DIFFERENTIAL_EXPRESSION.fork_square_016um
2025-10-14 12:44:16 [runtime] (complete)        ID.F07839_1n2.SPATIAL_RNA_COUNTER_CS.SPATIAL_RNA_COUNTER.SPATIAL_POST_MATRIX_COMPUTATION.BIN_HD_DATA._BIN_HD_DATA._COMPUTE_BINNED_OUTPUTS.SPATIAL_BINNED_RNA_ANALYZER.RUN_DIFFERENTIAL_EXPRESSION.fork_square_016um
2025-10-14 12:44:16 [runtime] (chunks_complete) ID.F07839_1n2.SPATIAL_RNA_COUNTER_CS.SPATIAL_RNA_COUNTER.SPATIAL_POST_MATRIX_COMPUTATION.BIN_HD_DATA._BIN_HD_DATA._COMPUTE_BINNED_OUTPUTS.SPATIAL_BINNED_RNA_ANALYZER.RUN_DIFFERENTIAL_EXPRESSION.fork_square_008um
2025-10-14 12:44:16 [runtime] (run:local)       ID.F07839_1n2.SPATIAL_RNA_COUNTER_CS.SPATIAL_RNA_COUNTER.SPATIAL_POST_MATRIX_COMPUTATION.BIN_HD_DATA._BIN_HD_DATA._COMPUTE_BINNED_OUTPUTS.SPATIAL_BINNED_RNA_ANALYZER.RUN_DIFFERENTIAL_EXPRESSION.fork_square_008um.join
2025-10-14 12:44:16 [runtime] (complete)        ID.F07839_1n2.SPATIAL_RNA_COUNTER_CS.SPATIAL_RNA_COUNTER.SPATIAL_POST_MATRIX_COMPUTATION.BIN_HD_DATA._BIN_HD_DATA._COMPUTE_BINNED_OUTPUTS.SPATIAL_BINNED_RNA_ANALYZER.RUN_DIFFERENTIAL_EXPRESSION.fork_square_016um
2025-10-14 12:44:19 [runtime] (complete)        ID.F07839_1n2.SPATIAL_RNA_COUNTER_CS.SPATIAL_RNA_COUNTER.SPATIAL_POST_MATRIX_COMPUTATION.BIN_HD_DATA._BIN_HD_DATA._COMPUTE_BINNED_OUTPUTS.SPATIAL_BINNED_RNA_ANALYZER.RUN_DIFFERENTIAL_EXPRESSION.fork_square_016um
2025-10-14 12:44:19 [runtime] (join_complete)   ID.F07839_1n2.SPATIAL_RNA_COUNTER_CS.SPATIAL_RNA_COUNTER.SPATIAL_POST_MATRIX_COMPUTATION.BIN_HD_DATA._BIN_HD_DATA._COMPUTE_BINNED_OUTPUTS.SPATIAL_BINNED_RNA_ANALYZER.RUN_DIFFERENTIAL_EXPRESSION.fork_square_008um
2025-10-14 12:44:19 [runtime] (complete)        ID.F07839_1n2.SPATIAL_RNA_COUNTER_CS.SPATIAL_RNA_COUNTER.SPATIAL_POST_MATRIX_COMPUTATION.BIN_HD_DATA._BIN_HD_DATA._COMPUTE_BINNED_OUTPUTS.SPATIAL_BINNED_RNA_ANALYZER.RUN_DIFFERENTIAL_EXPRESSION.fork_square_016um
2025-10-14 12:44:19 [runtime] (ready)           ID.F07839_1n2.SPATIAL_RNA_COUNTER_CS.SPATIAL_RNA_COUNTER.SPATIAL_POST_MATRIX_COMPUTATION.BIN_HD_DATA._BIN_HD_DATA._COMPUTE_BINNED_OUTPUTS.SPATIAL_BINNED_RNA_ANALYZER.SUMMARIZE_ANALYSIS.fork_square_002um
2025-10-14 12:44:19 [runtime] (ready)           ID.F07839_1n2.SPATIAL_RNA_COUNTER_CS.SPATIAL_RNA_COUNTER.SPATIAL_POST_MATRIX_COMPUTATION.BIN_HD_DATA._BIN_HD_DATA._COMPUTE_BINNED_OUTPUTS.SPATIAL_BINNED_RNA_ANALYZER.SUMMARIZE_ANALYSIS.fork_square_008um
2025-10-14 12:44:19 [runtime] (run:local)       ID.F07839_1n2.SPATIAL_RNA_COUNTER_CS.SPATIAL_RNA_COUNTER.SPATIAL_POST_MATRIX_COMPUTATION.BIN_HD_DATA._BIN_HD_DATA._COMPUTE_BINNED_OUTPUTS.SPATIAL_BINNED_RNA_ANALYZER.SUMMARIZE_ANALYSIS.fork_square_008um.split
2025-10-14 12:44:19 [runtime] (ready)           ID.F07839_1n2.SPATIAL_RNA_COUNTER_CS.SPATIAL_RNA_COUNTER.SPATIAL_POST_MATRIX_COMPUTATION.BIN_HD_DATA._BIN_HD_DATA._COMPUTE_BINNED_OUTPUTS.SPATIAL_BINNED_RNA_ANALYZER.SUMMARIZE_ANALYSIS.fork_square_016um
2025-10-14 12:44:20 [runtime] (run:local)       ID.F07839_1n2.SPATIAL_RNA_COUNTER_CS.SPATIAL_RNA_COUNTER.SPATIAL_POST_MATRIX_COMPUTATION.BIN_HD_DATA._BIN_HD_DATA._COMPUTE_BINNED_OUTPUTS.SPATIAL_BINNED_RNA_ANALYZER.SUMMARIZE_ANALYSIS.fork_square_016um.split
2025-10-14 12:44:21 [runtime] (split_complete)  ID.F07839_1n2.SPATIAL_RNA_COUNTER_CS.SPATIAL_RNA_COUNTER.SPATIAL_POST_MATRIX_COMPUTATION.BIN_HD_DATA._BIN_HD_DATA._COMPUTE_BINNED_OUTPUTS.SPATIAL_BINNED_RNA_ANALYZER.SUMMARIZE_ANALYSIS.fork_square_008um
2025-10-14 12:44:21 [runtime] (run:local)       ID.F07839_1n2.SPATIAL_RNA_COUNTER_CS.SPATIAL_RNA_COUNTER.SPATIAL_POST_MATRIX_COMPUTATION.BIN_HD_DATA._BIN_HD_DATA._COMPUTE_BINNED_OUTPUTS.SPATIAL_BINNED_RNA_ANALYZER.SUMMARIZE_ANALYSIS.fork_square_008um.chnk0.main
2025-10-14 12:44:21 [runtime] (split_complete)  ID.F07839_1n2.SPATIAL_RNA_COUNTER_CS.SPATIAL_RNA_COUNTER.SPATIAL_POST_MATRIX_COMPUTATION.BIN_HD_DATA._BIN_HD_DATA._COMPUTE_BINNED_OUTPUTS.SPATIAL_BINNED_RNA_ANALYZER.SUMMARIZE_ANALYSIS.fork_square_016um
2025-10-14 12:44:21 [runtime] (run:local)       ID.F07839_1n2.SPATIAL_RNA_COUNTER_CS.SPATIAL_RNA_COUNTER.SPATIAL_POST_MATRIX_COMPUTATION.BIN_HD_DATA._BIN_HD_DATA._COMPUTE_BINNED_OUTPUTS.SPATIAL_BINNED_RNA_ANALYZER.SUMMARIZE_ANALYSIS.fork_square_016um.chnk0.main
2025-10-14 12:44:32 [runtime] (chunks_complete) ID.F07839_1n2.SPATIAL_RNA_COUNTER_CS.SPATIAL_RNA_COUNTER.SPATIAL_POST_MATRIX_COMPUTATION.BIN_HD_DATA._BIN_HD_DATA._COMPUTE_BINNED_OUTPUTS.SPATIAL_BINNED_RNA_ANALYZER.SUMMARIZE_ANALYSIS.fork_square_016um
2025-10-14 12:44:32 [runtime] (run:local)       ID.F07839_1n2.SPATIAL_RNA_COUNTER_CS.SPATIAL_RNA_COUNTER.SPATIAL_POST_MATRIX_COMPUTATION.BIN_HD_DATA._BIN_HD_DATA._COMPUTE_BINNED_OUTPUTS.SPATIAL_BINNED_RNA_ANALYZER.SUMMARIZE_ANALYSIS.fork_square_016um.join
2025-10-14 12:44:32 [runtime] (chunks_complete) ID.F07839_1n2.SPATIAL_RNA_COUNTER_CS.SPATIAL_RNA_COUNTER.SPATIAL_POST_MATRIX_COMPUTATION.BIN_HD_DATA._BIN_HD_DATA._COMPUTE_BINNED_OUTPUTS.SPATIAL_BINNED_RNA_ANALYZER.SUMMARIZE_ANALYSIS.fork_square_008um
2025-10-14 12:44:32 [runtime] (run:local)       ID.F07839_1n2.SPATIAL_RNA_COUNTER_CS.SPATIAL_RNA_COUNTER.SPATIAL_POST_MATRIX_COMPUTATION.BIN_HD_DATA._BIN_HD_DATA._COMPUTE_BINNED_OUTPUTS.SPATIAL_BINNED_RNA_ANALYZER.SUMMARIZE_ANALYSIS.fork_square_008um.join
2025-10-14 12:44:33 [runtime] (join_complete)   ID.F07839_1n2.SPATIAL_RNA_COUNTER_CS.SPATIAL_RNA_COUNTER.SPATIAL_POST_MATRIX_COMPUTATION.BIN_HD_DATA._BIN_HD_DATA._COMPUTE_BINNED_OUTPUTS.SPATIAL_BINNED_RNA_ANALYZER.SUMMARIZE_ANALYSIS.fork_square_008um
2025-10-14 12:44:33 [runtime] (join_complete)   ID.F07839_1n2.SPATIAL_RNA_COUNTER_CS.SPATIAL_RNA_COUNTER.SPATIAL_POST_MATRIX_COMPUTATION.BIN_HD_DATA._BIN_HD_DATA._COMPUTE_BINNED_OUTPUTS.SPATIAL_BINNED_RNA_ANALYZER.SUMMARIZE_ANALYSIS.fork_square_016um
2025-10-14 12:44:34 [runtime] (ready)           ID.F07839_1n2.SPATIAL_RNA_COUNTER_CS.SPATIAL_RNA_COUNTER.SPATIAL_POST_MATRIX_COMPUTATION.BIN_HD_DATA._BIN_HD_DATA.UPDATE_HD_FEATURE_SLICE_H5
2025-10-14 12:44:34 [runtime] (run:local)       ID.F07839_1n2.SPATIAL_RNA_COUNTER_CS.SPATIAL_RNA_COUNTER.SPATIAL_POST_MATRIX_COMPUTATION.BIN_HD_DATA._BIN_HD_DATA.UPDATE_HD_FEATURE_SLICE_H5.fork0.split
2025-10-14 12:44:35 [runtime] (ready)           ID.F07839_1n2.SPATIAL_RNA_COUNTER_CS.SPATIAL_RNA_COUNTER.SPATIAL_POST_MATRIX_COMPUTATION.BIN_HD_DATA._BIN_HD_DATA._COMPUTE_BINNED_OUTPUTS.CLOUPE_PREPROCESS.fork_square_002um
2025-10-14 12:44:35 [runtime] (run:local)       ID.F07839_1n2.SPATIAL_RNA_COUNTER_CS.SPATIAL_RNA_COUNTER.SPATIAL_POST_MATRIX_COMPUTATION.BIN_HD_DATA._BIN_HD_DATA._COMPUTE_BINNED_OUTPUTS.CLOUPE_PREPROCESS.fork_square_002um.split
2025-10-14 12:44:35 [runtime] (ready)           ID.F07839_1n2.SPATIAL_RNA_COUNTER_CS.SPATIAL_RNA_COUNTER.SPATIAL_POST_MATRIX_COMPUTATION.BIN_HD_DATA._BIN_HD_DATA._COMPUTE_BINNED_OUTPUTS.CLOUPE_PREPROCESS.fork_square_008um
2025-10-14 12:44:35 [runtime] (run:local)       ID.F07839_1n2.SPATIAL_RNA_COUNTER_CS.SPATIAL_RNA_COUNTER.SPATIAL_POST_MATRIX_COMPUTATION.BIN_HD_DATA._BIN_HD_DATA._COMPUTE_BINNED_OUTPUTS.CLOUPE_PREPROCESS.fork_square_008um.split
2025-10-14 12:44:35 [runtime] (ready)           ID.F07839_1n2.SPATIAL_RNA_COUNTER_CS.SPATIAL_RNA_COUNTER.SPATIAL_POST_MATRIX_COMPUTATION.BIN_HD_DATA._BIN_HD_DATA._COMPUTE_BINNED_OUTPUTS.CLOUPE_PREPROCESS.fork_square_016um
2025-10-14 12:44:35 [runtime] (run:local)       ID.F07839_1n2.SPATIAL_RNA_COUNTER_CS.SPATIAL_RNA_COUNTER.SPATIAL_POST_MATRIX_COMPUTATION.BIN_HD_DATA._BIN_HD_DATA._COMPUTE_BINNED_OUTPUTS.CLOUPE_PREPROCESS.fork_square_016um.split
2025-10-14 12:44:38 [runtime] (split_complete)  ID.F07839_1n2.SPATIAL_RNA_COUNTER_CS.SPATIAL_RNA_COUNTER.SPATIAL_POST_MATRIX_COMPUTATION.BIN_HD_DATA._BIN_HD_DATA._COMPUTE_BINNED_OUTPUTS.CLOUPE_PREPROCESS.fork_square_008um
2025-10-14 12:44:38 [runtime] (run:local)       ID.F07839_1n2.SPATIAL_RNA_COUNTER_CS.SPATIAL_RNA_COUNTER.SPATIAL_POST_MATRIX_COMPUTATION.BIN_HD_DATA._BIN_HD_DATA._COMPUTE_BINNED_OUTPUTS.CLOUPE_PREPROCESS.fork_square_008um.join
2025-10-14 12:44:38 [runtime] (split_complete)  ID.F07839_1n2.SPATIAL_RNA_COUNTER_CS.SPATIAL_RNA_COUNTER.SPATIAL_POST_MATRIX_COMPUTATION.BIN_HD_DATA._BIN_HD_DATA._COMPUTE_BINNED_OUTPUTS.CLOUPE_PREPROCESS.fork_square_002um
2025-10-14 12:44:38 [runtime] (run:local)       ID.F07839_1n2.SPATIAL_RNA_COUNTER_CS.SPATIAL_RNA_COUNTER.SPATIAL_POST_MATRIX_COMPUTATION.BIN_HD_DATA._BIN_HD_DATA._COMPUTE_BINNED_OUTPUTS.CLOUPE_PREPROCESS.fork_square_002um.join
2025-10-14 12:44:38 [runtime] (split_complete)  ID.F07839_1n2.SPATIAL_RNA_COUNTER_CS.SPATIAL_RNA_COUNTER.SPATIAL_POST_MATRIX_COMPUTATION.BIN_HD_DATA._BIN_HD_DATA._COMPUTE_BINNED_OUTPUTS.CLOUPE_PREPROCESS.fork_square_016um
2025-10-14 12:44:38 [runtime] (run:local)       ID.F07839_1n2.SPATIAL_RNA_COUNTER_CS.SPATIAL_RNA_COUNTER.SPATIAL_POST_MATRIX_COMPUTATION.BIN_HD_DATA._BIN_HD_DATA._COMPUTE_BINNED_OUTPUTS.CLOUPE_PREPROCESS.fork_square_016um.join
2025-10-14 12:44:38 [runtime] (split_complete)  ID.F07839_1n2.SPATIAL_RNA_COUNTER_CS.SPATIAL_RNA_COUNTER.SPATIAL_POST_MATRIX_COMPUTATION.BIN_HD_DATA._BIN_HD_DATA.UPDATE_HD_FEATURE_SLICE_H5
2025-10-14 12:44:38 [runtime] (run:local)       ID.F07839_1n2.SPATIAL_RNA_COUNTER_CS.SPATIAL_RNA_COUNTER.SPATIAL_POST_MATRIX_COMPUTATION.BIN_HD_DATA._BIN_HD_DATA.UPDATE_HD_FEATURE_SLICE_H5.fork0.join
2025-10-14 12:44:40 [runtime] (join_complete)   ID.F07839_1n2.SPATIAL_RNA_COUNTER_CS.SPATIAL_RNA_COUNTER.SPATIAL_POST_MATRIX_COMPUTATION.BIN_HD_DATA._BIN_HD_DATA._COMPUTE_BINNED_OUTPUTS.CLOUPE_PREPROCESS.fork_square_002um
2025-10-14 12:44:40 [runtime] (join_complete)   ID.F07839_1n2.SPATIAL_RNA_COUNTER_CS.SPATIAL_RNA_COUNTER.SPATIAL_POST_MATRIX_COMPUTATION.BIN_HD_DATA._BIN_HD_DATA._COMPUTE_BINNED_OUTPUTS.CLOUPE_PREPROCESS.fork_square_016um
2025-10-14 12:44:43 [runtime] (complete)        ID.F07839_1n2.SPATIAL_RNA_COUNTER_CS.SPATIAL_RNA_COUNTER.SPATIAL_POST_MATRIX_COMPUTATION.BIN_HD_DATA._BIN_HD_DATA._COMPUTE_BINNED_OUTPUTS.CLOUPE_PREPROCESS.fork_square_002um
2025-10-14 12:44:43 [runtime] (complete)        ID.F07839_1n2.SPATIAL_RNA_COUNTER_CS.SPATIAL_RNA_COUNTER.SPATIAL_POST_MATRIX_COMPUTATION.BIN_HD_DATA._BIN_HD_DATA._COMPUTE_BINNED_OUTPUTS.CLOUPE_PREPROCESS.fork_square_016um
2025-10-14 12:44:46 [runtime] (complete)        ID.F07839_1n2.SPATIAL_RNA_COUNTER_CS.SPATIAL_RNA_COUNTER.SPATIAL_POST_MATRIX_COMPUTATION.BIN_HD_DATA._BIN_HD_DATA._COMPUTE_BINNED_OUTPUTS.CLOUPE_PREPROCESS.fork_square_002um
2025-10-14 12:44:46 [runtime] (complete)        ID.F07839_1n2.SPATIAL_RNA_COUNTER_CS.SPATIAL_RNA_COUNTER.SPATIAL_POST_MATRIX_COMPUTATION.BIN_HD_DATA._BIN_HD_DATA._COMPUTE_BINNED_OUTPUTS.CLOUPE_PREPROCESS.fork_square_016um
2025-10-14 12:44:50 [runtime] (complete)        ID.F07839_1n2.SPATIAL_RNA_COUNTER_CS.SPATIAL_RNA_COUNTER.SPATIAL_POST_MATRIX_COMPUTATION.BIN_HD_DATA._BIN_HD_DATA._COMPUTE_BINNED_OUTPUTS.CLOUPE_PREPROCESS.fork_square_002um
2025-10-14 12:44:50 [runtime] (complete)        ID.F07839_1n2.SPATIAL_RNA_COUNTER_CS.SPATIAL_RNA_COUNTER.SPATIAL_POST_MATRIX_COMPUTATION.BIN_HD_DATA._BIN_HD_DATA._COMPUTE_BINNED_OUTPUTS.CLOUPE_PREPROCESS.fork_square_016um
2025-10-14 12:44:53 [runtime] (complete)        ID.F07839_1n2.SPATIAL_RNA_COUNTER_CS.SPATIAL_RNA_COUNTER.SPATIAL_POST_MATRIX_COMPUTATION.BIN_HD_DATA._BIN_HD_DATA._COMPUTE_BINNED_OUTPUTS.CLOUPE_PREPROCESS.fork_square_002um
2025-10-14 12:44:53 [runtime] (complete)        ID.F07839_1n2.SPATIAL_RNA_COUNTER_CS.SPATIAL_RNA_COUNTER.SPATIAL_POST_MATRIX_COMPUTATION.BIN_HD_DATA._BIN_HD_DATA._COMPUTE_BINNED_OUTPUTS.CLOUPE_PREPROCESS.fork_square_016um
2025-10-14 12:44:56 [runtime] (complete)        ID.F07839_1n2.SPATIAL_RNA_COUNTER_CS.SPATIAL_RNA_COUNTER.SPATIAL_POST_MATRIX_COMPUTATION.BIN_HD_DATA._BIN_HD_DATA._COMPUTE_BINNED_OUTPUTS.CLOUPE_PREPROCESS.fork_square_002um
2025-10-14 12:44:56 [runtime] (complete)        ID.F07839_1n2.SPATIAL_RNA_COUNTER_CS.SPATIAL_RNA_COUNTER.SPATIAL_POST_MATRIX_COMPUTATION.BIN_HD_DATA._BIN_HD_DATA._COMPUTE_BINNED_OUTPUTS.CLOUPE_PREPROCESS.fork_square_016um
2025-10-14 12:44:59 [runtime] (complete)        ID.F07839_1n2.SPATIAL_RNA_COUNTER_CS.SPATIAL_RNA_COUNTER.SPATIAL_POST_MATRIX_COMPUTATION.BIN_HD_DATA._BIN_HD_DATA._COMPUTE_BINNED_OUTPUTS.CLOUPE_PREPROCESS.fork_square_002um
2025-10-14 12:44:59 [runtime] (complete)        ID.F07839_1n2.SPATIAL_RNA_COUNTER_CS.SPATIAL_RNA_COUNTER.SPATIAL_POST_MATRIX_COMPUTATION.BIN_HD_DATA._BIN_HD_DATA._COMPUTE_BINNED_OUTPUTS.CLOUPE_PREPROCESS.fork_square_016um
2025-10-14 12:45:02 [runtime] (complete)        ID.F07839_1n2.SPATIAL_RNA_COUNTER_CS.SPATIAL_RNA_COUNTER.SPATIAL_POST_MATRIX_COMPUTATION.BIN_HD_DATA._BIN_HD_DATA._COMPUTE_BINNED_OUTPUTS.CLOUPE_PREPROCESS.fork_square_002um
2025-10-14 12:45:02 [runtime] (complete)        ID.F07839_1n2.SPATIAL_RNA_COUNTER_CS.SPATIAL_RNA_COUNTER.SPATIAL_POST_MATRIX_COMPUTATION.BIN_HD_DATA._BIN_HD_DATA._COMPUTE_BINNED_OUTPUTS.CLOUPE_PREPROCESS.fork_square_016um
2025-10-14 12:45:05 [runtime] (complete)        ID.F07839_1n2.SPATIAL_RNA_COUNTER_CS.SPATIAL_RNA_COUNTER.SPATIAL_POST_MATRIX_COMPUTATION.BIN_HD_DATA._BIN_HD_DATA._COMPUTE_BINNED_OUTPUTS.CLOUPE_PREPROCESS.fork_square_002um
2025-10-14 12:45:05 [runtime] (complete)        ID.F07839_1n2.SPATIAL_RNA_COUNTER_CS.SPATIAL_RNA_COUNTER.SPATIAL_POST_MATRIX_COMPUTATION.BIN_HD_DATA._BIN_HD_DATA._COMPUTE_BINNED_OUTPUTS.CLOUPE_PREPROCESS.fork_square_016um
2025-10-14 12:45:08 [runtime] (complete)        ID.F07839_1n2.SPATIAL_RNA_COUNTER_CS.SPATIAL_RNA_COUNTER.SPATIAL_POST_MATRIX_COMPUTATION.BIN_HD_DATA._BIN_HD_DATA._COMPUTE_BINNED_OUTPUTS.CLOUPE_PREPROCESS.fork_square_002um
2025-10-14 12:45:08 [runtime] (complete)        ID.F07839_1n2.SPATIAL_RNA_COUNTER_CS.SPATIAL_RNA_COUNTER.SPATIAL_POST_MATRIX_COMPUTATION.BIN_HD_DATA._BIN_HD_DATA._COMPUTE_BINNED_OUTPUTS.CLOUPE_PREPROCESS.fork_square_016um
2025-10-14 12:45:11 [runtime] (complete)        ID.F07839_1n2.SPATIAL_RNA_COUNTER_CS.SPATIAL_RNA_COUNTER.SPATIAL_POST_MATRIX_COMPUTATION.BIN_HD_DATA._BIN_HD_DATA._COMPUTE_BINNED_OUTPUTS.CLOUPE_PREPROCESS.fork_square_002um
2025-10-14 12:45:11 [runtime] (complete)        ID.F07839_1n2.SPATIAL_RNA_COUNTER_CS.SPATIAL_RNA_COUNTER.SPATIAL_POST_MATRIX_COMPUTATION.BIN_HD_DATA._BIN_HD_DATA._COMPUTE_BINNED_OUTPUTS.CLOUPE_PREPROCESS.fork_square_016um
2025-10-14 12:45:14 [runtime] (complete)        ID.F07839_1n2.SPATIAL_RNA_COUNTER_CS.SPATIAL_RNA_COUNTER.SPATIAL_POST_MATRIX_COMPUTATION.BIN_HD_DATA._BIN_HD_DATA._COMPUTE_BINNED_OUTPUTS.CLOUPE_PREPROCESS.fork_square_002um
2025-10-14 12:45:14 [runtime] (complete)        ID.F07839_1n2.SPATIAL_RNA_COUNTER_CS.SPATIAL_RNA_COUNTER.SPATIAL_POST_MATRIX_COMPUTATION.BIN_HD_DATA._BIN_HD_DATA._COMPUTE_BINNED_OUTPUTS.CLOUPE_PREPROCESS.fork_square_016um
2025-10-14 12:45:17 [runtime] (complete)        ID.F07839_1n2.SPATIAL_RNA_COUNTER_CS.SPATIAL_RNA_COUNTER.SPATIAL_POST_MATRIX_COMPUTATION.BIN_HD_DATA._BIN_HD_DATA._COMPUTE_BINNED_OUTPUTS.CLOUPE_PREPROCESS.fork_square_002um
2025-10-14 12:45:17 [runtime] (complete)        ID.F07839_1n2.SPATIAL_RNA_COUNTER_CS.SPATIAL_RNA_COUNTER.SPATIAL_POST_MATRIX_COMPUTATION.BIN_HD_DATA._BIN_HD_DATA._COMPUTE_BINNED_OUTPUTS.CLOUPE_PREPROCESS.fork_square_016um
2025-10-14 12:45:21 [runtime] (complete)        ID.F07839_1n2.SPATIAL_RNA_COUNTER_CS.SPATIAL_RNA_COUNTER.SPATIAL_POST_MATRIX_COMPUTATION.BIN_HD_DATA._BIN_HD_DATA._COMPUTE_BINNED_OUTPUTS.CLOUPE_PREPROCESS.fork_square_002um
2025-10-14 12:45:21 [runtime] (complete)        ID.F07839_1n2.SPATIAL_RNA_COUNTER_CS.SPATIAL_RNA_COUNTER.SPATIAL_POST_MATRIX_COMPUTATION.BIN_HD_DATA._BIN_HD_DATA._COMPUTE_BINNED_OUTPUTS.CLOUPE_PREPROCESS.fork_square_016um
2025-10-14 12:45:24 [runtime] (complete)        ID.F07839_1n2.SPATIAL_RNA_COUNTER_CS.SPATIAL_RNA_COUNTER.SPATIAL_POST_MATRIX_COMPUTATION.BIN_HD_DATA._BIN_HD_DATA._COMPUTE_BINNED_OUTPUTS.CLOUPE_PREPROCESS.fork_square_002um
2025-10-14 12:45:24 [runtime] (complete)        ID.F07839_1n2.SPATIAL_RNA_COUNTER_CS.SPATIAL_RNA_COUNTER.SPATIAL_POST_MATRIX_COMPUTATION.BIN_HD_DATA._BIN_HD_DATA._COMPUTE_BINNED_OUTPUTS.CLOUPE_PREPROCESS.fork_square_016um
2025-10-14 12:45:27 [runtime] (complete)        ID.F07839_1n2.SPATIAL_RNA_COUNTER_CS.SPATIAL_RNA_COUNTER.SPATIAL_POST_MATRIX_COMPUTATION.BIN_HD_DATA._BIN_HD_DATA._COMPUTE_BINNED_OUTPUTS.CLOUPE_PREPROCESS.fork_square_002um
2025-10-14 12:45:27 [runtime] (complete)        ID.F07839_1n2.SPATIAL_RNA_COUNTER_CS.SPATIAL_RNA_COUNTER.SPATIAL_POST_MATRIX_COMPUTATION.BIN_HD_DATA._BIN_HD_DATA._COMPUTE_BINNED_OUTPUTS.CLOUPE_PREPROCESS.fork_square_016um
2025-10-14 12:45:30 [runtime] (complete)        ID.F07839_1n2.SPATIAL_RNA_COUNTER_CS.SPATIAL_RNA_COUNTER.SPATIAL_POST_MATRIX_COMPUTATION.BIN_HD_DATA._BIN_HD_DATA._COMPUTE_BINNED_OUTPUTS.CLOUPE_PREPROCESS.fork_square_002um
2025-10-14 12:45:30 [runtime] (complete)        ID.F07839_1n2.SPATIAL_RNA_COUNTER_CS.SPATIAL_RNA_COUNTER.SPATIAL_POST_MATRIX_COMPUTATION.BIN_HD_DATA._BIN_HD_DATA._COMPUTE_BINNED_OUTPUTS.CLOUPE_PREPROCESS.fork_square_016um
2025-10-14 12:45:33 [runtime] (complete)        ID.F07839_1n2.SPATIAL_RNA_COUNTER_CS.SPATIAL_RNA_COUNTER.SPATIAL_POST_MATRIX_COMPUTATION.BIN_HD_DATA._BIN_HD_DATA._COMPUTE_BINNED_OUTPUTS.CLOUPE_PREPROCESS.fork_square_002um
2025-10-14 12:45:33 [runtime] (complete)        ID.F07839_1n2.SPATIAL_RNA_COUNTER_CS.SPATIAL_RNA_COUNTER.SPATIAL_POST_MATRIX_COMPUTATION.BIN_HD_DATA._BIN_HD_DATA._COMPUTE_BINNED_OUTPUTS.CLOUPE_PREPROCESS.fork_square_016um
2025-10-14 12:45:36 [runtime] (complete)        ID.F07839_1n2.SPATIAL_RNA_COUNTER_CS.SPATIAL_RNA_COUNTER.SPATIAL_POST_MATRIX_COMPUTATION.BIN_HD_DATA._BIN_HD_DATA._COMPUTE_BINNED_OUTPUTS.CLOUPE_PREPROCESS.fork_square_002um
2025-10-14 12:45:36 [runtime] (complete)        ID.F07839_1n2.SPATIAL_RNA_COUNTER_CS.SPATIAL_RNA_COUNTER.SPATIAL_POST_MATRIX_COMPUTATION.BIN_HD_DATA._BIN_HD_DATA._COMPUTE_BINNED_OUTPUTS.CLOUPE_PREPROCESS.fork_square_016um
2025-10-14 12:45:39 [runtime] (complete)        ID.F07839_1n2.SPATIAL_RNA_COUNTER_CS.SPATIAL_RNA_COUNTER.SPATIAL_POST_MATRIX_COMPUTATION.BIN_HD_DATA._BIN_HD_DATA._COMPUTE_BINNED_OUTPUTS.CLOUPE_PREPROCESS.fork_square_002um
2025-10-14 12:45:39 [runtime] (complete)        ID.F07839_1n2.SPATIAL_RNA_COUNTER_CS.SPATIAL_RNA_COUNTER.SPATIAL_POST_MATRIX_COMPUTATION.BIN_HD_DATA._BIN_HD_DATA._COMPUTE_BINNED_OUTPUTS.CLOUPE_PREPROCESS.fork_square_016um
2025-10-14 12:45:42 [runtime] (complete)        ID.F07839_1n2.SPATIAL_RNA_COUNTER_CS.SPATIAL_RNA_COUNTER.SPATIAL_POST_MATRIX_COMPUTATION.BIN_HD_DATA._BIN_HD_DATA._COMPUTE_BINNED_OUTPUTS.CLOUPE_PREPROCESS.fork_square_002um
2025-10-14 12:45:42 [runtime] (complete)        ID.F07839_1n2.SPATIAL_RNA_COUNTER_CS.SPATIAL_RNA_COUNTER.SPATIAL_POST_MATRIX_COMPUTATION.BIN_HD_DATA._BIN_HD_DATA._COMPUTE_BINNED_OUTPUTS.CLOUPE_PREPROCESS.fork_square_016um
2025-10-14 12:45:45 [runtime] (complete)        ID.F07839_1n2.SPATIAL_RNA_COUNTER_CS.SPATIAL_RNA_COUNTER.SPATIAL_POST_MATRIX_COMPUTATION.BIN_HD_DATA._BIN_HD_DATA._COMPUTE_BINNED_OUTPUTS.CLOUPE_PREPROCESS.fork_square_002um
2025-10-14 12:45:45 [runtime] (complete)        ID.F07839_1n2.SPATIAL_RNA_COUNTER_CS.SPATIAL_RNA_COUNTER.SPATIAL_POST_MATRIX_COMPUTATION.BIN_HD_DATA._BIN_HD_DATA._COMPUTE_BINNED_OUTPUTS.CLOUPE_PREPROCESS.fork_square_016um
2025-10-14 12:45:48 [runtime] (complete)        ID.F07839_1n2.SPATIAL_RNA_COUNTER_CS.SPATIAL_RNA_COUNTER.SPATIAL_POST_MATRIX_COMPUTATION.BIN_HD_DATA._BIN_HD_DATA._COMPUTE_BINNED_OUTPUTS.CLOUPE_PREPROCESS.fork_square_002um
2025-10-14 12:45:48 [runtime] (complete)        ID.F07839_1n2.SPATIAL_RNA_COUNTER_CS.SPATIAL_RNA_COUNTER.SPATIAL_POST_MATRIX_COMPUTATION.BIN_HD_DATA._BIN_HD_DATA._COMPUTE_BINNED_OUTPUTS.CLOUPE_PREPROCESS.fork_square_016um
2025-10-14 12:45:51 [runtime] (complete)        ID.F07839_1n2.SPATIAL_RNA_COUNTER_CS.SPATIAL_RNA_COUNTER.SPATIAL_POST_MATRIX_COMPUTATION.BIN_HD_DATA._BIN_HD_DATA._COMPUTE_BINNED_OUTPUTS.CLOUPE_PREPROCESS.fork_square_002um
2025-10-14 12:45:51 [runtime] (complete)        ID.F07839_1n2.SPATIAL_RNA_COUNTER_CS.SPATIAL_RNA_COUNTER.SPATIAL_POST_MATRIX_COMPUTATION.BIN_HD_DATA._BIN_HD_DATA._COMPUTE_BINNED_OUTPUTS.CLOUPE_PREPROCESS.fork_square_016um
2025-10-14 12:45:54 [runtime] (complete)        ID.F07839_1n2.SPATIAL_RNA_COUNTER_CS.SPATIAL_RNA_COUNTER.SPATIAL_POST_MATRIX_COMPUTATION.BIN_HD_DATA._BIN_HD_DATA._COMPUTE_BINNED_OUTPUTS.CLOUPE_PREPROCESS.fork_square_002um
2025-10-14 12:45:54 [runtime] (complete)        ID.F07839_1n2.SPATIAL_RNA_COUNTER_CS.SPATIAL_RNA_COUNTER.SPATIAL_POST_MATRIX_COMPUTATION.BIN_HD_DATA._BIN_HD_DATA._COMPUTE_BINNED_OUTPUTS.CLOUPE_PREPROCESS.fork_square_016um
2025-10-14 12:45:57 [runtime] (complete)        ID.F07839_1n2.SPATIAL_RNA_COUNTER_CS.SPATIAL_RNA_COUNTER.SPATIAL_POST_MATRIX_COMPUTATION.BIN_HD_DATA._BIN_HD_DATA._COMPUTE_BINNED_OUTPUTS.CLOUPE_PREPROCESS.fork_square_002um
2025-10-14 12:45:57 [runtime] (complete)        ID.F07839_1n2.SPATIAL_RNA_COUNTER_CS.SPATIAL_RNA_COUNTER.SPATIAL_POST_MATRIX_COMPUTATION.BIN_HD_DATA._BIN_HD_DATA._COMPUTE_BINNED_OUTPUTS.CLOUPE_PREPROCESS.fork_square_016um
2025-10-14 12:46:00 [runtime] (complete)        ID.F07839_1n2.SPATIAL_RNA_COUNTER_CS.SPATIAL_RNA_COUNTER.SPATIAL_POST_MATRIX_COMPUTATION.BIN_HD_DATA._BIN_HD_DATA._COMPUTE_BINNED_OUTPUTS.CLOUPE_PREPROCESS.fork_square_002um
2025-10-14 12:46:00 [runtime] (complete)        ID.F07839_1n2.SPATIAL_RNA_COUNTER_CS.SPATIAL_RNA_COUNTER.SPATIAL_POST_MATRIX_COMPUTATION.BIN_HD_DATA._BIN_HD_DATA._COMPUTE_BINNED_OUTPUTS.CLOUPE_PREPROCESS.fork_square_016um
2025-10-14 12:46:03 [runtime] (complete)        ID.F07839_1n2.SPATIAL_RNA_COUNTER_CS.SPATIAL_RNA_COUNTER.SPATIAL_POST_MATRIX_COMPUTATION.BIN_HD_DATA._BIN_HD_DATA._COMPUTE_BINNED_OUTPUTS.CLOUPE_PREPROCESS.fork_square_002um
2025-10-14 12:46:03 [runtime] (complete)        ID.F07839_1n2.SPATIAL_RNA_COUNTER_CS.SPATIAL_RNA_COUNTER.SPATIAL_POST_MATRIX_COMPUTATION.BIN_HD_DATA._BIN_HD_DATA._COMPUTE_BINNED_OUTPUTS.CLOUPE_PREPROCESS.fork_square_016um
2025-10-14 12:46:06 [runtime] (complete)        ID.F07839_1n2.SPATIAL_RNA_COUNTER_CS.SPATIAL_RNA_COUNTER.SPATIAL_POST_MATRIX_COMPUTATION.BIN_HD_DATA._BIN_HD_DATA._COMPUTE_BINNED_OUTPUTS.CLOUPE_PREPROCESS.fork_square_002um
2025-10-14 12:46:06 [runtime] (complete)        ID.F07839_1n2.SPATIAL_RNA_COUNTER_CS.SPATIAL_RNA_COUNTER.SPATIAL_POST_MATRIX_COMPUTATION.BIN_HD_DATA._BIN_HD_DATA._COMPUTE_BINNED_OUTPUTS.CLOUPE_PREPROCESS.fork_square_016um
2025-10-14 12:46:09 [runtime] (complete)        ID.F07839_1n2.SPATIAL_RNA_COUNTER_CS.SPATIAL_RNA_COUNTER.SPATIAL_POST_MATRIX_COMPUTATION.BIN_HD_DATA._BIN_HD_DATA._COMPUTE_BINNED_OUTPUTS.CLOUPE_PREPROCESS.fork_square_002um
2025-10-14 12:46:09 [runtime] (complete)        ID.F07839_1n2.SPATIAL_RNA_COUNTER_CS.SPATIAL_RNA_COUNTER.SPATIAL_POST_MATRIX_COMPUTATION.BIN_HD_DATA._BIN_HD_DATA._COMPUTE_BINNED_OUTPUTS.CLOUPE_PREPROCESS.fork_square_016um
2025-10-14 12:46:12 [runtime] (complete)        ID.F07839_1n2.SPATIAL_RNA_COUNTER_CS.SPATIAL_RNA_COUNTER.SPATIAL_POST_MATRIX_COMPUTATION.BIN_HD_DATA._BIN_HD_DATA._COMPUTE_BINNED_OUTPUTS.CLOUPE_PREPROCESS.fork_square_002um
2025-10-14 12:46:12 [runtime] (complete)        ID.F07839_1n2.SPATIAL_RNA_COUNTER_CS.SPATIAL_RNA_COUNTER.SPATIAL_POST_MATRIX_COMPUTATION.BIN_HD_DATA._BIN_HD_DATA._COMPUTE_BINNED_OUTPUTS.CLOUPE_PREPROCESS.fork_square_016um
2025-10-14 12:46:15 [runtime] (complete)        ID.F07839_1n2.SPATIAL_RNA_COUNTER_CS.SPATIAL_RNA_COUNTER.SPATIAL_POST_MATRIX_COMPUTATION.BIN_HD_DATA._BIN_HD_DATA._COMPUTE_BINNED_OUTPUTS.CLOUPE_PREPROCESS.fork_square_002um
2025-10-14 12:46:15 [runtime] (complete)        ID.F07839_1n2.SPATIAL_RNA_COUNTER_CS.SPATIAL_RNA_COUNTER.SPATIAL_POST_MATRIX_COMPUTATION.BIN_HD_DATA._BIN_HD_DATA._COMPUTE_BINNED_OUTPUTS.CLOUPE_PREPROCESS.fork_square_016um
2025-10-14 12:46:18 [runtime] (complete)        ID.F07839_1n2.SPATIAL_RNA_COUNTER_CS.SPATIAL_RNA_COUNTER.SPATIAL_POST_MATRIX_COMPUTATION.BIN_HD_DATA._BIN_HD_DATA._COMPUTE_BINNED_OUTPUTS.CLOUPE_PREPROCESS.fork_square_002um
2025-10-14 12:46:18 [runtime] (complete)        ID.F07839_1n2.SPATIAL_RNA_COUNTER_CS.SPATIAL_RNA_COUNTER.SPATIAL_POST_MATRIX_COMPUTATION.BIN_HD_DATA._BIN_HD_DATA._COMPUTE_BINNED_OUTPUTS.CLOUPE_PREPROCESS.fork_square_016um
2025-10-14 12:46:21 [runtime] (complete)        ID.F07839_1n2.SPATIAL_RNA_COUNTER_CS.SPATIAL_RNA_COUNTER.SPATIAL_POST_MATRIX_COMPUTATION.BIN_HD_DATA._BIN_HD_DATA._COMPUTE_BINNED_OUTPUTS.CLOUPE_PREPROCESS.fork_square_002um
2025-10-14 12:46:21 [runtime] (complete)        ID.F07839_1n2.SPATIAL_RNA_COUNTER_CS.SPATIAL_RNA_COUNTER.SPATIAL_POST_MATRIX_COMPUTATION.BIN_HD_DATA._BIN_HD_DATA._COMPUTE_BINNED_OUTPUTS.CLOUPE_PREPROCESS.fork_square_016um
2025-10-14 12:46:24 [runtime] (complete)        ID.F07839_1n2.SPATIAL_RNA_COUNTER_CS.SPATIAL_RNA_COUNTER.SPATIAL_POST_MATRIX_COMPUTATION.BIN_HD_DATA._BIN_HD_DATA._COMPUTE_BINNED_OUTPUTS.CLOUPE_PREPROCESS.fork_square_002um
2025-10-14 12:46:24 [runtime] (complete)        ID.F07839_1n2.SPATIAL_RNA_COUNTER_CS.SPATIAL_RNA_COUNTER.SPATIAL_POST_MATRIX_COMPUTATION.BIN_HD_DATA._BIN_HD_DATA._COMPUTE_BINNED_OUTPUTS.CLOUPE_PREPROCESS.fork_square_016um
2025-10-14 12:46:27 [runtime] (complete)        ID.F07839_1n2.SPATIAL_RNA_COUNTER_CS.SPATIAL_RNA_COUNTER.SPATIAL_POST_MATRIX_COMPUTATION.BIN_HD_DATA._BIN_HD_DATA._COMPUTE_BINNED_OUTPUTS.CLOUPE_PREPROCESS.fork_square_002um
2025-10-14 12:46:27 [runtime] (complete)        ID.F07839_1n2.SPATIAL_RNA_COUNTER_CS.SPATIAL_RNA_COUNTER.SPATIAL_POST_MATRIX_COMPUTATION.BIN_HD_DATA._BIN_HD_DATA._COMPUTE_BINNED_OUTPUTS.CLOUPE_PREPROCESS.fork_square_016um
2025-10-14 12:46:30 [runtime] (complete)        ID.F07839_1n2.SPATIAL_RNA_COUNTER_CS.SPATIAL_RNA_COUNTER.SPATIAL_POST_MATRIX_COMPUTATION.BIN_HD_DATA._BIN_HD_DATA._COMPUTE_BINNED_OUTPUTS.CLOUPE_PREPROCESS.fork_square_002um
2025-10-14 12:46:30 [runtime] (complete)        ID.F07839_1n2.SPATIAL_RNA_COUNTER_CS.SPATIAL_RNA_COUNTER.SPATIAL_POST_MATRIX_COMPUTATION.BIN_HD_DATA._BIN_HD_DATA._COMPUTE_BINNED_OUTPUTS.CLOUPE_PREPROCESS.fork_square_016um
2025-10-14 12:46:33 [runtime] (complete)        ID.F07839_1n2.SPATIAL_RNA_COUNTER_CS.SPATIAL_RNA_COUNTER.SPATIAL_POST_MATRIX_COMPUTATION.BIN_HD_DATA._BIN_HD_DATA._COMPUTE_BINNED_OUTPUTS.CLOUPE_PREPROCESS.fork_square_002um
2025-10-14 12:46:33 [runtime] (complete)        ID.F07839_1n2.SPATIAL_RNA_COUNTER_CS.SPATIAL_RNA_COUNTER.SPATIAL_POST_MATRIX_COMPUTATION.BIN_HD_DATA._BIN_HD_DATA._COMPUTE_BINNED_OUTPUTS.CLOUPE_PREPROCESS.fork_square_016um
2025-10-14 12:46:36 [runtime] (complete)        ID.F07839_1n2.SPATIAL_RNA_COUNTER_CS.SPATIAL_RNA_COUNTER.SPATIAL_POST_MATRIX_COMPUTATION.BIN_HD_DATA._BIN_HD_DATA._COMPUTE_BINNED_OUTPUTS.CLOUPE_PREPROCESS.fork_square_002um
2025-10-14 12:46:36 [runtime] (complete)        ID.F07839_1n2.SPATIAL_RNA_COUNTER_CS.SPATIAL_RNA_COUNTER.SPATIAL_POST_MATRIX_COMPUTATION.BIN_HD_DATA._BIN_HD_DATA._COMPUTE_BINNED_OUTPUTS.CLOUPE_PREPROCESS.fork_square_016um
2025-10-14 12:46:40 [runtime] (complete)        ID.F07839_1n2.SPATIAL_RNA_COUNTER_CS.SPATIAL_RNA_COUNTER.SPATIAL_POST_MATRIX_COMPUTATION.BIN_HD_DATA._BIN_HD_DATA._COMPUTE_BINNED_OUTPUTS.CLOUPE_PREPROCESS.fork_square_002um
2025-10-14 12:46:40 [runtime] (complete)        ID.F07839_1n2.SPATIAL_RNA_COUNTER_CS.SPATIAL_RNA_COUNTER.SPATIAL_POST_MATRIX_COMPUTATION.BIN_HD_DATA._BIN_HD_DATA._COMPUTE_BINNED_OUTPUTS.CLOUPE_PREPROCESS.fork_square_016um
2025-10-14 12:46:43 [runtime] (complete)        ID.F07839_1n2.SPATIAL_RNA_COUNTER_CS.SPATIAL_RNA_COUNTER.SPATIAL_POST_MATRIX_COMPUTATION.BIN_HD_DATA._BIN_HD_DATA._COMPUTE_BINNED_OUTPUTS.CLOUPE_PREPROCESS.fork_square_002um
2025-10-14 12:46:43 [runtime] (complete)        ID.F07839_1n2.SPATIAL_RNA_COUNTER_CS.SPATIAL_RNA_COUNTER.SPATIAL_POST_MATRIX_COMPUTATION.BIN_HD_DATA._BIN_HD_DATA._COMPUTE_BINNED_OUTPUTS.CLOUPE_PREPROCESS.fork_square_016um
2025-10-14 12:46:46 [runtime] (complete)        ID.F07839_1n2.SPATIAL_RNA_COUNTER_CS.SPATIAL_RNA_COUNTER.SPATIAL_POST_MATRIX_COMPUTATION.BIN_HD_DATA._BIN_HD_DATA._COMPUTE_BINNED_OUTPUTS.CLOUPE_PREPROCESS.fork_square_002um
2025-10-14 12:46:46 [runtime] (complete)        ID.F07839_1n2.SPATIAL_RNA_COUNTER_CS.SPATIAL_RNA_COUNTER.SPATIAL_POST_MATRIX_COMPUTATION.BIN_HD_DATA._BIN_HD_DATA._COMPUTE_BINNED_OUTPUTS.CLOUPE_PREPROCESS.fork_square_016um
2025-10-14 12:46:49 [runtime] (complete)        ID.F07839_1n2.SPATIAL_RNA_COUNTER_CS.SPATIAL_RNA_COUNTER.SPATIAL_POST_MATRIX_COMPUTATION.BIN_HD_DATA._BIN_HD_DATA._COMPUTE_BINNED_OUTPUTS.CLOUPE_PREPROCESS.fork_square_002um
2025-10-14 12:46:49 [runtime] (complete)        ID.F07839_1n2.SPATIAL_RNA_COUNTER_CS.SPATIAL_RNA_COUNTER.SPATIAL_POST_MATRIX_COMPUTATION.BIN_HD_DATA._BIN_HD_DATA._COMPUTE_BINNED_OUTPUTS.CLOUPE_PREPROCESS.fork_square_016um
2025-10-14 12:46:52 [runtime] (complete)        ID.F07839_1n2.SPATIAL_RNA_COUNTER_CS.SPATIAL_RNA_COUNTER.SPATIAL_POST_MATRIX_COMPUTATION.BIN_HD_DATA._BIN_HD_DATA._COMPUTE_BINNED_OUTPUTS.CLOUPE_PREPROCESS.fork_square_002um
2025-10-14 12:46:52 [runtime] (complete)        ID.F07839_1n2.SPATIAL_RNA_COUNTER_CS.SPATIAL_RNA_COUNTER.SPATIAL_POST_MATRIX_COMPUTATION.BIN_HD_DATA._BIN_HD_DATA._COMPUTE_BINNED_OUTPUTS.CLOUPE_PREPROCESS.fork_square_016um
2025-10-14 12:46:55 [runtime] (complete)        ID.F07839_1n2.SPATIAL_RNA_COUNTER_CS.SPATIAL_RNA_COUNTER.SPATIAL_POST_MATRIX_COMPUTATION.BIN_HD_DATA._BIN_HD_DATA._COMPUTE_BINNED_OUTPUTS.CLOUPE_PREPROCESS.fork_square_002um
2025-10-14 12:46:55 [runtime] (complete)        ID.F07839_1n2.SPATIAL_RNA_COUNTER_CS.SPATIAL_RNA_COUNTER.SPATIAL_POST_MATRIX_COMPUTATION.BIN_HD_DATA._BIN_HD_DATA._COMPUTE_BINNED_OUTPUTS.CLOUPE_PREPROCESS.fork_square_016um
2025-10-14 12:46:58 [runtime] (complete)        ID.F07839_1n2.SPATIAL_RNA_COUNTER_CS.SPATIAL_RNA_COUNTER.SPATIAL_POST_MATRIX_COMPUTATION.BIN_HD_DATA._BIN_HD_DATA._COMPUTE_BINNED_OUTPUTS.CLOUPE_PREPROCESS.fork_square_002um
2025-10-14 12:46:58 [runtime] (complete)        ID.F07839_1n2.SPATIAL_RNA_COUNTER_CS.SPATIAL_RNA_COUNTER.SPATIAL_POST_MATRIX_COMPUTATION.BIN_HD_DATA._BIN_HD_DATA._COMPUTE_BINNED_OUTPUTS.CLOUPE_PREPROCESS.fork_square_016um
2025-10-14 12:47:01 [runtime] (complete)        ID.F07839_1n2.SPATIAL_RNA_COUNTER_CS.SPATIAL_RNA_COUNTER.SPATIAL_POST_MATRIX_COMPUTATION.BIN_HD_DATA._BIN_HD_DATA._COMPUTE_BINNED_OUTPUTS.CLOUPE_PREPROCESS.fork_square_002um
2025-10-14 12:47:01 [runtime] (complete)        ID.F07839_1n2.SPATIAL_RNA_COUNTER_CS.SPATIAL_RNA_COUNTER.SPATIAL_POST_MATRIX_COMPUTATION.BIN_HD_DATA._BIN_HD_DATA._COMPUTE_BINNED_OUTPUTS.CLOUPE_PREPROCESS.fork_square_016um
2025-10-14 12:47:04 [runtime] (complete)        ID.F07839_1n2.SPATIAL_RNA_COUNTER_CS.SPATIAL_RNA_COUNTER.SPATIAL_POST_MATRIX_COMPUTATION.BIN_HD_DATA._BIN_HD_DATA._COMPUTE_BINNED_OUTPUTS.CLOUPE_PREPROCESS.fork_square_002um
2025-10-14 12:47:04 [runtime] (complete)        ID.F07839_1n2.SPATIAL_RNA_COUNTER_CS.SPATIAL_RNA_COUNTER.SPATIAL_POST_MATRIX_COMPUTATION.BIN_HD_DATA._BIN_HD_DATA._COMPUTE_BINNED_OUTPUTS.CLOUPE_PREPROCESS.fork_square_016um
2025-10-14 12:47:07 [runtime] (complete)        ID.F07839_1n2.SPATIAL_RNA_COUNTER_CS.SPATIAL_RNA_COUNTER.SPATIAL_POST_MATRIX_COMPUTATION.BIN_HD_DATA._BIN_HD_DATA._COMPUTE_BINNED_OUTPUTS.CLOUPE_PREPROCESS.fork_square_002um
2025-10-14 12:47:07 [runtime] (complete)        ID.F07839_1n2.SPATIAL_RNA_COUNTER_CS.SPATIAL_RNA_COUNTER.SPATIAL_POST_MATRIX_COMPUTATION.BIN_HD_DATA._BIN_HD_DATA._COMPUTE_BINNED_OUTPUTS.CLOUPE_PREPROCESS.fork_square_016um
2025-10-14 12:47:10 [runtime] (complete)        ID.F07839_1n2.SPATIAL_RNA_COUNTER_CS.SPATIAL_RNA_COUNTER.SPATIAL_POST_MATRIX_COMPUTATION.BIN_HD_DATA._BIN_HD_DATA._COMPUTE_BINNED_OUTPUTS.CLOUPE_PREPROCESS.fork_square_002um
2025-10-14 12:47:10 [runtime] (complete)        ID.F07839_1n2.SPATIAL_RNA_COUNTER_CS.SPATIAL_RNA_COUNTER.SPATIAL_POST_MATRIX_COMPUTATION.BIN_HD_DATA._BIN_HD_DATA._COMPUTE_BINNED_OUTPUTS.CLOUPE_PREPROCESS.fork_square_016um
2025-10-14 12:47:13 [runtime] (complete)        ID.F07839_1n2.SPATIAL_RNA_COUNTER_CS.SPATIAL_RNA_COUNTER.SPATIAL_POST_MATRIX_COMPUTATION.BIN_HD_DATA._BIN_HD_DATA._COMPUTE_BINNED_OUTPUTS.CLOUPE_PREPROCESS.fork_square_002um
2025-10-14 12:47:13 [runtime] (complete)        ID.F07839_1n2.SPATIAL_RNA_COUNTER_CS.SPATIAL_RNA_COUNTER.SPATIAL_POST_MATRIX_COMPUTATION.BIN_HD_DATA._BIN_HD_DATA._COMPUTE_BINNED_OUTPUTS.CLOUPE_PREPROCESS.fork_square_016um
2025-10-14 12:47:16 [runtime] (complete)        ID.F07839_1n2.SPATIAL_RNA_COUNTER_CS.SPATIAL_RNA_COUNTER.SPATIAL_POST_MATRIX_COMPUTATION.BIN_HD_DATA._BIN_HD_DATA._COMPUTE_BINNED_OUTPUTS.CLOUPE_PREPROCESS.fork_square_002um
2025-10-14 12:47:16 [runtime] (complete)        ID.F07839_1n2.SPATIAL_RNA_COUNTER_CS.SPATIAL_RNA_COUNTER.SPATIAL_POST_MATRIX_COMPUTATION.BIN_HD_DATA._BIN_HD_DATA._COMPUTE_BINNED_OUTPUTS.CLOUPE_PREPROCESS.fork_square_016um
2025-10-14 12:47:19 [runtime] (complete)        ID.F07839_1n2.SPATIAL_RNA_COUNTER_CS.SPATIAL_RNA_COUNTER.SPATIAL_POST_MATRIX_COMPUTATION.BIN_HD_DATA._BIN_HD_DATA._COMPUTE_BINNED_OUTPUTS.CLOUPE_PREPROCESS.fork_square_002um
2025-10-14 12:47:19 [runtime] (complete)        ID.F07839_1n2.SPATIAL_RNA_COUNTER_CS.SPATIAL_RNA_COUNTER.SPATIAL_POST_MATRIX_COMPUTATION.BIN_HD_DATA._BIN_HD_DATA._COMPUTE_BINNED_OUTPUTS.CLOUPE_PREPROCESS.fork_square_016um
2025-10-14 12:47:22 [runtime] (complete)        ID.F07839_1n2.SPATIAL_RNA_COUNTER_CS.SPATIAL_RNA_COUNTER.SPATIAL_POST_MATRIX_COMPUTATION.BIN_HD_DATA._BIN_HD_DATA._COMPUTE_BINNED_OUTPUTS.CLOUPE_PREPROCESS.fork_square_002um
2025-10-14 12:47:22 [runtime] (complete)        ID.F07839_1n2.SPATIAL_RNA_COUNTER_CS.SPATIAL_RNA_COUNTER.SPATIAL_POST_MATRIX_COMPUTATION.BIN_HD_DATA._BIN_HD_DATA._COMPUTE_BINNED_OUTPUTS.CLOUPE_PREPROCESS.fork_square_016um
2025-10-14 12:47:25 [runtime] (complete)        ID.F07839_1n2.SPATIAL_RNA_COUNTER_CS.SPATIAL_RNA_COUNTER.SPATIAL_POST_MATRIX_COMPUTATION.BIN_HD_DATA._BIN_HD_DATA._COMPUTE_BINNED_OUTPUTS.CLOUPE_PREPROCESS.fork_square_002um
2025-10-14 12:47:25 [runtime] (complete)        ID.F07839_1n2.SPATIAL_RNA_COUNTER_CS.SPATIAL_RNA_COUNTER.SPATIAL_POST_MATRIX_COMPUTATION.BIN_HD_DATA._BIN_HD_DATA._COMPUTE_BINNED_OUTPUTS.CLOUPE_PREPROCESS.fork_square_016um
2025-10-14 12:47:28 [runtime] (complete)        ID.F07839_1n2.SPATIAL_RNA_COUNTER_CS.SPATIAL_RNA_COUNTER.SPATIAL_POST_MATRIX_COMPUTATION.BIN_HD_DATA._BIN_HD_DATA._COMPUTE_BINNED_OUTPUTS.CLOUPE_PREPROCESS.fork_square_002um
2025-10-14 12:47:28 [runtime] (complete)        ID.F07839_1n2.SPATIAL_RNA_COUNTER_CS.SPATIAL_RNA_COUNTER.SPATIAL_POST_MATRIX_COMPUTATION.BIN_HD_DATA._BIN_HD_DATA._COMPUTE_BINNED_OUTPUTS.CLOUPE_PREPROCESS.fork_square_016um
2025-10-14 12:47:28 [runtime] (complete)        ID.F07839_1n2.SPATIAL_RNA_COUNTER_CS.SPATIAL_RNA_COUNTER.SPATIAL_POST_MATRIX_COMPUTATION.BIN_HD_DATA._BIN_HD_DATA._COMPUTE_BINNED_OUTPUTS.CLOUPE_PREPROCESS.fork_square_002um
2025-10-14 12:47:28 [runtime] (complete)        ID.F07839_1n2.SPATIAL_RNA_COUNTER_CS.SPATIAL_RNA_COUNTER.SPATIAL_POST_MATRIX_COMPUTATION.BIN_HD_DATA._BIN_HD_DATA._COMPUTE_BINNED_OUTPUTS.CLOUPE_PREPROCESS.fork_square_016um
2025-10-14 12:47:28 [runtime] (join_complete)   ID.F07839_1n2.SPATIAL_RNA_COUNTER_CS.SPATIAL_RNA_COUNTER.SPATIAL_POST_MATRIX_COMPUTATION.BIN_HD_DATA._BIN_HD_DATA.UPDATE_HD_FEATURE_SLICE_H5
2025-10-14 12:47:29 [runtime] (complete)        ID.F07839_1n2.SPATIAL_RNA_COUNTER_CS.SPATIAL_RNA_COUNTER.SPATIAL_POST_MATRIX_COMPUTATION.BIN_HD_DATA._BIN_HD_DATA._COMPUTE_BINNED_OUTPUTS.CLOUPE_PREPROCESS.fork_square_002um
2025-10-14 12:47:29 [runtime] (complete)        ID.F07839_1n2.SPATIAL_RNA_COUNTER_CS.SPATIAL_RNA_COUNTER.SPATIAL_POST_MATRIX_COMPUTATION.BIN_HD_DATA._BIN_HD_DATA._COMPUTE_BINNED_OUTPUTS.CLOUPE_PREPROCESS.fork_square_016um
2025-10-14 12:47:29 [runtime] (ready)           ID.F07839_1n2.SPATIAL_RNA_COUNTER_CS.SPATIAL_RNA_COUNTER.SPATIAL_POST_MATRIX_COMPUTATION.BIN_HD_DATA._BIN_HD_DATA.PROCESS_SEGMENTATIONS._PROCESS_SEGMENTATIONS.SEGMENT_TO_FEATURE_CELL_MATRIX.PREPROCESS_INSTANCE_MASK
2025-10-14 12:47:29 [runtime] (run:local)       ID.F07839_1n2.SPATIAL_RNA_COUNTER_CS.SPATIAL_RNA_COUNTER.SPATIAL_POST_MATRIX_COMPUTATION.BIN_HD_DATA._BIN_HD_DATA.PROCESS_SEGMENTATIONS._PROCESS_SEGMENTATIONS.SEGMENT_TO_FEATURE_CELL_MATRIX.PREPROCESS_INSTANCE_MASK.fork0.split
2025-10-14 12:47:29 [runtime] (complete)        ID.F07839_1n2.SPATIAL_RNA_COUNTER_CS.SPATIAL_RNA_COUNTER.SPATIAL_POST_MATRIX_COMPUTATION.BIN_HD_DATA._BIN_HD_DATA._COMPUTE_BINNED_OUTPUTS.CLOUPE_PREPROCESS.fork_square_002um
2025-10-14 12:47:29 [runtime] (complete)        ID.F07839_1n2.SPATIAL_RNA_COUNTER_CS.SPATIAL_RNA_COUNTER.SPATIAL_POST_MATRIX_COMPUTATION.BIN_HD_DATA._BIN_HD_DATA._COMPUTE_BINNED_OUTPUTS.CLOUPE_PREPROCESS.fork_square_016um
2025-10-14 12:47:29 [runtime] (ready)           ID.F07839_1n2.SPATIAL_RNA_COUNTER_CS.SPATIAL_RNA_COUNTER.SPATIAL_POST_MATRIX_COMPUTATION.BIN_HD_DATA._BIN_HD_DATA.PICK_INPUTS_FOR_CELLSEG_LOUPE
2025-10-14 12:47:29 [runtime] (run:local)       ID.F07839_1n2.SPATIAL_RNA_COUNTER_CS.SPATIAL_RNA_COUNTER.SPATIAL_POST_MATRIX_COMPUTATION.BIN_HD_DATA._BIN_HD_DATA.PICK_INPUTS_FOR_CELLSEG_LOUPE.fork0.chnk0.main
2025-10-14 12:47:29 [runtime] (split_complete)  ID.F07839_1n2.SPATIAL_RNA_COUNTER_CS.SPATIAL_RNA_COUNTER.SPATIAL_POST_MATRIX_COMPUTATION.BIN_HD_DATA._BIN_HD_DATA.PROCESS_SEGMENTATIONS._PROCESS_SEGMENTATIONS.SEGMENT_TO_FEATURE_CELL_MATRIX.PREPROCESS_INSTANCE_MASK
2025-10-14 12:47:29 [runtime] (run:local)       ID.F07839_1n2.SPATIAL_RNA_COUNTER_CS.SPATIAL_RNA_COUNTER.SPATIAL_POST_MATRIX_COMPUTATION.BIN_HD_DATA._BIN_HD_DATA.PROCESS_SEGMENTATIONS._PROCESS_SEGMENTATIONS.SEGMENT_TO_FEATURE_CELL_MATRIX.PREPROCESS_INSTANCE_MASK.fork0.join
2025-10-14 12:47:29 [runtime] (complete)        ID.F07839_1n2.SPATIAL_RNA_COUNTER_CS.SPATIAL_RNA_COUNTER.SPATIAL_POST_MATRIX_COMPUTATION.BIN_HD_DATA._BIN_HD_DATA._COMPUTE_BINNED_OUTPUTS.CLOUPE_PREPROCESS.fork_square_002um
2025-10-14 12:47:29 [runtime] (complete)        ID.F07839_1n2.SPATIAL_RNA_COUNTER_CS.SPATIAL_RNA_COUNTER.SPATIAL_POST_MATRIX_COMPUTATION.BIN_HD_DATA._BIN_HD_DATA._COMPUTE_BINNED_OUTPUTS.CLOUPE_PREPROCESS.fork_square_016um
2025-10-14 12:47:29 [runtime] (join_complete)   ID.F07839_1n2.SPATIAL_RNA_COUNTER_CS.SPATIAL_RNA_COUNTER.SPATIAL_POST_MATRIX_COMPUTATION.BIN_HD_DATA._BIN_HD_DATA.PROCESS_SEGMENTATIONS._PROCESS_SEGMENTATIONS.SEGMENT_TO_FEATURE_CELL_MATRIX.PREPROCESS_INSTANCE_MASK
2025-10-14 12:47:29 [runtime] (complete)        ID.F07839_1n2.SPATIAL_RNA_COUNTER_CS.SPATIAL_RNA_COUNTER.SPATIAL_POST_MATRIX_COMPUTATION.BIN_HD_DATA._BIN_HD_DATA._COMPUTE_BINNED_OUTPUTS.CLOUPE_PREPROCESS.fork_square_002um
2025-10-14 12:47:29 [runtime] (complete)        ID.F07839_1n2.SPATIAL_RNA_COUNTER_CS.SPATIAL_RNA_COUNTER.SPATIAL_POST_MATRIX_COMPUTATION.BIN_HD_DATA._BIN_HD_DATA._COMPUTE_BINNED_OUTPUTS.CLOUPE_PREPROCESS.fork_square_016um
2025-10-14 12:47:29 [runtime] (complete)        ID.F07839_1n2.SPATIAL_RNA_COUNTER_CS.SPATIAL_RNA_COUNTER.SPATIAL_POST_MATRIX_COMPUTATION.BIN_HD_DATA._BIN_HD_DATA._COMPUTE_BINNED_OUTPUTS.CLOUPE_PREPROCESS.fork_square_002um
2025-10-14 12:47:29 [runtime] (complete)        ID.F07839_1n2.SPATIAL_RNA_COUNTER_CS.SPATIAL_RNA_COUNTER.SPATIAL_POST_MATRIX_COMPUTATION.BIN_HD_DATA._BIN_HD_DATA._COMPUTE_BINNED_OUTPUTS.CLOUPE_PREPROCESS.fork_square_016um
2025-10-14 12:47:29 [runtime] (ready)           ID.F07839_1n2.SPATIAL_RNA_COUNTER_CS.SPATIAL_RNA_COUNTER.SPATIAL_POST_MATRIX_COMPUTATION.BIN_HD_DATA._BIN_HD_DATA.PROCESS_SEGMENTATIONS._PROCESS_SEGMENTATIONS.SEGMENT_TO_FEATURE_CELL_MATRIX.PREPROCESS_NUCLEUS_SEGMENTATION_GEOJSON
2025-10-14 12:47:29 [runtime] (run:local)       ID.F07839_1n2.SPATIAL_RNA_COUNTER_CS.SPATIAL_RNA_COUNTER.SPATIAL_POST_MATRIX_COMPUTATION.BIN_HD_DATA._BIN_HD_DATA.PROCESS_SEGMENTATIONS._PROCESS_SEGMENTATIONS.SEGMENT_TO_FEATURE_CELL_MATRIX.PREPROCESS_NUCLEUS_SEGMENTATION_GEOJSON.fork0.split
2025-10-14 12:47:30 [runtime] (complete)        ID.F07839_1n2.SPATIAL_RNA_COUNTER_CS.SPATIAL_RNA_COUNTER.SPATIAL_POST_MATRIX_COMPUTATION.BIN_HD_DATA._BIN_HD_DATA._COMPUTE_BINNED_OUTPUTS.CLOUPE_PREPROCESS.fork_square_002um
2025-10-14 12:47:30 [runtime] (complete)        ID.F07839_1n2.SPATIAL_RNA_COUNTER_CS.SPATIAL_RNA_COUNTER.SPATIAL_POST_MATRIX_COMPUTATION.BIN_HD_DATA._BIN_HD_DATA._COMPUTE_BINNED_OUTPUTS.CLOUPE_PREPROCESS.fork_square_016um
2025-10-14 12:47:30 [runtime] (split_complete)  ID.F07839_1n2.SPATIAL_RNA_COUNTER_CS.SPATIAL_RNA_COUNTER.SPATIAL_POST_MATRIX_COMPUTATION.BIN_HD_DATA._BIN_HD_DATA.PROCESS_SEGMENTATIONS._PROCESS_SEGMENTATIONS.SEGMENT_TO_FEATURE_CELL_MATRIX.PREPROCESS_NUCLEUS_SEGMENTATION_GEOJSON
2025-10-14 12:47:30 [runtime] (run:local)       ID.F07839_1n2.SPATIAL_RNA_COUNTER_CS.SPATIAL_RNA_COUNTER.SPATIAL_POST_MATRIX_COMPUTATION.BIN_HD_DATA._BIN_HD_DATA.PROCESS_SEGMENTATIONS._PROCESS_SEGMENTATIONS.SEGMENT_TO_FEATURE_CELL_MATRIX.PREPROCESS_NUCLEUS_SEGMENTATION_GEOJSON.fork0.chnk00.main
2025-10-14 12:47:30 [runtime] (run:local)       ID.F07839_1n2.SPATIAL_RNA_COUNTER_CS.SPATIAL_RNA_COUNTER.SPATIAL_POST_MATRIX_COMPUTATION.BIN_HD_DATA._BIN_HD_DATA.PROCESS_SEGMENTATIONS._PROCESS_SEGMENTATIONS.SEGMENT_TO_FEATURE_CELL_MATRIX.PREPROCESS_NUCLEUS_SEGMENTATION_GEOJSON.fork0.chnk01.main
2025-10-14 12:47:30 [runtime] (run:local)       ID.F07839_1n2.SPATIAL_RNA_COUNTER_CS.SPATIAL_RNA_COUNTER.SPATIAL_POST_MATRIX_COMPUTATION.BIN_HD_DATA._BIN_HD_DATA.PROCESS_SEGMENTATIONS._PROCESS_SEGMENTATIONS.SEGMENT_TO_FEATURE_CELL_MATRIX.PREPROCESS_NUCLEUS_SEGMENTATION_GEOJSON.fork0.chnk02.main
2025-10-14 12:47:30 [runtime] (run:local)       ID.F07839_1n2.SPATIAL_RNA_COUNTER_CS.SPATIAL_RNA_COUNTER.SPATIAL_POST_MATRIX_COMPUTATION.BIN_HD_DATA._BIN_HD_DATA.PROCESS_SEGMENTATIONS._PROCESS_SEGMENTATIONS.SEGMENT_TO_FEATURE_CELL_MATRIX.PREPROCESS_NUCLEUS_SEGMENTATION_GEOJSON.fork0.chnk03.main
2025-10-14 12:47:30 [runtime] (run:local)       ID.F07839_1n2.SPATIAL_RNA_COUNTER_CS.SPATIAL_RNA_COUNTER.SPATIAL_POST_MATRIX_COMPUTATION.BIN_HD_DATA._BIN_HD_DATA.PROCESS_SEGMENTATIONS._PROCESS_SEGMENTATIONS.SEGMENT_TO_FEATURE_CELL_MATRIX.PREPROCESS_NUCLEUS_SEGMENTATION_GEOJSON.fork0.chnk04.main
2025-10-14 12:47:30 [runtime] (run:local)       ID.F07839_1n2.SPATIAL_RNA_COUNTER_CS.SPATIAL_RNA_COUNTER.SPATIAL_POST_MATRIX_COMPUTATION.BIN_HD_DATA._BIN_HD_DATA.PROCESS_SEGMENTATIONS._PROCESS_SEGMENTATIONS.SEGMENT_TO_FEATURE_CELL_MATRIX.PREPROCESS_NUCLEUS_SEGMENTATION_GEOJSON.fork0.chnk05.main
2025-10-14 12:47:30 [runtime] (run:local)       ID.F07839_1n2.SPATIAL_RNA_COUNTER_CS.SPATIAL_RNA_COUNTER.SPATIAL_POST_MATRIX_COMPUTATION.BIN_HD_DATA._BIN_HD_DATA.PROCESS_SEGMENTATIONS._PROCESS_SEGMENTATIONS.SEGMENT_TO_FEATURE_CELL_MATRIX.PREPROCESS_NUCLEUS_SEGMENTATION_GEOJSON.fork0.chnk06.main
2025-10-14 12:47:30 [runtime] (run:local)       ID.F07839_1n2.SPATIAL_RNA_COUNTER_CS.SPATIAL_RNA_COUNTER.SPATIAL_POST_MATRIX_COMPUTATION.BIN_HD_DATA._BIN_HD_DATA.PROCESS_SEGMENTATIONS._PROCESS_SEGMENTATIONS.SEGMENT_TO_FEATURE_CELL_MATRIX.PREPROCESS_NUCLEUS_SEGMENTATION_GEOJSON.fork0.chnk07.main
2025-10-14 12:47:30 [runtime] (run:local)       ID.F07839_1n2.SPATIAL_RNA_COUNTER_CS.SPATIAL_RNA_COUNTER.SPATIAL_POST_MATRIX_COMPUTATION.BIN_HD_DATA._BIN_HD_DATA.PROCESS_SEGMENTATIONS._PROCESS_SEGMENTATIONS.SEGMENT_TO_FEATURE_CELL_MATRIX.PREPROCESS_NUCLEUS_SEGMENTATION_GEOJSON.fork0.chnk08.main
2025-10-14 12:47:30 [runtime] (run:local)       ID.F07839_1n2.SPATIAL_RNA_COUNTER_CS.SPATIAL_RNA_COUNTER.SPATIAL_POST_MATRIX_COMPUTATION.BIN_HD_DATA._BIN_HD_DATA.PROCESS_SEGMENTATIONS._PROCESS_SEGMENTATIONS.SEGMENT_TO_FEATURE_CELL_MATRIX.PREPROCESS_NUCLEUS_SEGMENTATION_GEOJSON.fork0.chnk09.main
2025-10-14 12:47:30 [runtime] (run:local)       ID.F07839_1n2.SPATIAL_RNA_COUNTER_CS.SPATIAL_RNA_COUNTER.SPATIAL_POST_MATRIX_COMPUTATION.BIN_HD_DATA._BIN_HD_DATA.PROCESS_SEGMENTATIONS._PROCESS_SEGMENTATIONS.SEGMENT_TO_FEATURE_CELL_MATRIX.PREPROCESS_NUCLEUS_SEGMENTATION_GEOJSON.fork0.chnk10.main
2025-10-14 12:47:30 [runtime] (run:local)       ID.F07839_1n2.SPATIAL_RNA_COUNTER_CS.SPATIAL_RNA_COUNTER.SPATIAL_POST_MATRIX_COMPUTATION.BIN_HD_DATA._BIN_HD_DATA.PROCESS_SEGMENTATIONS._PROCESS_SEGMENTATIONS.SEGMENT_TO_FEATURE_CELL_MATRIX.PREPROCESS_NUCLEUS_SEGMENTATION_GEOJSON.fork0.chnk11.main
2025-10-14 12:47:30 [runtime] (run:local)       ID.F07839_1n2.SPATIAL_RNA_COUNTER_CS.SPATIAL_RNA_COUNTER.SPATIAL_POST_MATRIX_COMPUTATION.BIN_HD_DATA._BIN_HD_DATA.PROCESS_SEGMENTATIONS._PROCESS_SEGMENTATIONS.SEGMENT_TO_FEATURE_CELL_MATRIX.PREPROCESS_NUCLEUS_SEGMENTATION_GEOJSON.fork0.chnk12.main
2025-10-14 12:47:31 [runtime] (run:local)       ID.F07839_1n2.SPATIAL_RNA_COUNTER_CS.SPATIAL_RNA_COUNTER.SPATIAL_POST_MATRIX_COMPUTATION.BIN_HD_DATA._BIN_HD_DATA.PROCESS_SEGMENTATIONS._PROCESS_SEGMENTATIONS.SEGMENT_TO_FEATURE_CELL_MATRIX.PREPROCESS_NUCLEUS_SEGMENTATION_GEOJSON.fork0.chnk13.main
2025-10-14 12:47:31 [runtime] (run:local)       ID.F07839_1n2.SPATIAL_RNA_COUNTER_CS.SPATIAL_RNA_COUNTER.SPATIAL_POST_MATRIX_COMPUTATION.BIN_HD_DATA._BIN_HD_DATA.PROCESS_SEGMENTATIONS._PROCESS_SEGMENTATIONS.SEGMENT_TO_FEATURE_CELL_MATRIX.PREPROCESS_NUCLEUS_SEGMENTATION_GEOJSON.fork0.chnk14.main
2025-10-14 12:47:31 [runtime] (run:local)       ID.F07839_1n2.SPATIAL_RNA_COUNTER_CS.SPATIAL_RNA_COUNTER.SPATIAL_POST_MATRIX_COMPUTATION.BIN_HD_DATA._BIN_HD_DATA.PROCESS_SEGMENTATIONS._PROCESS_SEGMENTATIONS.SEGMENT_TO_FEATURE_CELL_MATRIX.PREPROCESS_NUCLEUS_SEGMENTATION_GEOJSON.fork0.chnk15.main
2025-10-14 12:47:31 [runtime] (run:local)       ID.F07839_1n2.SPATIAL_RNA_COUNTER_CS.SPATIAL_RNA_COUNTER.SPATIAL_POST_MATRIX_COMPUTATION.BIN_HD_DATA._BIN_HD_DATA.PROCESS_SEGMENTATIONS._PROCESS_SEGMENTATIONS.SEGMENT_TO_FEATURE_CELL_MATRIX.PREPROCESS_NUCLEUS_SEGMENTATION_GEOJSON.fork0.chnk16.main
2025-10-14 12:47:31 [runtime] (run:local)       ID.F07839_1n2.SPATIAL_RNA_COUNTER_CS.SPATIAL_RNA_COUNTER.SPATIAL_POST_MATRIX_COMPUTATION.BIN_HD_DATA._BIN_HD_DATA.PROCESS_SEGMENTATIONS._PROCESS_SEGMENTATIONS.SEGMENT_TO_FEATURE_CELL_MATRIX.PREPROCESS_NUCLEUS_SEGMENTATION_GEOJSON.fork0.chnk17.main
2025-10-14 12:47:31 [runtime] (run:local)       ID.F07839_1n2.SPATIAL_RNA_COUNTER_CS.SPATIAL_RNA_COUNTER.SPATIAL_POST_MATRIX_COMPUTATION.BIN_HD_DATA._BIN_HD_DATA.PROCESS_SEGMENTATIONS._PROCESS_SEGMENTATIONS.SEGMENT_TO_FEATURE_CELL_MATRIX.PREPROCESS_NUCLEUS_SEGMENTATION_GEOJSON.fork0.chnk18.main
2025-10-14 12:47:31 [runtime] (run:local)       ID.F07839_1n2.SPATIAL_RNA_COUNTER_CS.SPATIAL_RNA_COUNTER.SPATIAL_POST_MATRIX_COMPUTATION.BIN_HD_DATA._BIN_HD_DATA.PROCESS_SEGMENTATIONS._PROCESS_SEGMENTATIONS.SEGMENT_TO_FEATURE_CELL_MATRIX.PREPROCESS_NUCLEUS_SEGMENTATION_GEOJSON.fork0.chnk19.main
2025-10-14 12:47:31 [runtime] (run:local)       ID.F07839_1n2.SPATIAL_RNA_COUNTER_CS.SPATIAL_RNA_COUNTER.SPATIAL_POST_MATRIX_COMPUTATION.BIN_HD_DATA._BIN_HD_DATA.PROCESS_SEGMENTATIONS._PROCESS_SEGMENTATIONS.SEGMENT_TO_FEATURE_CELL_MATRIX.PREPROCESS_NUCLEUS_SEGMENTATION_GEOJSON.fork0.chnk20.main
2025-10-14 12:47:31 [runtime] (run:local)       ID.F07839_1n2.SPATIAL_RNA_COUNTER_CS.SPATIAL_RNA_COUNTER.SPATIAL_POST_MATRIX_COMPUTATION.BIN_HD_DATA._BIN_HD_DATA.PROCESS_SEGMENTATIONS._PROCESS_SEGMENTATIONS.SEGMENT_TO_FEATURE_CELL_MATRIX.PREPROCESS_NUCLEUS_SEGMENTATION_GEOJSON.fork0.chnk21.main
2025-10-14 12:47:31 [runtime] (run:local)       ID.F07839_1n2.SPATIAL_RNA_COUNTER_CS.SPATIAL_RNA_COUNTER.SPATIAL_POST_MATRIX_COMPUTATION.BIN_HD_DATA._BIN_HD_DATA.PROCESS_SEGMENTATIONS._PROCESS_SEGMENTATIONS.SEGMENT_TO_FEATURE_CELL_MATRIX.PREPROCESS_NUCLEUS_SEGMENTATION_GEOJSON.fork0.chnk22.main
2025-10-14 12:47:31 [runtime] (run:local)       ID.F07839_1n2.SPATIAL_RNA_COUNTER_CS.SPATIAL_RNA_COUNTER.SPATIAL_POST_MATRIX_COMPUTATION.BIN_HD_DATA._BIN_HD_DATA.PROCESS_SEGMENTATIONS._PROCESS_SEGMENTATIONS.SEGMENT_TO_FEATURE_CELL_MATRIX.PREPROCESS_NUCLEUS_SEGMENTATION_GEOJSON.fork0.chnk23.main
2025-10-14 12:47:31 [runtime] (run:local)       ID.F07839_1n2.SPATIAL_RNA_COUNTER_CS.SPATIAL_RNA_COUNTER.SPATIAL_POST_MATRIX_COMPUTATION.BIN_HD_DATA._BIN_HD_DATA.PROCESS_SEGMENTATIONS._PROCESS_SEGMENTATIONS.SEGMENT_TO_FEATURE_CELL_MATRIX.PREPROCESS_NUCLEUS_SEGMENTATION_GEOJSON.fork0.chnk24.main
2025-10-14 12:47:31 [runtime] (run:local)       ID.F07839_1n2.SPATIAL_RNA_COUNTER_CS.SPATIAL_RNA_COUNTER.SPATIAL_POST_MATRIX_COMPUTATION.BIN_HD_DATA._BIN_HD_DATA.PROCESS_SEGMENTATIONS._PROCESS_SEGMENTATIONS.SEGMENT_TO_FEATURE_CELL_MATRIX.PREPROCESS_NUCLEUS_SEGMENTATION_GEOJSON.fork0.chnk25.main
2025-10-14 12:47:31 [runtime] (run:local)       ID.F07839_1n2.SPATIAL_RNA_COUNTER_CS.SPATIAL_RNA_COUNTER.SPATIAL_POST_MATRIX_COMPUTATION.BIN_HD_DATA._BIN_HD_DATA.PROCESS_SEGMENTATIONS._PROCESS_SEGMENTATIONS.SEGMENT_TO_FEATURE_CELL_MATRIX.PREPROCESS_NUCLEUS_SEGMENTATION_GEOJSON.fork0.chnk26.main
2025-10-14 12:47:31 [runtime] (run:local)       ID.F07839_1n2.SPATIAL_RNA_COUNTER_CS.SPATIAL_RNA_COUNTER.SPATIAL_POST_MATRIX_COMPUTATION.BIN_HD_DATA._BIN_HD_DATA.PROCESS_SEGMENTATIONS._PROCESS_SEGMENTATIONS.SEGMENT_TO_FEATURE_CELL_MATRIX.PREPROCESS_NUCLEUS_SEGMENTATION_GEOJSON.fork0.chnk27.main
2025-10-14 12:47:31 [runtime] (run:local)       ID.F07839_1n2.SPATIAL_RNA_COUNTER_CS.SPATIAL_RNA_COUNTER.SPATIAL_POST_MATRIX_COMPUTATION.BIN_HD_DATA._BIN_HD_DATA.PROCESS_SEGMENTATIONS._PROCESS_SEGMENTATIONS.SEGMENT_TO_FEATURE_CELL_MATRIX.PREPROCESS_NUCLEUS_SEGMENTATION_GEOJSON.fork0.chnk28.main
2025-10-14 12:47:31 [runtime] (run:local)       ID.F07839_1n2.SPATIAL_RNA_COUNTER_CS.SPATIAL_RNA_COUNTER.SPATIAL_POST_MATRIX_COMPUTATION.BIN_HD_DATA._BIN_HD_DATA.PROCESS_SEGMENTATIONS._PROCESS_SEGMENTATIONS.SEGMENT_TO_FEATURE_CELL_MATRIX.PREPROCESS_NUCLEUS_SEGMENTATION_GEOJSON.fork0.chnk29.main
2025-10-14 12:47:31 [runtime] (run:local)       ID.F07839_1n2.SPATIAL_RNA_COUNTER_CS.SPATIAL_RNA_COUNTER.SPATIAL_POST_MATRIX_COMPUTATION.BIN_HD_DATA._BIN_HD_DATA.PROCESS_SEGMENTATIONS._PROCESS_SEGMENTATIONS.SEGMENT_TO_FEATURE_CELL_MATRIX.PREPROCESS_NUCLEUS_SEGMENTATION_GEOJSON.fork0.chnk30.main
2025-10-14 12:47:31 [runtime] (run:local)       ID.F07839_1n2.SPATIAL_RNA_COUNTER_CS.SPATIAL_RNA_COUNTER.SPATIAL_POST_MATRIX_COMPUTATION.BIN_HD_DATA._BIN_HD_DATA.PROCESS_SEGMENTATIONS._PROCESS_SEGMENTATIONS.SEGMENT_TO_FEATURE_CELL_MATRIX.PREPROCESS_NUCLEUS_SEGMENTATION_GEOJSON.fork0.chnk31.main
2025-10-14 12:47:31 [runtime] (run:local)       ID.F07839_1n2.SPATIAL_RNA_COUNTER_CS.SPATIAL_RNA_COUNTER.SPATIAL_POST_MATRIX_COMPUTATION.BIN_HD_DATA._BIN_HD_DATA.PROCESS_SEGMENTATIONS._PROCESS_SEGMENTATIONS.SEGMENT_TO_FEATURE_CELL_MATRIX.PREPROCESS_NUCLEUS_SEGMENTATION_GEOJSON.fork0.chnk32.main
2025-10-14 12:47:31 [runtime] (run:local)       ID.F07839_1n2.SPATIAL_RNA_COUNTER_CS.SPATIAL_RNA_COUNTER.SPATIAL_POST_MATRIX_COMPUTATION.BIN_HD_DATA._BIN_HD_DATA.PROCESS_SEGMENTATIONS._PROCESS_SEGMENTATIONS.SEGMENT_TO_FEATURE_CELL_MATRIX.PREPROCESS_NUCLEUS_SEGMENTATION_GEOJSON.fork0.chnk33.main
2025-10-14 12:47:34 [runtime] (complete)        ID.F07839_1n2.SPATIAL_RNA_COUNTER_CS.SPATIAL_RNA_COUNTER.SPATIAL_POST_MATRIX_COMPUTATION.BIN_HD_DATA._BIN_HD_DATA._COMPUTE_BINNED_OUTPUTS.CLOUPE_PREPROCESS.fork_square_002um
2025-10-14 12:47:34 [runtime] (complete)        ID.F07839_1n2.SPATIAL_RNA_COUNTER_CS.SPATIAL_RNA_COUNTER.SPATIAL_POST_MATRIX_COMPUTATION.BIN_HD_DATA._BIN_HD_DATA._COMPUTE_BINNED_OUTPUTS.CLOUPE_PREPROCESS.fork_square_016um
2025-10-14 12:47:37 [runtime] (complete)        ID.F07839_1n2.SPATIAL_RNA_COUNTER_CS.SPATIAL_RNA_COUNTER.SPATIAL_POST_MATRIX_COMPUTATION.BIN_HD_DATA._BIN_HD_DATA._COMPUTE_BINNED_OUTPUTS.CLOUPE_PREPROCESS.fork_square_002um
2025-10-14 12:47:37 [runtime] (complete)        ID.F07839_1n2.SPATIAL_RNA_COUNTER_CS.SPATIAL_RNA_COUNTER.SPATIAL_POST_MATRIX_COMPUTATION.BIN_HD_DATA._BIN_HD_DATA._COMPUTE_BINNED_OUTPUTS.CLOUPE_PREPROCESS.fork_square_016um
2025-10-14 12:47:40 [runtime] (complete)        ID.F07839_1n2.SPATIAL_RNA_COUNTER_CS.SPATIAL_RNA_COUNTER.SPATIAL_POST_MATRIX_COMPUTATION.BIN_HD_DATA._BIN_HD_DATA._COMPUTE_BINNED_OUTPUTS.CLOUPE_PREPROCESS.fork_square_002um
2025-10-14 12:47:40 [runtime] (complete)        ID.F07839_1n2.SPATIAL_RNA_COUNTER_CS.SPATIAL_RNA_COUNTER.SPATIAL_POST_MATRIX_COMPUTATION.BIN_HD_DATA._BIN_HD_DATA._COMPUTE_BINNED_OUTPUTS.CLOUPE_PREPROCESS.fork_square_016um
2025-10-14 12:47:43 [runtime] (complete)        ID.F07839_1n2.SPATIAL_RNA_COUNTER_CS.SPATIAL_RNA_COUNTER.SPATIAL_POST_MATRIX_COMPUTATION.BIN_HD_DATA._BIN_HD_DATA._COMPUTE_BINNED_OUTPUTS.CLOUPE_PREPROCESS.fork_square_002um
2025-10-14 12:47:43 [runtime] (complete)        ID.F07839_1n2.SPATIAL_RNA_COUNTER_CS.SPATIAL_RNA_COUNTER.SPATIAL_POST_MATRIX_COMPUTATION.BIN_HD_DATA._BIN_HD_DATA._COMPUTE_BINNED_OUTPUTS.CLOUPE_PREPROCESS.fork_square_016um
2025-10-14 12:47:46 [runtime] (complete)        ID.F07839_1n2.SPATIAL_RNA_COUNTER_CS.SPATIAL_RNA_COUNTER.SPATIAL_POST_MATRIX_COMPUTATION.BIN_HD_DATA._BIN_HD_DATA._COMPUTE_BINNED_OUTPUTS.CLOUPE_PREPROCESS.fork_square_002um
2025-10-14 12:47:46 [runtime] (complete)        ID.F07839_1n2.SPATIAL_RNA_COUNTER_CS.SPATIAL_RNA_COUNTER.SPATIAL_POST_MATRIX_COMPUTATION.BIN_HD_DATA._BIN_HD_DATA._COMPUTE_BINNED_OUTPUTS.CLOUPE_PREPROCESS.fork_square_016um
2025-10-14 12:47:49 [runtime] (complete)        ID.F07839_1n2.SPATIAL_RNA_COUNTER_CS.SPATIAL_RNA_COUNTER.SPATIAL_POST_MATRIX_COMPUTATION.BIN_HD_DATA._BIN_HD_DATA._COMPUTE_BINNED_OUTPUTS.CLOUPE_PREPROCESS.fork_square_002um
2025-10-14 12:47:49 [runtime] (complete)        ID.F07839_1n2.SPATIAL_RNA_COUNTER_CS.SPATIAL_RNA_COUNTER.SPATIAL_POST_MATRIX_COMPUTATION.BIN_HD_DATA._BIN_HD_DATA._COMPUTE_BINNED_OUTPUTS.CLOUPE_PREPROCESS.fork_square_016um
2025-10-14 12:47:52 [runtime] (complete)        ID.F07839_1n2.SPATIAL_RNA_COUNTER_CS.SPATIAL_RNA_COUNTER.SPATIAL_POST_MATRIX_COMPUTATION.BIN_HD_DATA._BIN_HD_DATA._COMPUTE_BINNED_OUTPUTS.CLOUPE_PREPROCESS.fork_square_002um
2025-10-14 12:47:52 [runtime] (complete)        ID.F07839_1n2.SPATIAL_RNA_COUNTER_CS.SPATIAL_RNA_COUNTER.SPATIAL_POST_MATRIX_COMPUTATION.BIN_HD_DATA._BIN_HD_DATA._COMPUTE_BINNED_OUTPUTS.CLOUPE_PREPROCESS.fork_square_016um
2025-10-14 12:47:55 [runtime] (complete)        ID.F07839_1n2.SPATIAL_RNA_COUNTER_CS.SPATIAL_RNA_COUNTER.SPATIAL_POST_MATRIX_COMPUTATION.BIN_HD_DATA._BIN_HD_DATA._COMPUTE_BINNED_OUTPUTS.CLOUPE_PREPROCESS.fork_square_002um
2025-10-14 12:47:55 [runtime] (complete)        ID.F07839_1n2.SPATIAL_RNA_COUNTER_CS.SPATIAL_RNA_COUNTER.SPATIAL_POST_MATRIX_COMPUTATION.BIN_HD_DATA._BIN_HD_DATA._COMPUTE_BINNED_OUTPUTS.CLOUPE_PREPROCESS.fork_square_016um
2025-10-14 12:47:58 [runtime] (complete)        ID.F07839_1n2.SPATIAL_RNA_COUNTER_CS.SPATIAL_RNA_COUNTER.SPATIAL_POST_MATRIX_COMPUTATION.BIN_HD_DATA._BIN_HD_DATA._COMPUTE_BINNED_OUTPUTS.CLOUPE_PREPROCESS.fork_square_002um
2025-10-14 12:47:58 [runtime] (complete)        ID.F07839_1n2.SPATIAL_RNA_COUNTER_CS.SPATIAL_RNA_COUNTER.SPATIAL_POST_MATRIX_COMPUTATION.BIN_HD_DATA._BIN_HD_DATA._COMPUTE_BINNED_OUTPUTS.CLOUPE_PREPROCESS.fork_square_016um
2025-10-14 12:48:01 [runtime] (complete)        ID.F07839_1n2.SPATIAL_RNA_COUNTER_CS.SPATIAL_RNA_COUNTER.SPATIAL_POST_MATRIX_COMPUTATION.BIN_HD_DATA._BIN_HD_DATA._COMPUTE_BINNED_OUTPUTS.CLOUPE_PREPROCESS.fork_square_002um
2025-10-14 12:48:01 [runtime] (complete)        ID.F07839_1n2.SPATIAL_RNA_COUNTER_CS.SPATIAL_RNA_COUNTER.SPATIAL_POST_MATRIX_COMPUTATION.BIN_HD_DATA._BIN_HD_DATA._COMPUTE_BINNED_OUTPUTS.CLOUPE_PREPROCESS.fork_square_016um
2025-10-14 12:48:04 [runtime] (complete)        ID.F07839_1n2.SPATIAL_RNA_COUNTER_CS.SPATIAL_RNA_COUNTER.SPATIAL_POST_MATRIX_COMPUTATION.BIN_HD_DATA._BIN_HD_DATA._COMPUTE_BINNED_OUTPUTS.CLOUPE_PREPROCESS.fork_square_002um
2025-10-14 12:48:04 [runtime] (complete)        ID.F07839_1n2.SPATIAL_RNA_COUNTER_CS.SPATIAL_RNA_COUNTER.SPATIAL_POST_MATRIX_COMPUTATION.BIN_HD_DATA._BIN_HD_DATA._COMPUTE_BINNED_OUTPUTS.CLOUPE_PREPROCESS.fork_square_016um
2025-10-14 12:48:07 [runtime] (complete)        ID.F07839_1n2.SPATIAL_RNA_COUNTER_CS.SPATIAL_RNA_COUNTER.SPATIAL_POST_MATRIX_COMPUTATION.BIN_HD_DATA._BIN_HD_DATA._COMPUTE_BINNED_OUTPUTS.CLOUPE_PREPROCESS.fork_square_002um
2025-10-14 12:48:07 [runtime] (complete)        ID.F07839_1n2.SPATIAL_RNA_COUNTER_CS.SPATIAL_RNA_COUNTER.SPATIAL_POST_MATRIX_COMPUTATION.BIN_HD_DATA._BIN_HD_DATA._COMPUTE_BINNED_OUTPUTS.CLOUPE_PREPROCESS.fork_square_016um
2025-10-14 12:48:10 [runtime] (complete)        ID.F07839_1n2.SPATIAL_RNA_COUNTER_CS.SPATIAL_RNA_COUNTER.SPATIAL_POST_MATRIX_COMPUTATION.BIN_HD_DATA._BIN_HD_DATA._COMPUTE_BINNED_OUTPUTS.CLOUPE_PREPROCESS.fork_square_002um
2025-10-14 12:48:10 [runtime] (complete)        ID.F07839_1n2.SPATIAL_RNA_COUNTER_CS.SPATIAL_RNA_COUNTER.SPATIAL_POST_MATRIX_COMPUTATION.BIN_HD_DATA._BIN_HD_DATA._COMPUTE_BINNED_OUTPUTS.CLOUPE_PREPROCESS.fork_square_016um
2025-10-14 12:48:13 [runtime] (complete)        ID.F07839_1n2.SPATIAL_RNA_COUNTER_CS.SPATIAL_RNA_COUNTER.SPATIAL_POST_MATRIX_COMPUTATION.BIN_HD_DATA._BIN_HD_DATA._COMPUTE_BINNED_OUTPUTS.CLOUPE_PREPROCESS.fork_square_002um
2025-10-14 12:48:13 [runtime] (complete)        ID.F07839_1n2.SPATIAL_RNA_COUNTER_CS.SPATIAL_RNA_COUNTER.SPATIAL_POST_MATRIX_COMPUTATION.BIN_HD_DATA._BIN_HD_DATA._COMPUTE_BINNED_OUTPUTS.CLOUPE_PREPROCESS.fork_square_016um
2025-10-14 12:48:16 [runtime] (complete)        ID.F07839_1n2.SPATIAL_RNA_COUNTER_CS.SPATIAL_RNA_COUNTER.SPATIAL_POST_MATRIX_COMPUTATION.BIN_HD_DATA._BIN_HD_DATA._COMPUTE_BINNED_OUTPUTS.CLOUPE_PREPROCESS.fork_square_002um
2025-10-14 12:48:16 [runtime] (complete)        ID.F07839_1n2.SPATIAL_RNA_COUNTER_CS.SPATIAL_RNA_COUNTER.SPATIAL_POST_MATRIX_COMPUTATION.BIN_HD_DATA._BIN_HD_DATA._COMPUTE_BINNED_OUTPUTS.CLOUPE_PREPROCESS.fork_square_016um
2025-10-14 12:48:19 [runtime] (complete)        ID.F07839_1n2.SPATIAL_RNA_COUNTER_CS.SPATIAL_RNA_COUNTER.SPATIAL_POST_MATRIX_COMPUTATION.BIN_HD_DATA._BIN_HD_DATA._COMPUTE_BINNED_OUTPUTS.CLOUPE_PREPROCESS.fork_square_002um
2025-10-14 12:48:19 [runtime] (complete)        ID.F07839_1n2.SPATIAL_RNA_COUNTER_CS.SPATIAL_RNA_COUNTER.SPATIAL_POST_MATRIX_COMPUTATION.BIN_HD_DATA._BIN_HD_DATA._COMPUTE_BINNED_OUTPUTS.CLOUPE_PREPROCESS.fork_square_016um
2025-10-14 12:48:22 [runtime] (complete)        ID.F07839_1n2.SPATIAL_RNA_COUNTER_CS.SPATIAL_RNA_COUNTER.SPATIAL_POST_MATRIX_COMPUTATION.BIN_HD_DATA._BIN_HD_DATA._COMPUTE_BINNED_OUTPUTS.CLOUPE_PREPROCESS.fork_square_002um
2025-10-14 12:48:22 [runtime] (complete)        ID.F07839_1n2.SPATIAL_RNA_COUNTER_CS.SPATIAL_RNA_COUNTER.SPATIAL_POST_MATRIX_COMPUTATION.BIN_HD_DATA._BIN_HD_DATA._COMPUTE_BINNED_OUTPUTS.CLOUPE_PREPROCESS.fork_square_016um
2025-10-14 12:48:25 [runtime] (complete)        ID.F07839_1n2.SPATIAL_RNA_COUNTER_CS.SPATIAL_RNA_COUNTER.SPATIAL_POST_MATRIX_COMPUTATION.BIN_HD_DATA._BIN_HD_DATA._COMPUTE_BINNED_OUTPUTS.CLOUPE_PREPROCESS.fork_square_002um
2025-10-14 12:48:25 [runtime] (complete)        ID.F07839_1n2.SPATIAL_RNA_COUNTER_CS.SPATIAL_RNA_COUNTER.SPATIAL_POST_MATRIX_COMPUTATION.BIN_HD_DATA._BIN_HD_DATA._COMPUTE_BINNED_OUTPUTS.CLOUPE_PREPROCESS.fork_square_016um
2025-10-14 12:48:28 [runtime] (complete)        ID.F07839_1n2.SPATIAL_RNA_COUNTER_CS.SPATIAL_RNA_COUNTER.SPATIAL_POST_MATRIX_COMPUTATION.BIN_HD_DATA._BIN_HD_DATA._COMPUTE_BINNED_OUTPUTS.CLOUPE_PREPROCESS.fork_square_002um
2025-10-14 12:48:28 [runtime] (complete)        ID.F07839_1n2.SPATIAL_RNA_COUNTER_CS.SPATIAL_RNA_COUNTER.SPATIAL_POST_MATRIX_COMPUTATION.BIN_HD_DATA._BIN_HD_DATA._COMPUTE_BINNED_OUTPUTS.CLOUPE_PREPROCESS.fork_square_016um
2025-10-14 12:48:29 [runtime] (complete)        ID.F07839_1n2.SPATIAL_RNA_COUNTER_CS.SPATIAL_RNA_COUNTER.SPATIAL_POST_MATRIX_COMPUTATION.BIN_HD_DATA._BIN_HD_DATA._COMPUTE_BINNED_OUTPUTS.CLOUPE_PREPROCESS.fork_square_002um
2025-10-14 12:48:29 [runtime] (complete)        ID.F07839_1n2.SPATIAL_RNA_COUNTER_CS.SPATIAL_RNA_COUNTER.SPATIAL_POST_MATRIX_COMPUTATION.BIN_HD_DATA._BIN_HD_DATA._COMPUTE_BINNED_OUTPUTS.CLOUPE_PREPROCESS.fork_square_016um
2025-10-14 12:48:32 [runtime] (complete)        ID.F07839_1n2.SPATIAL_RNA_COUNTER_CS.SPATIAL_RNA_COUNTER.SPATIAL_POST_MATRIX_COMPUTATION.BIN_HD_DATA._BIN_HD_DATA._COMPUTE_BINNED_OUTPUTS.CLOUPE_PREPROCESS.fork_square_002um
2025-10-14 12:48:32 [runtime] (complete)        ID.F07839_1n2.SPATIAL_RNA_COUNTER_CS.SPATIAL_RNA_COUNTER.SPATIAL_POST_MATRIX_COMPUTATION.BIN_HD_DATA._BIN_HD_DATA._COMPUTE_BINNED_OUTPUTS.CLOUPE_PREPROCESS.fork_square_016um
2025-10-14 12:48:35 [runtime] (complete)        ID.F07839_1n2.SPATIAL_RNA_COUNTER_CS.SPATIAL_RNA_COUNTER.SPATIAL_POST_MATRIX_COMPUTATION.BIN_HD_DATA._BIN_HD_DATA._COMPUTE_BINNED_OUTPUTS.CLOUPE_PREPROCESS.fork_square_002um
2025-10-14 12:48:35 [runtime] (complete)        ID.F07839_1n2.SPATIAL_RNA_COUNTER_CS.SPATIAL_RNA_COUNTER.SPATIAL_POST_MATRIX_COMPUTATION.BIN_HD_DATA._BIN_HD_DATA._COMPUTE_BINNED_OUTPUTS.CLOUPE_PREPROCESS.fork_square_016um
2025-10-14 12:48:38 [runtime] (complete)        ID.F07839_1n2.SPATIAL_RNA_COUNTER_CS.SPATIAL_RNA_COUNTER.SPATIAL_POST_MATRIX_COMPUTATION.BIN_HD_DATA._BIN_HD_DATA._COMPUTE_BINNED_OUTPUTS.CLOUPE_PREPROCESS.fork_square_002um
2025-10-14 12:48:38 [runtime] (complete)        ID.F07839_1n2.SPATIAL_RNA_COUNTER_CS.SPATIAL_RNA_COUNTER.SPATIAL_POST_MATRIX_COMPUTATION.BIN_HD_DATA._BIN_HD_DATA._COMPUTE_BINNED_OUTPUTS.CLOUPE_PREPROCESS.fork_square_016um
2025-10-14 12:48:41 [runtime] (complete)        ID.F07839_1n2.SPATIAL_RNA_COUNTER_CS.SPATIAL_RNA_COUNTER.SPATIAL_POST_MATRIX_COMPUTATION.BIN_HD_DATA._BIN_HD_DATA._COMPUTE_BINNED_OUTPUTS.CLOUPE_PREPROCESS.fork_square_002um
2025-10-14 12:48:41 [runtime] (complete)        ID.F07839_1n2.SPATIAL_RNA_COUNTER_CS.SPATIAL_RNA_COUNTER.SPATIAL_POST_MATRIX_COMPUTATION.BIN_HD_DATA._BIN_HD_DATA._COMPUTE_BINNED_OUTPUTS.CLOUPE_PREPROCESS.fork_square_016um
2025-10-14 12:48:44 [runtime] (complete)        ID.F07839_1n2.SPATIAL_RNA_COUNTER_CS.SPATIAL_RNA_COUNTER.SPATIAL_POST_MATRIX_COMPUTATION.BIN_HD_DATA._BIN_HD_DATA._COMPUTE_BINNED_OUTPUTS.CLOUPE_PREPROCESS.fork_square_002um
2025-10-14 12:48:44 [runtime] (complete)        ID.F07839_1n2.SPATIAL_RNA_COUNTER_CS.SPATIAL_RNA_COUNTER.SPATIAL_POST_MATRIX_COMPUTATION.BIN_HD_DATA._BIN_HD_DATA._COMPUTE_BINNED_OUTPUTS.CLOUPE_PREPROCESS.fork_square_016um
2025-10-14 12:48:47 [runtime] (complete)        ID.F07839_1n2.SPATIAL_RNA_COUNTER_CS.SPATIAL_RNA_COUNTER.SPATIAL_POST_MATRIX_COMPUTATION.BIN_HD_DATA._BIN_HD_DATA._COMPUTE_BINNED_OUTPUTS.CLOUPE_PREPROCESS.fork_square_002um
2025-10-14 12:48:47 [runtime] (complete)        ID.F07839_1n2.SPATIAL_RNA_COUNTER_CS.SPATIAL_RNA_COUNTER.SPATIAL_POST_MATRIX_COMPUTATION.BIN_HD_DATA._BIN_HD_DATA._COMPUTE_BINNED_OUTPUTS.CLOUPE_PREPROCESS.fork_square_016um
2025-10-14 12:48:50 [runtime] (complete)        ID.F07839_1n2.SPATIAL_RNA_COUNTER_CS.SPATIAL_RNA_COUNTER.SPATIAL_POST_MATRIX_COMPUTATION.BIN_HD_DATA._BIN_HD_DATA._COMPUTE_BINNED_OUTPUTS.CLOUPE_PREPROCESS.fork_square_002um
2025-10-14 12:48:50 [runtime] (complete)        ID.F07839_1n2.SPATIAL_RNA_COUNTER_CS.SPATIAL_RNA_COUNTER.SPATIAL_POST_MATRIX_COMPUTATION.BIN_HD_DATA._BIN_HD_DATA._COMPUTE_BINNED_OUTPUTS.CLOUPE_PREPROCESS.fork_square_016um
2025-10-14 12:48:51 [runtime] (complete)        ID.F07839_1n2.SPATIAL_RNA_COUNTER_CS.SPATIAL_RNA_COUNTER.SPATIAL_POST_MATRIX_COMPUTATION.BIN_HD_DATA._BIN_HD_DATA._COMPUTE_BINNED_OUTPUTS.CLOUPE_PREPROCESS.fork_square_002um
2025-10-14 12:48:51 [runtime] (complete)        ID.F07839_1n2.SPATIAL_RNA_COUNTER_CS.SPATIAL_RNA_COUNTER.SPATIAL_POST_MATRIX_COMPUTATION.BIN_HD_DATA._BIN_HD_DATA._COMPUTE_BINNED_OUTPUTS.CLOUPE_PREPROCESS.fork_square_016um
2025-10-14 12:48:54 [runtime] (complete)        ID.F07839_1n2.SPATIAL_RNA_COUNTER_CS.SPATIAL_RNA_COUNTER.SPATIAL_POST_MATRIX_COMPUTATION.BIN_HD_DATA._BIN_HD_DATA._COMPUTE_BINNED_OUTPUTS.CLOUPE_PREPROCESS.fork_square_002um
2025-10-14 12:48:54 [runtime] (complete)        ID.F07839_1n2.SPATIAL_RNA_COUNTER_CS.SPATIAL_RNA_COUNTER.SPATIAL_POST_MATRIX_COMPUTATION.BIN_HD_DATA._BIN_HD_DATA._COMPUTE_BINNED_OUTPUTS.CLOUPE_PREPROCESS.fork_square_016um
2025-10-14 12:48:57 [runtime] (complete)        ID.F07839_1n2.SPATIAL_RNA_COUNTER_CS.SPATIAL_RNA_COUNTER.SPATIAL_POST_MATRIX_COMPUTATION.BIN_HD_DATA._BIN_HD_DATA._COMPUTE_BINNED_OUTPUTS.CLOUPE_PREPROCESS.fork_square_002um
2025-10-14 12:48:57 [runtime] (complete)        ID.F07839_1n2.SPATIAL_RNA_COUNTER_CS.SPATIAL_RNA_COUNTER.SPATIAL_POST_MATRIX_COMPUTATION.BIN_HD_DATA._BIN_HD_DATA._COMPUTE_BINNED_OUTPUTS.CLOUPE_PREPROCESS.fork_square_016um
2025-10-14 12:49:00 [runtime] (complete)        ID.F07839_1n2.SPATIAL_RNA_COUNTER_CS.SPATIAL_RNA_COUNTER.SPATIAL_POST_MATRIX_COMPUTATION.BIN_HD_DATA._BIN_HD_DATA._COMPUTE_BINNED_OUTPUTS.CLOUPE_PREPROCESS.fork_square_002um
2025-10-14 12:49:00 [runtime] (complete)        ID.F07839_1n2.SPATIAL_RNA_COUNTER_CS.SPATIAL_RNA_COUNTER.SPATIAL_POST_MATRIX_COMPUTATION.BIN_HD_DATA._BIN_HD_DATA._COMPUTE_BINNED_OUTPUTS.CLOUPE_PREPROCESS.fork_square_016um
2025-10-14 12:49:04 [runtime] (complete)        ID.F07839_1n2.SPATIAL_RNA_COUNTER_CS.SPATIAL_RNA_COUNTER.SPATIAL_POST_MATRIX_COMPUTATION.BIN_HD_DATA._BIN_HD_DATA._COMPUTE_BINNED_OUTPUTS.CLOUPE_PREPROCESS.fork_square_002um
2025-10-14 12:49:04 [runtime] (complete)        ID.F07839_1n2.SPATIAL_RNA_COUNTER_CS.SPATIAL_RNA_COUNTER.SPATIAL_POST_MATRIX_COMPUTATION.BIN_HD_DATA._BIN_HD_DATA._COMPUTE_BINNED_OUTPUTS.CLOUPE_PREPROCESS.fork_square_016um
2025-10-14 12:49:04 [runtime] (complete)        ID.F07839_1n2.SPATIAL_RNA_COUNTER_CS.SPATIAL_RNA_COUNTER.SPATIAL_POST_MATRIX_COMPUTATION.BIN_HD_DATA._BIN_HD_DATA._COMPUTE_BINNED_OUTPUTS.CLOUPE_PREPROCESS.fork_square_002um
2025-10-14 12:49:04 [runtime] (complete)        ID.F07839_1n2.SPATIAL_RNA_COUNTER_CS.SPATIAL_RNA_COUNTER.SPATIAL_POST_MATRIX_COMPUTATION.BIN_HD_DATA._BIN_HD_DATA._COMPUTE_BINNED_OUTPUTS.CLOUPE_PREPROCESS.fork_square_016um
2025-10-14 12:49:05 [runtime] (complete)        ID.F07839_1n2.SPATIAL_RNA_COUNTER_CS.SPATIAL_RNA_COUNTER.SPATIAL_POST_MATRIX_COMPUTATION.BIN_HD_DATA._BIN_HD_DATA._COMPUTE_BINNED_OUTPUTS.CLOUPE_PREPROCESS.fork_square_002um
2025-10-14 12:49:05 [runtime] (join_complete)   ID.F07839_1n2.SPATIAL_RNA_COUNTER_CS.SPATIAL_RNA_COUNTER.SPATIAL_POST_MATRIX_COMPUTATION.BIN_HD_DATA._BIN_HD_DATA._COMPUTE_BINNED_OUTPUTS.CLOUPE_PREPROCESS.fork_square_008um
2025-10-14 12:49:05 [runtime] (complete)        ID.F07839_1n2.SPATIAL_RNA_COUNTER_CS.SPATIAL_RNA_COUNTER.SPATIAL_POST_MATRIX_COMPUTATION.BIN_HD_DATA._BIN_HD_DATA._COMPUTE_BINNED_OUTPUTS.CLOUPE_PREPROCESS.fork_square_016um
2025-10-14 12:49:44 [runtime] (chunks_complete) ID.F07839_1n2.SPATIAL_RNA_COUNTER_CS.SPATIAL_RNA_COUNTER.SPATIAL_POST_MATRIX_COMPUTATION.BIN_HD_DATA._BIN_HD_DATA.PICK_INPUTS_FOR_CELLSEG_LOUPE
2025-10-14 12:51:34 [runtime] (chunks_complete) ID.F07839_1n2.SPATIAL_RNA_COUNTER_CS.SPATIAL_RNA_COUNTER.SPATIAL_POST_MATRIX_COMPUTATION.BIN_HD_DATA._BIN_HD_DATA.PROCESS_SEGMENTATIONS._PROCESS_SEGMENTATIONS.SEGMENT_TO_FEATURE_CELL_MATRIX.PREPROCESS_NUCLEUS_SEGMENTATION_GEOJSON
2025-10-14 12:51:34 [runtime] (run:local)       ID.F07839_1n2.SPATIAL_RNA_COUNTER_CS.SPATIAL_RNA_COUNTER.SPATIAL_POST_MATRIX_COMPUTATION.BIN_HD_DATA._BIN_HD_DATA.PROCESS_SEGMENTATIONS._PROCESS_SEGMENTATIONS.SEGMENT_TO_FEATURE_CELL_MATRIX.PREPROCESS_NUCLEUS_SEGMENTATION_GEOJSON.fork0.join
2025-10-14 12:52:03 [runtime] (join_complete)   ID.F07839_1n2.SPATIAL_RNA_COUNTER_CS.SPATIAL_RNA_COUNTER.SPATIAL_POST_MATRIX_COMPUTATION.BIN_HD_DATA._BIN_HD_DATA.PROCESS_SEGMENTATIONS._PROCESS_SEGMENTATIONS.SEGMENT_TO_FEATURE_CELL_MATRIX.PREPROCESS_NUCLEUS_SEGMENTATION_GEOJSON
2025-10-14 12:52:03 [runtime] (ready)           ID.F07839_1n2.SPATIAL_RNA_COUNTER_CS.SPATIAL_RNA_COUNTER.SPATIAL_POST_MATRIX_COMPUTATION.BIN_HD_DATA._BIN_HD_DATA.PROCESS_SEGMENTATIONS._PROCESS_SEGMENTATIONS.SEGMENT_TO_FEATURE_CELL_MATRIX.CLEAN_SPOT_MASK
2025-10-14 12:52:03 [runtime] (run:local)       ID.F07839_1n2.SPATIAL_RNA_COUNTER_CS.SPATIAL_RNA_COUNTER.SPATIAL_POST_MATRIX_COMPUTATION.BIN_HD_DATA._BIN_HD_DATA.PROCESS_SEGMENTATIONS._PROCESS_SEGMENTATIONS.SEGMENT_TO_FEATURE_CELL_MATRIX.CLEAN_SPOT_MASK.fork0.chnk0.main
2025-10-14 12:52:13 [runtime] (chunks_complete) ID.F07839_1n2.SPATIAL_RNA_COUNTER_CS.SPATIAL_RNA_COUNTER.SPATIAL_POST_MATRIX_COMPUTATION.BIN_HD_DATA._BIN_HD_DATA.PROCESS_SEGMENTATIONS._PROCESS_SEGMENTATIONS.SEGMENT_TO_FEATURE_CELL_MATRIX.CLEAN_SPOT_MASK
2025-10-14 12:52:13 [runtime] (ready)           ID.F07839_1n2.SPATIAL_RNA_COUNTER_CS.SPATIAL_RNA_COUNTER.SPATIAL_POST_MATRIX_COMPUTATION.BIN_HD_DATA._BIN_HD_DATA.PROCESS_SEGMENTATIONS._PROCESS_SEGMENTATIONS.SEGMENT_TO_FEATURE_CELL_MATRIX.ASSIGN_NUCLEI
2025-10-14 12:52:13 [runtime] (run:local)       ID.F07839_1n2.SPATIAL_RNA_COUNTER_CS.SPATIAL_RNA_COUNTER.SPATIAL_POST_MATRIX_COMPUTATION.BIN_HD_DATA._BIN_HD_DATA.PROCESS_SEGMENTATIONS._PROCESS_SEGMENTATIONS.SEGMENT_TO_FEATURE_CELL_MATRIX.ASSIGN_NUCLEI.fork0.chnk0.main
2025-10-14 12:52:13 [runtime] (ready)           ID.F07839_1n2.SPATIAL_RNA_COUNTER_CS.SPATIAL_RNA_COUNTER.SPATIAL_POST_MATRIX_COMPUTATION.BIN_HD_DATA._BIN_HD_DATA.PROCESS_SEGMENTATIONS._PROCESS_SEGMENTATIONS.SEGMENT_TO_FEATURE_CELL_MATRIX.DERASTERISE_NUCLEUS_MASK
2025-10-14 12:52:13 [runtime] (run:local)       ID.F07839_1n2.SPATIAL_RNA_COUNTER_CS.SPATIAL_RNA_COUNTER.SPATIAL_POST_MATRIX_COMPUTATION.BIN_HD_DATA._BIN_HD_DATA.PROCESS_SEGMENTATIONS._PROCESS_SEGMENTATIONS.SEGMENT_TO_FEATURE_CELL_MATRIX.DERASTERISE_NUCLEUS_MASK.fork0.split
2025-10-14 12:52:23 [runtime] (chunks_complete) ID.F07839_1n2.SPATIAL_RNA_COUNTER_CS.SPATIAL_RNA_COUNTER.SPATIAL_POST_MATRIX_COMPUTATION.BIN_HD_DATA._BIN_HD_DATA.PROCESS_SEGMENTATIONS._PROCESS_SEGMENTATIONS.SEGMENT_TO_FEATURE_CELL_MATRIX.ASSIGN_NUCLEI
2025-10-14 12:52:23 [runtime] (ready)           ID.F07839_1n2.SPATIAL_RNA_COUNTER_CS.SPATIAL_RNA_COUNTER.SPATIAL_POST_MATRIX_COMPUTATION.BIN_HD_DATA._BIN_HD_DATA.PROCESS_SEGMENTATIONS._PROCESS_SEGMENTATIONS.SEGMENT_TO_FEATURE_CELL_MATRIX.DERASTERISE_MASK
2025-10-14 12:52:23 [runtime] (run:local)       ID.F07839_1n2.SPATIAL_RNA_COUNTER_CS.SPATIAL_RNA_COUNTER.SPATIAL_POST_MATRIX_COMPUTATION.BIN_HD_DATA._BIN_HD_DATA.PROCESS_SEGMENTATIONS._PROCESS_SEGMENTATIONS.SEGMENT_TO_FEATURE_CELL_MATRIX.DERASTERISE_MASK.fork0.split
2025-10-14 12:52:23 [runtime] (ready)           ID.F07839_1n2.SPATIAL_RNA_COUNTER_CS.SPATIAL_RNA_COUNTER.SPATIAL_POST_MATRIX_COMPUTATION.BIN_HD_DATA._BIN_HD_DATA.PROCESS_SEGMENTATIONS._PROCESS_SEGMENTATIONS.SEGMENT_TO_FEATURE_CELL_MATRIX.SEGMENT_COUNT_SHARDS.BIN_SPOTS_TO_CELLS
2025-10-14 12:52:23 [runtime] (run:local)       ID.F07839_1n2.SPATIAL_RNA_COUNTER_CS.SPATIAL_RNA_COUNTER.SPATIAL_POST_MATRIX_COMPUTATION.BIN_HD_DATA._BIN_HD_DATA.PROCESS_SEGMENTATIONS._PROCESS_SEGMENTATIONS.SEGMENT_TO_FEATURE_CELL_MATRIX.SEGMENT_COUNT_SHARDS.BIN_SPOTS_TO_CELLS.fork0.chnk0.main
2025-10-14 12:52:24 [runtime] (split_complete)  ID.F07839_1n2.SPATIAL_RNA_COUNTER_CS.SPATIAL_RNA_COUNTER.SPATIAL_POST_MATRIX_COMPUTATION.BIN_HD_DATA._BIN_HD_DATA.PROCESS_SEGMENTATIONS._PROCESS_SEGMENTATIONS.SEGMENT_TO_FEATURE_CELL_MATRIX.DERASTERISE_NUCLEUS_MASK
2025-10-14 12:52:24 [runtime] (run:local)       ID.F07839_1n2.SPATIAL_RNA_COUNTER_CS.SPATIAL_RNA_COUNTER.SPATIAL_POST_MATRIX_COMPUTATION.BIN_HD_DATA._BIN_HD_DATA.PROCESS_SEGMENTATIONS._PROCESS_SEGMENTATIONS.SEGMENT_TO_FEATURE_CELL_MATRIX.DERASTERISE_NUCLEUS_MASK.fork0.chnk00.main
2025-10-14 12:52:24 [runtime] (run:local)       ID.F07839_1n2.SPATIAL_RNA_COUNTER_CS.SPATIAL_RNA_COUNTER.SPATIAL_POST_MATRIX_COMPUTATION.BIN_HD_DATA._BIN_HD_DATA.PROCESS_SEGMENTATIONS._PROCESS_SEGMENTATIONS.SEGMENT_TO_FEATURE_CELL_MATRIX.DERASTERISE_NUCLEUS_MASK.fork0.chnk01.main
2025-10-14 12:52:24 [runtime] (run:local)       ID.F07839_1n2.SPATIAL_RNA_COUNTER_CS.SPATIAL_RNA_COUNTER.SPATIAL_POST_MATRIX_COMPUTATION.BIN_HD_DATA._BIN_HD_DATA.PROCESS_SEGMENTATIONS._PROCESS_SEGMENTATIONS.SEGMENT_TO_FEATURE_CELL_MATRIX.DERASTERISE_NUCLEUS_MASK.fork0.chnk02.main
2025-10-14 12:52:24 [runtime] (run:local)       ID.F07839_1n2.SPATIAL_RNA_COUNTER_CS.SPATIAL_RNA_COUNTER.SPATIAL_POST_MATRIX_COMPUTATION.BIN_HD_DATA._BIN_HD_DATA.PROCESS_SEGMENTATIONS._PROCESS_SEGMENTATIONS.SEGMENT_TO_FEATURE_CELL_MATRIX.DERASTERISE_NUCLEUS_MASK.fork0.chnk03.main
2025-10-14 12:52:24 [runtime] (run:local)       ID.F07839_1n2.SPATIAL_RNA_COUNTER_CS.SPATIAL_RNA_COUNTER.SPATIAL_POST_MATRIX_COMPUTATION.BIN_HD_DATA._BIN_HD_DATA.PROCESS_SEGMENTATIONS._PROCESS_SEGMENTATIONS.SEGMENT_TO_FEATURE_CELL_MATRIX.DERASTERISE_NUCLEUS_MASK.fork0.chnk04.main
2025-10-14 12:52:24 [runtime] (run:local)       ID.F07839_1n2.SPATIAL_RNA_COUNTER_CS.SPATIAL_RNA_COUNTER.SPATIAL_POST_MATRIX_COMPUTATION.BIN_HD_DATA._BIN_HD_DATA.PROCESS_SEGMENTATIONS._PROCESS_SEGMENTATIONS.SEGMENT_TO_FEATURE_CELL_MATRIX.DERASTERISE_NUCLEUS_MASK.fork0.chnk05.main
2025-10-14 12:52:24 [runtime] (run:local)       ID.F07839_1n2.SPATIAL_RNA_COUNTER_CS.SPATIAL_RNA_COUNTER.SPATIAL_POST_MATRIX_COMPUTATION.BIN_HD_DATA._BIN_HD_DATA.PROCESS_SEGMENTATIONS._PROCESS_SEGMENTATIONS.SEGMENT_TO_FEATURE_CELL_MATRIX.DERASTERISE_NUCLEUS_MASK.fork0.chnk06.main
2025-10-14 12:52:24 [runtime] (run:local)       ID.F07839_1n2.SPATIAL_RNA_COUNTER_CS.SPATIAL_RNA_COUNTER.SPATIAL_POST_MATRIX_COMPUTATION.BIN_HD_DATA._BIN_HD_DATA.PROCESS_SEGMENTATIONS._PROCESS_SEGMENTATIONS.SEGMENT_TO_FEATURE_CELL_MATRIX.DERASTERISE_NUCLEUS_MASK.fork0.chnk07.main
2025-10-14 12:52:25 [runtime] (run:local)       ID.F07839_1n2.SPATIAL_RNA_COUNTER_CS.SPATIAL_RNA_COUNTER.SPATIAL_POST_MATRIX_COMPUTATION.BIN_HD_DATA._BIN_HD_DATA.PROCESS_SEGMENTATIONS._PROCESS_SEGMENTATIONS.SEGMENT_TO_FEATURE_CELL_MATRIX.DERASTERISE_NUCLEUS_MASK.fork0.chnk08.main
2025-10-14 12:52:25 [runtime] (run:local)       ID.F07839_1n2.SPATIAL_RNA_COUNTER_CS.SPATIAL_RNA_COUNTER.SPATIAL_POST_MATRIX_COMPUTATION.BIN_HD_DATA._BIN_HD_DATA.PROCESS_SEGMENTATIONS._PROCESS_SEGMENTATIONS.SEGMENT_TO_FEATURE_CELL_MATRIX.DERASTERISE_NUCLEUS_MASK.fork0.chnk09.main
2025-10-14 12:52:25 [runtime] (run:local)       ID.F07839_1n2.SPATIAL_RNA_COUNTER_CS.SPATIAL_RNA_COUNTER.SPATIAL_POST_MATRIX_COMPUTATION.BIN_HD_DATA._BIN_HD_DATA.PROCESS_SEGMENTATIONS._PROCESS_SEGMENTATIONS.SEGMENT_TO_FEATURE_CELL_MATRIX.DERASTERISE_NUCLEUS_MASK.fork0.chnk10.main
2025-10-14 12:52:25 [runtime] (run:local)       ID.F07839_1n2.SPATIAL_RNA_COUNTER_CS.SPATIAL_RNA_COUNTER.SPATIAL_POST_MATRIX_COMPUTATION.BIN_HD_DATA._BIN_HD_DATA.PROCESS_SEGMENTATIONS._PROCESS_SEGMENTATIONS.SEGMENT_TO_FEATURE_CELL_MATRIX.DERASTERISE_NUCLEUS_MASK.fork0.chnk11.main
2025-10-14 12:52:25 [runtime] (run:local)       ID.F07839_1n2.SPATIAL_RNA_COUNTER_CS.SPATIAL_RNA_COUNTER.SPATIAL_POST_MATRIX_COMPUTATION.BIN_HD_DATA._BIN_HD_DATA.PROCESS_SEGMENTATIONS._PROCESS_SEGMENTATIONS.SEGMENT_TO_FEATURE_CELL_MATRIX.DERASTERISE_NUCLEUS_MASK.fork0.chnk12.main
2025-10-14 12:52:25 [runtime] (run:local)       ID.F07839_1n2.SPATIAL_RNA_COUNTER_CS.SPATIAL_RNA_COUNTER.SPATIAL_POST_MATRIX_COMPUTATION.BIN_HD_DATA._BIN_HD_DATA.PROCESS_SEGMENTATIONS._PROCESS_SEGMENTATIONS.SEGMENT_TO_FEATURE_CELL_MATRIX.DERASTERISE_NUCLEUS_MASK.fork0.chnk13.main
2025-10-14 12:52:25 [runtime] (run:local)       ID.F07839_1n2.SPATIAL_RNA_COUNTER_CS.SPATIAL_RNA_COUNTER.SPATIAL_POST_MATRIX_COMPUTATION.BIN_HD_DATA._BIN_HD_DATA.PROCESS_SEGMENTATIONS._PROCESS_SEGMENTATIONS.SEGMENT_TO_FEATURE_CELL_MATRIX.DERASTERISE_NUCLEUS_MASK.fork0.chnk14.main
2025-10-14 12:52:25 [runtime] (run:local)       ID.F07839_1n2.SPATIAL_RNA_COUNTER_CS.SPATIAL_RNA_COUNTER.SPATIAL_POST_MATRIX_COMPUTATION.BIN_HD_DATA._BIN_HD_DATA.PROCESS_SEGMENTATIONS._PROCESS_SEGMENTATIONS.SEGMENT_TO_FEATURE_CELL_MATRIX.DERASTERISE_NUCLEUS_MASK.fork0.chnk15.main
2025-10-14 12:52:25 [runtime] (run:local)       ID.F07839_1n2.SPATIAL_RNA_COUNTER_CS.SPATIAL_RNA_COUNTER.SPATIAL_POST_MATRIX_COMPUTATION.BIN_HD_DATA._BIN_HD_DATA.PROCESS_SEGMENTATIONS._PROCESS_SEGMENTATIONS.SEGMENT_TO_FEATURE_CELL_MATRIX.DERASTERISE_NUCLEUS_MASK.fork0.chnk16.main
2025-10-14 12:52:25 [runtime] (run:local)       ID.F07839_1n2.SPATIAL_RNA_COUNTER_CS.SPATIAL_RNA_COUNTER.SPATIAL_POST_MATRIX_COMPUTATION.BIN_HD_DATA._BIN_HD_DATA.PROCESS_SEGMENTATIONS._PROCESS_SEGMENTATIONS.SEGMENT_TO_FEATURE_CELL_MATRIX.DERASTERISE_NUCLEUS_MASK.fork0.chnk17.main
2025-10-14 12:52:26 [runtime] (split_complete)  ID.F07839_1n2.SPATIAL_RNA_COUNTER_CS.SPATIAL_RNA_COUNTER.SPATIAL_POST_MATRIX_COMPUTATION.BIN_HD_DATA._BIN_HD_DATA.PROCESS_SEGMENTATIONS._PROCESS_SEGMENTATIONS.SEGMENT_TO_FEATURE_CELL_MATRIX.DERASTERISE_MASK
2025-10-14 12:52:27 [runtime] (run:local)       ID.F07839_1n2.SPATIAL_RNA_COUNTER_CS.SPATIAL_RNA_COUNTER.SPATIAL_POST_MATRIX_COMPUTATION.BIN_HD_DATA._BIN_HD_DATA.PROCESS_SEGMENTATIONS._PROCESS_SEGMENTATIONS.SEGMENT_TO_FEATURE_CELL_MATRIX.DERASTERISE_MASK.fork0.chnk00.main
2025-10-14 12:52:27 [runtime] (run:local)       ID.F07839_1n2.SPATIAL_RNA_COUNTER_CS.SPATIAL_RNA_COUNTER.SPATIAL_POST_MATRIX_COMPUTATION.BIN_HD_DATA._BIN_HD_DATA.PROCESS_SEGMENTATIONS._PROCESS_SEGMENTATIONS.SEGMENT_TO_FEATURE_CELL_MATRIX.DERASTERISE_MASK.fork0.chnk01.main
2025-10-14 12:52:27 [runtime] (run:local)       ID.F07839_1n2.SPATIAL_RNA_COUNTER_CS.SPATIAL_RNA_COUNTER.SPATIAL_POST_MATRIX_COMPUTATION.BIN_HD_DATA._BIN_HD_DATA.PROCESS_SEGMENTATIONS._PROCESS_SEGMENTATIONS.SEGMENT_TO_FEATURE_CELL_MATRIX.DERASTERISE_MASK.fork0.chnk02.main
2025-10-14 12:52:27 [runtime] (run:local)       ID.F07839_1n2.SPATIAL_RNA_COUNTER_CS.SPATIAL_RNA_COUNTER.SPATIAL_POST_MATRIX_COMPUTATION.BIN_HD_DATA._BIN_HD_DATA.PROCESS_SEGMENTATIONS._PROCESS_SEGMENTATIONS.SEGMENT_TO_FEATURE_CELL_MATRIX.DERASTERISE_MASK.fork0.chnk03.main
2025-10-14 12:52:27 [runtime] (run:local)       ID.F07839_1n2.SPATIAL_RNA_COUNTER_CS.SPATIAL_RNA_COUNTER.SPATIAL_POST_MATRIX_COMPUTATION.BIN_HD_DATA._BIN_HD_DATA.PROCESS_SEGMENTATIONS._PROCESS_SEGMENTATIONS.SEGMENT_TO_FEATURE_CELL_MATRIX.DERASTERISE_MASK.fork0.chnk04.main
2025-10-14 12:52:27 [runtime] (run:local)       ID.F07839_1n2.SPATIAL_RNA_COUNTER_CS.SPATIAL_RNA_COUNTER.SPATIAL_POST_MATRIX_COMPUTATION.BIN_HD_DATA._BIN_HD_DATA.PROCESS_SEGMENTATIONS._PROCESS_SEGMENTATIONS.SEGMENT_TO_FEATURE_CELL_MATRIX.DERASTERISE_MASK.fork0.chnk05.main
2025-10-14 12:52:27 [runtime] (run:local)       ID.F07839_1n2.SPATIAL_RNA_COUNTER_CS.SPATIAL_RNA_COUNTER.SPATIAL_POST_MATRIX_COMPUTATION.BIN_HD_DATA._BIN_HD_DATA.PROCESS_SEGMENTATIONS._PROCESS_SEGMENTATIONS.SEGMENT_TO_FEATURE_CELL_MATRIX.DERASTERISE_MASK.fork0.chnk06.main
2025-10-14 12:52:27 [runtime] (run:local)       ID.F07839_1n2.SPATIAL_RNA_COUNTER_CS.SPATIAL_RNA_COUNTER.SPATIAL_POST_MATRIX_COMPUTATION.BIN_HD_DATA._BIN_HD_DATA.PROCESS_SEGMENTATIONS._PROCESS_SEGMENTATIONS.SEGMENT_TO_FEATURE_CELL_MATRIX.DERASTERISE_MASK.fork0.chnk07.main
2025-10-14 12:52:27 [runtime] (run:local)       ID.F07839_1n2.SPATIAL_RNA_COUNTER_CS.SPATIAL_RNA_COUNTER.SPATIAL_POST_MATRIX_COMPUTATION.BIN_HD_DATA._BIN_HD_DATA.PROCESS_SEGMENTATIONS._PROCESS_SEGMENTATIONS.SEGMENT_TO_FEATURE_CELL_MATRIX.DERASTERISE_MASK.fork0.chnk08.main
2025-10-14 12:52:27 [runtime] (run:local)       ID.F07839_1n2.SPATIAL_RNA_COUNTER_CS.SPATIAL_RNA_COUNTER.SPATIAL_POST_MATRIX_COMPUTATION.BIN_HD_DATA._BIN_HD_DATA.PROCESS_SEGMENTATIONS._PROCESS_SEGMENTATIONS.SEGMENT_TO_FEATURE_CELL_MATRIX.DERASTERISE_MASK.fork0.chnk09.main
2025-10-14 12:52:27 [runtime] (run:local)       ID.F07839_1n2.SPATIAL_RNA_COUNTER_CS.SPATIAL_RNA_COUNTER.SPATIAL_POST_MATRIX_COMPUTATION.BIN_HD_DATA._BIN_HD_DATA.PROCESS_SEGMENTATIONS._PROCESS_SEGMENTATIONS.SEGMENT_TO_FEATURE_CELL_MATRIX.DERASTERISE_MASK.fork0.chnk10.main
2025-10-14 12:52:27 [runtime] (run:local)       ID.F07839_1n2.SPATIAL_RNA_COUNTER_CS.SPATIAL_RNA_COUNTER.SPATIAL_POST_MATRIX_COMPUTATION.BIN_HD_DATA._BIN_HD_DATA.PROCESS_SEGMENTATIONS._PROCESS_SEGMENTATIONS.SEGMENT_TO_FEATURE_CELL_MATRIX.DERASTERISE_MASK.fork0.chnk11.main
2025-10-14 12:52:27 [runtime] (run:local)       ID.F07839_1n2.SPATIAL_RNA_COUNTER_CS.SPATIAL_RNA_COUNTER.SPATIAL_POST_MATRIX_COMPUTATION.BIN_HD_DATA._BIN_HD_DATA.PROCESS_SEGMENTATIONS._PROCESS_SEGMENTATIONS.SEGMENT_TO_FEATURE_CELL_MATRIX.DERASTERISE_MASK.fork0.chnk12.main
2025-10-14 12:52:27 [runtime] (run:local)       ID.F07839_1n2.SPATIAL_RNA_COUNTER_CS.SPATIAL_RNA_COUNTER.SPATIAL_POST_MATRIX_COMPUTATION.BIN_HD_DATA._BIN_HD_DATA.PROCESS_SEGMENTATIONS._PROCESS_SEGMENTATIONS.SEGMENT_TO_FEATURE_CELL_MATRIX.DERASTERISE_MASK.fork0.chnk13.main
2025-10-14 12:52:27 [runtime] (run:local)       ID.F07839_1n2.SPATIAL_RNA_COUNTER_CS.SPATIAL_RNA_COUNTER.SPATIAL_POST_MATRIX_COMPUTATION.BIN_HD_DATA._BIN_HD_DATA.PROCESS_SEGMENTATIONS._PROCESS_SEGMENTATIONS.SEGMENT_TO_FEATURE_CELL_MATRIX.DERASTERISE_MASK.fork0.chnk14.main
2025-10-14 12:52:27 [runtime] (run:local)       ID.F07839_1n2.SPATIAL_RNA_COUNTER_CS.SPATIAL_RNA_COUNTER.SPATIAL_POST_MATRIX_COMPUTATION.BIN_HD_DATA._BIN_HD_DATA.PROCESS_SEGMENTATIONS._PROCESS_SEGMENTATIONS.SEGMENT_TO_FEATURE_CELL_MATRIX.DERASTERISE_MASK.fork0.chnk15.main
2025-10-14 12:52:27 [runtime] (run:local)       ID.F07839_1n2.SPATIAL_RNA_COUNTER_CS.SPATIAL_RNA_COUNTER.SPATIAL_POST_MATRIX_COMPUTATION.BIN_HD_DATA._BIN_HD_DATA.PROCESS_SEGMENTATIONS._PROCESS_SEGMENTATIONS.SEGMENT_TO_FEATURE_CELL_MATRIX.DERASTERISE_MASK.fork0.chnk16.main
2025-10-14 12:52:27 [runtime] (run:local)       ID.F07839_1n2.SPATIAL_RNA_COUNTER_CS.SPATIAL_RNA_COUNTER.SPATIAL_POST_MATRIX_COMPUTATION.BIN_HD_DATA._BIN_HD_DATA.PROCESS_SEGMENTATIONS._PROCESS_SEGMENTATIONS.SEGMENT_TO_FEATURE_CELL_MATRIX.DERASTERISE_MASK.fork0.chnk17.main
2025-10-14 12:56:45 [runtime] (chunks_complete) ID.F07839_1n2.SPATIAL_RNA_COUNTER_CS.SPATIAL_RNA_COUNTER.SPATIAL_POST_MATRIX_COMPUTATION.BIN_HD_DATA._BIN_HD_DATA.PROCESS_SEGMENTATIONS._PROCESS_SEGMENTATIONS.SEGMENT_TO_FEATURE_CELL_MATRIX.SEGMENT_COUNT_SHARDS.BIN_SPOTS_TO_CELLS
2025-10-14 12:56:46 [runtime] (ready)           ID.F07839_1n2.SPATIAL_RNA_COUNTER_CS.SPATIAL_RNA_COUNTER.SPATIAL_POST_MATRIX_COMPUTATION.BIN_HD_DATA._BIN_HD_DATA.PROCESS_SEGMENTATIONS._PROCESS_SEGMENTATIONS.SEGMENT_TO_FEATURE_CELL_MATRIX.SEGMENT_COUNT_SHARDS.WRITE_BINNED_H5_MATRIX
2025-10-14 12:56:47 [runtime] (run:local)       ID.F07839_1n2.SPATIAL_RNA_COUNTER_CS.SPATIAL_RNA_COUNTER.SPATIAL_POST_MATRIX_COMPUTATION.BIN_HD_DATA._BIN_HD_DATA.PROCESS_SEGMENTATIONS._PROCESS_SEGMENTATIONS.SEGMENT_TO_FEATURE_CELL_MATRIX.SEGMENT_COUNT_SHARDS.WRITE_BINNED_H5_MATRIX.fork0.chnk0.main
2025-10-14 12:56:47 [runtime] (ready)           ID.F07839_1n2.SPATIAL_RNA_COUNTER_CS.SPATIAL_RNA_COUNTER.SPATIAL_POST_MATRIX_COMPUTATION.BIN_HD_DATA._BIN_HD_DATA.PROCESS_SEGMENTATIONS.SETUP_WRITING_SPATIAL_DIRECTORY
2025-10-14 12:56:47 [runtime] (run:local)       ID.F07839_1n2.SPATIAL_RNA_COUNTER_CS.SPATIAL_RNA_COUNTER.SPATIAL_POST_MATRIX_COMPUTATION.BIN_HD_DATA._BIN_HD_DATA.PROCESS_SEGMENTATIONS.SETUP_WRITING_SPATIAL_DIRECTORY.fork0.chnk0.main
2025-10-14 12:56:47 [runtime] (ready)           ID.F07839_1n2.SPATIAL_RNA_COUNTER_CS.SPATIAL_RNA_COUNTER.SPATIAL_POST_MATRIX_COMPUTATION.BIN_HD_DATA._BIN_HD_DATA.PROCESS_SEGMENTATIONS._PROCESS_SEGMENTATIONS.CONSOLIDATE_DISABLE_CELL_SEGMENTATION
2025-10-14 12:56:47 [runtime] (run:local)       ID.F07839_1n2.SPATIAL_RNA_COUNTER_CS.SPATIAL_RNA_COUNTER.SPATIAL_POST_MATRIX_COMPUTATION.BIN_HD_DATA._BIN_HD_DATA.PROCESS_SEGMENTATIONS._PROCESS_SEGMENTATIONS.CONSOLIDATE_DISABLE_CELL_SEGMENTATION.fork0.chnk0.main
2025-10-14 12:56:47 [runtime] (ready)           ID.F07839_1n2.SPATIAL_RNA_COUNTER_CS.SPATIAL_RNA_COUNTER.SPATIAL_POST_MATRIX_COMPUTATION.BIN_HD_DATA._BIN_HD_DATA.PROCESS_SEGMENTATIONS.ADD_SEGMENTATION_MASKS_TO_FEATURE_SLICE
2025-10-14 12:56:47 [runtime] (run:local)       ID.F07839_1n2.SPATIAL_RNA_COUNTER_CS.SPATIAL_RNA_COUNTER.SPATIAL_POST_MATRIX_COMPUTATION.BIN_HD_DATA._BIN_HD_DATA.PROCESS_SEGMENTATIONS.ADD_SEGMENTATION_MASKS_TO_FEATURE_SLICE.fork0.chnk0.main
2025-10-14 12:58:26 [runtime] (update)          ID.F07839_1n2.SPATIAL_RNA_COUNTER_CS.SPATIAL_RNA_COUNTER.SPATIAL_POST_MATRIX_COMPUTATION.BIN_HD_DATA._BIN_HD_DATA.PROCESS_SEGMENTATIONS._PROCESS_SEGMENTATIONS.SEGMENT_TO_FEATURE_CELL_MATRIX.DERASTERISE_NUCLEUS_MASK.fork0 chunks running (0/18 completed)
2025-10-14 12:59:34 [runtime] (update)          ID.F07839_1n2.SPATIAL_RNA_COUNTER_CS.SPATIAL_RNA_COUNTER.SPATIAL_POST_MATRIX_COMPUTATION.BIN_HD_DATA._BIN_HD_DATA.PROCESS_SEGMENTATIONS._PROCESS_SEGMENTATIONS.SEGMENT_TO_FEATURE_CELL_MATRIX.DERASTERISE_MASK.fork0 chunks running (0/18 completed)
2025-10-14 13:03:32 [runtime] (update)          ID.F07839_1n2.SPATIAL_RNA_COUNTER_CS.SPATIAL_RNA_COUNTER.SPATIAL_POST_MATRIX_COMPUTATION.BIN_HD_DATA._BIN_HD_DATA.PROCESS_SEGMENTATIONS._PROCESS_SEGMENTATIONS.SEGMENT_TO_FEATURE_CELL_MATRIX.DERASTERISE_NUCLEUS_MASK.fork0 chunks running (15/18 completed)
2025-10-14 13:05:36 [runtime] (update)          ID.F07839_1n2.SPATIAL_RNA_COUNTER_CS.SPATIAL_RNA_COUNTER.SPATIAL_POST_MATRIX_COMPUTATION.BIN_HD_DATA._BIN_HD_DATA.PROCESS_SEGMENTATIONS._PROCESS_SEGMENTATIONS.SEGMENT_TO_FEATURE_CELL_MATRIX.DERASTERISE_MASK.fork0 chunks running (0/18 completed)
2025-10-14 13:06:43 [runtime] (chunks_complete) ID.F07839_1n2.SPATIAL_RNA_COUNTER_CS.SPATIAL_RNA_COUNTER.SPATIAL_POST_MATRIX_COMPUTATION.BIN_HD_DATA._BIN_HD_DATA.PROCESS_SEGMENTATIONS._PROCESS_SEGMENTATIONS.SEGMENT_TO_FEATURE_CELL_MATRIX.DERASTERISE_NUCLEUS_MASK
2025-10-14 13:06:43 [runtime] (run:local)       ID.F07839_1n2.SPATIAL_RNA_COUNTER_CS.SPATIAL_RNA_COUNTER.SPATIAL_POST_MATRIX_COMPUTATION.BIN_HD_DATA._BIN_HD_DATA.PROCESS_SEGMENTATIONS._PROCESS_SEGMENTATIONS.SEGMENT_TO_FEATURE_CELL_MATRIX.DERASTERISE_NUCLEUS_MASK.fork0.join
2025-10-14 13:07:17 [runtime] (update)          ID.F07839_1n2.SPATIAL_RNA_COUNTER_CS.SPATIAL_RNA_COUNTER.SPATIAL_POST_MATRIX_COMPUTATION.BIN_HD_DATA._BIN_HD_DATA.PROCESS_SEGMENTATIONS.SETUP_WRITING_SPATIAL_DIRECTORY.fork0 chunks_running
2025-10-14 13:07:17 [runtime] (update)          ID.F07839_1n2.SPATIAL_RNA_COUNTER_CS.SPATIAL_RNA_COUNTER.SPATIAL_POST_MATRIX_COMPUTATION.BIN_HD_DATA._BIN_HD_DATA.PROCESS_SEGMENTATIONS._PROCESS_SEGMENTATIONS.SEGMENT_TO_FEATURE_CELL_MATRIX.SEGMENT_COUNT_SHARDS.WRITE_BINNED_H5_MATRIX.fork0 chunks_running
2025-10-14 13:07:17 [runtime] (chunks_complete) ID.F07839_1n2.SPATIAL_RNA_COUNTER_CS.SPATIAL_RNA_COUNTER.SPATIAL_POST_MATRIX_COMPUTATION.BIN_HD_DATA._BIN_HD_DATA.PROCESS_SEGMENTATIONS._PROCESS_SEGMENTATIONS.CONSOLIDATE_DISABLE_CELL_SEGMENTATION
2025-10-14 13:07:17 [runtime] (chunks_complete) ID.F07839_1n2.SPATIAL_RNA_COUNTER_CS.SPATIAL_RNA_COUNTER.SPATIAL_POST_MATRIX_COMPUTATION.BIN_HD_DATA._BIN_HD_DATA.PROCESS_SEGMENTATIONS.SETUP_WRITING_SPATIAL_DIRECTORY
2025-10-14 13:07:17 [runtime] (ready)           ID.F07839_1n2.SPATIAL_RNA_COUNTER_CS.SPATIAL_RNA_COUNTER.SPATIAL_POST_MATRIX_COMPUTATION.BIN_HD_DATA.CONSOLIDATE_DISABLE_CELL_SEGMENTATION
2025-10-14 13:07:17 [runtime] (run:local)       ID.F07839_1n2.SPATIAL_RNA_COUNTER_CS.SPATIAL_RNA_COUNTER.SPATIAL_POST_MATRIX_COMPUTATION.BIN_HD_DATA.CONSOLIDATE_DISABLE_CELL_SEGMENTATION.fork0.chnk0.main
2025-10-14 13:07:24 [runtime] (update)          ID.F07839_1n2.SPATIAL_RNA_COUNTER_CS.SPATIAL_RNA_COUNTER.SPATIAL_POST_MATRIX_COMPUTATION.BIN_HD_DATA._BIN_HD_DATA.PROCESS_SEGMENTATIONS.ADD_SEGMENTATION_MASKS_TO_FEATURE_SLICE.fork0 chunks_running
2025-10-14 13:07:25 [runtime] (chunks_complete) ID.F07839_1n2.SPATIAL_RNA_COUNTER_CS.SPATIAL_RNA_COUNTER.SPATIAL_POST_MATRIX_COMPUTATION.BIN_HD_DATA.CONSOLIDATE_DISABLE_CELL_SEGMENTATION
2025-10-14 13:07:57 [runtime] (join_complete)   ID.F07839_1n2.SPATIAL_RNA_COUNTER_CS.SPATIAL_RNA_COUNTER.SPATIAL_POST_MATRIX_COMPUTATION.BIN_HD_DATA._BIN_HD_DATA.PROCESS_SEGMENTATIONS._PROCESS_SEGMENTATIONS.SEGMENT_TO_FEATURE_CELL_MATRIX.DERASTERISE_NUCLEUS_MASK
2025-10-14 13:08:01 [runtime] (chunks_complete) ID.F07839_1n2.SPATIAL_RNA_COUNTER_CS.SPATIAL_RNA_COUNTER.SPATIAL_POST_MATRIX_COMPUTATION.BIN_HD_DATA._BIN_HD_DATA.PROCESS_SEGMENTATIONS.ADD_SEGMENTATION_MASKS_TO_FEATURE_SLICE
2025-10-14 13:08:02 [runtime] (ready)           ID.F07839_1n2.SPATIAL_RNA_COUNTER_CS.SPATIAL_RNA_COUNTER.SPATIAL_POST_MATRIX_COMPUTATION.HD_WEBSUMMARY_BUILDER.BUILD_HD_END_TO_END_ALIGNMENT_INPUTS
2025-10-14 13:08:02 [runtime] (run:local)       ID.F07839_1n2.SPATIAL_RNA_COUNTER_CS.SPATIAL_RNA_COUNTER.SPATIAL_POST_MATRIX_COMPUTATION.HD_WEBSUMMARY_BUILDER.BUILD_HD_END_TO_END_ALIGNMENT_INPUTS.fork0.chnk0.main
2025-10-14 13:08:02 [runtime] (ready)           ID.F07839_1n2.SPATIAL_RNA_COUNTER_CS.SPATIAL_RNA_COUNTER.SPATIAL_POST_MATRIX_COMPUTATION.BIN_HD_DATA._BIN_HD_DATA.PROCESS_SEGMENTATIONS.GENERATE_LOUPE_SEGMENTATION_PRIMITIVES
2025-10-14 13:08:02 [runtime] (run:local)       ID.F07839_1n2.SPATIAL_RNA_COUNTER_CS.SPATIAL_RNA_COUNTER.SPATIAL_POST_MATRIX_COMPUTATION.BIN_HD_DATA._BIN_HD_DATA.PROCESS_SEGMENTATIONS.GENERATE_LOUPE_SEGMENTATION_PRIMITIVES.fork0.chnk0.main
2025-10-14 13:08:02 [runtime] (ready)           ID.F07839_1n2.SPATIAL_RNA_COUNTER_CS.SPATIAL_RNA_COUNTER.SPATIAL_POST_MATRIX_COMPUTATION.BIN_HD_DATA._BIN_HD_DATA.OUTPUT_BARCODE_MAPPINGS
2025-10-14 13:08:02 [runtime] (run:local)       ID.F07839_1n2.SPATIAL_RNA_COUNTER_CS.SPATIAL_RNA_COUNTER.SPATIAL_POST_MATRIX_COMPUTATION.BIN_HD_DATA._BIN_HD_DATA.OUTPUT_BARCODE_MAPPINGS.fork0.chnk0.main
2025-10-14 13:08:02 [runtime] (ready)           ID.F07839_1n2.SPATIAL_RNA_COUNTER_CS.SPATIAL_RNA_COUNTER.SPATIAL_POST_MATRIX_COMPUTATION.HD_WEBSUMMARY_BUILDER.BUILD_HD_CLUSTERING_PLOT
2025-10-14 13:08:02 [runtime] (run:local)       ID.F07839_1n2.SPATIAL_RNA_COUNTER_CS.SPATIAL_RNA_COUNTER.SPATIAL_POST_MATRIX_COMPUTATION.HD_WEBSUMMARY_BUILDER.BUILD_HD_CLUSTERING_PLOT.fork0.chnk0.main
2025-10-14 13:08:29 [runtime] (chunks_complete) ID.F07839_1n2.SPATIAL_RNA_COUNTER_CS.SPATIAL_RNA_COUNTER.SPATIAL_POST_MATRIX_COMPUTATION.BIN_HD_DATA._BIN_HD_DATA.PROCESS_SEGMENTATIONS.GENERATE_LOUPE_SEGMENTATION_PRIMITIVES
2025-10-14 13:08:35 [runtime] (chunks_complete) ID.F07839_1n2.SPATIAL_RNA_COUNTER_CS.SPATIAL_RNA_COUNTER.SPATIAL_POST_MATRIX_COMPUTATION.HD_WEBSUMMARY_BUILDER.BUILD_HD_CLUSTERING_PLOT
2025-10-14 13:09:12 [runtime] (chunks_complete) ID.F07839_1n2.SPATIAL_RNA_COUNTER_CS.SPATIAL_RNA_COUNTER.SPATIAL_POST_MATRIX_COMPUTATION.HD_WEBSUMMARY_BUILDER.BUILD_HD_END_TO_END_ALIGNMENT_INPUTS
2025-10-14 13:09:12 [runtime] (ready)           ID.F07839_1n2.SPATIAL_RNA_COUNTER_CS.SPATIAL_RNA_COUNTER.SPATIAL_POST_MATRIX_COMPUTATION.HD_WEBSUMMARY_BUILDER.BUILD_HD_END_TO_END_ALIGNMENT
2025-10-14 13:09:12 [runtime] (run:local)       ID.F07839_1n2.SPATIAL_RNA_COUNTER_CS.SPATIAL_RNA_COUNTER.SPATIAL_POST_MATRIX_COMPUTATION.HD_WEBSUMMARY_BUILDER.BUILD_HD_END_TO_END_ALIGNMENT.fork0.chnk0.main
2025-10-14 13:09:18 [runtime] (chunks_complete) ID.F07839_1n2.SPATIAL_RNA_COUNTER_CS.SPATIAL_RNA_COUNTER.SPATIAL_POST_MATRIX_COMPUTATION.HD_WEBSUMMARY_BUILDER.BUILD_HD_END_TO_END_ALIGNMENT
2025-10-14 13:09:39 [runtime] (chunks_complete) ID.F07839_1n2.SPATIAL_RNA_COUNTER_CS.SPATIAL_RNA_COUNTER.SPATIAL_POST_MATRIX_COMPUTATION.BIN_HD_DATA._BIN_HD_DATA.PROCESS_SEGMENTATIONS._PROCESS_SEGMENTATIONS.SEGMENT_TO_FEATURE_CELL_MATRIX.SEGMENT_COUNT_SHARDS.WRITE_BINNED_H5_MATRIX
2025-10-14 13:09:39 [runtime] (ready)           ID.F07839_1n2.SPATIAL_RNA_COUNTER_CS.SPATIAL_RNA_COUNTER.SPATIAL_POST_MATRIX_COMPUTATION.BIN_HD_DATA._BIN_HD_DATA.PROCESS_SEGMENTATIONS._PROCESS_SEGMENTATIONS.SEGMENT_TO_FEATURE_CELL_MATRIX.SEGMENT_COUNT_SHARDS.WRITE_BINNED_MATRICES
2025-10-14 13:09:39 [runtime] (run:local)       ID.F07839_1n2.SPATIAL_RNA_COUNTER_CS.SPATIAL_RNA_COUNTER.SPATIAL_POST_MATRIX_COMPUTATION.BIN_HD_DATA._BIN_HD_DATA.PROCESS_SEGMENTATIONS._PROCESS_SEGMENTATIONS.SEGMENT_TO_FEATURE_CELL_MATRIX.SEGMENT_COUNT_SHARDS.WRITE_BINNED_MATRICES.fork0.split
2025-10-14 13:09:42 [runtime] (split_complete)  ID.F07839_1n2.SPATIAL_RNA_COUNTER_CS.SPATIAL_RNA_COUNTER.SPATIAL_POST_MATRIX_COMPUTATION.BIN_HD_DATA._BIN_HD_DATA.PROCESS_SEGMENTATIONS._PROCESS_SEGMENTATIONS.SEGMENT_TO_FEATURE_CELL_MATRIX.SEGMENT_COUNT_SHARDS.WRITE_BINNED_MATRICES
2025-10-14 13:09:42 [runtime] (run:local)       ID.F07839_1n2.SPATIAL_RNA_COUNTER_CS.SPATIAL_RNA_COUNTER.SPATIAL_POST_MATRIX_COMPUTATION.BIN_HD_DATA._BIN_HD_DATA.PROCESS_SEGMENTATIONS._PROCESS_SEGMENTATIONS.SEGMENT_TO_FEATURE_CELL_MATRIX.SEGMENT_COUNT_SHARDS.WRITE_BINNED_MATRICES.fork0.join
2025-10-14 13:10:02 [runtime] (chunks_complete) ID.F07839_1n2.SPATIAL_RNA_COUNTER_CS.SPATIAL_RNA_COUNTER.SPATIAL_POST_MATRIX_COMPUTATION.BIN_HD_DATA._BIN_HD_DATA.OUTPUT_BARCODE_MAPPINGS
2025-10-14 13:10:42 [runtime] (update)          ID.F07839_1n2.SPATIAL_RNA_COUNTER_CS.SPATIAL_RNA_COUNTER.SPATIAL_POST_MATRIX_COMPUTATION.BIN_HD_DATA._BIN_HD_DATA.PROCESS_SEGMENTATIONS._PROCESS_SEGMENTATIONS.SEGMENT_TO_FEATURE_CELL_MATRIX.DERASTERISE_MASK.fork0 chunks running (13/18 completed)
2025-10-14 13:12:31 [runtime] (chunks_complete) ID.F07839_1n2.SPATIAL_RNA_COUNTER_CS.SPATIAL_RNA_COUNTER.SPATIAL_POST_MATRIX_COMPUTATION.BIN_HD_DATA._BIN_HD_DATA.PROCESS_SEGMENTATIONS._PROCESS_SEGMENTATIONS.SEGMENT_TO_FEATURE_CELL_MATRIX.DERASTERISE_MASK
2025-10-14 13:12:31 [runtime] (run:local)       ID.F07839_1n2.SPATIAL_RNA_COUNTER_CS.SPATIAL_RNA_COUNTER.SPATIAL_POST_MATRIX_COMPUTATION.BIN_HD_DATA._BIN_HD_DATA.PROCESS_SEGMENTATIONS._PROCESS_SEGMENTATIONS.SEGMENT_TO_FEATURE_CELL_MATRIX.DERASTERISE_MASK.fork0.join
2025-10-14 13:13:09 [runtime] (join_complete)   ID.F07839_1n2.SPATIAL_RNA_COUNTER_CS.SPATIAL_RNA_COUNTER.SPATIAL_POST_MATRIX_COMPUTATION.BIN_HD_DATA._BIN_HD_DATA.PROCESS_SEGMENTATIONS._PROCESS_SEGMENTATIONS.SEGMENT_TO_FEATURE_CELL_MATRIX.DERASTERISE_MASK
2025-10-14 13:15:11 [runtime] (update)          ID.F07839_1n2.SPATIAL_RNA_COUNTER_CS.SPATIAL_RNA_COUNTER.SPATIAL_POST_MATRIX_COMPUTATION.BIN_HD_DATA._BIN_HD_DATA.PROCESS_SEGMENTATIONS._PROCESS_SEGMENTATIONS.SEGMENT_TO_FEATURE_CELL_MATRIX.SEGMENT_COUNT_SHARDS.WRITE_BINNED_MATRICES.fork0 join_running
2025-10-14 13:15:11 [runtime] (join_complete)   ID.F07839_1n2.SPATIAL_RNA_COUNTER_CS.SPATIAL_RNA_COUNTER.SPATIAL_POST_MATRIX_COMPUTATION.BIN_HD_DATA._BIN_HD_DATA.PROCESS_SEGMENTATIONS._PROCESS_SEGMENTATIONS.SEGMENT_TO_FEATURE_CELL_MATRIX.SEGMENT_COUNT_SHARDS.WRITE_BINNED_MATRICES
2025-10-14 13:15:11 [runtime] (ready)           ID.F07839_1n2.SPATIAL_RNA_COUNTER_CS.SPATIAL_RNA_COUNTER.SPATIAL_POST_MATRIX_COMPUTATION.BIN_HD_DATA._BIN_HD_DATA.PROCESS_SEGMENTATIONS._PROCESS_SEGMENTATIONS.SPATIAL_CELL_RNA_ANALYZER.ANALYZER_PREFLIGHT
2025-10-14 13:15:11 [runtime] (run:local)       ID.F07839_1n2.SPATIAL_RNA_COUNTER_CS.SPATIAL_RNA_COUNTER.SPATIAL_POST_MATRIX_COMPUTATION.BIN_HD_DATA._BIN_HD_DATA.PROCESS_SEGMENTATIONS._PROCESS_SEGMENTATIONS.SPATIAL_CELL_RNA_ANALYZER.ANALYZER_PREFLIGHT.fork0.chnk0.main
2025-10-14 13:15:11 [runtime] (ready)           ID.F07839_1n2.SPATIAL_RNA_COUNTER_CS.SPATIAL_RNA_COUNTER.SPATIAL_POST_MATRIX_COMPUTATION.BIN_HD_DATA._BIN_HD_DATA.COMPUTE_SEGMENTATION_METRICS
2025-10-14 13:15:11 [runtime] (run:local)       ID.F07839_1n2.SPATIAL_RNA_COUNTER_CS.SPATIAL_RNA_COUNTER.SPATIAL_POST_MATRIX_COMPUTATION.BIN_HD_DATA._BIN_HD_DATA.COMPUTE_SEGMENTATION_METRICS.fork0.split
2025-10-14 13:17:26 [runtime] (chunks_complete) ID.F07839_1n2.SPATIAL_RNA_COUNTER_CS.SPATIAL_RNA_COUNTER.SPATIAL_POST_MATRIX_COMPUTATION.BIN_HD_DATA._BIN_HD_DATA.PROCESS_SEGMENTATIONS._PROCESS_SEGMENTATIONS.SPATIAL_CELL_RNA_ANALYZER.ANALYZER_PREFLIGHT
2025-10-14 13:17:26 [runtime] (ready)           ID.F07839_1n2.SPATIAL_RNA_COUNTER_CS.SPATIAL_RNA_COUNTER.SPATIAL_POST_MATRIX_COMPUTATION.BIN_HD_DATA._BIN_HD_DATA.PROCESS_SEGMENTATIONS._PROCESS_SEGMENTATIONS.SPATIAL_CELL_RNA_ANALYZER.PREPROCESS_MATRIX
2025-10-14 13:17:26 [runtime] (run:local)       ID.F07839_1n2.SPATIAL_RNA_COUNTER_CS.SPATIAL_RNA_COUNTER.SPATIAL_POST_MATRIX_COMPUTATION.BIN_HD_DATA._BIN_HD_DATA.PROCESS_SEGMENTATIONS._PROCESS_SEGMENTATIONS.SPATIAL_CELL_RNA_ANALYZER.PREPROCESS_MATRIX.fork0.split
2025-10-14 13:17:26 [runtime] (split_complete)  ID.F07839_1n2.SPATIAL_RNA_COUNTER_CS.SPATIAL_RNA_COUNTER.SPATIAL_POST_MATRIX_COMPUTATION.BIN_HD_DATA._BIN_HD_DATA.COMPUTE_SEGMENTATION_METRICS
2025-10-14 13:17:26 [runtime] (run:local)       ID.F07839_1n2.SPATIAL_RNA_COUNTER_CS.SPATIAL_RNA_COUNTER.SPATIAL_POST_MATRIX_COMPUTATION.BIN_HD_DATA._BIN_HD_DATA.COMPUTE_SEGMENTATION_METRICS.fork0.join
2025-10-14 13:17:29 [runtime] (split_complete)  ID.F07839_1n2.SPATIAL_RNA_COUNTER_CS.SPATIAL_RNA_COUNTER.SPATIAL_POST_MATRIX_COMPUTATION.BIN_HD_DATA._BIN_HD_DATA.PROCESS_SEGMENTATIONS._PROCESS_SEGMENTATIONS.SPATIAL_CELL_RNA_ANALYZER.PREPROCESS_MATRIX
2025-10-14 13:17:29 [runtime] (run:local)       ID.F07839_1n2.SPATIAL_RNA_COUNTER_CS.SPATIAL_RNA_COUNTER.SPATIAL_POST_MATRIX_COMPUTATION.BIN_HD_DATA._BIN_HD_DATA.PROCESS_SEGMENTATIONS._PROCESS_SEGMENTATIONS.SPATIAL_CELL_RNA_ANALYZER.PREPROCESS_MATRIX.fork0.join
2025-10-14 13:18:27 [runtime] (join_complete)   ID.F07839_1n2.SPATIAL_RNA_COUNTER_CS.SPATIAL_RNA_COUNTER.SPATIAL_POST_MATRIX_COMPUTATION.BIN_HD_DATA._BIN_HD_DATA.PROCESS_SEGMENTATIONS._PROCESS_SEGMENTATIONS.SPATIAL_CELL_RNA_ANALYZER.PREPROCESS_MATRIX
2025-10-14 13:18:27 [runtime] (ready)           ID.F07839_1n2.SPATIAL_RNA_COUNTER_CS.SPATIAL_RNA_COUNTER.SPATIAL_POST_MATRIX_COMPUTATION.BIN_HD_DATA._BIN_HD_DATA.PROCESS_SEGMENTATIONS._PROCESS_SEGMENTATIONS.SPATIAL_CELL_RNA_ANALYZER._ANTIBODY_ANALYZER.SUMMARIZE_ANTIBODY_ANALYSIS
2025-10-14 13:18:27 [runtime] (ready)           ID.F07839_1n2.SPATIAL_RNA_COUNTER_CS.SPATIAL_RNA_COUNTER.SPATIAL_POST_MATRIX_COMPUTATION.BIN_HD_DATA._BIN_HD_DATA.PROCESS_SEGMENTATIONS._PROCESS_SEGMENTATIONS.SPATIAL_CELL_RNA_ANALYZER.RUN_MULTIGENOME_ANALYSIS
2025-10-14 13:18:27 [runtime] (ready)           ID.F07839_1n2.SPATIAL_RNA_COUNTER_CS.SPATIAL_RNA_COUNTER.SPATIAL_POST_MATRIX_COMPUTATION.BIN_HD_DATA._BIN_HD_DATA.PROCESS_SEGMENTATIONS._PROCESS_SEGMENTATIONS.SPATIAL_CELL_RNA_ANALYZER._ANTIGEN_ANALYZER.SUMMARIZE_ANTIBODY_ANALYSIS
2025-10-14 13:18:27 [runtime] (ready)           ID.F07839_1n2.SPATIAL_RNA_COUNTER_CS.SPATIAL_RNA_COUNTER.SPATIAL_POST_MATRIX_COMPUTATION.BIN_HD_DATA._BIN_HD_DATA.PROCESS_SEGMENTATIONS._PROCESS_SEGMENTATIONS.SPATIAL_CELL_RNA_ANALYZER._ANTIGEN_ANALYZER.CALL_ANTIBODIES
2025-10-14 13:18:27 [runtime] (ready)           ID.F07839_1n2.SPATIAL_RNA_COUNTER_CS.SPATIAL_RNA_COUNTER.SPATIAL_POST_MATRIX_COMPUTATION.BIN_HD_DATA._BIN_HD_DATA.PROCESS_SEGMENTATIONS._PROCESS_SEGMENTATIONS.SPATIAL_CELL_RNA_ANALYZER.RUN_BATCH_CORRECTION_PCA.PCA_PREP
2025-10-14 13:18:27 [runtime] (ready)           ID.F07839_1n2.SPATIAL_RNA_COUNTER_CS.SPATIAL_RNA_COUNTER.SPATIAL_POST_MATRIX_COMPUTATION.BIN_HD_DATA._BIN_HD_DATA.PROCESS_SEGMENTATIONS._PROCESS_SEGMENTATIONS.SPATIAL_CELL_RNA_ANALYZER._ANTIBODY_ANALYZER.CALL_ANTIBODIES
2025-10-14 13:18:27 [runtime] (ready)           ID.F07839_1n2.SPATIAL_RNA_COUNTER_CS.SPATIAL_RNA_COUNTER.SPATIAL_POST_MATRIX_COMPUTATION.BIN_HD_DATA._BIN_HD_DATA.PROCESS_SEGMENTATIONS._PROCESS_SEGMENTATIONS.SPATIAL_CELL_RNA_ANALYZER.RUN_BATCH_CORRECTION_PCA.RUN_PCA2
2025-10-14 13:18:27 [runtime] (ready)           ID.F07839_1n2.SPATIAL_RNA_COUNTER_CS.SPATIAL_RNA_COUNTER.SPATIAL_POST_MATRIX_COMPUTATION.BIN_HD_DATA._BIN_HD_DATA.PROCESS_SEGMENTATIONS._PROCESS_SEGMENTATIONS.SPATIAL_CELL_RNA_ANALYZER.RUN_BATCH_CORRECTION_PCA.POST_PCA
2025-10-14 13:18:27 [runtime] (ready)           ID.F07839_1n2.SPATIAL_RNA_COUNTER_CS.SPATIAL_RNA_COUNTER.SPATIAL_POST_MATRIX_COMPUTATION.BIN_HD_DATA._BIN_HD_DATA.PROCESS_SEGMENTATIONS._PROCESS_SEGMENTATIONS.SPATIAL_CELL_RNA_ANALYZER.CORRECT_CHEMISTRY_BATCH
2025-10-14 13:18:27 [runtime] (ready)           ID.F07839_1n2.SPATIAL_RNA_COUNTER_CS.SPATIAL_RNA_COUNTER.SPATIAL_POST_MATRIX_COMPUTATION.BIN_HD_DATA._BIN_HD_DATA.PROCESS_SEGMENTATIONS._PROCESS_SEGMENTATIONS.SPATIAL_CELL_RNA_ANALYZER.RUN_PCA
2025-10-14 13:18:27 [runtime] (run:local)       ID.F07839_1n2.SPATIAL_RNA_COUNTER_CS.SPATIAL_RNA_COUNTER.SPATIAL_POST_MATRIX_COMPUTATION.BIN_HD_DATA._BIN_HD_DATA.PROCESS_SEGMENTATIONS._PROCESS_SEGMENTATIONS.SPATIAL_CELL_RNA_ANALYZER.RUN_PCA.fork0.split
2025-10-14 13:18:27 [runtime] (split_complete)  ID.F07839_1n2.SPATIAL_RNA_COUNTER_CS.SPATIAL_RNA_COUNTER.SPATIAL_POST_MATRIX_COMPUTATION.BIN_HD_DATA._BIN_HD_DATA.PROCESS_SEGMENTATIONS._PROCESS_SEGMENTATIONS.SPATIAL_CELL_RNA_ANALYZER.RUN_PCA
2025-10-14 13:18:27 [runtime] (run:local)       ID.F07839_1n2.SPATIAL_RNA_COUNTER_CS.SPATIAL_RNA_COUNTER.SPATIAL_POST_MATRIX_COMPUTATION.BIN_HD_DATA._BIN_HD_DATA.PROCESS_SEGMENTATIONS._PROCESS_SEGMENTATIONS.SPATIAL_CELL_RNA_ANALYZER.RUN_PCA.fork0.chnk0.main
2025-10-14 13:20:32 [runtime] (join_complete)   ID.F07839_1n2.SPATIAL_RNA_COUNTER_CS.SPATIAL_RNA_COUNTER.SPATIAL_POST_MATRIX_COMPUTATION.BIN_HD_DATA._BIN_HD_DATA.COMPUTE_SEGMENTATION_METRICS
2025-10-14 13:20:32 [runtime] (ready)           ID.F07839_1n2.SPATIAL_RNA_COUNTER_CS.SPATIAL_RNA_COUNTER.SPATIAL_POST_MATRIX_COMPUTATION.MERGE_METRICS
2025-10-14 13:20:32 [runtime] (run:local)       ID.F07839_1n2.SPATIAL_RNA_COUNTER_CS.SPATIAL_RNA_COUNTER.SPATIAL_POST_MATRIX_COMPUTATION.MERGE_METRICS.fork0.chnk0.main
2025-10-14 13:20:33 [runtime] (chunks_complete) ID.F07839_1n2.SPATIAL_RNA_COUNTER_CS.SPATIAL_RNA_COUNTER.SPATIAL_POST_MATRIX_COMPUTATION.MERGE_METRICS
2025-10-14 13:20:33 [runtime] (ready)           ID.F07839_1n2.SPATIAL_RNA_COUNTER_CS.SPATIAL_RNA_COUNTER.SPATIAL_POST_MATRIX_COMPUTATION.SPATIAL_REPORTER
2025-10-14 13:20:33 [runtime] (run:local)       ID.F07839_1n2.SPATIAL_RNA_COUNTER_CS.SPATIAL_RNA_COUNTER.SPATIAL_POST_MATRIX_COMPUTATION.SPATIAL_REPORTER.fork0.split
2025-10-14 13:20:46 [runtime] (split_complete)  ID.F07839_1n2.SPATIAL_RNA_COUNTER_CS.SPATIAL_RNA_COUNTER.SPATIAL_POST_MATRIX_COMPUTATION.SPATIAL_REPORTER
2025-10-14 13:20:46 [runtime] (run:local)       ID.F07839_1n2.SPATIAL_RNA_COUNTER_CS.SPATIAL_RNA_COUNTER.SPATIAL_POST_MATRIX_COMPUTATION.SPATIAL_REPORTER.fork0.join
2025-10-14 13:21:03 [runtime] (join_complete)   ID.F07839_1n2.SPATIAL_RNA_COUNTER_CS.SPATIAL_RNA_COUNTER.SPATIAL_POST_MATRIX_COMPUTATION.SPATIAL_REPORTER
2025-10-14 13:21:04 [runtime] (ready)           ID.F07839_1n2.SPATIAL_RNA_COUNTER_CS.CLOUPE_PREPROCESS
2025-10-14 13:21:04 [runtime] (run:local)       ID.F07839_1n2.SPATIAL_RNA_COUNTER_CS.CLOUPE_PREPROCESS.fork0.split
2025-10-14 13:21:05 [runtime] (split_complete)  ID.F07839_1n2.SPATIAL_RNA_COUNTER_CS.CLOUPE_PREPROCESS
2025-10-14 13:21:05 [runtime] (run:local)       ID.F07839_1n2.SPATIAL_RNA_COUNTER_CS.CLOUPE_PREPROCESS.fork0.join
2025-10-14 13:21:07 [runtime] (join_complete)   ID.F07839_1n2.SPATIAL_RNA_COUNTER_CS.CLOUPE_PREPROCESS
2025-10-14 13:21:12 [runtime] (chunks_complete) ID.F07839_1n2.SPATIAL_RNA_COUNTER_CS.SPATIAL_RNA_COUNTER.SPATIAL_POST_MATRIX_COMPUTATION.BIN_HD_DATA._BIN_HD_DATA.PROCESS_SEGMENTATIONS._PROCESS_SEGMENTATIONS.SPATIAL_CELL_RNA_ANALYZER.RUN_PCA
2025-10-14 13:21:12 [runtime] (run:local)       ID.F07839_1n2.SPATIAL_RNA_COUNTER_CS.SPATIAL_RNA_COUNTER.SPATIAL_POST_MATRIX_COMPUTATION.BIN_HD_DATA._BIN_HD_DATA.PROCESS_SEGMENTATIONS._PROCESS_SEGMENTATIONS.SPATIAL_CELL_RNA_ANALYZER.RUN_PCA.fork0.join
2025-10-14 13:21:14 [runtime] (join_complete)   ID.F07839_1n2.SPATIAL_RNA_COUNTER_CS.SPATIAL_RNA_COUNTER.SPATIAL_POST_MATRIX_COMPUTATION.BIN_HD_DATA._BIN_HD_DATA.PROCESS_SEGMENTATIONS._PROCESS_SEGMENTATIONS.SPATIAL_CELL_RNA_ANALYZER.RUN_PCA
2025-10-14 13:21:14 [runtime] (ready)           ID.F07839_1n2.SPATIAL_RNA_COUNTER_CS.SPATIAL_RNA_COUNTER.SPATIAL_POST_MATRIX_COMPUTATION.BIN_HD_DATA._BIN_HD_DATA.PROCESS_SEGMENTATIONS._PROCESS_SEGMENTATIONS.SPATIAL_CELL_RNA_ANALYZER.RUN_GRAPH_CLUSTERING
2025-10-14 13:21:14 [runtime] (run:local)       ID.F07839_1n2.SPATIAL_RNA_COUNTER_CS.SPATIAL_RNA_COUNTER.SPATIAL_POST_MATRIX_COMPUTATION.BIN_HD_DATA._BIN_HD_DATA.PROCESS_SEGMENTATIONS._PROCESS_SEGMENTATIONS.SPATIAL_CELL_RNA_ANALYZER.RUN_GRAPH_CLUSTERING.fork0.split
2025-10-14 13:21:14 [runtime] (ready)           ID.F07839_1n2.SPATIAL_RNA_COUNTER_CS.SPATIAL_RNA_COUNTER.SPATIAL_POST_MATRIX_COMPUTATION.BIN_HD_DATA._BIN_HD_DATA.PROCESS_SEGMENTATIONS._PROCESS_SEGMENTATIONS.SPATIAL_CELL_RNA_ANALYZER.RUN_UMAP
2025-10-14 13:21:14 [runtime] (run:local)       ID.F07839_1n2.SPATIAL_RNA_COUNTER_CS.SPATIAL_RNA_COUNTER.SPATIAL_POST_MATRIX_COMPUTATION.BIN_HD_DATA._BIN_HD_DATA.PROCESS_SEGMENTATIONS._PROCESS_SEGMENTATIONS.SPATIAL_CELL_RNA_ANALYZER.RUN_UMAP.fork0.split
2025-10-14 13:21:14 [runtime] (ready)           ID.F07839_1n2.SPATIAL_RNA_COUNTER_CS.SPATIAL_RNA_COUNTER.SPATIAL_POST_MATRIX_COMPUTATION.BIN_HD_DATA._BIN_HD_DATA.PROCESS_SEGMENTATIONS._PROCESS_SEGMENTATIONS.SPATIAL_CELL_RNA_ANALYZER.RUN_TSNE
2025-10-14 13:21:15 [runtime] (ready)           ID.F07839_1n2.SPATIAL_RNA_COUNTER_CS.SPATIAL_RNA_COUNTER.SPATIAL_POST_MATRIX_COMPUTATION.BIN_HD_DATA._BIN_HD_DATA.PROCESS_SEGMENTATIONS._PROCESS_SEGMENTATIONS.SPATIAL_CELL_RNA_ANALYZER.RUN_KMEANS
2025-10-14 13:21:15 [runtime] (run:local)       ID.F07839_1n2.SPATIAL_RNA_COUNTER_CS.SPATIAL_RNA_COUNTER.SPATIAL_POST_MATRIX_COMPUTATION.BIN_HD_DATA._BIN_HD_DATA.PROCESS_SEGMENTATIONS._PROCESS_SEGMENTATIONS.SPATIAL_CELL_RNA_ANALYZER.RUN_KMEANS.fork0.split
2025-10-14 13:21:15 [runtime] (split_complete)  ID.F07839_1n2.SPATIAL_RNA_COUNTER_CS.SPATIAL_RNA_COUNTER.SPATIAL_POST_MATRIX_COMPUTATION.BIN_HD_DATA._BIN_HD_DATA.PROCESS_SEGMENTATIONS._PROCESS_SEGMENTATIONS.SPATIAL_CELL_RNA_ANALYZER.RUN_GRAPH_CLUSTERING
2025-10-14 13:21:15 [runtime] (run:local)       ID.F07839_1n2.SPATIAL_RNA_COUNTER_CS.SPATIAL_RNA_COUNTER.SPATIAL_POST_MATRIX_COMPUTATION.BIN_HD_DATA._BIN_HD_DATA.PROCESS_SEGMENTATIONS._PROCESS_SEGMENTATIONS.SPATIAL_CELL_RNA_ANALYZER.RUN_GRAPH_CLUSTERING.fork0.chnk0.main
2025-10-14 13:21:15 [runtime] (split_complete)  ID.F07839_1n2.SPATIAL_RNA_COUNTER_CS.SPATIAL_RNA_COUNTER.SPATIAL_POST_MATRIX_COMPUTATION.BIN_HD_DATA._BIN_HD_DATA.PROCESS_SEGMENTATIONS._PROCESS_SEGMENTATIONS.SPATIAL_CELL_RNA_ANALYZER.RUN_UMAP
2025-10-14 13:21:15 [runtime] (run:local)       ID.F07839_1n2.SPATIAL_RNA_COUNTER_CS.SPATIAL_RNA_COUNTER.SPATIAL_POST_MATRIX_COMPUTATION.BIN_HD_DATA._BIN_HD_DATA.PROCESS_SEGMENTATIONS._PROCESS_SEGMENTATIONS.SPATIAL_CELL_RNA_ANALYZER.RUN_UMAP.fork0.chnk0.main
2025-10-14 13:21:19 [runtime] (split_complete)  ID.F07839_1n2.SPATIAL_RNA_COUNTER_CS.SPATIAL_RNA_COUNTER.SPATIAL_POST_MATRIX_COMPUTATION.BIN_HD_DATA._BIN_HD_DATA.PROCESS_SEGMENTATIONS._PROCESS_SEGMENTATIONS.SPATIAL_CELL_RNA_ANALYZER.RUN_KMEANS
2025-10-14 13:21:19 [runtime] (run:local)       ID.F07839_1n2.SPATIAL_RNA_COUNTER_CS.SPATIAL_RNA_COUNTER.SPATIAL_POST_MATRIX_COMPUTATION.BIN_HD_DATA._BIN_HD_DATA.PROCESS_SEGMENTATIONS._PROCESS_SEGMENTATIONS.SPATIAL_CELL_RNA_ANALYZER.RUN_KMEANS.fork0.chnk0.main
2025-10-14 13:21:19 [runtime] (run:local)       ID.F07839_1n2.SPATIAL_RNA_COUNTER_CS.SPATIAL_RNA_COUNTER.SPATIAL_POST_MATRIX_COMPUTATION.BIN_HD_DATA._BIN_HD_DATA.PROCESS_SEGMENTATIONS._PROCESS_SEGMENTATIONS.SPATIAL_CELL_RNA_ANALYZER.RUN_KMEANS.fork0.chnk1.main
2025-10-14 13:21:19 [runtime] (run:local)       ID.F07839_1n2.SPATIAL_RNA_COUNTER_CS.SPATIAL_RNA_COUNTER.SPATIAL_POST_MATRIX_COMPUTATION.BIN_HD_DATA._BIN_HD_DATA.PROCESS_SEGMENTATIONS._PROCESS_SEGMENTATIONS.SPATIAL_CELL_RNA_ANALYZER.RUN_KMEANS.fork0.chnk2.main
2025-10-14 13:21:19 [runtime] (run:local)       ID.F07839_1n2.SPATIAL_RNA_COUNTER_CS.SPATIAL_RNA_COUNTER.SPATIAL_POST_MATRIX_COMPUTATION.BIN_HD_DATA._BIN_HD_DATA.PROCESS_SEGMENTATIONS._PROCESS_SEGMENTATIONS.SPATIAL_CELL_RNA_ANALYZER.RUN_KMEANS.fork0.chnk3.main
2025-10-14 13:21:19 [runtime] (run:local)       ID.F07839_1n2.SPATIAL_RNA_COUNTER_CS.SPATIAL_RNA_COUNTER.SPATIAL_POST_MATRIX_COMPUTATION.BIN_HD_DATA._BIN_HD_DATA.PROCESS_SEGMENTATIONS._PROCESS_SEGMENTATIONS.SPATIAL_CELL_RNA_ANALYZER.RUN_KMEANS.fork0.chnk4.main
2025-10-14 13:21:19 [runtime] (run:local)       ID.F07839_1n2.SPATIAL_RNA_COUNTER_CS.SPATIAL_RNA_COUNTER.SPATIAL_POST_MATRIX_COMPUTATION.BIN_HD_DATA._BIN_HD_DATA.PROCESS_SEGMENTATIONS._PROCESS_SEGMENTATIONS.SPATIAL_CELL_RNA_ANALYZER.RUN_KMEANS.fork0.chnk5.main
2025-10-14 13:21:19 [runtime] (run:local)       ID.F07839_1n2.SPATIAL_RNA_COUNTER_CS.SPATIAL_RNA_COUNTER.SPATIAL_POST_MATRIX_COMPUTATION.BIN_HD_DATA._BIN_HD_DATA.PROCESS_SEGMENTATIONS._PROCESS_SEGMENTATIONS.SPATIAL_CELL_RNA_ANALYZER.RUN_KMEANS.fork0.chnk6.main
2025-10-14 13:21:19 [runtime] (run:local)       ID.F07839_1n2.SPATIAL_RNA_COUNTER_CS.SPATIAL_RNA_COUNTER.SPATIAL_POST_MATRIX_COMPUTATION.BIN_HD_DATA._BIN_HD_DATA.PROCESS_SEGMENTATIONS._PROCESS_SEGMENTATIONS.SPATIAL_CELL_RNA_ANALYZER.RUN_KMEANS.fork0.chnk7.main
2025-10-14 13:21:19 [runtime] (run:local)       ID.F07839_1n2.SPATIAL_RNA_COUNTER_CS.SPATIAL_RNA_COUNTER.SPATIAL_POST_MATRIX_COMPUTATION.BIN_HD_DATA._BIN_HD_DATA.PROCESS_SEGMENTATIONS._PROCESS_SEGMENTATIONS.SPATIAL_CELL_RNA_ANALYZER.RUN_KMEANS.fork0.chnk8.main
2025-10-14 13:21:26 [runtime] (chunks_complete) ID.F07839_1n2.SPATIAL_RNA_COUNTER_CS.SPATIAL_RNA_COUNTER.SPATIAL_POST_MATRIX_COMPUTATION.BIN_HD_DATA._BIN_HD_DATA.PROCESS_SEGMENTATIONS._PROCESS_SEGMENTATIONS.SPATIAL_CELL_RNA_ANALYZER.RUN_KMEANS
2025-10-14 13:21:26 [runtime] (run:local)       ID.F07839_1n2.SPATIAL_RNA_COUNTER_CS.SPATIAL_RNA_COUNTER.SPATIAL_POST_MATRIX_COMPUTATION.BIN_HD_DATA._BIN_HD_DATA.PROCESS_SEGMENTATIONS._PROCESS_SEGMENTATIONS.SPATIAL_CELL_RNA_ANALYZER.RUN_KMEANS.fork0.join
2025-10-14 13:21:29 [runtime] (join_complete)   ID.F07839_1n2.SPATIAL_RNA_COUNTER_CS.SPATIAL_RNA_COUNTER.SPATIAL_POST_MATRIX_COMPUTATION.BIN_HD_DATA._BIN_HD_DATA.PROCESS_SEGMENTATIONS._PROCESS_SEGMENTATIONS.SPATIAL_CELL_RNA_ANALYZER.RUN_KMEANS
2025-10-14 13:25:24 [runtime] (chunks_complete) ID.F07839_1n2.SPATIAL_RNA_COUNTER_CS.SPATIAL_RNA_COUNTER.SPATIAL_POST_MATRIX_COMPUTATION.BIN_HD_DATA._BIN_HD_DATA.PROCESS_SEGMENTATIONS._PROCESS_SEGMENTATIONS.SPATIAL_CELL_RNA_ANALYZER.RUN_GRAPH_CLUSTERING
2025-10-14 13:25:24 [runtime] (run:local)       ID.F07839_1n2.SPATIAL_RNA_COUNTER_CS.SPATIAL_RNA_COUNTER.SPATIAL_POST_MATRIX_COMPUTATION.BIN_HD_DATA._BIN_HD_DATA.PROCESS_SEGMENTATIONS._PROCESS_SEGMENTATIONS.SPATIAL_CELL_RNA_ANALYZER.RUN_GRAPH_CLUSTERING.fork0.join
2025-10-14 13:25:24 [runtime] (join_complete)   ID.F07839_1n2.SPATIAL_RNA_COUNTER_CS.SPATIAL_RNA_COUNTER.SPATIAL_POST_MATRIX_COMPUTATION.BIN_HD_DATA._BIN_HD_DATA.PROCESS_SEGMENTATIONS._PROCESS_SEGMENTATIONS.SPATIAL_CELL_RNA_ANALYZER.RUN_GRAPH_CLUSTERING
2025-10-14 13:25:25 [runtime] (ready)           ID.F07839_1n2.SPATIAL_RNA_COUNTER_CS.SPATIAL_RNA_COUNTER.SPATIAL_POST_MATRIX_COMPUTATION.BIN_HD_DATA._BIN_HD_DATA.PROCESS_SEGMENTATIONS._PROCESS_SEGMENTATIONS.SPATIAL_CELL_RNA_ANALYZER.RUN_HIERARCHICAL_CLUSTERING
2025-10-14 13:25:25 [runtime] (ready)           ID.F07839_1n2.SPATIAL_RNA_COUNTER_CS.SPATIAL_RNA_COUNTER.SPATIAL_POST_MATRIX_COMPUTATION.BIN_HD_DATA._BIN_HD_DATA.PROCESS_SEGMENTATIONS._PROCESS_SEGMENTATIONS.SPATIAL_CELL_RNA_ANALYZER.COMBINE_CLUSTERING
2025-10-14 13:25:25 [runtime] (run:local)       ID.F07839_1n2.SPATIAL_RNA_COUNTER_CS.SPATIAL_RNA_COUNTER.SPATIAL_POST_MATRIX_COMPUTATION.BIN_HD_DATA._BIN_HD_DATA.PROCESS_SEGMENTATIONS._PROCESS_SEGMENTATIONS.SPATIAL_CELL_RNA_ANALYZER.COMBINE_CLUSTERING.fork0.chnk0.main
2025-10-14 13:25:27 [runtime] (chunks_complete) ID.F07839_1n2.SPATIAL_RNA_COUNTER_CS.SPATIAL_RNA_COUNTER.SPATIAL_POST_MATRIX_COMPUTATION.BIN_HD_DATA._BIN_HD_DATA.PROCESS_SEGMENTATIONS._PROCESS_SEGMENTATIONS.SPATIAL_CELL_RNA_ANALYZER.COMBINE_CLUSTERING
2025-10-14 13:25:28 [runtime] (ready)           ID.F07839_1n2.SPATIAL_RNA_COUNTER_CS.SPATIAL_RNA_COUNTER.SPATIAL_POST_MATRIX_COMPUTATION.BIN_HD_DATA._BIN_HD_DATA.PROCESS_SEGMENTATIONS._PROCESS_SEGMENTATIONS.SPATIAL_CELL_RNA_ANALYZER.RUN_DIFFERENTIAL_EXPRESSION
2025-10-14 13:25:28 [runtime] (run:local)       ID.F07839_1n2.SPATIAL_RNA_COUNTER_CS.SPATIAL_RNA_COUNTER.SPATIAL_POST_MATRIX_COMPUTATION.BIN_HD_DATA._BIN_HD_DATA.PROCESS_SEGMENTATIONS._PROCESS_SEGMENTATIONS.SPATIAL_CELL_RNA_ANALYZER.RUN_DIFFERENTIAL_EXPRESSION.fork0.split
2025-10-14 13:25:28 [runtime] (split_complete)  ID.F07839_1n2.SPATIAL_RNA_COUNTER_CS.SPATIAL_RNA_COUNTER.SPATIAL_POST_MATRIX_COMPUTATION.BIN_HD_DATA._BIN_HD_DATA.PROCESS_SEGMENTATIONS._PROCESS_SEGMENTATIONS.SPATIAL_CELL_RNA_ANALYZER.RUN_DIFFERENTIAL_EXPRESSION
2025-10-14 13:25:28 [runtime] (run:local)       ID.F07839_1n2.SPATIAL_RNA_COUNTER_CS.SPATIAL_RNA_COUNTER.SPATIAL_POST_MATRIX_COMPUTATION.BIN_HD_DATA._BIN_HD_DATA.PROCESS_SEGMENTATIONS._PROCESS_SEGMENTATIONS.SPATIAL_CELL_RNA_ANALYZER.RUN_DIFFERENTIAL_EXPRESSION.fork0.chnk0.main
2025-10-14 13:25:28 [runtime] (run:local)       ID.F07839_1n2.SPATIAL_RNA_COUNTER_CS.SPATIAL_RNA_COUNTER.SPATIAL_POST_MATRIX_COMPUTATION.BIN_HD_DATA._BIN_HD_DATA.PROCESS_SEGMENTATIONS._PROCESS_SEGMENTATIONS.SPATIAL_CELL_RNA_ANALYZER.RUN_DIFFERENTIAL_EXPRESSION.fork0.chnk1.main
2025-10-14 13:25:28 [runtime] (run:local)       ID.F07839_1n2.SPATIAL_RNA_COUNTER_CS.SPATIAL_RNA_COUNTER.SPATIAL_POST_MATRIX_COMPUTATION.BIN_HD_DATA._BIN_HD_DATA.PROCESS_SEGMENTATIONS._PROCESS_SEGMENTATIONS.SPATIAL_CELL_RNA_ANALYZER.RUN_DIFFERENTIAL_EXPRESSION.fork0.chnk2.main
2025-10-14 13:25:28 [runtime] (run:local)       ID.F07839_1n2.SPATIAL_RNA_COUNTER_CS.SPATIAL_RNA_COUNTER.SPATIAL_POST_MATRIX_COMPUTATION.BIN_HD_DATA._BIN_HD_DATA.PROCESS_SEGMENTATIONS._PROCESS_SEGMENTATIONS.SPATIAL_CELL_RNA_ANALYZER.RUN_DIFFERENTIAL_EXPRESSION.fork0.chnk3.main
2025-10-14 13:25:28 [runtime] (run:local)       ID.F07839_1n2.SPATIAL_RNA_COUNTER_CS.SPATIAL_RNA_COUNTER.SPATIAL_POST_MATRIX_COMPUTATION.BIN_HD_DATA._BIN_HD_DATA.PROCESS_SEGMENTATIONS._PROCESS_SEGMENTATIONS.SPATIAL_CELL_RNA_ANALYZER.RUN_DIFFERENTIAL_EXPRESSION.fork0.chnk4.main
2025-10-14 13:25:28 [runtime] (run:local)       ID.F07839_1n2.SPATIAL_RNA_COUNTER_CS.SPATIAL_RNA_COUNTER.SPATIAL_POST_MATRIX_COMPUTATION.BIN_HD_DATA._BIN_HD_DATA.PROCESS_SEGMENTATIONS._PROCESS_SEGMENTATIONS.SPATIAL_CELL_RNA_ANALYZER.RUN_DIFFERENTIAL_EXPRESSION.fork0.chnk5.main
2025-10-14 13:25:28 [runtime] (run:local)       ID.F07839_1n2.SPATIAL_RNA_COUNTER_CS.SPATIAL_RNA_COUNTER.SPATIAL_POST_MATRIX_COMPUTATION.BIN_HD_DATA._BIN_HD_DATA.PROCESS_SEGMENTATIONS._PROCESS_SEGMENTATIONS.SPATIAL_CELL_RNA_ANALYZER.RUN_DIFFERENTIAL_EXPRESSION.fork0.chnk6.main
2025-10-14 13:25:28 [runtime] (run:local)       ID.F07839_1n2.SPATIAL_RNA_COUNTER_CS.SPATIAL_RNA_COUNTER.SPATIAL_POST_MATRIX_COMPUTATION.BIN_HD_DATA._BIN_HD_DATA.PROCESS_SEGMENTATIONS._PROCESS_SEGMENTATIONS.SPATIAL_CELL_RNA_ANALYZER.RUN_DIFFERENTIAL_EXPRESSION.fork0.chnk7.main
2025-10-14 13:25:28 [runtime] (run:local)       ID.F07839_1n2.SPATIAL_RNA_COUNTER_CS.SPATIAL_RNA_COUNTER.SPATIAL_POST_MATRIX_COMPUTATION.BIN_HD_DATA._BIN_HD_DATA.PROCESS_SEGMENTATIONS._PROCESS_SEGMENTATIONS.SPATIAL_CELL_RNA_ANALYZER.RUN_DIFFERENTIAL_EXPRESSION.fork0.chnk8.main
2025-10-14 13:27:17 [runtime] (update)          ID.F07839_1n2.SPATIAL_RNA_COUNTER_CS.SPATIAL_RNA_COUNTER.SPATIAL_POST_MATRIX_COMPUTATION.BIN_HD_DATA._BIN_HD_DATA.PROCESS_SEGMENTATIONS._PROCESS_SEGMENTATIONS.SPATIAL_CELL_RNA_ANALYZER.RUN_UMAP.fork0 chunks_running
2025-10-14 13:28:11 [runtime] (chunks_complete) ID.F07839_1n2.SPATIAL_RNA_COUNTER_CS.SPATIAL_RNA_COUNTER.SPATIAL_POST_MATRIX_COMPUTATION.BIN_HD_DATA._BIN_HD_DATA.PROCESS_SEGMENTATIONS._PROCESS_SEGMENTATIONS.SPATIAL_CELL_RNA_ANALYZER.RUN_UMAP
2025-10-14 13:28:11 [runtime] (run:local)       ID.F07839_1n2.SPATIAL_RNA_COUNTER_CS.SPATIAL_RNA_COUNTER.SPATIAL_POST_MATRIX_COMPUTATION.BIN_HD_DATA._BIN_HD_DATA.PROCESS_SEGMENTATIONS._PROCESS_SEGMENTATIONS.SPATIAL_CELL_RNA_ANALYZER.RUN_UMAP.fork0.join
2025-10-14 13:28:11 [runtime] (join_complete)   ID.F07839_1n2.SPATIAL_RNA_COUNTER_CS.SPATIAL_RNA_COUNTER.SPATIAL_POST_MATRIX_COMPUTATION.BIN_HD_DATA._BIN_HD_DATA.PROCESS_SEGMENTATIONS._PROCESS_SEGMENTATIONS.SPATIAL_CELL_RNA_ANALYZER.RUN_UMAP
2025-10-14 13:30:07 [runtime] (chunks_complete) ID.F07839_1n2.SPATIAL_RNA_COUNTER_CS.SPATIAL_RNA_COUNTER.SPATIAL_POST_MATRIX_COMPUTATION.BIN_HD_DATA._BIN_HD_DATA.PROCESS_SEGMENTATIONS._PROCESS_SEGMENTATIONS.SPATIAL_CELL_RNA_ANALYZER.RUN_DIFFERENTIAL_EXPRESSION
2025-10-14 13:30:07 [runtime] (run:local)       ID.F07839_1n2.SPATIAL_RNA_COUNTER_CS.SPATIAL_RNA_COUNTER.SPATIAL_POST_MATRIX_COMPUTATION.BIN_HD_DATA._BIN_HD_DATA.PROCESS_SEGMENTATIONS._PROCESS_SEGMENTATIONS.SPATIAL_CELL_RNA_ANALYZER.RUN_DIFFERENTIAL_EXPRESSION.fork0.join
2025-10-14 13:30:12 [runtime] (join_complete)   ID.F07839_1n2.SPATIAL_RNA_COUNTER_CS.SPATIAL_RNA_COUNTER.SPATIAL_POST_MATRIX_COMPUTATION.BIN_HD_DATA._BIN_HD_DATA.PROCESS_SEGMENTATIONS._PROCESS_SEGMENTATIONS.SPATIAL_CELL_RNA_ANALYZER.RUN_DIFFERENTIAL_EXPRESSION
2025-10-14 13:30:12 [runtime] (ready)           ID.F07839_1n2.SPATIAL_RNA_COUNTER_CS.SPATIAL_RNA_COUNTER.SPATIAL_POST_MATRIX_COMPUTATION.BIN_HD_DATA._BIN_HD_DATA.PROCESS_SEGMENTATIONS._PROCESS_SEGMENTATIONS.SPATIAL_CELL_RNA_ANALYZER.SUMMARIZE_ANALYSIS
2025-10-14 13:30:12 [runtime] (run:local)       ID.F07839_1n2.SPATIAL_RNA_COUNTER_CS.SPATIAL_RNA_COUNTER.SPATIAL_POST_MATRIX_COMPUTATION.BIN_HD_DATA._BIN_HD_DATA.PROCESS_SEGMENTATIONS._PROCESS_SEGMENTATIONS.SPATIAL_CELL_RNA_ANALYZER.SUMMARIZE_ANALYSIS.fork0.split
2025-10-14 13:30:34 [runtime] (split_complete)  ID.F07839_1n2.SPATIAL_RNA_COUNTER_CS.SPATIAL_RNA_COUNTER.SPATIAL_POST_MATRIX_COMPUTATION.BIN_HD_DATA._BIN_HD_DATA.PROCESS_SEGMENTATIONS._PROCESS_SEGMENTATIONS.SPATIAL_CELL_RNA_ANALYZER.SUMMARIZE_ANALYSIS
2025-10-14 13:30:34 [runtime] (run:local)       ID.F07839_1n2.SPATIAL_RNA_COUNTER_CS.SPATIAL_RNA_COUNTER.SPATIAL_POST_MATRIX_COMPUTATION.BIN_HD_DATA._BIN_HD_DATA.PROCESS_SEGMENTATIONS._PROCESS_SEGMENTATIONS.SPATIAL_CELL_RNA_ANALYZER.SUMMARIZE_ANALYSIS.fork0.chnk0.main
2025-10-14 13:30:43 [runtime] (chunks_complete) ID.F07839_1n2.SPATIAL_RNA_COUNTER_CS.SPATIAL_RNA_COUNTER.SPATIAL_POST_MATRIX_COMPUTATION.BIN_HD_DATA._BIN_HD_DATA.PROCESS_SEGMENTATIONS._PROCESS_SEGMENTATIONS.SPATIAL_CELL_RNA_ANALYZER.SUMMARIZE_ANALYSIS
2025-10-14 13:30:43 [runtime] (run:local)       ID.F07839_1n2.SPATIAL_RNA_COUNTER_CS.SPATIAL_RNA_COUNTER.SPATIAL_POST_MATRIX_COMPUTATION.BIN_HD_DATA._BIN_HD_DATA.PROCESS_SEGMENTATIONS._PROCESS_SEGMENTATIONS.SPATIAL_CELL_RNA_ANALYZER.SUMMARIZE_ANALYSIS.fork0.join
2025-10-14 13:30:45 [runtime] (join_complete)   ID.F07839_1n2.SPATIAL_RNA_COUNTER_CS.SPATIAL_RNA_COUNTER.SPATIAL_POST_MATRIX_COMPUTATION.BIN_HD_DATA._BIN_HD_DATA.PROCESS_SEGMENTATIONS._PROCESS_SEGMENTATIONS.SPATIAL_CELL_RNA_ANALYZER.SUMMARIZE_ANALYSIS
2025-10-14 13:30:46 [runtime] (ready)           ID.F07839_1n2.SPATIAL_RNA_COUNTER_CS.SPATIAL_RNA_COUNTER.SPATIAL_POST_MATRIX_COMPUTATION.BIN_HD_DATA._BIN_HD_DATA.PROCESS_SEGMENTATIONS._PROCESS_SEGMENTATIONS.ANNOTATE_RAW_GEOJSON
2025-10-14 13:30:46 [runtime] (run:local)       ID.F07839_1n2.SPATIAL_RNA_COUNTER_CS.SPATIAL_RNA_COUNTER.SPATIAL_POST_MATRIX_COMPUTATION.BIN_HD_DATA._BIN_HD_DATA.PROCESS_SEGMENTATIONS._PROCESS_SEGMENTATIONS.ANNOTATE_RAW_GEOJSON.fork0.split
2025-10-14 13:30:46 [runtime] (ready)           ID.F07839_1n2.SPATIAL_RNA_COUNTER_CS.SPATIAL_RNA_COUNTER.SPATIAL_POST_MATRIX_COMPUTATION.BIN_HD_DATA._BIN_HD_DATA.PROCESS_SEGMENTATIONS.CELLSEG_CLOUPE_PREPROCESS
2025-10-14 13:30:46 [runtime] (run:local)       ID.F07839_1n2.SPATIAL_RNA_COUNTER_CS.SPATIAL_RNA_COUNTER.SPATIAL_POST_MATRIX_COMPUTATION.BIN_HD_DATA._BIN_HD_DATA.PROCESS_SEGMENTATIONS.CELLSEG_CLOUPE_PREPROCESS.fork0.split
2025-10-14 13:30:46 [runtime] (ready)           ID.F07839_1n2.SPATIAL_RNA_COUNTER_CS.SPATIAL_RNA_COUNTER.SPATIAL_POST_MATRIX_COMPUTATION.BIN_HD_DATA._BIN_HD_DATA.GET_SEGMENTED_DIFFEXP_JSON
2025-10-14 13:30:46 [runtime] (run:local)       ID.F07839_1n2.SPATIAL_RNA_COUNTER_CS.SPATIAL_RNA_COUNTER.SPATIAL_POST_MATRIX_COMPUTATION.BIN_HD_DATA._BIN_HD_DATA.GET_SEGMENTED_DIFFEXP_JSON.fork0.chnk0.main
2025-10-14 13:30:46 [runtime] (ready)           ID.F07839_1n2.SPATIAL_RNA_COUNTER_CS.SPATIAL_RNA_COUNTER.SPATIAL_POST_MATRIX_COMPUTATION.HD_WEBSUMMARY_BUILDER.SEGMENTATION_SPATIAL_PLOTS
2025-10-14 13:30:46 [runtime] (run:local)       ID.F07839_1n2.SPATIAL_RNA_COUNTER_CS.SPATIAL_RNA_COUNTER.SPATIAL_POST_MATRIX_COMPUTATION.HD_WEBSUMMARY_BUILDER.SEGMENTATION_SPATIAL_PLOTS.fork0.chnk0.main
2025-10-14 13:30:46 [runtime] (ready)           ID.F07839_1n2.SPATIAL_RNA_COUNTER_CS.SPATIAL_RNA_COUNTER.SPATIAL_POST_MATRIX_COMPUTATION.HD_WEBSUMMARY_BUILDER.SEGMENTATION_ANALYSIS_PLOTS
2025-10-14 13:30:46 [runtime] (run:local)       ID.F07839_1n2.SPATIAL_RNA_COUNTER_CS.SPATIAL_RNA_COUNTER.SPATIAL_POST_MATRIX_COMPUTATION.HD_WEBSUMMARY_BUILDER.SEGMENTATION_ANALYSIS_PLOTS.fork0.split
2025-10-14 13:30:46 [runtime] (ready)           ID.F07839_1n2.SPATIAL_RNA_COUNTER_CS.SPATIAL_RNA_COUNTER.SPATIAL_POST_MATRIX_COMPUTATION.BIN_HD_DATA._BIN_HD_DATA.PROCESS_SEGMENTATIONS._PROCESS_SEGMENTATIONS.ANNOTATE_BOUNDS_EXPANDED_GEOJSON
2025-10-14 13:30:46 [runtime] (run:local)       ID.F07839_1n2.SPATIAL_RNA_COUNTER_CS.SPATIAL_RNA_COUNTER.SPATIAL_POST_MATRIX_COMPUTATION.BIN_HD_DATA._BIN_HD_DATA.PROCESS_SEGMENTATIONS._PROCESS_SEGMENTATIONS.ANNOTATE_BOUNDS_EXPANDED_GEOJSON.fork0.split
2025-10-14 13:30:47 [runtime] (split_complete)  ID.F07839_1n2.SPATIAL_RNA_COUNTER_CS.SPATIAL_RNA_COUNTER.SPATIAL_POST_MATRIX_COMPUTATION.BIN_HD_DATA._BIN_HD_DATA.PROCESS_SEGMENTATIONS._PROCESS_SEGMENTATIONS.ANNOTATE_RAW_GEOJSON
2025-10-14 13:30:47 [runtime] (run:local)       ID.F07839_1n2.SPATIAL_RNA_COUNTER_CS.SPATIAL_RNA_COUNTER.SPATIAL_POST_MATRIX_COMPUTATION.BIN_HD_DATA._BIN_HD_DATA.PROCESS_SEGMENTATIONS._PROCESS_SEGMENTATIONS.ANNOTATE_RAW_GEOJSON.fork0.join
2025-10-14 13:30:47 [runtime] (split_complete)  ID.F07839_1n2.SPATIAL_RNA_COUNTER_CS.SPATIAL_RNA_COUNTER.SPATIAL_POST_MATRIX_COMPUTATION.BIN_HD_DATA._BIN_HD_DATA.PROCESS_SEGMENTATIONS._PROCESS_SEGMENTATIONS.ANNOTATE_BOUNDS_EXPANDED_GEOJSON
2025-10-14 13:30:47 [runtime] (run:local)       ID.F07839_1n2.SPATIAL_RNA_COUNTER_CS.SPATIAL_RNA_COUNTER.SPATIAL_POST_MATRIX_COMPUTATION.BIN_HD_DATA._BIN_HD_DATA.PROCESS_SEGMENTATIONS._PROCESS_SEGMENTATIONS.ANNOTATE_BOUNDS_EXPANDED_GEOJSON.fork0.join
2025-10-14 13:30:48 [runtime] (split_complete)  ID.F07839_1n2.SPATIAL_RNA_COUNTER_CS.SPATIAL_RNA_COUNTER.SPATIAL_POST_MATRIX_COMPUTATION.BIN_HD_DATA._BIN_HD_DATA.PROCESS_SEGMENTATIONS.CELLSEG_CLOUPE_PREPROCESS
2025-10-14 13:30:48 [runtime] (run:local)       ID.F07839_1n2.SPATIAL_RNA_COUNTER_CS.SPATIAL_RNA_COUNTER.SPATIAL_POST_MATRIX_COMPUTATION.BIN_HD_DATA._BIN_HD_DATA.PROCESS_SEGMENTATIONS.CELLSEG_CLOUPE_PREPROCESS.fork0.join
2025-10-14 13:30:49 [runtime] (chunks_complete) ID.F07839_1n2.SPATIAL_RNA_COUNTER_CS.SPATIAL_RNA_COUNTER.SPATIAL_POST_MATRIX_COMPUTATION.BIN_HD_DATA._BIN_HD_DATA.GET_SEGMENTED_DIFFEXP_JSON
2025-10-14 13:30:52 [runtime] (split_complete)  ID.F07839_1n2.SPATIAL_RNA_COUNTER_CS.SPATIAL_RNA_COUNTER.SPATIAL_POST_MATRIX_COMPUTATION.HD_WEBSUMMARY_BUILDER.SEGMENTATION_ANALYSIS_PLOTS
2025-10-14 13:30:52 [runtime] (run:local)       ID.F07839_1n2.SPATIAL_RNA_COUNTER_CS.SPATIAL_RNA_COUNTER.SPATIAL_POST_MATRIX_COMPUTATION.HD_WEBSUMMARY_BUILDER.SEGMENTATION_ANALYSIS_PLOTS.fork0.join
2025-10-14 13:31:11 [runtime] (join_complete)   ID.F07839_1n2.SPATIAL_RNA_COUNTER_CS.SPATIAL_RNA_COUNTER.SPATIAL_POST_MATRIX_COMPUTATION.BIN_HD_DATA._BIN_HD_DATA.PROCESS_SEGMENTATIONS._PROCESS_SEGMENTATIONS.ANNOTATE_RAW_GEOJSON
2025-10-14 13:31:18 [runtime] (join_complete)   ID.F07839_1n2.SPATIAL_RNA_COUNTER_CS.SPATIAL_RNA_COUNTER.SPATIAL_POST_MATRIX_COMPUTATION.HD_WEBSUMMARY_BUILDER.SEGMENTATION_ANALYSIS_PLOTS
2025-10-14 13:31:23 [runtime] (join_complete)   ID.F07839_1n2.SPATIAL_RNA_COUNTER_CS.SPATIAL_RNA_COUNTER.SPATIAL_POST_MATRIX_COMPUTATION.BIN_HD_DATA._BIN_HD_DATA.PROCESS_SEGMENTATIONS._PROCESS_SEGMENTATIONS.ANNOTATE_BOUNDS_EXPANDED_GEOJSON
2025-10-14 13:31:24 [runtime] (chunks_complete) ID.F07839_1n2.SPATIAL_RNA_COUNTER_CS.SPATIAL_RNA_COUNTER.SPATIAL_POST_MATRIX_COMPUTATION.HD_WEBSUMMARY_BUILDER.SEGMENTATION_SPATIAL_PLOTS
2025-10-14 13:31:24 [runtime] (ready)           ID.F07839_1n2.SPATIAL_RNA_COUNTER_CS.SPATIAL_RNA_COUNTER.SPATIAL_POST_MATRIX_COMPUTATION.HD_WEBSUMMARY_BUILDER.GENERATE_HD_WEBSUMMARY_CS
2025-10-14 13:31:24 [runtime] (run:local)       ID.F07839_1n2.SPATIAL_RNA_COUNTER_CS.SPATIAL_RNA_COUNTER.SPATIAL_POST_MATRIX_COMPUTATION.HD_WEBSUMMARY_BUILDER.GENERATE_HD_WEBSUMMARY_CS.fork0.chnk0.main
2025-10-14 13:31:25 [runtime] (chunks_complete) ID.F07839_1n2.SPATIAL_RNA_COUNTER_CS.SPATIAL_RNA_COUNTER.SPATIAL_POST_MATRIX_COMPUTATION.HD_WEBSUMMARY_BUILDER.GENERATE_HD_WEBSUMMARY_CS
2025-10-14 13:31:26 [runtime] (ready)           ID.F07839_1n2.SPATIAL_RNA_COUNTER_CS.PICK_SPATIAL_COUNTER_OUTS
2025-10-14 13:31:26 [runtime] (run:local)       ID.F07839_1n2.SPATIAL_RNA_COUNTER_CS.PICK_SPATIAL_COUNTER_OUTS.fork0.chnk0.main
2025-10-14 13:31:26 [runtime] (chunks_complete) ID.F07839_1n2.SPATIAL_RNA_COUNTER_CS.PICK_SPATIAL_COUNTER_OUTS
2025-10-14 13:34:07 [runtime] (join_complete)   ID.F07839_1n2.SPATIAL_RNA_COUNTER_CS.SPATIAL_RNA_COUNTER.SPATIAL_POST_MATRIX_COMPUTATION.BIN_HD_DATA._BIN_HD_DATA.PROCESS_SEGMENTATIONS.CELLSEG_CLOUPE_PREPROCESS

Outputs:
- Run summary HTML:                                                         /home/janzules/spatial/second_run_output/mouse/F07839_1n2/outs/web_summary.html
- Outputs of spatial pipeline:
    Slide image annotated with fiducial alignment:                             /home/janzules/spatial/second_run_output/mouse/F07839_1n2/outs/spatial/aligned_fiducials.jpg
    Slide image annotated with detected tissue:                                /home/janzules/spatial/second_run_output/mouse/F07839_1n2/outs/spatial/detected_tissue_image.jpg
    Scale factors for hires and lowres images and fiducial and spot diameters: null
    Transform learned in tissue registration:                                  null
    Slide image scaled to 2000px in the largest dimension:                     /home/janzules/spatial/second_run_output/mouse/F07839_1n2/outs/spatial/tissue_hires_image.png
    Slide image scaled to 600px in the largest dimension:                      /home/janzules/spatial/second_run_output/mouse/F07839_1n2/outs/spatial/tissue_lowres_image.png
    RGB brightfield image generated by CytAssist instrument:                   /home/janzules/spatial/second_run_output/mouse/F07839_1n2/outs/spatial/cytassist_image.tiff
    Registration image between CytAssist image and microscope image:           /home/janzules/spatial/second_run_output/mouse/F07839_1n2/outs/spatial/aligned_tissue_image.jpg
    Slide position and tissue status of barcodes CSV:                          null
    Slide position and tissue status of barcodes PARQUET:                      null
    Per feature Moran's I CSV:                                                 null
    Fluorescence intensity at spot CSV:                                        null
- Run summary CSV:                                                          /home/janzules/spatial/second_run_output/mouse/F07839_1n2/outs/metrics_summary.csv
- BAM:                                                                      null
- BAM BAI index:                                                            null
- BAM CSI index:                                                            null
- Filtered feature-barcode matrices MEX:                                    null
- Filtered feature-barcode matrices HDF5:                                   null
- Unfiltered feature-barcode matrices MEX:                                  null
- Unfiltered feature-barcode matrices HDF5:                                 null
- Secondary analysis output CSV:                                            null
- Per-molecule read information:                                            /home/janzules/spatial/second_run_output/mouse/F07839_1n2/outs/molecule_info.h5
- Loupe Browser file:                                                       null
- Feature Reference:                                                        null
- Target Panel file:                                                        null
- Probe Set file:                                                           /home/janzules/spatial/second_run_output/mouse/F07839_1n2/outs/probe_set.csv
- Normalization factors used to normalize AB counts:                        null
- Deconvolution directory:                                                  null
- Raw probe barcode matrix:                                                 null
- Feature Slice matrix:                                                     /home/janzules/spatial/second_run_output/mouse/F07839_1n2/outs/feature_slice.h5
- Outputs at each bin level:                                                {
    square_002um:
      Raw probe barcode matrix:                 /home/janzules/spatial/second_run_output/mouse/F07839_1n2/outs/binned_outputs/square_002um/raw_probe_bc_matrix.h5
      Filtered feature-barcode matrices MEX:    /home/janzules/spatial/second_run_output/mouse/F07839_1n2/outs/binned_outputs/square_002um/filtered_feature_bc_matrix
      Filtered feature-barcode matrices HDF5:   /home/janzules/spatial/second_run_output/mouse/F07839_1n2/outs/binned_outputs/square_002um/filtered_feature_bc_matrix.h5
      Unfiltered feature-barcode matrices MEX:  /home/janzules/spatial/second_run_output/mouse/F07839_1n2/outs/binned_outputs/square_002um/raw_feature_bc_matrix
      Unfiltered feature-barcode matrices HDF5: /home/janzules/spatial/second_run_output/mouse/F07839_1n2/outs/binned_outputs/square_002um/raw_feature_bc_matrix.h5
      Secondary analysis output CSV:            null
      spatial:
        Slide image annotated with fiducial alignment:                             /home/janzules/spatial/second_run_output/mouse/F07839_1n2/outs/spatial/aligned_fiducials.jpg
        Slide image annotated with detected tissue:                                /home/janzules/spatial/second_run_output/mouse/F07839_1n2/outs/spatial/detected_tissue_image.jpg
        Scale factors for hires and lowres images and fiducial and spot diameters: /home/janzules/spatial/second_run_output/mouse/F07839_1n2/outs/binned_outputs/square_002um/spatial/scalefactors_json.json
        Transform learned in tissue registration:                                  null
        Slide image scaled to 2000px in the largest dimension:                     /home/janzules/spatial/second_run_output/mouse/F07839_1n2/outs/spatial/tissue_hires_image.png
        Slide image scaled to 600px in the largest dimension:                      /home/janzules/spatial/second_run_output/mouse/F07839_1n2/outs/spatial/tissue_lowres_image.png
        RGB brightfield image generated by CytAssist instrument:                   /home/janzules/spatial/second_run_output/mouse/F07839_1n2/outs/spatial/cytassist_image.tiff
        Registration image between CytAssist image and microscope image:           /home/janzules/spatial/second_run_output/mouse/F07839_1n2/outs/spatial/aligned_tissue_image.jpg
        Slide position and tissue status of barcodes CSV:                          null
        Slide position and tissue status of barcodes PARQUET:                      /home/janzules/spatial/second_run_output/mouse/F07839_1n2/outs/binned_outputs/square_002um/spatial/tissue_positions.parquet
        Per feature Moran's I CSV:                                                 null
        Fluorescence intensity at spot CSV:                                        null
      Loupe Browser file:                       null
    square_008um:
      Raw probe barcode matrix:                 null
      Filtered feature-barcode matrices MEX:    /home/janzules/spatial/second_run_output/mouse/F07839_1n2/outs/binned_outputs/square_008um/filtered_feature_bc_matrix
      Filtered feature-barcode matrices HDF5:   /home/janzules/spatial/second_run_output/mouse/F07839_1n2/outs/binned_outputs/square_008um/filtered_feature_bc_matrix.h5
      Unfiltered feature-barcode matrices MEX:  /home/janzules/spatial/second_run_output/mouse/F07839_1n2/outs/binned_outputs/square_008um/raw_feature_bc_matrix
      Unfiltered feature-barcode matrices HDF5: /home/janzules/spatial/second_run_output/mouse/F07839_1n2/outs/binned_outputs/square_008um/raw_feature_bc_matrix.h5
      Secondary analysis output CSV:            /home/janzules/spatial/second_run_output/mouse/F07839_1n2/outs/binned_outputs/square_008um/analysis
      spatial:
        Slide image annotated with fiducial alignment:                             /home/janzules/spatial/second_run_output/mouse/F07839_1n2/outs/spatial/aligned_fiducials.jpg
        Slide image annotated with detected tissue:                                /home/janzules/spatial/second_run_output/mouse/F07839_1n2/outs/spatial/detected_tissue_image.jpg
        Scale factors for hires and lowres images and fiducial and spot diameters: /home/janzules/spatial/second_run_output/mouse/F07839_1n2/outs/binned_outputs/square_008um/spatial/scalefactors_json.json
        Transform learned in tissue registration:                                  null
        Slide image scaled to 2000px in the largest dimension:                     /home/janzules/spatial/second_run_output/mouse/F07839_1n2/outs/spatial/tissue_hires_image.png
        Slide image scaled to 600px in the largest dimension:                      /home/janzules/spatial/second_run_output/mouse/F07839_1n2/outs/spatial/tissue_lowres_image.png
        RGB brightfield image generated by CytAssist instrument:                   /home/janzules/spatial/second_run_output/mouse/F07839_1n2/outs/spatial/cytassist_image.tiff
        Registration image between CytAssist image and microscope image:           /home/janzules/spatial/second_run_output/mouse/F07839_1n2/outs/spatial/aligned_tissue_image.jpg
        Slide position and tissue status of barcodes CSV:                          null
        Slide position and tissue status of barcodes PARQUET:                      /home/janzules/spatial/second_run_output/mouse/F07839_1n2/outs/binned_outputs/square_008um/spatial/tissue_positions.parquet
        Per feature Moran's I CSV:                                                 null
        Fluorescence intensity at spot CSV:                                        null
      Loupe Browser file:                       /home/janzules/spatial/second_run_output/mouse/F07839_1n2/outs/binned_outputs/square_008um/cloupe.cloupe
    square_016um:
      Raw probe barcode matrix:                 null
      Filtered feature-barcode matrices MEX:    /home/janzules/spatial/second_run_output/mouse/F07839_1n2/outs/binned_outputs/square_016um/filtered_feature_bc_matrix
      Filtered feature-barcode matrices HDF5:   /home/janzules/spatial/second_run_output/mouse/F07839_1n2/outs/binned_outputs/square_016um/filtered_feature_bc_matrix.h5
      Unfiltered feature-barcode matrices MEX:  /home/janzules/spatial/second_run_output/mouse/F07839_1n2/outs/binned_outputs/square_016um/raw_feature_bc_matrix
      Unfiltered feature-barcode matrices HDF5: /home/janzules/spatial/second_run_output/mouse/F07839_1n2/outs/binned_outputs/square_016um/raw_feature_bc_matrix.h5
      Secondary analysis output CSV:            /home/janzules/spatial/second_run_output/mouse/F07839_1n2/outs/binned_outputs/square_016um/analysis
      spatial:
        Slide image annotated with fiducial alignment:                             /home/janzules/spatial/second_run_output/mouse/F07839_1n2/outs/spatial/aligned_fiducials.jpg
        Slide image annotated with detected tissue:                                /home/janzules/spatial/second_run_output/mouse/F07839_1n2/outs/spatial/detected_tissue_image.jpg
        Scale factors for hires and lowres images and fiducial and spot diameters: /home/janzules/spatial/second_run_output/mouse/F07839_1n2/outs/binned_outputs/square_016um/spatial/scalefactors_json.json
        Transform learned in tissue registration:                                  null
        Slide image scaled to 2000px in the largest dimension:                     /home/janzules/spatial/second_run_output/mouse/F07839_1n2/outs/spatial/tissue_hires_image.png
        Slide image scaled to 600px in the largest dimension:                      /home/janzules/spatial/second_run_output/mouse/F07839_1n2/outs/spatial/tissue_lowres_image.png
        RGB brightfield image generated by CytAssist instrument:                   /home/janzules/spatial/second_run_output/mouse/F07839_1n2/outs/spatial/cytassist_image.tiff
        Registration image between CytAssist image and microscope image:           /home/janzules/spatial/second_run_output/mouse/F07839_1n2/outs/spatial/aligned_tissue_image.jpg
        Slide position and tissue status of barcodes CSV:                          null
        Slide position and tissue status of barcodes PARQUET:                      /home/janzules/spatial/second_run_output/mouse/F07839_1n2/outs/binned_outputs/square_016um/spatial/tissue_positions.parquet
        Per feature Moran's I CSV:                                                 null
        Fluorescence intensity at spot CSV:                                        null
      Loupe Browser file:                       null
  }
- Outputs of analyses on nuclear segmented cells:
    Unfiltered feature-barcode matrices HDF5:   /home/janzules/spatial/second_run_output/mouse/F07839_1n2/outs/segmented_outputs/raw_feature_cell_matrix.h5
    Filtered feature-barcode matrices HDF5:     /home/janzules/spatial/second_run_output/mouse/F07839_1n2/outs/segmented_outputs/filtered_feature_cell_matrix.h5
    Secondary analysis output CSV:              /home/janzules/spatial/second_run_output/mouse/F07839_1n2/outs/segmented_outputs/analysis
    raw_feature_cell_matrix:                    /home/janzules/spatial/second_run_output/mouse/F07839_1n2/outs/segmented_outputs/raw_feature_cell_matrix
    filtered_feature_cell_matrix:               /home/janzules/spatial/second_run_output/mouse/F07839_1n2/outs/segmented_outputs/filtered_feature_cell_matrix
    nucleus_segmentations:                      /home/janzules/spatial/second_run_output/mouse/F07839_1n2/outs/segmented_outputs/nucleus_segmentations.geojson
    cell_segmentations:                         /home/janzules/spatial/second_run_output/mouse/F07839_1n2/outs/segmented_outputs/cell_segmentations.geojson
    graphclust_annotated_nucleus_segmentations: /home/janzules/spatial/second_run_output/mouse/F07839_1n2/outs/segmented_outputs/graphclust_annotated_nucleus_segmentations.geojson
    graphclust_annotated_cell_segmentations:    /home/janzules/spatial/second_run_output/mouse/F07839_1n2/outs/segmented_outputs/graphclust_annotated_cell_segmentations.geojson
    cloupe:                                     /home/janzules/spatial/second_run_output/mouse/F07839_1n2/outs/segmented_outputs/cloupe.cloupe
    spatial:
      Slide image annotated with fiducial alignment:                             /home/janzules/spatial/second_run_output/mouse/F07839_1n2/outs/spatial/aligned_fiducials.jpg
      Slide image annotated with detected tissue:                                /home/janzules/spatial/second_run_output/mouse/F07839_1n2/outs/spatial/detected_tissue_image.jpg
      Scale factors for hires and lowres images and fiducial and spot diameters: /home/janzules/spatial/second_run_output/mouse/F07839_1n2/outs/segmented_outputs/spatial/scalefactors_json.json
      Transform learned in tissue registration:                                  null
      Slide image scaled to 2000px in the largest dimension:                     /home/janzules/spatial/second_run_output/mouse/F07839_1n2/outs/spatial/tissue_hires_image.png
      Slide image scaled to 600px in the largest dimension:                      /home/janzules/spatial/second_run_output/mouse/F07839_1n2/outs/spatial/tissue_lowres_image.png
      RGB brightfield image generated by CytAssist instrument:                   /home/janzules/spatial/second_run_output/mouse/F07839_1n2/outs/spatial/cytassist_image.tiff
      Registration image between CytAssist image and microscope image:           /home/janzules/spatial/second_run_output/mouse/F07839_1n2/outs/spatial/aligned_tissue_image.jpg
      Slide position and tissue status of barcodes CSV:                          null
      Slide position and tissue status of barcodes PARQUET:                      null
      Per feature Moran's I CSV:                                                 null
      Fluorescence intensity at spot CSV:                                        null
- File giving the mapping of every barcode to the bins and segmented cells: /home/janzules/spatial/second_run_output/mouse/F07839_1n2/outs/barcode_mappings.parquet
- Loupe Browser file (8um bin size):                                        /home/janzules/spatial/second_run_output/mouse/F07839_1n2/outs/binned_outputs/square_008um/cloupe.cloupe
- Loupe Browser file (custom bin size):                                     null
- Loupe Browser file (segmented cells):                                     /home/janzules/spatial/second_run_output/mouse/F07839_1n2/outs/segmented_outputs/cloupe.cloupe
- Name of this pipeline:                                                    SPATIAL_RNA_COUNTER_CS

Waiting 6 seconds for UI to do final refresh.
Pipestance completed successfully!

2025-10-14 13:34:56 Shutting down.
Saving pipestance info to "/home/janzules/spatial/second_run_output/mouse/F07839_1n2/F07839_1n2.mri.tgz"
